molecule_chembl_id,smiles,standard_value,bioactivity_class,descriptors,MolWt,NumRotatableBonds,NumHAcceptors,NumHDonors,TPSA,MolLogP
CHEMBL70104,CC1(C)OC(=O)C(OC2CCCCC2)=C1c1ccc(S(C)(=O)=O)cc1,40.0,active,"{0, 3.4859000000000027, 4, 5, 69.67, 364.463}",0.0,3.4859000000000027,4.0,5.0,69.67,364.463
CHEMBL97179,CCCCOC(=O)Cc1c(C)n(C(=O)c2ccc(Cl)cc2)c2ccc(OC)cc12,50.0,active,"{0, 5, 5.1860200000000045, 7, 57.53, 413.9010000000001}",0.0,5.0,5.1860200000000045,7.0,57.53,413.9010000000001
CHEMBL355781,CS(=O)(=O)c1ccc(-c2csc(CC(=O)O)c2-c2ccc(F)cc2)cc1,10000.0,inactive,"{1, 4, 5, 390.45700000000005, 71.44, 4.251800000000003}",1.0,4.0,5.0,390.45700000000005,71.44,4.251800000000003
CHEMBL276436,CC(C)CCCC(=O)c1cc(C(C)(C)C)c2c(c1)C(C)(C)CO2,4500.0,active,"{0, 2, 5, 5.663100000000006, 26.3, 316.4850000000001}",0.0,2.0,5.0,5.663100000000006,26.3,316.4850000000001
CHEMBL95380,COc1ccc2c(c1)c(CC(=O)NCCOC(=O)/C=C/c1ccc(N(C)C)cc1)c(C)n2C(=O)c1ccc(Cl)cc1,190.0,active,"{1, 5.281520000000005, 7, 10, 89.86999999999998, 574.0770000000002}",1.0,5.281520000000005,7.0,10.0,89.86999999999998,574.0770000000002
CHEMBL97808,COc1ccc2c(c1)c(CC(=O)Nc1ncc(C)s1)c(C)n2C(=O)c1ccc(Cl)cc1,4000.0,active,"{1, 5, 453.95100000000014, 6, 5.2463400000000044, 73.22}",1.0,5.0,453.95100000000014,6.0,5.2463400000000044,73.22
CHEMBL222902,COc1cc(OC)cc(OCc2cc(-c3ccccc3)n(-c3ccc(S(C)(=O)=O)cc3)n2)c1,870.0,active,"{0, 4.539000000000003, 7, 8, 79.65, 464.5430000000001}",0.0,4.539000000000003,7.0,8.0,79.65,464.5430000000001
CHEMBL126303,Cc1cc(=O)c(Oc2ccccc2C)c(-c2ccc(S(C)(=O)=O)cc2)o1,170.02,active,"{0, 4, 5, 4.119440000000003, 73.58000000000001, 370.4260000000001}",0.0,4.0,5.0,4.119440000000003,73.58000000000001,370.4260000000001
CHEMBL111597,CS(=O)(=O)c1ccc(C2=C(c3ccc(Cl)c(Cl)c3)CCC2)cc1,10.0,active,"{0, 2, 3, 34.14, 5.491600000000004, 367.29700000000014}",0.0,2.0,3.0,34.14,5.491600000000004,367.29700000000014
CHEMBL99933,CCCOC(=O)Cc1c(C)n(C(=O)c2ccc(Cl)cc2)c2ccc(OC)cc12,100.0,active,"{0, 4.795920000000004, 5, 6, 399.87400000000014, 57.53}",0.0,4.795920000000004,5.0,6.0,399.87400000000014,57.53
CHEMBL1682201,CC(=O)c1ccc(Nc2cccc(C(=O)O)c2)cc1,100000.0,inactive,"{2, 3, 4, 66.4, 3.3310000000000004, 255.273}",2.0,3.0,4.0,66.4,3.3310000000000004,255.273
CHEMBL3323320,CC(C)(C)C1=NN(c2ccc(C(=O)O)cc2)C(c2ccc(O)cc2)C1,100000.0,inactive,"{2, 3, 4, 4.443900000000004, 73.13000000000001, 338.4070000000001}",2.0,3.0,4.0,4.443900000000004,73.13000000000001,338.4070000000001
CHEMBL3976289,CCOc1ccc(C2CC(C(C)(C)C)=NN2c2ccc(C(=O)O)cc2)cc1,100000.0,inactive,"{1, 4, 5, 5.137000000000004, 366.46100000000007, 62.129999999999995}",1.0,4.0,5.0,5.137000000000004,366.46100000000007,62.129999999999995
CHEMBL3265352,c1ccc(-c2nn(-c3ccccc3)cc2-c2nnc(-c3ccncc3)o2)cc1,11100.0,inactive,"{0, 4, 69.63, 6, 4.6513000000000035, 365.3960000000001}",0.0,4.0,69.63,6.0,4.6513000000000035,365.3960000000001
CHEMBL3289097,CC(=O)O[C@@H]1CC[C@]2(C)C3=C(CC[C@H]2C1(C)C)[C@@]1(C)CC[C@@H]([C@H](CCC=C(C)C)C(=O)O)[C@]1(C)CC3,10000.0,inactive,"{1, 3, 6, 8.114600000000008, 498.74800000000045, 63.60000000000001}",1.0,3.0,6.0,8.114600000000008,498.74800000000045,63.60000000000001
CHEMBL229955,COc1ccc2c(c1)CCC(c1ccc(OC)c(OC)c1)=C2,30.0,active,"{0, 3, 4, 4.199200000000003, 296.366, 27.69}",0.0,3.0,4.0,4.199200000000003,296.366,27.69
CHEMBL3264518,CCOC(=O)c1c(-c2ccccc2)oc2ccc(Oc3ccccc3)cc12,18200.0,inactive,"{0, 4, 5, 358.3930000000001, 6.068800000000004, 48.67}",0.0,4.0,5.0,358.3930000000001,6.068800000000004,48.67
CHEMBL1631310,Cc1ccc(-c2nn(-c3ccccc3)cc2C2N[C@H](C(N)=O)CS2)cc1,380.0,active,"{2, 3.03662, 4, 5, 72.94, 364.4740000000002}",2.0,3.03662,4.0,5.0,72.94,364.4740000000002
CHEMBL89578,CC1(C)CC(c2ccc(F)cc2)=C(c2ccc(S(C)(=O)=O)cc2)C1,15.14,active,"{0, 2, 3, 34.14, 4.960000000000005, 344.4510000000001}",0.0,2.0,3.0,34.14,4.960000000000005,344.4510000000001
CHEMBL111095,COc1ccc(C2=C(c3ccc(S(N)(=O)=O)cc3)CCC2)cc1Cl,8.913,active,"{1, 3, 4, 69.39, 4.090700000000003, 363.8660000000001}",1.0,3.0,4.0,69.39,4.090700000000003,363.8660000000001
CHEMBL122,CS(=O)(=O)c1ccc(C2=C(c3ccccc3)C(=O)OC2)cc1,3400.0,active,"{0, 2.5577000000000005, 3, 4, 314.3620000000001, 60.44}",0.0,2.5577000000000005,3.0,4.0,314.3620000000001,60.44
CHEMBL145647,CCCOCCCSc1ccccc1OC(C)=O,50000.0,inactive,"{0, 35.53, 4, 3.5207000000000024, 8, 268.378}",0.0,35.53,4.0,3.5207000000000024,8.0,268.378
CHEMBL111562,COc1ccc(C2=C(c3ccc(S(N)(=O)=O)cc3)CCC2)cc1,1.995,active,"{1, 3, 4, 69.39, 3.4373000000000022, 329.4210000000001}",1.0,3.0,4.0,69.39,3.4373000000000022,329.4210000000001
CHEMBL54370,Cc1ccc(-c2cc(F)c(F)cc2-c2ccc(S(N)(=O)=O)cc2)cc1,3.981,active,"{1, 2, 3, 4.254620000000003, 359.3970000000001, 60.160000000000004}",1.0,2.0,3.0,4.254620000000003,359.3970000000001,60.160000000000004
CHEMBL282301,NS(=O)(=O)c1ccc(-n2ncc(Cl)c2-c2ccccc2)cc1,48.98,active,"{1, 2.8401000000000014, 3, 4, 333.8, 77.98}",1.0,2.8401000000000014,3.0,4.0,333.8,77.98
CHEMBL29844,COc1c(C)cc(-c2cc(C(F)(F)F)nn2-c2ccc(S(N)(=O)=O)cc2)cc1Cl,66.07,active,"{1, 4, 5, 4.175920000000002, 87.21000000000001, 445.85000000000014}",1.0,4.0,5.0,4.175920000000002,87.21000000000001,445.85000000000014
CHEMBL321016,Cc1cccnc1-c1nc(C(F)(F)F)cn1-c1ccc(S(N)(=O)=O)cc1,1584.89,active,"{1, 2.90892, 3, 5, 90.87, 382.3670000000001}",1.0,2.90892,3.0,5.0,90.87,382.3670000000001
CHEMBL144658,CCCCSc1ccccc1OC(C)=O,34000.0,inactive,"{224.32499999999996, 0, 3, 3.504100000000002, 5, 26.3}",224.32499999999996,0.0,3.0,3.504100000000002,5.0,26.3
CHEMBL283178,CSc1ccc(-c2cc(C(F)(F)F)nn2-c2ccc(S(N)(=O)=O)cc2)cc1,9.0,active,"{1, 3.9274000000000022, 4, 5, 77.98, 413.4460000000001}",1.0,3.9274000000000022,4.0,5.0,77.98,413.4460000000001
CHEMBL430783,NS(=O)(=O)c1ccc(-c2coc(=O)n2-c2ccccc2F)cc1,2197.86,active,"{1, 1.8840000000000001, 3, 5, 334.328, 95.30000000000001}",1.0,1.8840000000000001,3.0,5.0,334.328,95.30000000000001
CHEMBL222480,COc1ccc(-n2nc(COc3cc(F)cc(C4(OC)CCOCC4)c3)cc2-c2ccccc2)cc1,300.0,active,"{0, 5.918100000000006, 6, 488.5590000000003, 8, 54.74000000000001}",0.0,5.918100000000006,6.0,488.5590000000003,8.0,54.74000000000001
CHEMBL384659,COC1(c2cc(F)cc(OCc3cc(-c4ccccc4)n(-c4ccc(C)cc4)n3)c2)CCOCC1,930.0,active,"{0, 5, 6.2179200000000066, 7, 45.510000000000005, 472.5600000000003}",0.0,5.0,6.2179200000000066,7.0,45.510000000000005,472.5600000000003
CHEMBL227135,O=C1O[C@H](c2ccc(O)c(O)c2)[C@H]2CO[C@H](c3ccc(O)c(O)c3)[C@@H]12,90200.0,inactive,"{2, 2.1108, 4, 7, 116.45000000000002, 344.319}",2.0,2.1108,4.0,7.0,116.45000000000002,344.319
CHEMBL183970,Cc1[nH]c2cc(S(C)(=O)=O)ccc2c1Cc1ccc(F)cc1F,8400.0,active,"{1, 2, 3, 3.748820000000002, 335.375, 49.93}",1.0,2.0,3.0,3.748820000000002,335.375,49.93
CHEMBL70921,NS(=O)(=O)c1ccc(-c2coc(=O)n2-c2ccc(F)cc2)cc1,1499.68,active,"{1, 1.884, 3, 5, 334.328, 95.30000000000001}",1.0,1.884,3.0,5.0,334.328,95.30000000000001
CHEMBL15781,CC(C)(C)c1cc(/C=C2\OC(N=C(N)N)=NC2=O)cc(C(C)(C)C)c1O,5100.0,active,"{1, 2.514300000000001, 3, 4, 358.4420000000001, 123.29}",1.0,2.514300000000001,3.0,4.0,358.4420000000001,123.29
CHEMBL320784,CC1(C)CC(c2ccc(Cl)cc2)=C(c2ccc(S(C)(=O)=O)cc2)C1,7.0,active,"{0, 2, 3, 34.14, 5.474300000000006, 360.9060000000001}",0.0,2.0,3.0,34.14,5.474300000000006,360.9060000000001
CHEMBL1632401,CC(=O)N1N=C(c2ccc(S(C)(=O)=O)cc2)CC1c1ccccc1OCc1ccccc1,3200.0,active,"{448.54400000000015, 0, 4.366700000000004, 5, 6, 76.04}",448.54400000000015,0.0,4.366700000000004,5.0,6.0,76.04
CHEMBL118,Cc1ccc(-c2cc(C(F)(F)F)nn2-c2ccc(S(N)(=O)=O)cc2)cc1,60.0,active,"{1, 3, 4, 3.5139200000000006, 77.98, 381.3790000000001}",1.0,3.0,4.0,3.5139200000000006,77.98,381.3790000000001
CHEMBL304054,Cc1cccc(-n2c(-c3ccc(S(N)(=O)=O)cc3)coc2=O)c1,510.5,active,"{1, 2.05332, 3, 5, 330.36500000000007, 95.30000000000001}",1.0,2.05332,3.0,5.0,330.36500000000007,95.30000000000001
CHEMBL18498,COC1(C)OC(=O)C(c2ccc(F)cc2)=C1c1ccc(S(C)(=O)=O)cc1,100.0,active,"{0, 3.059400000000002, 4, 5, 69.67, 376.4050000000001}",0.0,3.059400000000002,4.0,5.0,69.67,376.4050000000001
CHEMBL138191,C[S+]([O-])c1ccc(C(Nc2cccnc2)C(=O)c2ccc(F)cc2)cc1,500.0,active,"{1, 65.05, 3.994200000000003, 4, 6, 368.43300000000005}",1.0,65.05,3.994200000000003,4.0,6.0,368.43300000000005
CHEMBL127120,CS(=O)(=O)c1ccc(-c2[nH]c(I)cc2-c2ccc(F)cc2)cc1,92300.0,inactive,"{1, 2, 3, 4.4959000000000024, 49.93, 441.2650000000001}",1.0,2.0,3.0,4.4959000000000024,49.93,441.2650000000001
CHEMBL1797512,CC(=O)OCO/N=[N+](/[O-])N1CCC[C@@H]1C(=O)OCc1ccc(C2=C(c3ccc(S(C)(=O)=O)cc3)COC2=O)cc1,2400.0,active,"{0, 2.3950000000000005, 163.93999999999997, 10, 11, 573.5800000000003}",0.0,2.3950000000000005,163.93999999999997,10.0,11.0,573.5800000000003
CHEMBL1814713,Cc1ccc(-c2cc(C(C)C(=O)[O-])ccc2CC2CCCC2=O)cc1.[Na+],420000.0,inactive,"{0, 0.43111999999999995, 3, 5, 358.41300000000007, 57.199999999999996}",0.0,0.43111999999999995,3.0,5.0,358.41300000000007,57.199999999999996
CHEMBL1814722,COc1ccc(-c2cc(CC3CCCC3=O)ccc2C(C)C(=O)[O-])cc1.[Na+],430000.0,inactive,"{0, 0.13129999999999997, 66.43, 4, 6, 374.41200000000003}",0.0,0.13129999999999997,66.43,4.0,6.0,374.41200000000003
CHEMBL95469,COc1ccc2c(c1)c(CC(=O)Nc1ccc(NC(C)=O)cc1)c(C)n2C(=O)c1ccc(Cl)cc1,120.0,active,"{2, 5, 6, 5.439820000000004, 489.9590000000002, 89.43}",2.0,5.0,6.0,5.439820000000004,489.9590000000002,89.43
CHEMBL3104549,Cc1c(C(N)C(=O)NCCO[N+](=O)[O-])cc(-c2ccc(S(C)(=O)=O)cc2)n1-c1cccc(F)c1,21000.0,inactive,"{2, 2.3196200000000005, 8, 9, 490.51300000000015, 146.56}",2.0,2.3196200000000005,8.0,9.0,490.51300000000015,146.56
CHEMBL24363,COc1ccc2c(c1)c(CC(=O)N[C@@H](CO)Cc1ccccc1)c(C)n2C(=O)c1ccc(Cl)cc1,220.0,active,"{2, 4.562520000000004, 5, 8, 490.9870000000002, 80.56}",2.0,4.562520000000004,5.0,8.0,490.9870000000002,80.56
CHEMBL365267,COc1ccc2c(-c3ccc(S(N)(=O)=O)cc3)c(-c3ccc(F)cc3)nn2n1,26.0,active,"{1, 2.8584000000000005, 99.58, 4, 6, 398.4190000000001}",1.0,2.8584000000000005,99.58,4.0,6.0,398.4190000000001
CHEMBL184613,Cc1ccc2c(-c3ccc(S(C)(=O)=O)cc3)c(-c3ccccc3)nn2n1,31.0,active,"{0, 64.33, 3, 3.7752200000000036, 5, 363.442}",0.0,64.33,3.0,3.7752200000000036,5.0,363.442
CHEMBL434520,CS(=O)(=O)c1ccc(-c2c(-c3ccc(F)cc3)nn3nc(S(C)(=O)=O)ccc23)cc1,370.0,active,"{0, 98.47, 3.009400000000001, 4, 7, 445.4970000000001}",0.0,98.47,3.009400000000001,4.0,7.0,445.4970000000001
CHEMBL184039,COC(=O)c1[nH]c2cc(S(C)(=O)=O)ccc2c1Sc1ccc(F)cc1,1100.0,active,"{1, 3.6483000000000017, 4, 5, 76.23, 379.434}",1.0,3.6483000000000017,4.0,5.0,76.23,379.434
CHEMBL420351,Cc1cc(=O)c(Oc2ccc(Cl)cc2)c(-c2ccc(S(C)(=O)=O)cc2)o1,320.04,active,"{0, 4, 5, 390.8440000000001, 4.464420000000003, 73.58000000000001}",0.0,4.0,5.0,390.8440000000001,4.464420000000003,73.58000000000001
CHEMBL274990,CS(=O)(=O)c1ccc(-n2nc(C(F)(F)F)cc2-c2ccc(F)cc2)cc1,310.0,active,"{384.35400000000004, 0, 3, 4, 4.1007000000000025, 51.96}",384.35400000000004,0.0,3.0,4.0,4.1007000000000025,51.96
CHEMBL320273,CC1(C)OC(=O)C(Oc2cnccn2)=C1c1ccc(S(C)(=O)=O)cc1,3800.0,active,"{0, 2.0056, 4, 7, 360.3910000000001, 95.44999999999999}",0.0,2.0056,4.0,7.0,360.3910000000001,95.44999999999999
CHEMBL29397,NS(=O)(=O)c1ccc(-n2nc(C(F)(F)F)cc2-c2csc3ccccc23)cc1,350.0,active,"{1, 3, 4.420200000000002, 5, 423.4410000000001, 77.98}",1.0,3.0,4.420200000000002,5.0,423.4410000000001,77.98
CHEMBL155781,CS(=O)(=O)c1ccc(-c2cnn(CCC3CC3)c(=O)c2-c2ccc(F)cc2)cc1,2900.0,active,"{0, 3.9200000000000035, 5, 6, 69.03, 412.4860000000001}",0.0,3.9200000000000035,5.0,6.0,69.03,412.4860000000001
CHEMBL320118,COc1cncc(-c2nc(C(F)(F)F)cn2-c2ccc(S(C)(=O)=O)cc2)c1,37600.0,inactive,"{0, 3.3652000000000015, 4, 6, 74.08000000000001, 397.3780000000001}",0.0,3.3652000000000015,4.0,6.0,74.08000000000001,397.3780000000001
CHEMBL151658,CC(O)CN1c2ccccc2Sc2ccccc21,5000.0,active,"{257.358, 2, 3, 1, 3.6701000000000024, 23.47}",257.358,2.0,3.0,1.0,3.6701000000000024,23.47
CHEMBL108917,CC1(C)OC(=O)C(Oc2ccc(C3CC3)cn2)=C1c1ccc(S(C)(=O)=O)cc1,30.0,active,"{0, 3.488000000000002, 5, 6, 399.46800000000013, 82.56}",0.0,3.488000000000002,5.0,6.0,399.46800000000013,82.56
CHEMBL290031,Cc1nc(C2CCCCC2)c(-c2ccc(S(N)(=O)=O)cc2)o1,70.0,active,"{320.41400000000004, 1, 3, 4, 3.3451200000000014, 86.19}",320.41400000000004,1.0,3.0,4.0,3.3451200000000014,86.19
CHEMBL1171455,C[C@@H]1O[C@@H](O[C@H]2[C@H](O)[C@@H](O)[C@H](OC[C@H]3O[C@@H](OC(=O)[C@]45CCC(C)(C)C[C@H]4C4=CC[C@@H]6[C@@]7(C)CC[C@H](O[C@@H]8OC[C@H](O)[C@H](O)[C@H]8O[C@@H]8O[C@@H](C)[C@H](O)[C@@H](O[C@@H]9OC[C@@H](O[C@@H]%10O[C@H](CO)[C@@H](O[C@@H]%11O[C@H](CO)[C@@H](O)[C@H](O)[C@H]%11O)[C@H](O)[C@H]%10O)[C@@H](O)[C@H]9O)[C@H]8O)[C@@](C)(CO)[C@@H]7CC[C@@]6(C)[C@]4(C)CC5)[C@H](O)[C@@H](O)[C@@H]3O)O[C@@H]2CO)[C@H](O)[C@H](O)[C@H]1O,50000.0,inactive,"{40, 1677.7880000000016, 21, 630.0400000000003, 23, -8.432700000000056}",40.0,1677.7880000000016,21.0,630.0400000000003,23.0,-8.432700000000056
CHEMBL127267,Cc1cc(=O)c(-c2ccc(S(C)(=O)=O)cc2)c(-c2ccc(F)cc2)o1,9770.12,active,"{0, 64.35, 3, 4, 3.8248200000000026, 358.39000000000004}",0.0,64.35,3.0,4.0,3.8248200000000026,358.39000000000004
CHEMBL68866,CS(=O)(=O)c1ccc(-c2occ(Cl)c(=O)c2-c2ccc(F)cc2)cc1,1478427.39,inactive,"{0, 64.35, 3, 4, 4.169800000000003, 378.80800000000005}",0.0,64.35,3.0,4.0,4.169800000000003,378.80800000000005
CHEMBL127560,Cc1cc(=O)c(Oc2ccc(OC(F)(F)F)cc2)c(-c2ccc(S(C)(=O)=O)cc2)o1,2449.06,active,"{0, 4.709620000000004, 5, 6, 82.81, 440.39500000000015}",0.0,4.709620000000004,5.0,6.0,82.81,440.39500000000015
CHEMBL3359453,CC(C(=O)NCCc1c[nH]c2ccc(O)cc12)c1ccc(-c2ccccc2)c(F)c1,8000.0,active,"{65.12, 2, 3, 5.142000000000004, 6, 402.4690000000001}",65.12,2.0,3.0,5.142000000000004,6.0,402.4690000000001
CHEMBL416363,CC1(O)OC(=O)C(c2cc(F)cc(F)c2)=C1c1ccc(S(C)(=O)=O)cc1,550.0,active,"{1, 2.5444000000000004, 3, 5, 80.67, 380.36800000000005}",1.0,2.5444000000000004,3.0,5.0,80.67,380.36800000000005
CHEMBL416363,CC1(O)OC(=O)C(c2cc(F)cc(F)c2)=C1c1ccc(S(C)(=O)=O)cc1,13400.0,inactive,"{1, 2.5444000000000004, 3, 5, 80.67, 380.36800000000005}",1.0,2.5444000000000004,3.0,5.0,80.67,380.36800000000005
CHEMBL3397719,CCCC/C(=C\c1cc(OCc2cc3ccccc3s2)ccc1OCc1ccc(C(F)(F)F)cc1)C(=O)O,10000.0,inactive,"{1, 4, 8.736300000000005, 11, 55.760000000000005, 540.6030000000002}",1.0,4.0,8.736300000000005,11.0,55.760000000000005,540.6030000000002
CHEMBL3397720,CCCC/C(=C\c1cc(OCc2csc(-c3ccc(C(F)(F)F)cc3)n2)ccc1OCc1ccc(C(F)(F)F)cc1)C(=O)O,10000.0,inactive,"{1, 68.65, 5, 9.6639, 12, 635.6260000000003}",1.0,68.65,5.0,9.6639,12.0,635.6260000000003
CHEMBL315520,COc1c(Cl)cc(C2=C(c3ccc(S(C)(=O)=O)cc3)CC3(CC3)C2)cc1Cl,6.026,active,"{0, 3, 4, 5.890300000000003, 423.3610000000002, 43.370000000000005}",0.0,3.0,4.0,5.890300000000003,423.3610000000002,43.370000000000005
CHEMBL254418,Cc1onc(-c2ccccc2)c1-c1ccc(S(=O)(=O)NO)cc1.O,1100.0,active,"{2, 2.15982, 4, 5, 123.93, 348.38000000000005}",2.0,2.15982,4.0,5.0,123.93,348.38000000000005
CHEMBL325370,CC1(C)OC(=O)C(C(=O)c2ccccc2)=C1c1ccc(S(C)(=O)=O)cc1,600.0,active,"{0, 3.062000000000002, 4, 5, 77.51, 370.4260000000001}",0.0,3.062000000000002,4.0,5.0,77.51,370.4260000000001
CHEMBL109177,CC1(C)OC(=O)C(Oc2ccccc2)=C1c1ccc(S(C)(=O)=O)cc1,40.0,active,"{0, 3.215600000000002, 4, 5, 358.4150000000001, 69.67}",0.0,3.215600000000002,4.0,5.0,358.4150000000001,69.67
CHEMBL127868,Cc1ccc(Oc2c(-c3ccc(S(C)(=O)=O)cc3)oc(C)cc2=O)cc1,209.99,active,"{0, 4, 5, 4.119440000000003, 73.58000000000001, 370.42600000000016}",0.0,4.0,5.0,4.119440000000003,73.58000000000001,370.42600000000016
CHEMBL153,Cc1c(C)c2c(c(C)c1O)CCC(C)(C(=O)O)O2,13100.0,inactive,"{1, 2, 3, 66.76, 2.48576, 250.29399999999995}",1.0,2.0,3.0,66.76,2.48576,250.29399999999995
CHEMBL43616,CS(=O)(=O)c1ccc(-n2cc(C(F)(F)F)nc2-c2cccc(Br)c2)cc1,80.0,active,"{0, 3, 4, 4.724100000000003, 51.96, 445.26000000000005}",0.0,3.0,4.0,4.724100000000003,51.96,445.26000000000005
CHEMBL328146,CS(=O)(=O)c1ccc(C2=C(c3ccc(F)cc3)CC3(CCCCC3)C2)cc1,100000.0,inactive,"{384.5160000000003, 0, 2, 3, 34.14, 5.884300000000005}",384.5160000000003,0.0,2.0,3.0,34.14,5.884300000000005
CHEMBL3127460,COc1cc2occc2c(OC)c1-c1cc(-c2ccc(Cl)cc2)n(-c2ccc(S(N)(=O)=O)cc2)n1,26000.0,inactive,"{1, 5.2705000000000055, 6, 7, 109.58, 509.9710000000001}",1.0,5.2705000000000055,6.0,7.0,109.58,509.9710000000001
CHEMBL3127458,COc1c(-c2cc(-c3cccnc3)nn2-c2ccc(S(N)(=O)=O)cc2)c(O)c(OC)c2occc12,360.0,active,"{2, 3.7177000000000007, 6, 9, 492.51300000000026, 142.7}",2.0,3.7177000000000007,6.0,9.0,492.51300000000026,142.7
CHEMBL1080853,O=C(Nc1ccc(-c2ccc(Cl)c(Cl)c2)cc1)C1=C(O)c2cc(O)ccc2S(=O)(=O)N1,100000.0,inactive,"{3, 4, 5, 4.5232000000000046, 115.72999999999999, 477.32500000000016}",3.0,4.0,5.0,4.5232000000000046,115.72999999999999,477.32500000000016
CHEMBL338347,Cc1cc(=O)c(Oc2ccc(N)cc2)c(-c2ccc(S(C)(=O)=O)cc2)o1,1480.0,active,"{1, 99.60000000000001, 4, 3.3932200000000012, 6, 371.4140000000001}",1.0,99.60000000000001,4.0,3.3932200000000012,6.0,371.4140000000001
CHEMBL562791,CS(=O)(=O)c1ccc(-c2cc(C(F)(F)F)nc(OC3CCC3)n2)cc1,10.0,active,"{0, 3.497200000000002, 4, 69.15, 5, 372.36800000000017}",0.0,3.497200000000002,4.0,69.15,5.0,372.36800000000017
CHEMBL540166,Cc1cc(-c2ccc(S(C)(=O)=O)cc2)nc(NC2CCCCC2)n1,1683.0,active,"{1, 3.600120000000002, 4, 5, 71.95, 345.4680000000002}",1.0,3.600120000000002,4.0,5.0,71.95,345.4680000000002
CHEMBL560013,CS(=O)(=O)c1ccc(-c2cnc(Cc3ccccc3)[n+]([O-])c2-c2ccc(F)cc2)cc1,717.0,active,"{0, 4, 5, 4.182400000000003, 73.97, 434.49200000000013}",0.0,4.0,5.0,4.182400000000003,73.97,434.49200000000013
CHEMBL865,Cc1onc(-c2ccccc2)c1-c1ccc(S(N)(=O)=O)cc1,208.0,active,"{1, 2.9644200000000005, 3, 4, 86.19, 314.36600000000004}",1.0,2.9644200000000005,3.0,4.0,86.19,314.36600000000004
CHEMBL1957880,Fc1ccc(/N=C/c2cn(Cc3ccccc3)c3ccccc23)cc1,710.0,active,"{0, 2, 4, 5.5793000000000035, 328.39000000000004, 17.29}",0.0,2.0,4.0,5.5793000000000035,328.39000000000004,17.29
CHEMBL90447,CS(=O)(=O)c1ccc(C2=C(c3ccc(F)cc3)CC3(CCC3)C2)cc1,3.981,active,"{0, 2, 3, 356.4620000000002, 34.14, 5.104100000000004}",0.0,2.0,3.0,356.4620000000002,34.14,5.104100000000004
CHEMBL296384,NS(=O)(=O)c1ccc(-c2cc(F)c(F)cc2-c2ccc(F)cc2)cc1,3.981,active,"{1, 2, 3, 4.085300000000002, 363.35999999999996, 60.160000000000004}",1.0,2.0,3.0,4.085300000000002,363.35999999999996,60.160000000000004
CHEMBL1956388,CN(C)c1ccc(-c2nnnn2-c2ccc(S(N)(=O)=O)cc2)cc1,7000.0,active,"{1, 1.0426999999999995, 4, 7, 107.0, 344.4000000000001}",1.0,1.0426999999999995,4.0,7.0,107.0,344.4000000000001
CHEMBL257491,CCCCCNc1cc(C(F)(F)F)nc(-c2ccc(S(C)(=O)=O)cc2)n1,10000.0,inactive,"{1, 387.4270000000001, 4.168000000000003, 5, 71.95, 7}",1.0,387.4270000000001,4.168000000000003,5.0,71.95,7.0
CHEMBL561005,CS(=O)(=O)c1ccc(-c2cc(C(F)(F)F)nc(OC3CCCCCC3)n2)cc1,10.0,active,"{0, 4, 69.15, 5, 4.667500000000003, 414.4490000000003}",0.0,4.0,69.15,5.0,4.667500000000003,414.4490000000003
CHEMBL552081,CS(=O)(=O)c1ccc(-c2cc(C(F)(F)F)nc(OC3CCCCC3)n2)cc1,10.0,active,"{0, 4, 69.15, 5, 4.277400000000003, 400.42200000000025}",0.0,4.0,69.15,5.0,4.277400000000003,400.42200000000025
CHEMBL564993,Cc1ccc(Oc2nc(-c3ccc(S(C)(=O)=O)cc3)cc(C(F)(F)F)n2)cc1,10.0,active,"{0, 4, 69.15, 5, 4.666620000000003, 408.40100000000007}",0.0,4.0,69.15,5.0,4.666620000000003,408.40100000000007
CHEMBL550537,CC(C)(C)Oc1nc(-c2ccc(S(C)(=O)=O)cc2)cc(C(F)(F)F)n1,33.0,active,"{0, 3, 3.7432000000000025, 69.15, 5, 374.384}",0.0,3.0,3.7432000000000025,69.15,5.0,374.384
CHEMBL416146,Cc1ccc(-c2ncc(Cl)cc2-c2ccc(S(C)(=O)=O)cc2)cn1,554.0,active,"{0, 3, 4, 4.175920000000004, 358.8500000000001, 59.92}",0.0,3.0,4.0,4.175920000000004,358.8500000000001,59.92
CHEMBL549393,CCCCNc1nc(-c2ccc(S(C)(=O)=O)cc2)cc(C(F)(F)F)n1,70.0,active,"{1, 3.7779000000000025, 5, 6, 71.95, 373.40000000000003}",1.0,3.7779000000000025,5.0,6.0,71.95,373.40000000000003
CHEMBL550126,CCCCOc1nc(-c2ccc(S(C)(=O)=O)cc2)cc(C(F)(F)F)n1,158.0,active,"{0, 3.7448000000000032, 69.15, 5, 6, 374.384}",0.0,3.7448000000000032,69.15,5.0,6.0,374.384
CHEMBL257103,CS(=O)(=O)c1ccc(-c2nc(NC3CCCC3)cc(C(F)(F)F)n2)cc1,475.9,active,"{385.411, 1, 3.9204000000000025, 4, 5, 71.95}",385.411,1.0,3.9204000000000025,4.0,5.0,71.95
CHEMBL118,Cc1ccc(-c2cc(C(F)(F)F)nn2-c2ccc(S(N)(=O)=O)cc2)cc1,540.0,active,"{1, 3, 4, 3.5139200000000006, 77.98, 381.3790000000001}",1.0,3.0,4.0,3.5139200000000006,77.98,381.3790000000001
CHEMBL865,Cc1onc(-c2ccccc2)c1-c1ccc(S(N)(=O)=O)cc1,5.0,active,"{1, 2.9644200000000005, 3, 4, 86.19, 314.36600000000004}",1.0,2.9644200000000005,3.0,4.0,86.19,314.36600000000004
CHEMBL410911,CS(=O)(=O)c1ccc(-c2nc(C(F)(F)F)cc(S(=O)(=O)Cc3ccccc3)n2)cc1,10000.0,inactive,"{0, 3.5398000000000023, 5, 6, 456.46700000000016, 94.05999999999999}",0.0,3.5398000000000023,5.0,6.0,456.46700000000016,94.05999999999999
CHEMBL271314,CCN(Cc1ccccc1)c1cc(C(F)(F)F)nc(-c2ccc(S(C)(=O)=O)cc2)n1,10000.0,inactive,"{0, 4.592400000000005, 5, 6, 435.4710000000001, 63.160000000000004}",0.0,4.592400000000005,5.0,6.0,435.4710000000001,63.160000000000004
CHEMBL3087871,Cc1ccc2c(c1)oc(=O)n2Cc1cn(-c2ccc(Cl)cc2)nn1,5600.0,active,"{0, 65.85, 3, 3.1853200000000017, 6, 340.77}",0.0,65.85,3.0,3.1853200000000017,6.0,340.77
CHEMBL282093,NS(=O)(=O)c1ccc(-n2nc(C(F)(F)F)cc2-c2ccc(Cl)cc2)cc1,10.0,active,"{1, 3, 4, 3.858900000000002, 77.98, 401.797}",1.0,3.0,4.0,3.858900000000002,77.98,401.797
CHEMBL145598,CCCCCCCCc1ccccc1OC(C)=O,40000.0,inactive,"{0, 2, 4.5149000000000035, 8, 248.366, 26.3}",0.0,2.0,4.5149000000000035,8.0,248.366,26.3
CHEMBL507789,CS(=O)(=O)c1ccc(-n2cc(-c3ccc(F)cc3)nn2)cc1,210.0,active,"{0, 64.85, 2.4769000000000005, 3, 5, 317.345}",0.0,64.85,2.4769000000000005,3.0,5.0,317.345
CHEMBL186632,CCOc1ccc(-c2nn3ncccc3c2-c2ccc(S(N)(=O)=O)cc2)cc1,0.44,active,"{1, 99.57999999999998, 3.109400000000001, 5, 6, 394.45600000000013}",1.0,99.57999999999998,3.109400000000001,5.0,6.0,394.45600000000013
CHEMBL404476,NS(=O)(=O)c1ccc(/C=N/c2ccc(O)cc2)cc1,5090.0,active,"{1.7902, 2, 3, 4, 276.317, 92.75000000000001}",1.7902,2.0,3.0,4.0,276.317,92.75000000000001
CHEMBL1163219,COc1ccc2c(c1)c1c(n2C(=O)c2ccc(Cl)cc2)CCN(CCCOc2cc(F)cc(C3(OC)CCOCC3)c2)C1.Cl,197900.0,inactive,"{0, 643.5830000000001, 7, 7.032000000000009, 9, 62.16000000000001}",0.0,643.5830000000001,7.0,7.032000000000009,9.0,62.16000000000001
CHEMBL116253,Cc1ccncc1-c1c(Cl)ncn1-c1ccc(S(C)(=O)=O)cc1,284.0,active,"{0, 64.85, 3, 3.299620000000001, 5, 347.8270000000001}",0.0,64.85,3.0,3.299620000000001,5.0,347.8270000000001
CHEMBL324823,CS(=O)(=O)c1ccc(-n2cnc(Cl)c2-c2cnccc2O)cc1,1000.0,active,"{1, 2.6968000000000005, 3, 6, 85.08, 349.79900000000004}",1.0,2.6968000000000005,3.0,6.0,85.08,349.79900000000004
CHEMBL326335,CS(=O)(=O)c1ccc(-n2cnc(Cl)c2-c2ccc3c(c2)OCO3)cc1,6.0,active,"{0, 3, 3.324900000000002, 70.42, 6, 376.82100000000014}",0.0,3.0,3.324900000000002,70.42,6.0,376.82100000000014
CHEMBL273340,CC1(O)OC(=O)C(c2cccc(F)c2)=C1c1ccc(S(C)(=O)=O)cc1,250.0,active,"{1, 2.4053000000000004, 3, 5, 362.3780000000001, 80.67}",1.0,2.4053000000000004,3.0,5.0,362.3780000000001,80.67
CHEMBL110660,Cc1cc(-c2nc(C(F)(F)F)cn2-c2ccc(S(N)(=O)=O)cc2)no1,410.0,active,"{1, 2.50192, 3, 6, 104.01, 372.3280000000001}",1.0,2.50192,3.0,6.0,104.01,372.3280000000001
CHEMBL158509,Cc1nc(-c2ccc(S(C)(=O)=O)cc2)c(-c2ccc(Cl)s2)o1,1200.0,active,"{0, 353.852, 3, 4.435420000000002, 5, 60.17}",0.0,353.852,3.0,4.435420000000002,5.0,60.17
CHEMBL326024,Cc1nc(-c2nc(C(F)(F)F)cn2-c2ccc(S(=O)(=O)N(C)C)cc2)co1,4168.69,active,"{0, 3.104820000000001, 4, 6, 400.3820000000001, 81.22999999999999}",0.0,3.104820000000001,4.0,6.0,400.3820000000001,81.22999999999999
CHEMBL313387,NS(=O)(=O)c1ccc(C2=C(c3ccc(Cl)c(Cl)c3)CC3(CC3)C2)cc1,1.0,active,"{1, 2, 3, 5.125600000000003, 394.32300000000015, 60.160000000000004}",1.0,2.0,3.0,5.125600000000003,394.32300000000015,60.160000000000004
CHEMBL111314,COc1ccc(C2=C(c3ccc(S(C)(=O)=O)cc3)CCC2)cc1F,120.23,active,"{0, 3, 4, 4.332500000000004, 43.370000000000005, 346.4230000000001}",0.0,3.0,4.0,4.332500000000004,43.370000000000005,346.4230000000001
CHEMBL295032,Cc1cc(Cl)cc(-c2nc(C(F)(F)F)cn2-c2ccc(S(C)(=O)=O)cc2)c1,79.43,active,"{0, 3, 4, 4.923420000000004, 51.96, 414.8360000000001}",0.0,3.0,4.0,4.923420000000004,51.96,414.8360000000001
CHEMBL333651,COc1ccc(-c2c(Cl)ncn2-c2ccc(S(C)(=O)=O)cc2)cc1,11.0,active,"{0, 3.604800000000002, 4, 5, 362.8380000000001, 61.190000000000005}",0.0,3.604800000000002,4.0,5.0,362.8380000000001,61.190000000000005
CHEMBL117862,COc1ccc(-c2c(Cl)ncn2-c2ccc(S(C)(=O)=O)cc2)cc1F,156.0,active,"{0, 3.743900000000002, 4, 5, 380.8280000000001, 61.190000000000005}",0.0,3.743900000000002,4.0,5.0,380.8280000000001,61.190000000000005
CHEMBL29472,NS(=O)(=O)c1ccc(-n2nc(C(F)(F)F)cc2-c2ccc(Br)s2)cc1,12.02,active,"{1, 3, 452.27700000000004, 5, 4.029500000000001, 77.98}",1.0,3.0,452.27700000000004,5.0,4.029500000000001,77.98
CHEMBL42549,CS(=O)(=O)c1ccc(-n2cc(C(F)(F)F)nc2-c2cccc([N+](=O)[O-])c2)cc1,575.44,active,"{0, 3.8698000000000032, 4, 6, 411.3610000000001, 95.1}",0.0,3.8698000000000032,4.0,6.0,411.3610000000001,95.1
CHEMBL327900,CS(=O)(=O)c1ccc(C2=C(c3ccc(F)cc3)CC3(CCCC3)C2)cc1,61.66,active,"{0, 2, 3, 34.14, 5.494200000000005, 370.48900000000026}",0.0,2.0,3.0,34.14,5.494200000000005,370.48900000000026
CHEMBL118936,CS(=O)(=O)c1ccc(-c2cnc(C=O)n2-c2ccc(F)cc2)cc1,1000.0,active,"{0, 2.894400000000001, 4, 5, 69.03, 344.367}",0.0,2.894400000000001,4.0,5.0,69.03,344.367
CHEMBL2111539,CS(=O)(=O)c1ccc(-c2cc(/C=C\CC[N+](=O)[O-])nn2C2CCCCC2)cc1,500.0,active,"{0, 4.138800000000003, 6, 7, 403.50400000000025, 95.1}",0.0,4.138800000000003,6.0,7.0,403.50400000000025,95.1
CHEMBL195550,CS(=O)(=O)c1ccc(C2=C(c3ccccc3)S(=O)OC2)cc1,100000.0,inactive,"{0, 2.652300000000001, 3, 4, 334.4180000000001, 60.44}",0.0,2.652300000000001,3.0,4.0,334.4180000000001,60.44
CHEMBL171417,CS(=O)(=O)c1ccc(-c2cc3ccccc3cc2-c2ccccc2)cc1,41000.0,inactive,"{0, 2, 3, 34.14, 5.577300000000005, 358.46200000000005}",0.0,2.0,3.0,34.14,5.577300000000005,358.46200000000005
CHEMBL5430378,Nc1c(C(=O)N/N=C/c2ccc(O)cc2)cnn1-c1ccc(S(N)(=O)=O)cc1,60.0,active,"{0.5713999999999998, 4, 5, 165.69, 8, 400.4200000000002}",0.5713999999999998,4.0,5.0,165.69,8.0,400.4200000000002
CHEMBL416394,COc1cc(-c2ccccc2)n(-c2ccc(S(N)(=O)=O)cc2)n1,100000.0,inactive,"{1, 2.1952999999999996, 4, 5, 329.3810000000001, 87.21}",1.0,2.1952999999999996,4.0,5.0,329.3810000000001,87.21
CHEMBL29766,NS(=O)(=O)c1ccc(-n2nc(C(F)(F)F)c(F)c2-c2ccccc2)cc1,1.7,active,"{385.34200000000004, 1, 3, 4, 3.3446000000000016, 77.98}",385.34200000000004,1.0,3.0,4.0,3.3446000000000016,77.98
CHEMBL3309451,CS(=O)(=O)c1ccc(N2N=C(C(F)(F)F)CC2c2ccc3c(c2)OCCO3)cc1,240.0,active,"{0, 3, 68.2, 3.7310000000000025, 6, 426.41600000000017}",0.0,3.0,68.2,3.7310000000000025,6.0,426.41600000000017
CHEMBL145257,CS(=O)(=O)Nc1cc2c(cc1S(=O)(=O)c1ccc(F)cc1F)C(=O)CC2,10000.0,inactive,"{1, 97.38, 2.298, 4, 5, 401.41200000000015}",1.0,97.38,2.298,4.0,5.0,401.41200000000015
CHEMBL3325733,Cc1nn(-c2ccccc2)c(N(C)C)c1/C=N/Nc1nc2ccccc2nc1O,400.0,active,"{2, 387.44700000000006, 3.3415200000000023, 5, 8, 91.46000000000001}",2.0,387.44700000000006,3.3415200000000023,5.0,8.0,91.46000000000001
CHEMBL324863,COc1ccc(C2=C(c3ccc(S(C)(=O)=O)cc3)CCC2)cc1Cl,140.0,active,"{0, 3, 4, 4.846800000000004, 362.87800000000016, 43.370000000000005}",0.0,3.0,4.0,4.846800000000004,362.87800000000016,43.370000000000005
CHEMBL319766,CCOc1cccc(NC(=O)Cc2c(C)n(C(=O)c3ccc(Cl)cc3)c3ccc(OC)cc23)c1,650.0,active,"{1, 5, 69.56, 7, 5.880120000000005, 476.96000000000015}",1.0,5.0,69.56,7.0,5.880120000000005,476.96000000000015
CHEMBL5193344,C/C(=C\CC/C(C)=C/CCCC1(O)Oc2ccc(O)cc2C1=O)CO,1380.0,active,"{3, 3.491300000000002, 5, 8, 86.99, 346.4230000000001}",3.0,3.491300000000002,5.0,8.0,86.99,346.4230000000001
CHEMBL5177548,C/C(=C\CC/C(C)=C/C/C=C(/CC(=O)c1cc(O)ccc1O)C(=O)O)CO,4840.0,active,"{3.736800000000003, 4, 5, 10, 115.06, 374.4330000000001}",3.736800000000003,4.0,5.0,10.0,115.06,374.4330000000001
CHEMBL3735601,CS(=O)(=O)c1ccc(C2=NN(c3ccc(C(=O)O)cc3)C(c3cccs3)C2)cc1,1160.0,active,"{1, 4.205500000000003, 5, 6, 426.5190000000001, 87.04}",1.0,4.205500000000003,5.0,6.0,426.5190000000001,87.04
CHEMBL417254,CC(C)(C)c1cc(C(=O)CSCC2CC2)cc2c1OCC2(C)C,400.0,active,"{0, 3, 4.980000000000005, 5, 332.50900000000007, 26.3}",0.0,3.0,4.980000000000005,5.0,332.50900000000007,26.3
CHEMBL95311,COc1ccc2c(c1)c(CC(=O)NCCc1ccccc1)c(C)n2C(=O)c1ccc(Cl)cc1,60.0,active,"{1, 4, 5.201620000000005, 7, 460.9610000000001, 60.33}",1.0,4.0,5.201620000000005,7.0,460.9610000000001,60.33
CHEMBL110401,CC1(C)OC(=O)C(Oc2ccc(F)c(F)c2)=C1c1ccc(S(C)(=O)=O)cc1,10.0,active,"{0, 3.493800000000002, 4, 5, 69.67, 394.3950000000001}",0.0,3.493800000000002,4.0,5.0,69.67,394.3950000000001
CHEMBL282242,CS(=O)(=O)c1ccc(C2=C(c3cc(Br)ccn3)C(=O)CC2)cc1,630.0,active,"{0, 64.1, 3, 4, 3.521300000000002, 392.2740000000001}",0.0,64.1,3.0,4.0,3.521300000000002,392.2740000000001
CHEMBL185420,CS(=O)(=O)c1ccc(-c2ccc(F)c(F)c2-c2ccc(F)c(Cl)c2)cc1,10.0,active,"{0, 2, 3, 34.14, 5.494800000000003, 396.817}",0.0,2.0,3.0,34.14,5.494800000000003,396.817
CHEMBL295068,Cc1ccc(N2CC(c3ccc(S(C)(=O)=O)cc3)=C(c3ccc(F)cc3)C2=O)cc1,1050.0,active,"{0, 3, 4, 421.49300000000017, 4.495220000000004, 54.45}",0.0,3.0,4.0,421.49300000000017,4.495220000000004,54.45
CHEMBL339221,CS(=O)(=O)c1ccc(-c2[nH]c(Cl)c(Br)c2-c2ccc(F)cc2)cc1,88000.0,inactive,"{1, 2, 3, 5.3072000000000035, 428.7100000000001, 49.93}",1.0,2.0,3.0,5.3072000000000035,428.7100000000001,49.93
CHEMBL339222,CC(C)(C)OC(=O)n1c(Br)cc(-c2ccc(F)cc2)c1-c1ccc(S(C)(=O)=O)cc1,300000.0,inactive,"{0, 65.37, 3, 5, 5.9104000000000045, 494.3820000000002}",0.0,65.37,3.0,5.0,5.9104000000000045,494.3820000000002
CHEMBL5078677,COc1ccc(NC(=O)c2ccccc2Nc2ccccc2)cc1,150000.0,inactive,"{2, 3, 4.691100000000002, 5, 50.36, 318.37600000000003}",2.0,3.0,4.691100000000002,5.0,50.36,318.37600000000003
CHEMBL283086,Cc1nn(-c2ccc(S(N)(=O)=O)cc2)c(-c2ccccc2)c1Cl,28.0,active,"{1, 3, 4, 3.1485200000000013, 77.98, 347.827}",1.0,3.0,4.0,3.1485200000000013,77.98,347.827
CHEMBL2018563,CNc1nnc(Cn2nc(Cc3ccccc3)c3onc(C)c3c2=O)s1,21300.0,inactive,"{1, 98.73000000000002, 2.2252199999999993, 5, 9, 368.42200000000014}",1.0,98.73000000000002,2.2252199999999993,5.0,9.0,368.42200000000014
CHEMBL2018568,CNc1nnc(Cn2nc(Cc3ccc(OC)cc3)c3onc(C)c3c2=O)s1,14700.0,inactive,"{1, 2.2338199999999997, 6, 10, 107.96000000000001, 398.44800000000015}",1.0,2.2338199999999997,6.0,10.0,107.96000000000001,398.44800000000015
CHEMBL143340,CCCCC#CCOc1ccccc1OC(C)=O,40000.0,inactive,"{0, 35.53, 3, 5, 3.184300000000002, 246.30599999999998}",0.0,35.53,3.0,5.0,3.184300000000002,246.30599999999998
CHEMBL18020,CC(C)S(=O)(=O)c1c(O)n(Cc2ccccc2)c(=O)c2ccc(Cl)cc12,60.0,active,"{1, 3.590900000000002, 4, 5, 391.87600000000015, 76.37}",1.0,3.590900000000002,4.0,5.0,391.87600000000015,76.37
CHEMBL118,Cc1ccc(-c2cc(C(F)(F)F)nn2-c2ccc(S(N)(=O)=O)cc2)cc1,120.0,active,"{1, 3, 4, 3.5139200000000006, 77.98, 381.3790000000001}",1.0,3.0,4.0,3.5139200000000006,77.98,381.3790000000001
CHEMBL326639,Cc1nc(-c2nc(C(F)(F)F)cn2-c2ccc(S(C)(=O)=O)cc2)cs1,940.0,active,"{0, 64.85, 3, 387.4080000000001, 3.7265200000000016, 6}",0.0,64.85,3.0,387.4080000000001,3.7265200000000016,6.0
CHEMBL320961,Cc1cccc(-c2nc(C(F)(F)F)cn2-c2ccc(S(C)(=O)=O)cc2)n1,2884.03,active,"{0, 64.85, 3, 3.665020000000003, 5, 381.3790000000001}",0.0,64.85,3.0,3.665020000000003,5.0,381.3790000000001
CHEMBL489899,COc1ccc(-c2ssc(=S)c2-c2ccc(OC)cc2)cc1,20000.0,inactive,"{0, 4, 5, 5.890290000000004, 18.46, 346.4980000000001}",0.0,4.0,5.0,5.890290000000004,18.46,346.4980000000001
CHEMBL5174387,COc1ccc(/C=C/C(=O)c2cc(-n3cc(CN4C(=O)C(=O)c5ccccc54)nn3)ccc2O)cc1,37.0,active,"{480.48000000000013, 1, 3.6071000000000026, 7, 8, 114.62}",480.48000000000013,1.0,3.6071000000000026,7.0,8.0,114.62
CHEMBL18373,CC(C)S(=O)(=O)c1c(O)n(Cc2ccccc2)c(=O)c2ccccc12,290.0,active,"{1, 2.937500000000001, 4, 5, 357.4310000000001, 76.37}",1.0,2.937500000000001,4.0,5.0,357.4310000000001,76.37
CHEMBL29575,NC(=O)c1cc(-c2ccc(F)cc2)n(-c2ccc(S(N)(=O)=O)cc2)n1,100000.0,inactive,"{1.4247, 2, 4, 5, 360.37000000000006, 121.07000000000001}",1.4247,2.0,4.0,5.0,360.37000000000006,121.07000000000001
CHEMBL69567,CS(=O)(=O)c1ccc(-c2occ(Cl)c(=S)c2-c2ccc(F)cc2)cc1,835795.45,inactive,"{0, 3, 4, 5.539090000000003, 394.8760000000001, 47.28}",0.0,3.0,4.0,5.539090000000003,394.8760000000001,47.28
CHEMBL307233,CS(=O)(=O)c1ccc(-c2coc(=O)n2-c2ccc(C(F)(F)F)cc2)cc1,2000.0,active,"{0, 3, 3.5198000000000027, 69.28, 5, 383.34700000000004}",0.0,3.0,3.5198000000000027,69.28,5.0,383.34700000000004
CHEMBL460862,COc1cc([C@@H]2OC[C@H]3[C@@H]2CO[C@H]3c2ccc(O)c(OC)c2)ccc1O,100000.0,inactive,"{2, 3.190200000000002, 4, 358.3900000000001, 6, 77.38000000000001}",2.0,3.190200000000002,4.0,358.3900000000001,6.0,77.38000000000001
CHEMBL436990,OC[C@@H]1[C@@H]([C@H](O)c2ccc(O)c(O)c2)CO[C@@H]1c1ccc(O)c(O)c1,73900.0,inactive,"{1.5385999999999995, 130.61, 4, 6, 7, 348.35100000000006}",1.5385999999999995,130.61,4.0,6.0,7.0,348.35100000000006
CHEMBL363102,CS(=O)(=O)c1ccc(-c2c(-c3cccc(F)c3)nn3ncccc23)cc1,34.0,active,"{0, 64.33, 3, 3.605900000000002, 5, 367.40500000000003}",0.0,64.33,3.0,3.605900000000002,5.0,367.40500000000003
CHEMBL424313,CS(=O)(=O)c1ccc(-c2c(-c3ccccc3)nc3sc4ccccc4n23)cc1,5000.0,active,"{0, 3, 5, 5.286500000000004, 51.44, 404.51600000000013}",0.0,3.0,5.0,5.286500000000004,51.44,404.51600000000013
CHEMBL182820,COc1ccc(-c2c(-c3ccc(S(N)(=O)=O)cc3)ccc(F)c2F)cc1F,12.88,active,"{1, 3, 4, 69.39, 4.093900000000002, 393.386}",1.0,3.0,4.0,69.39,4.093900000000002,393.386
CHEMBL185621,Cc1ccc2c(-c3ccc(S(C)(=O)=O)cc3)c(-c3ccc(F)cc3)nn2n1,24.0,active,"{0, 64.33, 3, 3.9143200000000036, 5, 381.432}",0.0,64.33,3.0,3.9143200000000036,5.0,381.432
CHEMBL110824,CC1(C)OC(=O)C(Oc2ncc(Cl)cc2Cl)=C1c1ccc(S(C)(=O)=O)cc1,40.0,active,"{0, 3.9174000000000033, 4, 6, 428.2930000000002, 82.56}",0.0,3.9174000000000033,4.0,6.0,428.2930000000002,82.56
CHEMBL1669027,CS(=O)(=O)c1ccc(-c2cc(Cl)cc3c2OC(C(F)(F)F)C(C(=O)O)=C3)cc1,21300.0,inactive,"{1, 3, 4, 4.201800000000002, 432.80300000000005, 80.67}",1.0,3.0,4.0,4.201800000000002,432.80300000000005,80.67
CHEMBL1173450,O=S(=O)([O-])Oc1ccc(/C=C/c2cc(O)cc(O)c2)cc1.[K+],8950.0,active,"{-0.8888000000000003, 2, 4, 6, 106.89000000000001, 346.401}",-0.8888000000000003,2.0,4.0,6.0,106.89000000000001,346.401
CHEMBL155676,CS(=O)(=O)c1ccc(-c2cnnc(O)c2-c2ccccc2)cc1,33000.0,inactive,"{1, 2.9197000000000015, 3, 5, 326.377, 80.15}",1.0,2.9197000000000015,3.0,5.0,326.377,80.15
CHEMBL154907,Cn1ncc(-c2ccc(S(C)(=O)=O)cc2)c(-c2ccccc2)c1=O,300.0,active,"{0, 2.5178000000000003, 3, 5, 69.03, 340.40400000000005}",0.0,2.5178000000000003,3.0,5.0,69.03,340.40400000000005
CHEMBL1210073,CC(=O)OC(C)O/N=[N+](/[O-])c1ccc(-c2cc(C(F)(F)F)nn2-c2ccc(S(C)(=O)=O)cc2)cc1,14400.0,inactive,"{512.4660000000001, 0, 4.396300000000003, 7, 9, 125.91999999999999}",512.4660000000001,0.0,4.396300000000003,7.0,9.0,125.91999999999999
CHEMBL110145,Cc1ncccc1-c1nc(C(F)(F)F)cn1-c1ccc(S(N)(=O)=O)cc1,2800.0,active,"{1, 2.90892, 3, 5, 90.87, 382.3670000000001}",1.0,2.90892,3.0,5.0,90.87,382.3670000000001
CHEMBL1171257,COc1ccc(/C=C/C(=O)O[C@@H]2[C@@H](O)[C@H](O[C@H]3[C@H](O)[C@@H](O)[C@H](O[C@@H]4CO[C@@H](O[C@@H]5[C@@H](O)[C@H](C)O[C@@H](O[C@H]6[C@H](O[C@H]7CC[C@]8(C)[C@H]9CC=C%10[C@@H]%11CC(C)(C)CC[C@]%11(C(=O)O[C@@H]%11O[C@H](CO[C@@H]%12O[C@H](CO)[C@@H](O[C@@H]%13O[C@@H](C)[C@H](O)[C@@H](O)[C@H]%13O)[C@H](O)[C@H]%12O)[C@@H](O)[C@H](O)[C@H]%11O)CC[C@@]%10(C)[C@]9(C)CC[C@H]8C7(C)C)OC[C@H](O)[C@@H]6O)[C@@H]5O)[C@H](O)[C@@H]4O)O[C@@H]3CO)O[C@H](CO)[C@H]2O)cc1O,7600.0,active,"{645.3400000000003, 42, 1837.9600000000003, 22, 24, -5.426600000000017}",645.3400000000003,42.0,1837.9600000000003,22.0,24.0,-5.426600000000017
CHEMBL1171445,COc1ccc(/C=C/C(=O)O[C@H]2[C@H](O[C@H]3[C@H](O)[C@@H](O)[C@H](O[C@@H]4CO[C@@H](O[C@@H]5[C@@H](O)[C@H](C)O[C@@H](O[C@H]6[C@H](O[C@H]7CC[C@@]8(C)[C@@H](CC[C@]9(C)[C@@H]8CC=C8[C@@H]%10CC(C)(C)CC[C@]%10(C(=O)O[C@@H]%10O[C@H](CO[C@@H]%11O[C@H](CO)[C@@H](O[C@@H]%12O[C@@H](C)[C@H](O)[C@@H](O)[C@H]%12O)[C@H](O)[C@H]%11O)[C@@H](O)[C@H](O)[C@H]%10O)CC[C@]89C)[C@]7(C)CO)OC[C@H](O)[C@@H]6O)[C@@H]5O)[C@H](O)[C@@H]4O)O[C@@H]3CO)O[C@H](CO)[C@@H](O)[C@@H]2O[C@@H]2O[C@H](CO[C@@H]3O[C@@H](C)[C@H](O)[C@@H](O)[C@H]3O)[C@@H](O)[C@H](O)[C@H]2O)cc1O,9000.0,active,"{803.6400000000004, 2162.2419999999984, 52, -9.778200000000062, 28, 30}",803.6400000000004,2162.2419999999984,52.0,-9.778200000000062,28.0,30.0
CHEMBL2023862,COc1ccc(-c2csc(Nc3ccc4c(c3)OCO4)n2)cc1,910.0,active,"{1, 4, 4.291000000000003, 326.37700000000007, 6, 52.61}",1.0,4.0,4.291000000000003,326.37700000000007,6.0,52.61
CHEMBL1894768,c1ccc(-c2csc(Nc3ccc4c(c3)OCO4)n2)cc1,410.0,active,"{1, 3, 4.282400000000002, 5, 296.351, 43.379999999999995}",1.0,3.0,4.282400000000002,5.0,296.351,43.379999999999995
CHEMBL2023852,c1ccc(Oc2ccc(Nc3nc(-c4ccccc4)cs3)cc2)cc1,5000.0,active,"{1, 34.15, 4, 5, 6.346000000000004, 344.439}",1.0,34.15,4.0,5.0,6.346000000000004,344.439
CHEMBL393292,C[C@H]1O[C@H](O[C@@H]2[C@@H](O)[C@H](OCCc3ccc(O)c(O)c3)O[C@H](CO[C@H]3OCC(O)(CO)[C@@H]3O)[C@H]2OC(=O)/C=C/c2ccc(O)c(O)c2)[C@@H](O)[C@@H](O)[C@@H]1O,490000.0,inactive,"{11, 13, 304.21, 19, 756.7070000000006, -2.550999999999996}",11.0,13.0,304.21,19.0,756.7070000000006,-2.550999999999996
CHEMBL270060,C=C1C(=O)O[C@@H]2[C@H]1CC[C@H](C)[C@]1(CCC(=O)O1)[C@@]2(C)O,4600.0,active,"{0, 1, 1.3409, 5, 72.83000000000001, 280.31999999999994}",0.0,1.0,1.3409,5.0,72.83000000000001,280.31999999999994
CHEMBL5417525,COc1ccc(/C=C/C(=O)c2nn(-c3ccc(Cl)cc3)c(C)c2C(=O)/C=C/c2ccc(OC)cc2)cc1,300.0,active,"{512.9930000000003, 0, 70.42, 6, 6.643520000000007, 9}",512.9930000000003,0.0,70.42,6.0,6.643520000000007,9.0
CHEMBL283177,NS(=O)(=O)c1ccc(-n2nc(C(F)(F)F)cc2-c2ccc(Cl)s2)cc1,26.0,active,"{1, 3, 3.9204000000000017, 5, 77.98, 407.826}",1.0,3.0,3.9204000000000017,5.0,77.98,407.826
CHEMBL29923,Cc1cccc(-c2cc(C(F)(F)F)nn2-c2ccc(S(N)(=O)=O)cc2)c1,110.0,active,"{1, 3, 4, 3.5139200000000015, 77.98, 381.3790000000001}",1.0,3.0,4.0,3.5139200000000015,77.98,381.3790000000001
CHEMBL319446,CC1(C)OC(=O)C(Oc2ncnc3ccccc23)=C1c1ccc(S(C)(=O)=O)cc1,2900.0,active,"{0, 3.158800000000002, 4, 7, 410.45100000000014, 95.44999999999999}",0.0,3.158800000000002,4.0,7.0,410.45100000000014,95.44999999999999
CHEMBL110514,CC1(C)OC(=O)C(Oc2cccnc2)=C1c1ccc(S(C)(=O)=O)cc1,520.0,active,"{0, 2.6106000000000007, 4, 6, 359.4030000000001, 82.56}",0.0,2.6106000000000007,4.0,6.0,359.4030000000001,82.56
CHEMBL36542,COc1cc(-c2oc(C)nc2C2CCCCC2)ccc1S(N)(=O)=O,100000.0,inactive,"{1, 3.353720000000001, 4, 5, 350.44, 95.41999999999999}",1.0,3.353720000000001,4.0,5.0,350.44,95.41999999999999
CHEMBL358666,Cc1sc2nc(-c3ccc(S(C)(=O)=O)cc3)c(-c3ccccc3)n2c1C,5000.0,active,"{0, 3, 4.7501400000000045, 5, 51.44, 382.5100000000001}",0.0,3.0,4.7501400000000045,5.0,51.44,382.5100000000001
CHEMBL321217,CC1(C)OC(=O)C(c2cccc(F)c2)=C1c1ccc(S(C)(=O)=O)cc1,40.0,active,"{0, 3, 4, 3.4754000000000023, 360.40600000000006, 60.440000000000005}",0.0,3.0,4.0,3.4754000000000023,360.40600000000006,60.440000000000005
CHEMBL286490,CS(=O)(=O)c1ccc(C2=C(c3cncc(Cl)c3)C(=O)CC2)cc1,87.0,active,"{0, 64.1, 3, 4, 3.412200000000002, 347.82300000000015}",0.0,64.1,3.0,4.0,3.412200000000002,347.82300000000015
CHEMBL120608,Cc1ccnc2c(-c3ccc(F)cc3)c(-c3ccc(S(C)(=O)=O)cc3)nn12,12.0,active,"{0, 64.33, 3, 3.9143200000000036, 5, 381.4320000000001}",0.0,64.33,3.0,3.9143200000000036,5.0,381.4320000000001
CHEMBL290031,Cc1nc(C2CCCCC2)c(-c2ccc(S(N)(=O)=O)cc2)o1,70.0,active,"{320.41400000000004, 1, 3, 4, 3.3451200000000014, 86.19}",320.41400000000004,1.0,3.0,4.0,3.3451200000000014,86.19
CHEMBL602676,NS(=O)(=O)c1ccc(-n2nc(C(F)(F)F)cc2C2CCN(CCCCO[N+](=O)[O-])CC2)cc1,16800.0,inactive,"{1, 2.7064000000000012, 133.59, 8, 9, 491.4920000000004}",1.0,2.7064000000000012,133.59,8.0,9.0,491.4920000000004
CHEMBL92154,CS(=O)(=O)c1ccc(C2=C(c3ccc(F)cc3)CC3(CC3)C2)cc1,8.0,active,"{0, 2, 3, 34.14, 4.714000000000004, 342.4350000000002}",0.0,2.0,3.0,34.14,4.714000000000004,342.4350000000002
CHEMBL118,Cc1ccc(-c2cc(C(F)(F)F)nn2-c2ccc(S(N)(=O)=O)cc2)cc1,140.0,active,"{1, 3, 4, 3.5139200000000006, 77.98, 381.3790000000001}",1.0,3.0,4.0,3.5139200000000006,77.98,381.3790000000001
CHEMBL90447,CS(=O)(=O)c1ccc(C2=C(c3ccc(F)cc3)CC3(CCC3)C2)cc1,4.0,active,"{0, 2, 3, 356.4620000000002, 34.14, 5.104100000000004}",0.0,2.0,3.0,356.4620000000002,34.14,5.104100000000004
CHEMBL278738,CC1(O)OC(=O)C(c2ccc(O)cc2)=C1c1ccc(S(C)(=O)=O)cc1,33000.0,inactive,"{1.9718, 2, 3, 100.9, 6, 360.38700000000006}",1.9718,2.0,3.0,100.9,6.0,360.38700000000006
CHEMBL119853,CS(=O)(=O)c1ccc(-c2c(Br)ncn2-c2ccc(F)cc2)cc1,10000.0,inactive,"{0, 3, 4, 3.844400000000002, 395.25300000000004, 51.96}",0.0,3.0,4.0,3.844400000000002,395.25300000000004,51.96
CHEMBL97059,NS(=O)(=O)c1ccc(-n2nc(C(F)(F)F)c3c2-c2cc(F)c(F)cc2CS3)cc1,6.0,active,"{1, 2, 4.089400000000002, 5, 77.98, 447.4100000000001}",1.0,2.0,4.089400000000002,5.0,77.98,447.4100000000001
CHEMBL589167,Cc1c(CC(=O)O)cc(-c2ccc(S(C)(=O)=O)cc2)n1-c1cccc(F)c1,17000.0,inactive,"{1, 387.432, 4, 5, 3.6224200000000026, 76.37}",1.0,387.432,4.0,5.0,3.6224200000000026,76.37
CHEMBL106255,CC1(C)OC(=O)C(Oc2ccncc2)=C1c1ccc(S(C)(=O)=O)cc1,270.0,active,"{0, 2.6106000000000007, 4, 6, 359.4030000000001, 82.56}",0.0,2.6106000000000007,4.0,6.0,359.4030000000001,82.56
CHEMBL106255,CC1(C)OC(=O)C(Oc2ccncc2)=C1c1ccc(S(C)(=O)=O)cc1,1000.0,active,"{0, 2.6106000000000007, 4, 6, 359.4030000000001, 82.56}",0.0,2.6106000000000007,4.0,6.0,359.4030000000001,82.56
CHEMBL1078557,CCc1ccc(Nc2cnccc2NS(C)(=O)=O)cc1,8150.0,active,"{2, 291.37600000000003, 4, 5, 2.759100000000001, 71.09}",2.0,291.37600000000003,4.0,5.0,2.759100000000001,71.09
CHEMBL273340,CC1(O)OC(=O)C(c2cccc(F)c2)=C1c1ccc(S(C)(=O)=O)cc1,12800.0,inactive,"{1, 2.4053000000000004, 3, 5, 362.3780000000001, 80.67}",1.0,2.4053000000000004,3.0,5.0,362.3780000000001,80.67
CHEMBL13980,CCCC(=O)c1cc(C(C)(C)C)c2c(c1)C(C)(C)CO2,95.0,active,"{0, 2, 3, 4.636900000000004, 274.404, 26.3}",0.0,2.0,3.0,4.636900000000004,274.404,26.3
CHEMBL416250,CNc1ccc(-c2nc(C(F)(F)F)cn2-c2ccc(S(C)(=O)=O)cc2)cc1Cl,660.69,active,"{1, 4, 5, 4.656700000000002, 429.8510000000001, 63.99}",1.0,4.0,5.0,4.656700000000002,429.8510000000001,63.99
CHEMBL55188,CS(=O)(=O)c1ccc(-c2ccccc2-c2ccc(Cl)cc2)cc1,141.25,active,"{0, 2, 3, 34.14, 5.077500000000004, 342.84700000000004}",0.0,2.0,3.0,34.14,5.077500000000004,342.84700000000004
CHEMBL18312,CC1(O)OC(=O)C(c2ccc3ccccc3c2)=C1c1ccc(S(C)(=O)=O)cc1,450.0,active,"{1, 3, 3.4194000000000013, 5, 394.4480000000001, 80.67}",1.0,3.0,3.4194000000000013,5.0,394.4480000000001,80.67
CHEMBL67721,CS(=O)(=O)c1ccc(-c2nn(CC(=O)Nc3ccccc3)c(C(F)(F)F)c2-c2ccc(F)cc2)cc1,480.0,active,"{1, 5, 517.5040000000001, 6, 5.417200000000005, 81.06}",1.0,5.0,517.5040000000001,6.0,5.417200000000005,81.06
CHEMBL321217,CC1(C)OC(=O)C(c2cccc(F)c2)=C1c1ccc(S(C)(=O)=O)cc1,300.0,active,"{0, 3, 4, 3.4754000000000023, 360.40600000000006, 60.440000000000005}",0.0,3.0,4.0,3.4754000000000023,360.40600000000006,60.440000000000005
CHEMBL416146,Cc1ccc(-c2ncc(Cl)cc2-c2ccc(S(C)(=O)=O)cc2)cn1,347.0,active,"{0, 3, 4, 4.175920000000004, 358.8500000000001, 59.92}",0.0,3.0,4.0,4.175920000000004,358.8500000000001,59.92
CHEMBL275664,CC1(O)OC(=O)C(c2ccc(Cl)cc2)=C1c1ccc(S(C)(=O)=O)cc1,110.0,active,"{1, 2.919600000000001, 3, 5, 80.67, 378.8330000000001}",1.0,2.919600000000001,3.0,5.0,80.67,378.8330000000001
CHEMBL29403,Cc1cc(-c2cc(C(F)(F)F)nn2-c2ccc(S(N)(=O)=O)cc2)cc2c1OCO2,52.0,active,"{96.44000000000001, 1, 3, 3.2426200000000005, 6, 425.3880000000002}",96.44000000000001,1.0,3.0,3.2426200000000005,6.0,425.3880000000002
CHEMBL110392,Cc1cccc(OC2=C(c3ccc(S(C)(=O)=O)cc3)C(C)(C)OC2=O)c1,20.0,active,"{0, 3.524020000000002, 4, 5, 69.67000000000002, 372.4420000000001}",0.0,3.524020000000002,4.0,5.0,69.67000000000002,372.4420000000001
CHEMBL497677,CC(C(=O)OCC(CO[N+](=O)[O-])O[N+](=O)[O-])c1ccc(C(=O)c2cccs2)cc1,2700.0,active,"{0, 2.4110000000000005, 424.3870000000001, 10, 11, 148.11}",0.0,2.4110000000000005,424.3870000000001,10.0,11.0,148.11
CHEMBL2016598,Cc1noc2c(Cc3ccccc3)nn(Cc3nnc(Nc4ccccc4)s3)c(=O)c12,10900.0,inactive,"{1, 98.72999999999999, 3.927120000000002, 6, 9, 430.49300000000017}",1.0,98.72999999999999,3.927120000000002,6.0,9.0,430.49300000000017
CHEMBL2018567,Cc1noc2c(Cc3ccc([N+](=O)[O-])cc3)nn(Cc3nnc(Nc4ccccc4)s3)c(=O)c12,100000.0,inactive,"{1, 3.835320000000002, 7, 11, 141.87, 475.49000000000024}",1.0,3.835320000000002,7.0,11.0,141.87,475.49000000000024
CHEMBL122,CS(=O)(=O)c1ccc(C2=C(c3ccccc3)C(=O)OC2)cc1,57.0,active,"{0, 2.5577000000000005, 3, 4, 314.3620000000001, 60.44}",0.0,2.5577000000000005,3.0,4.0,314.3620000000001,60.44
CHEMBL865,Cc1onc(-c2ccccc2)c1-c1ccc(S(N)(=O)=O)cc1,570.0,active,"{1, 2.9644200000000005, 3, 4, 86.19, 314.36600000000004}",1.0,2.9644200000000005,3.0,4.0,86.19,314.36600000000004
CHEMBL28155,COc1ccc2c(c1)c(Cc1nc(-c3csc4ccccc34)cs1)c(C)n2C(=O)c1ccc(Cl)cc1,1.0,active,"{0, 5, 6, 8.229220000000005, 44.120000000000005, 529.0860000000002}",0.0,5.0,6.0,8.229220000000005,44.120000000000005,529.0860000000002
CHEMBL92107,CS(=O)(=O)c1ccc(C2=C(c3ccc(F)c(F)c3)CC3(CC3)C2)cc1,3.3,active,"{0, 2, 3, 34.14, 4.853100000000004, 360.4250000000002}",0.0,2.0,3.0,34.14,4.853100000000004,360.4250000000002
CHEMBL150363,CC(C(=O)O)c1cc(/C=C/S(C)(=O)=O)cc(C(=O)c2ccccc2)c1,9700.0,active,"{1, 3.121000000000002, 4, 358.415, 6, 88.50999999999999}",1.0,3.121000000000002,4.0,358.415,6.0,88.50999999999999
CHEMBL106302,CC1(C)OC(=O)C(Oc2cc(F)cc(F)c2)=C1c1ccc(S(C)(=O)=O)cc1,180.0,active,"{0, 3.493800000000002, 4, 5, 69.67, 394.3950000000001}",0.0,3.493800000000002,4.0,5.0,69.67,394.3950000000001
CHEMBL43736,Cc1c(COc2cccc(Cl)c2)cc(-c2ccc(S(C)(=O)=O)cc2)n1-c1ccc(F)cc1,80.0,active,"{0, 4, 6, 6.227720000000005, 48.300000000000004, 469.96500000000015}",0.0,4.0,6.0,6.227720000000005,48.300000000000004,469.96500000000015
CHEMBL329999,CS(=O)(=O)c1ccc(C2=C(c3ccc(C(F)(F)F)cc3)CC3(CC3)C2)cc1,2.0,active,"{0, 2, 3, 34.14, 5.593700000000005, 392.4420000000002}",0.0,2.0,3.0,34.14,5.593700000000005,392.4420000000002
CHEMBL118,Cc1ccc(-c2cc(C(F)(F)F)nn2-c2ccc(S(N)(=O)=O)cc2)cc1,350.0,active,"{1, 3, 4, 3.5139200000000006, 77.98, 381.3790000000001}",1.0,3.0,4.0,3.5139200000000006,77.98,381.3790000000001
CHEMBL1956384,NS(=O)(=O)c1ccc(-n2nnnc2-c2ccc(F)cc2)cc1,56000.0,inactive,"{1, 1.1158000000000003, 3, 6, 103.76, 319.321}",1.0,1.1158000000000003,3.0,6.0,103.76,319.321
CHEMBL23556,CS(=O)(=O)c1ccc(C2=C(/C=C/c3ccc(F)cc3)C(=O)CC2)cc1,175.0,active,"{0, 3, 356.4180000000001, 4, 4.0591000000000035, 51.21}",0.0,3.0,356.4180000000001,4.0,4.0591000000000035,51.21
CHEMBL43647,Cc1c(C(Oc2cccc(Cl)c2)C(F)(F)F)cc(-c2ccc(S(C)(=O)=O)cc2)n1-c1ccc(F)cc1,100000.0,inactive,"{0, 4, 6, 7.3311200000000065, 48.300000000000004, 537.9620000000002}",0.0,4.0,6.0,7.3311200000000065,48.300000000000004,537.9620000000002
CHEMBL405623,CS(=O)(=O)c1ccc(C2=C(c3ccc4c(c3)OCO4)CCC2)cc1,21.0,active,"{0, 3, 4, 3.9135000000000026, 52.60000000000001, 342.41600000000017}",0.0,3.0,4.0,3.9135000000000026,52.60000000000001,342.41600000000017
CHEMBL315585,COc1ccc(C2=C(c3ccc(S(N)(=O)=O)cc3)CC3(CC3)C2)cc1Cl,1.995,active,"{1, 3, 4, 69.39, 389.9040000000002, 4.480800000000004}",1.0,3.0,4.0,69.39,389.9040000000002,4.480800000000004
CHEMBL320140,COc1ccc2c(c1)c(CC(=O)O)c(C)n2Cc1ccc(Br)cc1,2500.0,active,"{1, 3, 388.26099999999997, 5, 4.396220000000003, 51.46}",1.0,3.0,388.26099999999997,5.0,4.396220000000003,51.46
CHEMBL118064,NS(=O)(=O)c1ccc(-n2cnc(Cl)c2-c2ccccc2)cc1,9.0,active,"{1, 2.8401000000000014, 3, 4, 333.8, 77.98}",1.0,2.8401000000000014,3.0,4.0,333.8,77.98
CHEMBL15039,CCCCC(=O)c1cc(C(C)(C)C)c2c(c1)C(C)(C)CCN2C,300.0,active,"{0, 2, 4, 5.474500000000005, 20.310000000000002, 315.50100000000003}",0.0,2.0,4.0,5.474500000000005,20.310000000000002,315.50100000000003
CHEMBL1950009,Cc1ccnc(C(=O)c2[nH]c3cc(F)ccc3c2CC(=O)O)c1,9.81,active,"{2, 3, 4, 2.868520000000001, 83.05, 312.3}",2.0,3.0,4.0,2.868520000000001,83.05,312.3
CHEMBL1950016,Cc1ccnc(C(=O)c2[nH]c3cc(Cl)c(F)cc3c2CC(=O)O)c1,6.77,active,"{2, 3, 4, 3.5219200000000015, 83.05, 346.7450000000001}",2.0,3.0,4.0,3.5219200000000015,83.05,346.7450000000001
CHEMBL553088,CS(=O)(=O)c1ccc(-c2cc(N)sc2-c2ccc(F)cc2)cc1.Cl,3000.0,active,"{1, 3, 4, 4.628700000000003, 60.16, 383.897}",1.0,3.0,4.0,4.628700000000003,60.16,383.897
CHEMBL42561,Cc1ccc(-c2nc(C(F)(F)F)cn2-c2ccc(S(C)(=O)=O)cc2)cc1,160.0,active,"{0, 3, 4, 4.270020000000003, 51.96, 380.3910000000001}",0.0,3.0,4.0,4.270020000000003,51.96,380.3910000000001
CHEMBL149775,COCCNC(=O)c1ccccc1Nc1c(Cl)ccc(C)c1Cl,3000.0,active,"{353.249, 2, 3, 4.421620000000003, 6, 50.36}",353.249,2.0,3.0,4.421620000000003,6.0,50.36
CHEMBL1916956,Cc1ccc(S(=O)(=O)NC(=O)c2cncc(C(=O)NS(=O)(=O)c3ccc(C)cc3)c2)cc1,8500.0,active,"{1.9358399999999998, 2, 6, 7, 139.36999999999998, 473.53200000000015}",1.9358399999999998,2.0,6.0,7.0,139.36999999999998,473.53200000000015
CHEMBL264300,COc1ccc(-c2nc(C(F)(F)F)cn2-c2ccc(S(C)(=O)=O)cc2)cc1,570.0,active,"{0, 3.970200000000003, 4, 5, 396.3900000000001, 61.190000000000005}",0.0,3.970200000000003,4.0,5.0,396.3900000000001,61.190000000000005
CHEMBL28881,CN(C)c1ccc(-c2cc(C(F)(F)F)nn2-c2ccc(S(N)(=O)=O)cc2)cc1,4.677,active,"{1, 3.2715000000000005, 4, 5, 81.22, 410.42100000000005}",1.0,3.2715000000000005,4.0,5.0,81.22,410.42100000000005
CHEMBL1388,Oc1ccc(OCc2ccccc2)cc1,3726.0,active,"{1, 2, 3, 2.9712000000000014, 200.23700000000002, 29.46}",1.0,2.0,3.0,2.9712000000000014,200.23700000000002,29.46
CHEMBL49394,CS(=O)(=O)c1ccc(-c2cc(C(F)(F)F)cnc2N2CCCC(CO)C2)cc1,200.0,active,"{1, 3.3796000000000017, 4, 5, 70.5, 414.44900000000024}",1.0,3.3796000000000017,4.0,5.0,70.5,414.44900000000024
CHEMBL1950013,CCc1ccc2[nH]c(C(=O)c3cc(C)ccn3)c(CC(=O)O)c2c1,1600.0,active,"{2, 322.36400000000003, 3, 5, 3.2918200000000013, 83.05}",2.0,322.36400000000003,3.0,5.0,3.2918200000000013,83.05
CHEMBL145493,CCCCCCC[S+]([O-])c1ccccc1OC(C)=O,40000.0,inactive,"{0, 3, 3.6899000000000024, 8, 49.36, 282.40500000000003}",0.0,3.0,3.6899000000000024,8.0,49.36,282.40500000000003
CHEMBL344960,CC(=O)Oc1ccccc1SCCCCC(=O)O,50000.0,inactive,"{1, 2.9589000000000008, 4, 7, 268.3339999999999, 63.60000000000001}",1.0,2.9589000000000008,4.0,7.0,268.3339999999999,63.60000000000001
CHEMBL421417,CS(=O)(=O)c1ccc(-n2cc(C(F)(F)F)nc2-c2cccs2)cc1,467.74,active,"{0, 3, 4.023100000000002, 5, 51.96, 372.39300000000003}",0.0,3.0,4.023100000000002,5.0,51.96,372.39300000000003
CHEMBL122,CS(=O)(=O)c1ccc(C2=C(c3ccccc3)C(=O)OC2)cc1,760.0,active,"{0, 2.5577000000000005, 3, 4, 314.3620000000001, 60.44}",0.0,2.5577000000000005,3.0,4.0,314.3620000000001,60.44
CHEMBL324826,CS(=O)(=O)c1ccc(-n2cnc(Cl)c2-c2cccc(Cl)c2Cl)cc1,6.0,active,"{0, 3, 4, 4.903000000000002, 401.7020000000001, 51.96}",0.0,3.0,4.0,4.903000000000002,401.7020000000001,51.96
CHEMBL4176892,COc1ccc2c(c1)c1c(n2S(=O)(=O)c2ccc(Cl)cc2)CC(C)(C)CC1=O,880.0,active,"{0, 417.9140000000002, 65.37, 3, 4.695400000000004, 5}",0.0,417.9140000000002,65.37,3.0,4.695400000000004,5.0
CHEMBL1632397,CC(=O)N1N=C(c2ccc(S(C)(=O)=O)cc2)CC1c1ccc(F)cc1,19630.0,inactive,"{0, 66.81, 3, 4, 2.926800000000002, 360.41}",0.0,66.81,3.0,4.0,2.926800000000002,360.41
CHEMBL4071983,CCOC(=O)C1=C(N)n2c(=O)c3ncccc3c(=O)n2C1c1ccccc1O,20.1,active,"{0.557199999999999, 129.44, 2, 3, 9, 380.3600000000001}",0.557199999999999,129.44,2.0,3.0,9.0,380.3600000000001
CHEMBL2018565,CNc1nnc(Cn2nc(Cc3ccc([N+](=O)[O-])cc3)c3onc(C)c3c2=O)s1,6000.0,active,"{1, 2.133419999999999, 6, 11, 141.87, 413.41900000000015}",1.0,2.133419999999999,6.0,11.0,141.87,413.41900000000015
CHEMBL2018668,CCn1c(Cn2nc(Cc3ccccc3)c3onc(C)c3c2=O)n[nH]c1=S,6100.0,active,"{1, 2.6060100000000004, 5, 8, 94.53, 382.4490000000001}",1.0,2.6060100000000004,5.0,8.0,94.53,382.4490000000001
CHEMBL3926786,COc1ccc(C2CC(c3ccc(OC)c(OC)c3)=NN2c2ccc(C(=O)O)cc2)cc1,100000.0,inactive,"{1, 4.766300000000004, 6, 7, 432.4760000000001, 80.59}",1.0,4.766300000000004,6.0,7.0,432.4760000000001,80.59
CHEMBL1957450,N[C@@H](Cc1c[nH]c2ccccc12)C(=O)N[C@@H](CS)C(=O)N[C@@H](CO)C(=O)O,21000.0,inactive,"{-0.9859999999999987, 6, 7, 9, 394.4530000000001, 157.54}",-0.9859999999999987,6.0,7.0,9.0,394.4530000000001,157.54
CHEMBL314225,NS(=O)(=O)c1ccc(C2=C(c3ccc(F)c(F)c3)CC3(CC3)C2)cc1,3.02,active,"{1, 2, 3, 4.097000000000003, 361.4130000000001, 60.160000000000004}",1.0,2.0,3.0,4.097000000000003,361.4130000000001,60.160000000000004
CHEMBL1916950,O=C(NS(=O)(=O)c1ccc(Br)cc1)c1cccnc1,4900.0,active,"{1, 1.9627999999999999, 3, 4, 76.13, 341.18600000000004}",1.0,1.9627999999999999,3.0,4.0,76.13,341.18600000000004
CHEMBL327900,CS(=O)(=O)c1ccc(C2=C(c3ccc(F)cc3)CC3(CCCC3)C2)cc1,62.0,active,"{0, 2, 3, 34.14, 5.494200000000005, 370.48900000000026}",0.0,2.0,3.0,34.14,5.494200000000005,370.48900000000026
CHEMBL42119,COc1c(F)cc(-c2nc(C(F)(F)F)cn2-c2ccc(S(C)(=O)=O)cc2)cc1F,169.82,active,"{0, 4, 5, 4.248400000000003, 432.3700000000001, 61.190000000000005}",0.0,4.0,5.0,4.248400000000003,432.3700000000001,61.190000000000005
CHEMBL461883,CCCCC(Sc1nc(OCCc2ccccc2)cc(OCCc2ccccc2)n1)C(=O)O,40000.0,inactive,"{1, 5.455100000000005, 6, 14, 81.54, 466.60300000000024}",1.0,5.455100000000005,6.0,14.0,81.54,466.60300000000024
CHEMBL5089355,O=C1NC(=O)C(=Cc2cn(C[C@H](O)COc3cc(O)c4c(=O)cc(-c5ccccc5)oc4c3)c3ccccc23)C(=O)N1,1.0,active,"{160.1, 3.3096000000000014, 4, 7, 9, 565.5380000000001}",160.1,3.3096000000000014,4.0,7.0,9.0,565.5380000000001
CHEMBL118,Cc1ccc(-c2cc(C(F)(F)F)nn2-c2ccc(S(N)(=O)=O)cc2)cc1,56.7,active,"{1, 3, 4, 3.5139200000000006, 77.98, 381.3790000000001}",1.0,3.0,4.0,3.5139200000000006,77.98,381.3790000000001
CHEMBL69557,NS(=O)(=O)c1ccc(-c2coc(=O)n2-c2ccc(F)cc2F)cc1,2300.0,active,"{352.318, 1, 2.0231000000000003, 3, 5, 95.30000000000001}",352.318,1.0,2.0231000000000003,3.0,5.0,95.30000000000001
CHEMBL1077,Nc1c(CC(=O)O)cccc1C(=O)c1ccc(Br)cc1,4.803,active,"{2, 3, 4, 2.889400000000001, 334.169, 80.39000000000001}",2.0,3.0,4.0,2.889400000000001,334.169,80.39000000000001
CHEMBL29533,NS(=O)(=O)c1ccc(-n2nc(C(F)(F)F)cc2-c2ccccc2Cl)cc1,56.0,active,"{1, 3, 4, 3.858900000000002, 77.98, 401.797}",1.0,3.0,4.0,3.858900000000002,77.98,401.797
CHEMBL283038,Cc1ccc(-c2cc(C(F)(F)F)nn2-c2ccc(S(N)(=O)=O)cc2)c(C)c1,120.0,active,"{1, 3, 4, 3.8223400000000014, 395.4060000000001, 77.98}",1.0,3.0,4.0,3.8223400000000014,395.4060000000001,77.98
CHEMBL171646,CS(=O)(=O)c1ccc(-c2sncc2-c2ccc(F)cc2)cc1,9000.0,active,"{0, 3, 4, 4.019700000000003, 333.40900000000005, 47.03}",0.0,3.0,4.0,4.019700000000003,333.40900000000005,47.03
CHEMBL489701,CS(=O)(=O)c1ccc(-c2ssc(=S)c2-c2ccccc2)cc1,50000.0,inactive,"{0, 34.14, 3, 5, 5.276590000000004, 364.53800000000007}",0.0,34.14,3.0,5.0,5.276590000000004,364.53800000000007
CHEMBL518038,CCCCCCC(Sc1nc(Cl)cc(Nc2cccc(C)c2C)n1)C(=O)O,10.0,active,"{2, 5, 6.006140000000005, 10, 75.11, 407.96700000000016}",2.0,5.0,6.006140000000005,10.0,75.11,407.96700000000016
CHEMBL1632399,CC(=O)N1N=C(c2ccc(S(C)(=O)=O)cc2)CC1c1ccc(C(F)(F)F)cc1,19830.0,inactive,"{0, 66.81, 3, 4, 3.8065000000000033, 410.41700000000003}",0.0,66.81,3.0,4.0,3.8065000000000033,410.41700000000003
CHEMBL4786755,CC(=O)c1nnn(-c2ccc(S(N)(=O)=O)cc2)c1C,110.0,active,"{0.4257200000000002, 1, 3, 6, 107.94, 280.309}",0.4257200000000002,1.0,3.0,6.0,107.94,280.309
CHEMBL4067079,c1cc(-c2ccc(Nc3nc(N4CCOCC4)nc(N4CCOCC4)n3)cc2)[nH]n1,1720.0,active,"{1.6784999999999992, 2, 5, 104.32000000000001, 9, 408.4660000000001}",1.6784999999999992,2.0,5.0,104.32000000000001,9.0,408.4660000000001
CHEMBL4078762,CN(C)/C=C/C(=O)c1ccc(Nc2nc(N3CCCCC3)nc(N3CCCCC3)n2)cc1,1760.0,active,"{1, 3.8538000000000032, 7, 8, 77.49000000000001, 435.5760000000003}",1.0,3.8538000000000032,7.0,8.0,77.49000000000001,435.5760000000003
CHEMBL347147,CS(=O)(=O)c1ccc(-c2cnn(C3CC3)c(=O)c2-c2ccc(F)cc2)cc1,33000.0,inactive,"{384.4320000000001, 0, 3.4548000000000023, 4, 5, 69.03}",384.4320000000001,0.0,3.4548000000000023,4.0,5.0,69.03
CHEMBL361494,CCOc1ccc(-c2nn3nc(S(C)(=O)=O)ccc3c2-c2ccc(S(N)(=O)=O)cc2)cc1,264.0,active,"{1, 2.512900000000001, 133.72, 6, 8, 472.5480000000002}",1.0,2.512900000000001,133.72,6.0,8.0,472.5480000000002
CHEMBL3823187,NS(=O)(=O)c1ccc(-n2nc(C(=O)N/N=C/c3c(Cl)c4ccccc4oc3=O)cc2-c2ccccc2F)cc1,470.0,active,"{2, 3.8495000000000035, 6, 8, 565.9700000000003, 149.65}",2.0,3.8495000000000035,6.0,8.0,565.9700000000003,149.65
CHEMBL3823440,NS(=O)(=O)c1ccc(-n2nc(C(=O)N/N=C/c3c(Cl)c4ccccc4oc3=O)cc2-c2ccc(F)cc2)cc1,170.0,active,"{2, 3.8495000000000026, 6, 8, 565.9700000000003, 149.65}",2.0,3.8495000000000026,6.0,8.0,565.9700000000003,149.65
CHEMBL3823115,NS(=O)(=O)c1ccc(-n2nc(C(=O)N/N=C/c3c(Cl)c4ccccc4oc3=O)cc2-c2ccc(C(F)(F)F)cc2)cc1,90.0,active,"{2, 4.729200000000003, 6, 615.9770000000003, 8, 149.65}",2.0,4.729200000000003,6.0,615.9770000000003,8.0,149.65
CHEMBL344351,CS(=O)(=O)Nc1cc2c(cc1Sc1ccncc1)C(=O)CC2,1000.0,active,"{1, 2.733200000000001, 4, 5, 76.13, 334.42200000000014}",1.0,2.733200000000001,4.0,5.0,76.13,334.42200000000014
CHEMBL464610,CC(C)=CCC12Oc3cc(O)ccc3C1(O)Oc1cc(O)c([C@H]3C=C(C)C[C@@H](c4ccc(O)cc4O)[C@@H]3C(=O)c3ccc(O)cc3O)c(O)c1C2=O,73000.0,inactive,"{708.7160000000003, 6, 6.250200000000012, 8, 12, 214.43999999999997}",708.7160000000003,6.0,6.250200000000012,8.0,12.0,214.43999999999997
CHEMBL37414,Cc1csc(Sc2cc3c(cc2NS(C)(=O)=O)CCC3=O)n1,30.0,active,"{1, 354.4780000000002, 3.1031200000000014, 4, 6, 76.13}",1.0,354.4780000000002,3.1031200000000014,4.0,6.0,76.13
CHEMBL118,Cc1ccc(-c2cc(C(F)(F)F)nn2-c2ccc(S(N)(=O)=O)cc2)cc1,840.0,active,"{1, 3, 4, 3.5139200000000006, 77.98, 381.3790000000001}",1.0,3.0,4.0,3.5139200000000006,77.98,381.3790000000001
CHEMBL300982,CC1(C)Cc2c(-c3ccccc3)c(-c3ccc(Cl)cc3)c(CC(=O)O)n2C1,370.0,active,"{1, 2, 4, 5.684900000000004, 42.23, 379.88700000000017}",1.0,2.0,4.0,5.684900000000004,42.23,379.88700000000017
CHEMBL122357,Cc1cnc2c(-c3ccc(F)cc3)c(-c3ccc(S(C)(=O)=O)cc3)nn2c1,267.0,active,"{0, 64.33, 3, 3.9143200000000027, 5, 381.4320000000001}",0.0,64.33,3.0,3.9143200000000027,5.0,381.4320000000001
CHEMBL5089124,CCOC(=O)[C@H](OCc1cnnn1[C@@H](CO)C(=O)OC)[C@@H](OCc1cnnn1[C@@H](CO)C(=O)OC)C(=O)OCC,400.0,active,"{225.54, 2, 17, 18, 572.5280000000002, -2.120799999999992}",225.54,2.0,17.0,18.0,572.5280000000002,-2.120799999999992
CHEMBL282752,NS(=O)(=O)c1ccc(-n2nc(C(F)(F)F)c(O)c2-c2ccccc2)cc1,3580.0,active,"{2, 3, 98.21000000000001, 5, 2.911100000000001, 383.351}",2.0,3.0,98.21000000000001,5.0,2.911100000000001,383.351
CHEMBL426767,CS(=O)(=O)c1ccc(-c2cc(C(=O)O)ccc2-c2ccccc2)cc1,300000.0,inactive,"{352.41100000000006, 1, 3, 4, 4.122300000000003, 71.44}",352.41100000000006,1.0,3.0,4.0,4.122300000000003,71.44
CHEMBL2315016,CC(=O)Oc1ccccc1C(=O)OCCn1c2ccccc2c(=O)c2ccccc21,21200.0,inactive,"{0, 3.937000000000003, 5, 6, 74.60000000000001, 401.41800000000006}",0.0,3.937000000000003,5.0,6.0,74.60000000000001,401.41800000000006
CHEMBL4448607,CC(=O)n1nc(-c2ccc(Cl)cc2)cc1-c1cn(-c2ccccc2)nc1-c1ccc(OCc2ccccc2)cc1,2790.0,active,"{0, 545.0420000000003, 6, 7, 7.962300000000007, 61.94}",0.0,545.0420000000003,6.0,7.0,7.962300000000007,61.94
CHEMBL184389,Cc1ccc(-c2c(-c3ccc(S(C)(=O)=O)cc3)ccc(F)c2F)cc1C,22.91,active,"{0, 2, 3, 34.14, 5.3191400000000035, 372.4360000000001}",0.0,2.0,3.0,34.14,5.3191400000000035,372.4360000000001
CHEMBL359787,CS(=O)(=O)c1ccc(-c2c(-c3ccc(F)cc3)nn3ncccc23)cc1,39.0,active,"{0, 64.33, 3, 3.6059000000000028, 5, 367.40500000000003}",0.0,64.33,3.0,3.6059000000000028,5.0,367.40500000000003
CHEMBL16891,CC(C)(C)c1cc(-c2nnc(NN)s2)cc(C(C)(C)C)c1O,1300.0,active,"{320.4620000000001, 2, 3, 3.791300000000002, 6, 84.06}",320.4620000000001,2.0,3.0,3.791300000000002,6.0,84.06
CHEMBL155980,CS(=O)(=O)c1ccc(-c2sc3ncnn3c2-c2cc(F)cc(F)c2)cc1,80.0,active,"{0, 64.33, 3, 3.8065000000000024, 6, 391.4240000000001}",0.0,64.33,3.0,3.8065000000000024,6.0,391.4240000000001
CHEMBL4470526,O=C(NCCc1c[nH]c2ccccc12)c1cc(Cl)ccc1O,40000.0,inactive,"{65.12, 2, 3, 4, 3.499400000000002, 314.77200000000005}",65.12,2.0,3.0,4.0,3.499400000000002,314.77200000000005
CHEMBL259972,COc1ccc(-c2noc(CC(=O)O)c2-c2ccc(OC)cc2)cc1,50000.0,inactive,"{1, 3.6529000000000025, 5, 6, 81.79, 339.34700000000004}",1.0,3.6529000000000025,5.0,6.0,81.79,339.34700000000004
CHEMBL442036,COc1ccc(Cc2c(C)[nH]c3cc(S(C)(=O)=O)ccc23)cc1,270.0,active,"{1, 3, 4, 3.4792200000000024, 329.42100000000005, 59.160000000000004}",1.0,3.0,4.0,3.4792200000000024,329.42100000000005,59.160000000000004
CHEMBL4175569,O=C1COCCN1c1ccc(Nc2nc(Cl)nc(N3CCOCC3)n2)cc1,100000.0,inactive,"{1, 1.4684, 4, 390.83100000000024, 8, 92.71}",1.0,1.4684,4.0,390.83100000000024,8.0,92.71
CHEMBL4162459,COc1ccc(Nc2nc(Cl)nc(Nc3ccc(N4CCOCC4=O)cc3)n2)cc1,6000.0,active,"{2, 3.3840000000000012, 101.50000000000001, 6, 8, 426.86400000000026}",2.0,3.3840000000000012,101.50000000000001,6.0,8.0,426.86400000000026
CHEMBL4169332,[N-]=[N+]=NCCOc1nc(Cl)nc(Nc2ccc(N3CCOCC3=O)cc2)n1,75000.0,inactive,"{1, 2.3209, 390.7910000000002, 7, 8, 138.23000000000002}",1.0,2.3209,390.7910000000002,7.0,8.0,138.23000000000002
CHEMBL4171075,COC(=O)C(N)Cc1ccc(Oc2nc(Cl)nc(Nc3ccc(N4CCOCC4=O)cc3)n2)cc1,600.0,active,"{2, 2.4669, 8, 10, 141.79000000000002, 498.9270000000003}",2.0,2.4669,8.0,10.0,141.79000000000002,498.9270000000003
CHEMBL4212341,COc1ccc(-c2nc3cc(NC(=O)c4ccc([N+](=O)[O-])cc4)ccc3o2)cc1OC,160.0,active,"{1, 419.3930000000002, 4.672500000000003, 6, 7, 116.73}",1.0,419.3930000000002,4.672500000000003,6.0,7.0,116.73
CHEMBL126979,Cc1cc(=O)c(-c2ccc(Cl)cc2F)c(-c2ccc(S(C)(=O)=O)cc2)o1,2050.22,active,"{0, 64.35, 3, 4, 4.478220000000004, 392.8350000000001}",0.0,64.35,3.0,4.0,4.478220000000004,392.8350000000001
CHEMBL365890,CS(=O)(=O)c1ccc(-c2ccc(F)c(F)c2-c2ccc3c(c2)OCCO3)cc1,338.84,active,"{0, 3, 4, 4.473500000000004, 402.4180000000002, 52.60000000000001}",0.0,3.0,4.0,4.473500000000004,402.4180000000002,52.60000000000001
CHEMBL365473,CC(C)Oc1ccc2c(-c3ccc(S(C)(=O)=O)cc3)c(-c3ccc(F)cc3)nn2n1,57.0,active,"{0, 4.393100000000005, 5, 6, 425.48500000000007, 73.56}",0.0,4.393100000000005,5.0,6.0,425.48500000000007,73.56
CHEMBL4558162,Cc1ccc2c(c1)nc(CCN1C(=O)c3cccc4cccc(c34)C1=O)n2-c1ccncc1,10000.0,inactive,"{0, 4, 5, 68.09, 4.720820000000004, 432.4830000000001}",0.0,4.0,5.0,68.09,4.720820000000004,432.4830000000001
CHEMBL4436511,COc1ccc(-c2noc(N)c2-c2ccc(OC)cc2)cc1,50000.0,inactive,"{1, 3.6080000000000014, 4, 5, 70.51, 296.32599999999996}",1.0,3.6080000000000014,4.0,5.0,70.51,296.32599999999996
CHEMBL3948850,Cc1cc(C)c2c(=O)n(CCCC(=O)N3CCN(c4ccccc4)CC3)sc2n1,459000.0,inactive,"{0, 3.2038400000000022, 58.440000000000005, 5, 6, 410.5430000000001}",0.0,3.2038400000000022,58.440000000000005,5.0,6.0,410.5430000000001
CHEMBL358122,COc1ccc(-c2cc(C(F)(F)F)nn2-c2ccc(S(C)(=O)=O)c(CO)c2)cc1,3200.0,active,"{1, 3.462500000000002, 5, 6, 426.41600000000017, 81.42}",1.0,3.462500000000002,5.0,6.0,426.41600000000017,81.42
CHEMBL300982,CC1(C)Cc2c(-c3ccccc3)c(-c3ccc(Cl)cc3)c(CC(=O)O)n2C1,30000.0,inactive,"{1, 2, 4, 5.684900000000004, 42.23, 379.88700000000017}",1.0,2.0,4.0,5.684900000000004,42.23,379.88700000000017
CHEMBL118,Cc1ccc(-c2cc(C(F)(F)F)nn2-c2ccc(S(N)(=O)=O)cc2)cc1,260.0,active,"{1, 3, 4, 3.5139200000000006, 77.98, 381.3790000000001}",1.0,3.0,4.0,3.5139200000000006,77.98,381.3790000000001
CHEMBL5191384,C/C(=C/CC/C(C)=C/CC[C@]1(C(=O)O)CC(=O)c2cc(O)ccc2O1)C(=O)O,1050.0,active,"{3, 388.4160000000001, 5, 3.7184000000000017, 8, 121.13000000000001}",3.0,388.4160000000001,5.0,3.7184000000000017,8.0,121.13000000000001
CHEMBL5179776,C/C(=C/CC/C(C)=C/CC/C(=C/C(=O)c1cc(O)ccc1O)C(=O)O)CO,3470.0,active,"{3.736800000000003, 4, 5, 10, 115.06, 374.4330000000001}",3.736800000000003,4.0,5.0,10.0,115.06,374.4330000000001
CHEMBL325755,CS(=O)(=O)c1ccc(-n2cc(C(F)(F)F)nc2-c2cccnc2)cc1,1850.0,active,"{0, 64.85, 3, 3.356600000000002, 5, 367.35200000000003}",0.0,64.85,3.0,3.356600000000002,5.0,367.35200000000003
CHEMBL865,Cc1onc(-c2ccccc2)c1-c1ccc(S(N)(=O)=O)cc1,5.0,active,"{1, 2.9644200000000005, 3, 4, 86.19, 314.36600000000004}",1.0,2.9644200000000005,3.0,4.0,86.19,314.36600000000004
CHEMBL598972,O=C(O)Cc1ccccc1-c1ccn(C(F)F)c(=O)c1,860.0,active,"{1, 2.5375000000000005, 3, 4, 279.24199999999996, 59.3}",1.0,2.5375000000000005,3.0,4.0,279.24199999999996,59.3
CHEMBL122,CS(=O)(=O)c1ccc(C2=C(c3ccccc3)C(=O)OC2)cc1,760.0,active,"{0, 2.5577000000000005, 3, 4, 314.3620000000001, 60.44}",0.0,2.5577000000000005,3.0,4.0,314.3620000000001,60.44
CHEMBL363228,Cc1onc(-c2ccc(Cl)o2)c1-c1ccccc1,100000.0,inactive,"{0, 2, 3, 259.69199999999995, 4.5634200000000025, 39.17}",0.0,2.0,3.0,259.69199999999995,4.5634200000000025,39.17
CHEMBL5094855,CCOC(=O)[C@H](O)[C@@H](OCc1cnnn1[C@@H](CO)C(=O)OC)C(=O)OCC,40000.0,inactive,"{2, 389.3610000000002, 11, 12, -1.6431999999999973, 159.29999999999998}",2.0,389.3610000000002,11.0,12.0,-1.6431999999999973,159.29999999999998
CHEMBL118,Cc1ccc(-c2cc(C(F)(F)F)nn2-c2ccc(S(N)(=O)=O)cc2)cc1,40.0,active,"{1, 3, 4, 3.5139200000000006, 77.98, 381.3790000000001}",1.0,3.0,4.0,3.5139200000000006,77.98,381.3790000000001
CHEMBL3309450,CS(=O)(=O)c1ccc(N2N=C(C(F)(F)F)CC2c2ccc3ccccc3c2)cc1,17810.0,inactive,"{0, 418.44000000000005, 3, 4, 5.113000000000004, 49.74}",0.0,418.44000000000005,3.0,4.0,5.113000000000004,49.74
CHEMBL1917088,CS(=O)(=O)c1ccc2c(c1)S(=O)(=O)N=S2c1ccc(Br)cc1,1800.0,active,"{0, 2, 2.774800000000001, 420.3310000000001, 4, 80.64}",0.0,2.0,2.774800000000001,420.3310000000001,4.0,80.64
CHEMBL69261,Cc1ccccc1-n1c(-c2ccc(S(N)(=O)=O)cc2)coc1=O,9705.1,active,"{1, 2.05332, 3, 5, 330.36500000000007, 95.30000000000001}",1.0,2.05332,3.0,5.0,330.36500000000007,95.30000000000001
CHEMBL99727,CCOC(=O)CCc1cc(-c2ccc(S(C)(=O)=O)cc2)c(-c2ccc(F)cc2)s1,130000.0,inactive,"{0, 5, 5.1204000000000045, 7, 432.5380000000001, 60.440000000000005}",0.0,5.0,5.1204000000000045,7.0,432.5380000000001,60.440000000000005
CHEMBL28599,Cc1ccccc1-c1cc(C(F)(F)F)nn1-c1ccc(S(N)(=O)=O)cc1,69.18,active,"{1, 3, 4, 3.5139200000000006, 77.98, 381.3790000000001}",1.0,3.0,4.0,3.5139200000000006,77.98,381.3790000000001
CHEMBL298269,NS(=O)(=O)c1ccc(-n2cc(C(F)(F)F)nc2-c2cccc(Cl)c2)cc1,7.943,active,"{1, 3, 4, 3.858900000000002, 77.98, 401.797}",1.0,3.0,4.0,3.858900000000002,77.98,401.797
CHEMBL3402326,COc1ccc2cc(C(C)c3nc4s/c(=C\c5cccc6ccccc56)c(=O)n4n3)ccc2c1,68200.0,inactive,"{0, 4, 5.165500000000004, 6, 463.5620000000001, 56.489999999999995}",0.0,4.0,5.165500000000004,6.0,463.5620000000001,56.489999999999995
CHEMBL122,CS(=O)(=O)c1ccc(C2=C(c3ccccc3)C(=O)OC2)cc1,300.0,active,"{0, 2.5577000000000005, 3, 4, 314.3620000000001, 60.44}",0.0,2.5577000000000005,3.0,4.0,314.3620000000001,60.44
CHEMBL16996,COc1ccc(-c2nc(NCc3ccccc3)sc2-c2ccc(S(N)(=O)=O)cc2)cc1F,59.0,active,"{2, 4.884300000000003, 6, 7, 469.5630000000002, 94.31}",2.0,4.884300000000003,6.0,7.0,469.5630000000002,94.31
CHEMBL339150,Cc1cc(=O)c(-c2ccccc2)c(-c2ccc(S(N)(=O)=O)cc2)o1,6889.7,active,"{1, 2.929620000000001, 3, 4, 341.3880000000001, 90.37}",1.0,2.929620000000001,3.0,4.0,341.3880000000001,90.37
CHEMBL70858,NS(=O)(=O)c1ccc(-c2coc(=O)n2-c2ccc(Cl)cc2)cc1,1199.5,active,"{1, 2.3983000000000008, 3, 5, 350.783, 95.30000000000001}",1.0,2.3983000000000008,3.0,5.0,350.783,95.30000000000001
CHEMBL183891,CCOc1ccc2c(-c3ccc(S(C)(=O)=O)cc3)c(-c3ccc(F)cc3)nn2n1,43.0,active,"{0, 4.004600000000003, 5, 6, 73.56, 411.4580000000001}",0.0,4.004600000000003,5.0,6.0,73.56,411.4580000000001
CHEMBL55395,NS(=O)(=O)c1ccc(-c2cc(F)c(F)cc2-c2ccc3c(c2)OCCO3)cc1,32.36,active,"{1, 3, 4, 3.717400000000003, 78.62, 403.4060000000001}",1.0,3.0,4.0,3.717400000000003,78.62,403.4060000000001
CHEMBL116016,COc1c(Cl)cc(-c2c(Cl)ncn2-c2ccc(S(C)(=O)=O)cc2)cc1Cl,7.0,active,"{0, 4, 5, 4.9116000000000035, 431.7280000000002, 61.190000000000005}",0.0,4.0,5.0,4.9116000000000035,431.7280000000002,61.190000000000005
CHEMBL109578,CS(=O)(=O)c1ccc(C2=C(c3ccc(CO)cc3)CCC2)cc1,3235.94,active,"{1, 3, 4, 3.677100000000003, 328.4330000000001, 54.370000000000005}",1.0,3.0,4.0,3.677100000000003,328.4330000000001,54.370000000000005
CHEMBL442018,CCCOc1ccc(-c2c(Cl)ncn2-c2ccc(S(C)(=O)=O)cc2)cc1,10000.0,inactive,"{0, 4.385000000000003, 5, 390.8920000000001, 6, 61.190000000000005}",0.0,4.385000000000003,5.0,390.8920000000001,6.0,61.190000000000005
CHEMBL324580,CS(=O)(=O)c1ccc(-n2cnc(Cl)c2-c2cc(F)cc(F)c2)cc1,75.0,active,"{0, 3, 4, 3.8744000000000023, 368.79200000000003, 51.96}",0.0,3.0,4.0,3.8744000000000023,368.79200000000003,51.96
CHEMBL44924,CS(=O)(=O)c1ccc(-n2cc(C(F)(F)F)nc2-c2cccc(N)c2)cc1,5888.44,active,"{1, 3, 3.543800000000002, 5, 77.98, 381.3790000000001}",1.0,3.0,3.543800000000002,5.0,77.98,381.3790000000001
CHEMBL296984,NS(=O)(=O)c1ccc(-n2cc(C(F)(F)F)nc2-c2ccccc2)cc1,39.81,active,"{1, 3, 4, 3.2055000000000016, 77.98, 367.35200000000003}",1.0,3.0,4.0,3.2055000000000016,77.98,367.35200000000003
CHEMBL286756,N#CCc1cc(-c2ccc(Cl)cc2)n(-c2ccc(S(N)(=O)=O)cc2)n1,120.23,active,"{1, 2.90618, 4, 5, 101.77, 372.83700000000005}",1.0,2.90618,4.0,5.0,101.77,372.83700000000005
CHEMBL55348,COc1ccc(-c2cc(F)c(F)cc2-c2ccc(S(N)(=O)=O)cc2)cc1Cl,12.88,active,"{1, 3, 4, 69.39, 4.608200000000002, 409.8410000000001}",1.0,3.0,4.0,69.39,4.608200000000002,409.8410000000001
CHEMBL54327,Cc1ccc(-c2cc(F)c(F)cc2-c2ccc(S(N)(=O)=O)cc2)cc1Cl,3.02,active,"{1, 2, 3, 4.908020000000003, 393.8420000000001, 60.160000000000004}",1.0,2.0,3.0,4.908020000000003,393.8420000000001,60.160000000000004
CHEMBL116252,CS(=O)(=O)c1ccc(-n2cnc(Cl)c2-c2cnccc2Cl)cc1,43.0,active,"{0, 64.85, 3, 3.6446000000000023, 5, 368.245}",0.0,64.85,3.0,3.6446000000000023,5.0,368.245
CHEMBL42408,COc1c(Cl)cc(-c2nc(C(F)(F)F)cn2-c2ccc(S(C)(=O)=O)cc2)cc1Cl,141.25,active,"{0, 4, 5, 5.277000000000004, 465.2800000000001, 61.190000000000005}",0.0,4.0,5.0,5.277000000000004,465.2800000000001,61.190000000000005
CHEMBL324841,CS(=O)(=O)c1ccc(-n2cnc(Cl)c2-c2cc3ccccc3o2)cc1,1000.0,active,"{0, 65.1, 3, 4.342400000000003, 5, 372.8330000000001}",0.0,65.1,3.0,4.342400000000003,5.0,372.8330000000001
CHEMBL111427,COc1ccc(C2=C(c3ccc(S(N)(=O)=O)cc3)CCC2)cc1F,15.85,active,"{1, 3, 4, 69.39, 3.5764000000000022, 347.4110000000001}",1.0,3.0,4.0,69.39,3.5764000000000022,347.4110000000001
CHEMBL282093,NS(=O)(=O)c1ccc(-n2nc(C(F)(F)F)cc2-c2ccc(Cl)cc2)cc1,10.0,active,"{1, 3, 4, 3.858900000000002, 77.98, 401.797}",1.0,3.0,4.0,3.858900000000002,77.98,401.797
CHEMBL114783,CS(=O)(=O)c1ccc(-c2cnc(Cl)n2-c2ccc(F)cc2)cc1,14.0,active,"{0, 3, 4, 3.7353000000000023, 51.96, 350.802}",0.0,3.0,4.0,3.7353000000000023,51.96,350.802
CHEMBL346258,COc1ccc(C(=O)NNc2ccccc2)cc1,10000.0,inactive,"{2, 3, 4, 2.4521000000000006, 242.27800000000002, 50.36}",2.0,3.0,4.0,2.4521000000000006,242.27800000000002,50.36
CHEMBL362137,Cc1ccc(-c2c(-c3ccc(S(C)(=O)=O)cc3)ccc(F)c2F)cc1Cl,12.88,active,"{0, 2, 3, 34.14, 5.664120000000003, 392.85400000000004}",0.0,2.0,3.0,34.14,5.664120000000003,392.85400000000004
CHEMBL321216,Cc1ccnc(-c2nc(C(F)(F)F)cn2-c2ccc(S(C)(=O)=O)cc2)c1,524.81,active,"{0, 64.85, 3, 3.665020000000002, 5, 381.3790000000001}",0.0,64.85,3.0,3.665020000000002,5.0,381.3790000000001
CHEMBL293771,Cc1ccc(-c2cc(F)c(F)cc2-c2ccc(S(C)(=O)=O)cc2)cc1,7.079,active,"{0, 2, 3, 34.14, 5.0107200000000045, 358.4090000000001}",0.0,2.0,3.0,34.14,5.0107200000000045,358.4090000000001
CHEMBL117862,COc1ccc(-c2c(Cl)ncn2-c2ccc(S(C)(=O)=O)cc2)cc1F,4.0,active,"{0, 3.743900000000002, 4, 5, 380.8280000000001, 61.190000000000005}",0.0,3.743900000000002,4.0,5.0,380.8280000000001,61.190000000000005
CHEMBL44421,CN(C)S(=O)(=O)c1ccc(-n2cccc2-c2ccc(F)cc2)cc1,100000.0,inactive,"{0, 3, 4, 3.5337000000000023, 42.31, 344.41100000000006}",0.0,3.0,4.0,3.5337000000000023,42.31,344.41100000000006
CHEMBL145354,CC(=O)Oc1ccccc1SCCCc1ccccc1,1000000.0,inactive,"{0, 3, 4.336800000000004, 6, 26.3, 286.39599999999996}",0.0,3.0,4.336800000000004,6.0,26.3,286.39599999999996
CHEMBL27784,CC[C@@H](CO)NC(=O)Cc1c(C)n(C(=O)c2ccc(Cl)cc2)c2ccc(OC)cc12,280.0,active,"{2, 3.729820000000003, 5, 7, 428.91600000000017, 80.56}",2.0,3.729820000000003,5.0,7.0,428.91600000000017,80.56
CHEMBL312822,NS(=O)(=O)c1ccc(C2=C(c3ccc(F)c(Cl)c3)CC3(CC3)C2)cc1,1.514,active,"{1, 2, 3, 4.611300000000003, 377.86800000000017, 60.160000000000004}",1.0,2.0,3.0,4.611300000000003,377.86800000000017,60.160000000000004
CHEMBL88493,COc1c(Cl)cc(C2=C(c3ccc(S(N)(=O)=O)cc3)CC3(CC3)C2)cc1Cl,3.981,active,"{1, 3, 4, 69.39, 5.1342000000000025, 424.3490000000003}",1.0,3.0,4.0,69.39,5.1342000000000025,424.3490000000003
CHEMBL89429,CS(=O)(=O)c1ccc(C2=CC3(C=C2c2ccc(F)cc2)CC3)cc1,25.7,active,"{0, 2, 3, 34.14, 4.490000000000004, 340.4190000000001}",0.0,2.0,3.0,34.14,4.490000000000004,340.4190000000001
CHEMBL119076,CCCCCc1ncn(-c2ccc(S(C)(=O)=O)cc2)c1-c1ccc(F)cc1,10000.0,inactive,"{0, 386.4920000000001, 4, 4.814600000000005, 7, 51.96}",0.0,386.4920000000001,4.0,4.814600000000005,7.0,51.96
CHEMBL54412,NS(=O)(=O)c1ccc(-c2ccccc2-c2ccc(F)c(Cl)c2)cc1,16.98,active,"{1, 2, 3, 4.460500000000003, 361.82500000000005, 60.160000000000004}",1.0,2.0,3.0,4.460500000000003,361.82500000000005,60.160000000000004
CHEMBL365060,CS(=O)(=O)c1ccc(-c2ccc3c(c2-c2ccc(F)cc2)OCO3)cc1,83.18,active,"{0, 3, 4, 4.291900000000004, 370.4010000000001, 52.60000000000001}",0.0,3.0,4.0,4.291900000000004,370.4010000000001,52.60000000000001
CHEMBL185528,Cc1[nH]c2cc(S(C)(=O)=O)ccc2c1Cc1ccc(Cl)cc1,260.0,active,"{1, 2, 3, 4.124020000000003, 333.84000000000003, 49.93}",1.0,2.0,3.0,4.124020000000003,333.84000000000003,49.93
CHEMBL1290459,O=C(O)C1=Cc2cc(OC(F)(F)F)ccc2OC1C(F)(F)F,29.0,active,"{1, 2, 3, 3.376500000000001, 328.16399999999993, 55.760000000000005}",1.0,2.0,3.0,3.376500000000001,328.16399999999993,55.760000000000005
CHEMBL1290682,CCCc1cc(OC(F)(F)F)cc2c1OC(C(F)(F)F)C(C(=O)O)=C2,43.0,active,"{1, 3, 4, 4.3290000000000015, 370.245, 55.760000000000005}",1.0,3.0,4.0,4.3290000000000015,370.245,55.760000000000005
CHEMBL111039,CSc1ccc(C2=C(c3ccc(S(C)(=O)=O)cc3)CCC2)cc1,218.78,active,"{0, 34.14, 3, 4, 4.906700000000003, 344.5010000000001}",0.0,34.14,3.0,4.0,4.906700000000003,344.5010000000001
CHEMBL115752,CS(=O)(=O)c1ccc(-n2cnc(Cl)c2-c2ccc(F)cc2F)cc1,7.0,active,"{0, 3, 4, 3.8744000000000023, 368.79200000000003, 51.96}",0.0,3.0,4.0,3.8744000000000023,368.79200000000003,51.96
CHEMBL280636,NS(=O)(=O)c1ccc(-n2nc(C(F)(F)F)c(Cl)c2-c2ccc(Cl)cc2)cc1,5.248,active,"{1, 3, 4, 4.512300000000002, 77.98, 436.2420000000001}",1.0,3.0,4.0,4.512300000000002,77.98,436.2420000000001
CHEMBL116498,CC(=O)Nc1ccc(-c2c(Cl)ncn2-c2ccc(S(C)(=O)=O)cc2)cc1,10000.0,inactive,"{1, 3.5546000000000015, 4, 5, 389.8640000000001, 81.06}",1.0,3.5546000000000015,4.0,5.0,389.8640000000001,81.06
CHEMBL294967,Cc1ccccc1-c1nc(C(F)(F)F)cn1-c1ccc(S(N)(=O)=O)cc1,199.53,active,"{1, 3, 4, 3.5139200000000015, 77.98, 381.3790000000001}",1.0,3.0,4.0,3.5139200000000015,77.98,381.3790000000001
CHEMBL361141,COc1cc(/C=C/c2cc(/C=C/c3ccc(O)cc3)[nH]n2)ccc1O,15450.0,inactive,"{3, 4, 5, 4.170300000000003, 78.37, 334.375}",3.0,4.0,5.0,4.170300000000003,78.37,334.375
CHEMBL321881,Cc1ccc(-c2nc(C(F)(F)F)cn2-c2ccc(S(C)(=O)=O)cc2)nc1,1288.25,active,"{0, 64.85, 3, 3.665020000000003, 5, 381.3790000000001}",0.0,64.85,3.0,3.665020000000003,5.0,381.3790000000001
CHEMBL122,CS(=O)(=O)c1ccc(C2=C(c3ccccc3)C(=O)OC2)cc1,280.0,active,"{0, 2.5577000000000005, 3, 4, 314.3620000000001, 60.44}",0.0,2.5577000000000005,3.0,4.0,314.3620000000001,60.44
CHEMBL4071145,CCCCCCCCCCCC(=O)c1c(O)c(-c2ccc(O)cc2)c[nH]c1=O,10000.0,inactive,"{385.504, 3, 4, 5.556700000000007, 12, 90.38999999999999}",385.504,3.0,4.0,5.556700000000007,12.0,90.38999999999999
CHEMBL350549,Cc1nc(-c2ccccc2)c(-c2ccc(S(C)(=O)=O)cc2)o1,90.0,active,"{0, 3, 4, 3.7205200000000023, 313.378, 60.17}",0.0,3.0,4.0,3.7205200000000023,313.378,60.17
CHEMBL320585,CC1(C)OC(=O)C(Oc2ccc(Cl)cn2)=C1c1ccc(S(C)(=O)=O)cc1,20.0,active,"{0, 3.264000000000002, 4, 6, 393.8480000000001, 82.56}",0.0,3.264000000000002,4.0,6.0,393.8480000000001,82.56
CHEMBL4084975,Cc1c(C(=O)/C(Cl)=N/O)cnn1-c1ccccc1,2330.0,active,"{1, 2.38992, 67.47999999999999, 3, 5, 263.684}",1.0,2.38992,67.47999999999999,3.0,5.0,263.684
CHEMBL153767,CS(=O)(=O)c1ccc(-c2cc3c(cc2C(=O)c2cccc(F)c2)OCO3)cc1,1000.0,active,"{0, 3.8559000000000037, 4, 5, 69.67, 398.4110000000001}",0.0,3.8559000000000037,4.0,5.0,69.67,398.4110000000001
CHEMBL1630246,CC(C)N(c1cc2c(cc1Cl)C=C(C(=O)O)C(C(F)(F)F)O2)C(C)C,100000.0,inactive,"{1, 3, 4, 4.754500000000005, 49.77000000000001, 377.79}",1.0,3.0,4.0,4.754500000000005,49.77000000000001,377.79
CHEMBL1956383,COc1ccc(-c2nnnn2-c2ccc(S(N)(=O)=O)cc2)cc1,100000.0,inactive,"{0.9852999999999997, 1, 4, 7, 331.3570000000001, 112.99000000000001}",0.9852999999999997,1.0,4.0,7.0,331.3570000000001,112.99000000000001
CHEMBL1956394,CS(=O)(=O)c1ccc(-n2nnnc2-c2ccc(C(F)(F)F)cc2)cc1,100000.0,inactive,"{0, 2.7516000000000007, 3, 6, 77.74, 368.34000000000003}",0.0,2.7516000000000007,3.0,6.0,77.74,368.34000000000003
CHEMBL3823420,NS(=O)(=O)c1ccc(-n2nc(C(=O)N/N=C/c3c(Cl)c4ccccc4oc3=O)cc2-c2ccccc2O)cc1,7570.0,active,"{3, 3.416000000000002, 6, 9, 169.88, 563.9790000000003}",3.0,3.416000000000002,6.0,9.0,169.88,563.9790000000003
CHEMBL154907,Cn1ncc(-c2ccc(S(C)(=O)=O)cc2)c(-c2ccccc2)c1=O,21000.0,inactive,"{0, 2.5178000000000003, 3, 5, 69.03, 340.40400000000005}",0.0,2.5178000000000003,3.0,5.0,69.03,340.40400000000005
CHEMBL326254,CC1(C)OC(=O)C(Oc2ncccn2)=C1c1ccc(S(C)(=O)=O)cc1,620.0,active,"{0, 2.0056, 4, 7, 360.3910000000001, 95.44999999999999}",0.0,2.0056,4.0,7.0,360.3910000000001,95.44999999999999
CHEMBL326254,CC1(C)OC(=O)C(Oc2ncccn2)=C1c1ccc(S(C)(=O)=O)cc1,860.0,active,"{0, 2.0056, 4, 7, 360.3910000000001, 95.44999999999999}",0.0,2.0056,4.0,7.0,360.3910000000001,95.44999999999999
CHEMBL36722,Cc1nc(C2CCCCC2)c(-c2ccc(S(N)(=O)=O)c(Cl)c2)o1,10000.0,inactive,"{1, 354.85900000000004, 3, 4, 3.9985200000000027, 86.19}",1.0,354.85900000000004,3.0,4.0,3.9985200000000027,86.19
CHEMBL88493,COc1c(Cl)cc(C2=C(c3ccc(S(N)(=O)=O)cc3)CC3(CC3)C2)cc1Cl,4.0,active,"{1, 3, 4, 69.39, 5.1342000000000025, 424.3490000000003}",1.0,3.0,4.0,69.39,5.1342000000000025,424.3490000000003
CHEMBL442767,Cc1cc(=O)c(Oc2ccc(Cl)cc2F)c(-c2ccc(S(C)(=O)=O)cc2)o1,200.0,active,"{0, 4, 5, 4.603520000000003, 73.58000000000001, 408.8340000000001}",0.0,4.0,5.0,4.603520000000003,73.58000000000001,408.8340000000001
CHEMBL44468,COc1cccc(-c2nc(C(F)(F)F)cn2-c2ccc(S(C)(=O)=O)cc2)c1,350.0,active,"{0, 3.970200000000003, 4, 5, 396.3900000000001, 61.190000000000005}",0.0,3.970200000000003,4.0,5.0,396.3900000000001,61.190000000000005
CHEMBL1171834,CCCCC(Sc1nc(OCCC2CCCCC2)cc(OCCC2CCCCC2)n1)C(=O)O,10900.0,inactive,"{1, 6, 6.910500000000007, 14, 81.54, 478.69900000000035}",1.0,6.0,6.910500000000007,14.0,81.54,478.69900000000035
CHEMBL45197,CSc1ccc(-c2nc(C(F)(F)F)cn2-c2ccc(S(C)(=O)=O)cc2)cc1,160.0,active,"{0, 4, 5, 4.683500000000004, 51.96, 412.4580000000001}",0.0,4.0,5.0,4.683500000000004,51.96,412.4580000000001
CHEMBL393127,COc1ccc2c(c1)c(CC(=O)NOCCCO)c(C)n2C(=O)c1ccc(Cl)cc1,700.0,active,"{2, 3.272920000000002, 6, 8, 430.88800000000015, 89.78999999999999}",2.0,3.272920000000002,6.0,8.0,430.88800000000015,89.78999999999999
CHEMBL118,Cc1ccc(-c2cc(C(F)(F)F)nn2-c2ccc(S(N)(=O)=O)cc2)cc1,40.0,active,"{1, 3, 4, 3.5139200000000006, 77.98, 381.3790000000001}",1.0,3.0,4.0,3.5139200000000006,77.98,381.3790000000001
CHEMBL129613,Cc1cc(=O)c(-c2ccc(C(F)(F)F)cc2)c(-c2ccc(S(C)(=O)=O)cc2)o1,6920.0,active,"{0, 64.35, 3, 4, 4.704520000000004, 408.3970000000001}",0.0,64.35,3.0,4.0,4.704520000000004,408.3970000000001
CHEMBL44926,NS(=O)(=O)c1ccc(-n2cc(C(F)(F)F)nc2-c2ccccc2F)cc1,100.0,active,"{385.34200000000004, 1, 3, 4, 3.3446000000000016, 77.98}",385.34200000000004,1.0,3.0,4.0,3.3446000000000016,77.98
CHEMBL432335,NS(=O)(=O)c1ccc(-c2coc(=O)n2C2CCCCC2)cc1,18879.91,inactive,"{1, 322.3860000000001, 3, 2.2609000000000004, 5, 95.30000000000001}",1.0,322.3860000000001,3.0,2.2609000000000004,5.0,95.30000000000001
CHEMBL274473,Cc1nc(-c2ccc(S(C)(=O)=O)cc2)c(-c2ccc(F)cc2)s1,310.0,active,"{0, 3, 4, 4.328120000000003, 47.03, 347.436}",0.0,3.0,4.0,4.328120000000003,47.03,347.436
CHEMBL552145,CS(=O)(=O)c1ccc(-c2cnc(CCc3ccccc3)nc2-c2ccc(F)cc2)cc1,5263.0,active,"{0, 4, 5.138400000000005, 6, 432.5200000000001, 59.92}",0.0,4.0,5.138400000000005,6.0,432.5200000000001,59.92
CHEMBL47540,C[C@]1(O)CCC[C@H]1Oc1ncc(C(F)(F)F)cc1-c1ccc(S(C)(=O)=O)cc1,1400.0,active,"{1, 3.853200000000003, 4, 5, 76.49000000000001, 415.4330000000001}",1.0,3.853200000000003,4.0,5.0,76.49000000000001,415.4330000000001
CHEMBL24429,CS(=O)(=O)c1ccc(C2=C(c3cccnc3)C(=O)CC2)cc1,170.0,active,"{0, 64.1, 2.7588000000000017, 3, 4, 313.3780000000001}",0.0,64.1,2.7588000000000017,3.0,4.0,313.3780000000001
CHEMBL66435,CS(=O)(=O)c1ccc(-c2cc(CO[N+](=O)[O-])nn2C2CCCCC2)cc1,400.0,active,"{0, 3.1671000000000022, 6, 7, 104.33000000000001, 379.4380000000002}",0.0,3.1671000000000022,6.0,7.0,104.33000000000001,379.4380000000002
CHEMBL393127,COc1ccc2c(c1)c(CC(=O)NOCCCO)c(C)n2C(=O)c1ccc(Cl)cc1,700.0,active,"{2, 3.272920000000002, 6, 8, 430.88800000000015, 89.78999999999999}",2.0,3.272920000000002,6.0,8.0,430.88800000000015,89.78999999999999
CHEMBL237205,Cc1c(CC(=O)NCCCO[N+](=O)[O-])c2cc(OS(N)(=O)=O)ccc2n1C(=O)c1ccc(Cl)cc1,26300.0,inactive,"{2, 2.1310200000000004, 9, 10, 524.9390000000002, 172.85999999999999}",2.0,2.1310200000000004,9.0,10.0,524.9390000000002,172.85999999999999
CHEMBL349518,Cc1cc(-c2ccccc2)n(-c2ccc(S(C)(=O)=O)cc2)n1,10000.0,inactive,"{0, 3, 4, 3.251220000000001, 51.96, 312.39400000000006}",0.0,3.0,4.0,3.251220000000001,51.96,312.39400000000006
CHEMBL117306,NS(=O)(=O)c1ccc(-n2cnc(Cl)c2-c2ccc(Cl)nc2)cc1,42.0,active,"{1, 2.8885000000000014, 3, 5, 369.233, 90.87}",1.0,2.8885000000000014,3.0,5.0,369.233,90.87
CHEMBL463453,O=C1c2c(O)cc(O)cc2O[C@H](c2ccc(O)cc2O)[C@H]1O,100000.0,inactive,"{1, 1.1862999999999995, 5, 7, 304.254, 127.45000000000002}",1.0,1.1862999999999995,5.0,7.0,304.254,127.45000000000002
CHEMBL282242,CS(=O)(=O)c1ccc(C2=C(c3cc(Br)ccn3)C(=O)CC2)cc1,470.0,active,"{0, 64.1, 3, 4, 3.521300000000002, 392.2740000000001}",0.0,64.1,3.0,4.0,3.521300000000002,392.2740000000001
CHEMBL526931,CC(=O)O[C@@]12[C@H](OC(=O)C(=C(C)C)N(C)C)[C@@H](C)[C@]3(O)[C@@H]4C=C(C)C(=O)[C@@H]4CC(CO)=C[C@H]3[C@@H]1C2(C)C,100000.0,inactive,"{2, 515.6470000000003, 2.7924000000000007, 5, 8, 113.37000000000002}",2.0,515.6470000000003,2.7924000000000007,5.0,8.0,113.37000000000002
CHEMBL3958352,O=C(CCn1sc2ccccc2c1=O)N1CCN(c2cccc(Cl)c2)CC1,129900.0,inactive,"{0, 3.455300000000002, 4, 5, 45.550000000000004, 401.9190000000001}",0.0,3.455300000000002,4.0,5.0,45.550000000000004,401.9190000000001
CHEMBL327468,CS(=O)(=O)c1ccc([C@@H](CO)[C@@H](CCC(=O)[O-])c2ccccc2)cc1.[Na+],33000.0,inactive,"{384.42900000000003, 1, 5, 8, 94.5, -1.5160999999999971}",384.42900000000003,1.0,5.0,8.0,94.5,-1.5160999999999971
CHEMBL42996,CN(C)c1ccc(-c2nc(C(F)(F)F)cn2-c2ccc(S(C)(=O)=O)cc2)cc1,700.0,active,"{0, 4, 5, 4.027600000000002, 55.2, 409.43300000000005}",0.0,4.0,5.0,4.027600000000002,55.2,409.43300000000005
CHEMBL42223,COc1cc(-c2nc(C(F)(F)F)cn2-c2ccc(S(C)(=O)=O)cc2)ccc1Cl,250.0,active,"{0, 4, 5, 4.623600000000002, 430.83500000000015, 61.190000000000005}",0.0,4.0,5.0,4.623600000000002,430.83500000000015,61.190000000000005
CHEMBL42074,COc1cc(C)c(-c2nc(C(F)(F)F)cn2-c2ccc(S(C)(=O)=O)cc2)cc1C,12200.0,inactive,"{0, 4, 5, 4.587040000000004, 424.44400000000013, 61.190000000000005}",0.0,4.0,5.0,4.587040000000004,424.44400000000013,61.190000000000005
CHEMBL463571,C=C1C(=O)O[C@H]2[C@H]1[C@H](OC(=O)[C@]1(C)O[C@@H]1C)[C@@H](OC(C)=O)/C(C(=O)O)=C\[C@H]1O[C@H]1[C@]1(C)O[C@H]21,400.0,active,"{0.05460000000000176, 1, 4, 10, 464.42300000000023, 153.79}",0.05460000000000176,1.0,4.0,10.0,464.42300000000023,153.79
CHEMBL88532,COc1ccc(C2=C(c3ccc(S(N)(=O)=O)cc3)CC3(CC3)C2)cc1F,2.0,active,"{1, 3, 4, 69.39, 3.9665000000000026, 373.4490000000002}",1.0,3.0,4.0,69.39,3.9665000000000026,373.4490000000002
CHEMBL290192,Cc1nc(-c2ccc(F)cc2)c(-c2ccc(S(N)(=O)=O)cc2)o1,20.0,active,"{1, 3, 4, 3.1035200000000005, 332.3560000000001, 86.19}",1.0,3.0,4.0,3.1035200000000005,332.3560000000001,86.19
CHEMBL118,Cc1ccc(-c2cc(C(F)(F)F)nn2-c2ccc(S(N)(=O)=O)cc2)cc1,360.0,active,"{1, 3, 4, 3.5139200000000006, 77.98, 381.3790000000001}",1.0,3.0,4.0,3.5139200000000006,77.98,381.3790000000001
CHEMBL1221731,CCCCC(=C(c1ccccc1)c1ccccc1)c1ccc(S(C)(=O)=O)cc1,2700.0,active,"{0, 2, 34.14, 390.5480000000001, 7, 6.239400000000007}",0.0,2.0,34.14,390.5480000000001,7.0,6.239400000000007
CHEMBL3775676,CCCCCCNC(=O)Oc1cccc(-c2ccc(C(C)C(=O)O)cc2O)c1,13000.0,inactive,"{385.46000000000015, 3, 4, 4.916000000000004, 9, 95.86}",385.46000000000015,3.0,4.0,4.916000000000004,9.0,95.86
CHEMBL3601276,Cc1ccc(-c2cc(CO[N+](=O)[O-])nn2-c2ccc(S(N)(=O)=O)cc2)cc1,890.0,active,"{1, 130.35, 2.2034200000000004, 388.40500000000014, 6, 7}",1.0,130.35,2.2034200000000004,388.40500000000014,6.0,7.0
CHEMBL29899,CN(C)c1ccc(-c2cc(C(F)(F)F)nn2-c2ccc(S(N)(=O)=O)cc2)cc1F,5.7,active,"{1, 3.4106000000000005, 4, 5, 428.41100000000006, 81.22}",1.0,3.4106000000000005,4.0,5.0,428.41100000000006,81.22
CHEMBL2018564,CCNc1nnc(Cn2nc(Cc3ccccc3)c3onc(C)c3c2=O)s1,100000.0,inactive,"{1, 98.73000000000002, 2.6153200000000014, 6, 9, 382.4490000000001}",1.0,98.73000000000002,2.6153200000000014,6.0,9.0,382.4490000000001
CHEMBL402978,CCCCC[C@H](O)CC(=O)CCc1ccc(O)c(OC)c1,125000.0,inactive,"{2, 66.76, 4, 3.2338000000000022, 294.391, 10}",2.0,66.76,4.0,3.2338000000000022,294.391,10.0
CHEMBL463145,O=c1cc(-c2ccc(O)cc2O)oc2cc(O)cc(O)c12,100000.0,inactive,"{1, 2.2823999999999995, 4, 6, 111.13000000000001, 286.23900000000003}",1.0,2.2823999999999995,4.0,6.0,111.13000000000001,286.23900000000003
CHEMBL321597,CC1(C)OC(=O)C(Oc2ccc3ccccc3n2)=C1c1ccc(S(C)(=O)=O)cc1,330.0,active,"{0, 3.7638000000000025, 4, 6, 82.56, 409.46300000000014}",0.0,3.7638000000000025,4.0,6.0,82.56,409.46300000000014
CHEMBL16647,CC(C)(C)c1cc(-c2nnc(SCC(F)(F)F)s2)cc(C(C)(C)C)c1O,20000.0,inactive,"{1, 3, 5, 6.160100000000005, 46.010000000000005, 404.52300000000014}",1.0,3.0,5.0,6.160100000000005,46.010000000000005,404.52300000000014
CHEMBL276916,CC(C)(C)c1cc(-c2nnc(S)o2)cc(C(C)(C)C)c1O,47000.0,inactive,"{1, 2, 4.325900000000003, 5, 306.43100000000004, 59.150000000000006}",1.0,2.0,4.325900000000003,5.0,306.43100000000004,59.150000000000006
CHEMBL463776,CCCCCCC(Sc1nc(Cl)cc(Nc2cc(C)c(-c3ccccc3)cc2OC)n1)C(=O)O,10.0,active,"{2, 6, 7.373320000000007, 12, 500.06400000000025, 84.34000000000002}",2.0,6.0,7.373320000000007,12.0,500.06400000000025,84.34000000000002
CHEMBL457204,CCCCCC[C@@H](Sc1nc(Cl)cc(Nc2ccc(-c3ccc(C#N)cc3)cc2)n1)C(=O)O,10.0,active,"{481.0210000000002, 2, 98.9, 6, 6.927980000000006, 11}",481.0210000000002,2.0,98.9,6.0,6.927980000000006,11.0
CHEMBL459722,CCCCCCC(Sc1nc(Cl)cc(Nc2ccc3ncccc3c2)n1)C(=O)OCC,10.0,active,"{1, 6.416000000000006, 7, 11, 459.0150000000002, 77.00000000000001}",1.0,6.416000000000006,7.0,11.0,459.0150000000002,77.00000000000001
CHEMBL459972,CCCCC(Sc1nc(Cl)cc(Nc2cccc(C)c2C)n1)C(=O)O,10.0,active,"{2, 5, 5.225940000000004, 8, 75.11, 379.9130000000002}",2.0,5.0,5.225940000000004,8.0,75.11,379.9130000000002
CHEMBL282415,COc1ccc2c(c1)c(Cc1nc(-c3ccc([N+](=O)[O-])cc3)cs1)c(C)n2C(=O)c1ccc(Cl)cc1,12.0,active,"{0, 517.9940000000001, 6, 7, 6.922720000000005, 87.25999999999999}",0.0,517.9940000000001,6.0,7.0,6.922720000000005,87.25999999999999
CHEMBL4244043,O=C(COc1cc(O)c2c(=O)cc(-c3ccccc3)oc2c1)OCc1cc(-c2cccc([N+](=O)[O-])c2)n(-c2ccccc2)n1,5940.0,active,"{1, 6.048700000000005, 9, 10, 589.5600000000003, 146.93}",1.0,6.048700000000005,9.0,10.0,589.5600000000003,146.93
CHEMBL5274575,CCOP(=O)(OCC)C(NC(=O)c1cc(-c2ccc(OC)cc2)n(-c2ccc(S(N)(=O)=O)cc2)n1)c1ccc(Br)cc1,280.0,active,"{2, 677.5140000000001, 5.652500000000004, 9, 12, 151.83999999999997}",2.0,677.5140000000001,5.652500000000004,9.0,12.0,151.83999999999997
CHEMBL5273958,CCOP(=O)(OCC)C(NC(=O)c1cc(-c2cccs2)n(-c2ccc(S(N)(=O)=O)cc2)n1)c1ccc(Cl)cc1,220.0,active,"{609.0660000000001, 2, 5.596300000000005, 9, 11, 142.61}",609.0660000000001,2.0,5.596300000000005,9.0,11.0,142.61
CHEMBL5271852,CCOP(=O)(OCC)C(NC(=O)c1cc(-c2ccc(C(F)(F)F)cc2)n(-c2ccc(S(N)(=O)=O)cc2)n1)c1ccc(Br)cc1,280.0,active,"{2, 6.662700000000005, 8, 11, 715.485, 142.61}",2.0,6.662700000000005,8.0,11.0,715.485,142.61
CHEMBL88549,CS(=O)(=O)c1ccc(C2=C(c3ccc4c(c3)OCO4)CC3(CC3)C2)cc1,2.5,active,"{0, 3, 4, 4.303600000000003, 368.45400000000024, 52.60000000000001}",0.0,3.0,4.0,4.303600000000003,368.45400000000024,52.60000000000001
CHEMBL118,Cc1ccc(-c2cc(C(F)(F)F)nn2-c2ccc(S(N)(=O)=O)cc2)cc1,1200.0,active,"{1, 3, 4, 3.5139200000000006, 77.98, 381.3790000000001}",1.0,3.0,4.0,3.5139200000000006,77.98,381.3790000000001
CHEMBL356794,CCCC/C=C/CSc1ccccc1OC(C)=O,11000.0,inactive,"{0, 3, 4.450400000000004, 7, 264.39, 26.3}",0.0,3.0,4.450400000000004,7.0,264.39,26.3
CHEMBL296447,CS(=O)(=O)c1ccc(-n2cc(C(F)(F)F)nc2-c2ccc3c(c2)OCO3)cc1,280.0,active,"{0, 3, 3.6903000000000024, 70.42, 6, 410.37300000000016}",0.0,3.0,3.6903000000000024,70.42,6.0,410.37300000000016
CHEMBL359586,COc1c(Cl)cc(-c2c(-c3ccc(S(N)(=O)=O)cc3)ccc(F)c2F)cc1Cl,20.89,active,"{1, 3, 4, 69.39, 5.261600000000002, 444.28600000000006}",1.0,3.0,4.0,69.39,5.261600000000002,444.28600000000006
CHEMBL364166,COc1ccc(-c2c(-c3ccc(S(C)(=O)=O)cc3)ccc(F)c2F)cc1OC,338.84,active,"{0, 4, 5, 4.719500000000004, 404.4340000000001, 52.60000000000001}",0.0,4.0,5.0,4.719500000000004,404.4340000000001,52.60000000000001
CHEMBL365883,NS(=O)(=O)c1ccc(-c2ccc(F)c(F)c2-c2ccc3c(c2)OCO3)cc1,3.981,active,"{1, 3, 4, 389.3790000000001, 3.6749000000000027, 78.62}",1.0,3.0,4.0,389.3790000000001,3.6749000000000027,78.62
CHEMBL347842,CS(=O)(=O)c1ccc(-c2cnn(Cc3ccccc3)c(=O)c2Oc2ccc(Cl)cn2)cc1,900.0,active,"{0, 4.202800000000003, 6, 7, 467.93400000000014, 91.15}",0.0,4.202800000000003,6.0,7.0,467.93400000000014,91.15
CHEMBL375127,COc1cc(F)cc(OCc2cc(-c3ccccc3)n(-c3ccc(S(C)(=O)=O)cc3)n2)c1,310.0,active,"{0, 452.5070000000002, 4.6695000000000055, 70.42, 6, 7}",0.0,452.5070000000002,4.6695000000000055,70.42,6.0,7.0
CHEMBL318464,COc1cc2c(cc1F)-c1c(c(C(F)F)nn1-c1ccc(S(N)(=O)=O)cc1)SC2,32.0,active,"{1, 3.8777000000000017, 4, 6, 87.21000000000001, 441.45600000000013}",1.0,3.8777000000000017,4.0,6.0,87.21000000000001,441.45600000000013
CHEMBL5094539,COc1ccc(NC(=O)c2ccccc2NCc2ccccc2)cc1,150000.0,inactive,"{2, 3, 4.559600000000003, 6, 332.403, 50.36}",2.0,3.0,4.559600000000003,6.0,332.403,50.36
CHEMBL2333734,CCC1CCCCN1C(=O)/C=C/c1c(/C=C/c2ccc(OC)cc2)cc(OC)cc1OC,10280.0,inactive,"{0, 4, 5.687100000000005, 8, 48.0, 435.56400000000025}",0.0,4.0,5.687100000000005,8.0,48.0,435.56400000000025
CHEMBL1775103,Clc1ccc(Oc2ccc(OCCN3CCCC3)cc2)cc1,100000.0,inactive,"{0, 3, 4.606900000000004, 6, 21.700000000000003, 317.816}",0.0,3.0,4.606900000000004,6.0,21.700000000000003,317.816
CHEMBL1775111,CN(c1ccccc1Oc1ccc(OCCN2CCCC2)cc1)S(C)(=O)=O,92000.0,inactive,"{0, 3.3493000000000013, 5, 390.5050000000001, 8, 59.080000000000005}",0.0,3.3493000000000013,5.0,390.5050000000001,8.0,59.080000000000005
CHEMBL1775093,CS(=O)(=O)c1ccccc1Oc1ccc(OCCN2CCCC2)cc1,100000.0,inactive,"{0, 3.357000000000002, 5, 7, 361.4630000000002, 55.84000000000001}",0.0,3.357000000000002,5.0,7.0,361.4630000000002,55.84000000000001
CHEMBL1775094,CS(=O)(=O)c1cccc(Oc2ccc(OCCN3CCCC3)cc2)c1,100000.0,inactive,"{0, 3.357000000000002, 5, 7, 361.46300000000014, 55.84000000000001}",0.0,3.357000000000002,5.0,7.0,361.46300000000014,55.84000000000001
CHEMBL88899,COc1ccc(C2=C(c3ccc(S(C)(=O)=O)cc3)CC3(CC3)C2)cc1Cl,16.98,active,"{0, 3, 388.91600000000017, 4, 5.236900000000005, 43.370000000000005}",0.0,3.0,388.91600000000017,4.0,5.236900000000005,43.370000000000005
CHEMBL145412,CCCC#CCCSc1ccccc1OC(C)=O,6500.0,active,"{0, 3, 3.8976000000000024, 5, 262.374, 26.3}",0.0,3.0,3.8976000000000024,5.0,262.374,26.3
CHEMBL43149,COc1ccc(-c2nc(C(F)(F)F)cn2-c2ccc(S(C)(=O)=O)cc2)cc1Cl,128.82,active,"{0, 4, 5, 4.623600000000002, 430.83500000000015, 61.190000000000005}",0.0,4.0,5.0,4.623600000000002,430.83500000000015,61.190000000000005
CHEMBL12532,CSc1nnc(-c2cc(C(C)(C)C)c(O)c(C(C)(C)C)c2)s1,150.0,active,"{1, 2, 5, 5.227600000000004, 46.010000000000005, 336.52600000000007}",1.0,2.0,5.0,5.227600000000004,46.010000000000005,336.52600000000007
CHEMBL2283170,CCCC/C(=C(\c1ccccc1)c1cc(C(C)(C)C)c(C(C)=O)c(C(C)(C)C)c1)c1ccc(S(C)(=O)=O)cc1,100000.0,inactive,"{544.8010000000003, 0, 3, 8, 9.037000000000003, 51.21}",544.8010000000003,0.0,3.0,8.0,9.037000000000003,51.21
CHEMBL89089,COc1ccc(C2=C(c3ccc(S(C)(=O)=O)cc3)CC3(CC3)C2)cc1,5.012,active,"{0, 354.4710000000002, 3, 4, 4.583500000000004, 43.370000000000005}",0.0,354.4710000000002,3.0,4.0,4.583500000000004,43.370000000000005
CHEMBL1775095,CS(=O)(=O)c1ccc(Oc2ccc(OCCN3CCCC3)cc2)cc1,100000.0,inactive,"{0, 3.357000000000003, 5, 7, 361.46300000000014, 55.84000000000001}",0.0,3.357000000000003,5.0,7.0,361.46300000000014,55.84000000000001
CHEMBL1775097,c1cnc(Oc2ccc(OCCN3CCCC3)cc2)cn1,61600.0,inactive,"{0, 2.743500000000001, 5, 6, 47.480000000000004, 285.3469999999999}",0.0,2.743500000000001,5.0,6.0,47.480000000000004,285.3469999999999
CHEMBL1775094,CS(=O)(=O)c1cccc(Oc2ccc(OCCN3CCCC3)cc2)c1,100000.0,inactive,"{0, 3.357000000000002, 5, 7, 361.46300000000014, 55.84000000000001}",0.0,3.357000000000002,5.0,7.0,361.46300000000014,55.84000000000001
CHEMBL350662,CS(=O)(=O)c1ccc(-n2nc(-c3ccc(Cl)cc3)c3c2CCCCC3)cc1,10000.0,inactive,"{0, 3, 4, 4.865100000000004, 400.93100000000027, 51.96}",0.0,3.0,4.0,4.865100000000004,400.93100000000027,51.96
CHEMBL332251,Cc1ccc(-c2c(Cl)ncn2-c2ccc(S(N)(=O)=O)cc2)cc1,3.0,active,"{1, 3, 4, 3.1485199999999995, 77.98, 347.8270000000001}",1.0,3.0,4.0,3.1485199999999995,77.98,347.8270000000001
CHEMBL144806,CCCCCSc1ccccc1OC(C)=O,5000.0,active,"{0, 3, 3.894200000000003, 6, 238.352, 26.3}",0.0,3.0,3.894200000000003,6.0,238.352,26.3
CHEMBL144533,CC(=O)Oc1ccccc1SCCCCCCBr,12000.0,inactive,"{0, 3, 4.6593000000000035, 8, 331.27499999999986, 26.3}",0.0,3.0,4.6593000000000035,8.0,331.27499999999986,26.3
CHEMBL145071,CC(=O)Oc1ccccc1SCCCCCC(=O)O,50000.0,inactive,"{1, 3.349000000000001, 4, 8, 282.36099999999993, 63.60000000000001}",1.0,3.349000000000001,4.0,8.0,282.36099999999993,63.60000000000001
CHEMBL44516,CS(=O)(=O)c1ccc(-n2cc(C(F)(F)F)nc2-c2ccc(Cl)cc2)cc1,109.65,active,"{0, 3, 4, 4.615000000000003, 400.8090000000001, 51.96}",0.0,3.0,4.0,4.615000000000003,400.8090000000001,51.96
CHEMBL298476,Cc1ccc(-c2nc(C(F)(F)F)cn2-c2ccc(S(N)(=O)=O)cc2)cc1Cl,3.02,active,"{1, 3, 4, 4.167320000000002, 77.98, 415.82400000000007}",1.0,3.0,4.0,4.167320000000002,77.98,415.82400000000007
CHEMBL295752,COc1cc(F)cc(-c2nc(C(F)(F)F)cn2-c2ccc(S(C)(=O)=O)cc2)c1,954.99,active,"{0, 4, 5, 4.109300000000004, 61.190000000000005, 414.3800000000001}",0.0,4.0,5.0,4.109300000000004,61.190000000000005,414.3800000000001
CHEMBL89263,CS(=O)(=O)c1ccc(C2=C(c3ccc(OC(F)(F)F)cc3)CC3(CC3)C2)cc1,134.9,active,"{0, 3, 4, 5.473500000000004, 43.370000000000005, 408.4410000000002}",0.0,3.0,4.0,5.473500000000004,43.370000000000005,408.4410000000002
CHEMBL442164,CS(=O)(=O)c1ccc(-c2cc(F)c(F)cc2-c2ccc(F)cc2)cc1,14.13,active,"{0, 2, 3, 34.14, 4.841400000000004, 362.372}",0.0,2.0,3.0,34.14,4.841400000000004,362.372
CHEMBL107600,CS(=O)(=O)c1ccc(-n2cc(C(F)(F)F)nc2-c2ccccn2)cc1,1513.56,active,"{0, 64.85, 3, 3.356600000000002, 5, 367.35200000000003}",0.0,64.85,3.0,3.356600000000002,5.0,367.35200000000003
CHEMBL282839,NS(=O)(=O)c1ccc(-n2nc(C(F)(F)F)cc2-c2ccc3c(c2)CCO3)cc1,20.89,active,"{1, 3, 3.1404000000000014, 5, 87.21000000000001, 409.3890000000002}",1.0,3.0,3.1404000000000014,5.0,87.21000000000001,409.3890000000002
CHEMBL5285584,CC(=O)OC[C@@H]1O[C@@H](n2cc(CNC(=O)C(=O)c3cn(S(=O)(=O)c4ccc(C)cc4)c4ccccc34)nn2)[C@H](OC(C)=O)[C@@H](OC(C)=O)[C@H]1OC(C)=O,120.0,active,"{1, 1.532920000000001, 230.3799999999999, 12, 753.743, 17}",1.0,1.532920000000001,230.3799999999999,12.0,753.743,17.0
CHEMBL296447,CS(=O)(=O)c1ccc(-n2cc(C(F)(F)F)nc2-c2ccc3c(c2)OCO3)cc1,281.84,active,"{0, 3, 3.6903000000000024, 70.42, 6, 410.37300000000016}",0.0,3.0,3.6903000000000024,70.42,6.0,410.37300000000016
CHEMBL289484,CCOC(=O)c1cn(-c2ccc(S(C)(=O)=O)cc2)c(-c2ccc(Cl)cc2)n1,5754.4,active,"{0, 3.7729000000000035, 5, 6, 78.26, 404.87500000000006}",0.0,3.7729000000000035,5.0,6.0,78.26,404.87500000000006
CHEMBL29439,CNc1ccc(-c2cc(C(F)(F)F)nn2-c2ccc(S(N)(=O)=O)cc2)cc1,15.85,active,"{2, 3.2472000000000003, 4, 5, 396.39400000000006, 90.00999999999999}",2.0,3.2472000000000003,4.0,5.0,396.39400000000006,90.00999999999999
CHEMBL324275,CC1Cc2cc(-c3c(Cl)ncn3-c3ccc(S(C)(=O)=O)cc3)ccc2O1,74.0,active,"{0, 3, 388.87600000000015, 5, 3.9196000000000026, 61.19}",0.0,3.0,388.87600000000015,5.0,3.9196000000000026,61.19
CHEMBL1946565,CCc1c(CC(=O)O)c2ccccc2n1C(=O)c1ccc(Cl)cc1,400000.0,inactive,"{1, 3, 4, 4.172700000000003, 341.794, 59.3}",1.0,3.0,4.0,4.172700000000003,341.794,59.3
CHEMBL46667,CNc1cccc(-c2nc(C(F)(F)F)cn2-c2ccc(S(C)(=O)=O)cc2)c1,912.01,active,"{1, 4, 5, 4.003300000000002, 395.40600000000006, 63.99}",1.0,4.0,5.0,4.003300000000002,395.40600000000006,63.99
CHEMBL54039,COc1ccc(-c2ccccc2-c2ccc(S(N)(=O)=O)cc2)cc1Cl,19.05,active,"{1, 3, 4, 69.39, 4.330000000000003, 373.8610000000001}",1.0,3.0,4.0,69.39,4.330000000000003,373.8610000000001
CHEMBL109486,COCc1ccc(C2=C(c3ccc(S(C)(=O)=O)cc3)CCC2)cc1,6606.93,active,"{0, 3, 4.3312000000000035, 5, 43.370000000000005, 342.4600000000001}",0.0,3.0,4.3312000000000035,5.0,43.370000000000005,342.4600000000001
CHEMBL110846,NS(=O)(=O)c1ccc(C2=C(c3ccc(C(F)(F)F)c(F)c3)CCC2)cc1,169.82,active,"{385.3820000000001, 2, 3, 1, 4.5866000000000025, 60.160000000000004}",385.3820000000001,2.0,3.0,1.0,4.5866000000000025,60.160000000000004
CHEMBL298231,CS(=O)(=O)c1ccc(-c2ccc(CCC(=O)O)n2-c2ccc(F)cc2)cc1,100000.0,inactive,"{1, 387.432, 4, 3.704100000000002, 6, 76.37}",1.0,387.432,4.0,3.704100000000002,6.0,76.37
CHEMBL164393,CCOC(=O)c1cc(-c2ccccc2)n(-c2ccc(S(C)(=O)=O)cc2)n1,10000.0,inactive,"{0, 3.1195000000000013, 5, 6, 78.26, 370.4300000000001}",0.0,3.1195000000000013,5.0,6.0,78.26,370.4300000000001
CHEMBL421570,COc1ccc2c(c1)c(CC(=O)Nc1ccc(F)cc1)c(C)n2C(=O)c1ccc(Cl)cc1,60.0,active,"{1, 450.89700000000016, 4, 5, 5.6205200000000035, 60.33}",1.0,450.89700000000016,4.0,5.0,5.6205200000000035,60.33
CHEMBL276526,CCCSc1nnc(-c2cc(C(C)(C)C)c(O)c(C(C)(C)C)c2)o1,20000.0,inactive,"{1, 4, 5, 5.539300000000006, 59.150000000000006, 348.5120000000001}",1.0,4.0,5.0,5.539300000000006,59.150000000000006,348.5120000000001
CHEMBL156053,CC(C)(C)n1ncc(-c2ccc(S(C)(=O)=O)cc2)c(-c2ccccc2)c1=O,33000.0,inactive,"{0, 3, 3.735800000000003, 69.03, 5, 382.4850000000001}",0.0,3.0,3.735800000000003,69.03,5.0,382.4850000000001
CHEMBL46623,NS(=O)(=O)c1ccc(-n2cc(C(F)(F)F)nc2-c2ccc(F)cc2)cc1,10.0,active,"{385.34200000000004, 1, 3, 4, 3.3446000000000016, 77.98}",385.34200000000004,1.0,3.0,4.0,3.3446000000000016,77.98
CHEMBL140167,Fc1ccc(-c2[nH]c(-c3ccc(F)cc3)c3c2C2CCC3CC2)cc1,0.12,active,"{0, 1, 2, 6.381700000000004, 15.79, 335.3970000000001}",0.0,1.0,2.0,6.381700000000004,15.79,335.3970000000001
CHEMBL298762,CS(=O)(=O)c1ccc(C2=C(c3ccccc3)C(=O)N(c3ccccc3F)C2)cc1,900.0,active,"{0, 3, 4, 4.186800000000003, 54.45, 407.4660000000001}",0.0,3.0,4.0,4.186800000000003,54.45,407.4660000000001
CHEMBL320961,Cc1cccc(-c2nc(C(F)(F)F)cn2-c2ccc(S(C)(=O)=O)cc2)n1,2900.0,active,"{0, 64.85, 3, 3.665020000000003, 5, 381.3790000000001}",0.0,64.85,3.0,3.665020000000003,5.0,381.3790000000001
CHEMBL35992,CS(=O)(=O)Nc1cc2c(cc1Sc1ccccn1)C(=O)CC2,500.0,active,"{1, 2.733200000000001, 4, 5, 76.13, 334.42200000000014}",1.0,2.733200000000001,4.0,5.0,76.13,334.42200000000014
CHEMBL43664,COc1ccc(-c2ccc(CCC(=O)O)n2-c2ccc(C(C)=O)cc2)cc1,2400.0,active,"{1, 4, 68.53, 4.372700000000003, 7, 363.41300000000007}",1.0,4.0,68.53,4.372700000000003,7.0,363.41300000000007
CHEMBL29583,COc1ccc(-n2nc(C(F)(F)F)cc2-c2ccc(S(N)(=O)=O)cc2)cc1,6.7,active,"{1, 3.214100000000001, 4, 5, 397.3780000000001, 87.21000000000001}",1.0,3.214100000000001,4.0,5.0,397.3780000000001,87.21000000000001
CHEMBL144218,CCCCCCSc1ccccc1OC(C)=O,3500.0,active,"{0, 3, 4.2843000000000035, 7, 26.3, 252.379}",0.0,3.0,4.2843000000000035,7.0,26.3,252.379
CHEMBL143962,CCCCCCCCCSc1ccccc1OC(C)=O,40000.0,inactive,"{0, 3, 5.4546000000000054, 294.4600000000001, 10, 26.3}",0.0,3.0,5.4546000000000054,294.4600000000001,10.0,26.3
CHEMBL331148,Cc1ccc(-c2c(Cl)ncn2-c2ccc(S(C)(=O)=O)cc2)cc1,16.0,active,"{0, 3, 4, 3.904620000000002, 51.96, 346.8390000000001}",0.0,3.0,4.0,3.904620000000002,51.96,346.8390000000001
CHEMBL43553,CN(C)c1c(Cl)cc(-c2nc(C(F)(F)F)cn2-c2ccc(S(C)(=O)=O)cc2)cc1Cl,141.25,active,"{0, 4, 5, 5.334400000000004, 55.2, 478.3230000000001}",0.0,4.0,5.0,5.334400000000004,55.2,478.3230000000001
CHEMBL117708,CS(=O)(=O)c1ccc(-n2cnc(Cl)c2-c2ccc(N)cc2)cc1,187.0,active,"{1, 3, 3.178400000000001, 5, 77.98, 347.82700000000006}",1.0,3.0,3.178400000000001,5.0,77.98,347.82700000000006
CHEMBL282752,NS(=O)(=O)c1ccc(-n2nc(C(F)(F)F)c(O)c2-c2ccccc2)cc1,3580.0,active,"{2, 3, 98.21000000000001, 5, 2.911100000000001, 383.351}",2.0,3.0,98.21000000000001,5.0,2.911100000000001,383.351
CHEMBL147607,NS(=O)(=O)c1ccc(-n2nc(C(F)(F)F)cc2-c2ccc(Br)cc2)cc1CO,592.0,active,"{2, 98.21000000000001, 4, 5, 3.4603000000000024, 476.2740000000001}",2.0,98.21000000000001,4.0,5.0,3.4603000000000024,476.2740000000001
CHEMBL43402,Cc1cnc(Sc2cc3c(cc2NS(C)(=O)=O)CCC3=O)s1,870.0,active,"{1, 354.4780000000002, 3.1031200000000014, 4, 6, 76.13}",1.0,354.4780000000002,3.1031200000000014,4.0,6.0,76.13
CHEMBL420628,Cc1ccc(-c2ncc(Cl)cc2-c2ccc(S(N)(=O)=O)cc2)cn1,23.0,active,"{1, 3, 4, 3.4198200000000014, 359.8380000000001, 85.94}",1.0,3.0,4.0,3.4198200000000014,359.8380000000001,85.94
CHEMBL52402,NS(=O)(=O)c1ccc(-c2ccccc2-c2ccc(Cl)cc2)cc1,6.0,active,"{1, 2, 3, 4.321400000000003, 343.83500000000004, 60.160000000000004}",1.0,2.0,3.0,4.321400000000003,343.83500000000004,60.160000000000004
CHEMBL346288,CS(=O)(=O)c1ccc(-c2sc3nncn3c2-c2ccccc2)cc1,450.0,active,"{0, 64.33, 3, 355.4440000000001, 3.5283000000000015, 6}",0.0,64.33,3.0,355.4440000000001,3.5283000000000015,6.0
CHEMBL16827,CC(C)(C)c1cc(-c2nnc(O)s2)cc(C(C)(C)C)c1O,20000.0,inactive,"{1, 2, 66.24000000000001, 4.211300000000003, 5, 306.43100000000004}",1.0,2.0,66.24000000000001,4.211300000000003,5.0,306.43100000000004
CHEMBL277006,COc1ccc2c(c1)c(CC(=O)N[C@H](CO)c1ccccc1)c(C)n2C(=O)c1ccc(Cl)cc1,85.0,active,"{2, 4.692520000000004, 5, 7, 80.56, 476.96000000000015}",2.0,4.692520000000004,5.0,7.0,80.56,476.96000000000015
CHEMBL433427,COc1ccc2c(c1)c(CC(=O)NC(C)(C)CO)c(C)n2C(=O)c1ccc(Cl)cc1,190.0,active,"{2, 3.729820000000003, 5, 6, 428.91600000000017, 80.56}",2.0,3.729820000000003,5.0,6.0,428.91600000000017,80.56
CHEMBL122,CS(=O)(=O)c1ccc(C2=C(c3ccccc3)C(=O)OC2)cc1,120.0,active,"{0, 2.5577000000000005, 3, 4, 314.3620000000001, 60.44}",0.0,2.5577000000000005,3.0,4.0,314.3620000000001,60.44
CHEMBL321407,NS(=O)(=O)c1ccc(-n2cc(C(F)F)nc2-c2cccnc2)cc1,1819.7,active,"{1, 2.519300000000001, 4, 5, 90.87, 350.35}",1.0,2.519300000000001,4.0,5.0,90.87,350.35
CHEMBL55805,Cc1cc(-c2cc(F)c(F)cc2-c2ccc(S(N)(=O)=O)cc2)ccc1Cl,3.02,active,"{1, 2, 3, 4.908020000000002, 393.8420000000001, 60.160000000000004}",1.0,2.0,3.0,4.908020000000002,393.8420000000001,60.160000000000004
CHEMBL314297,CS(=O)(=O)c1ccc(C2=C(c3ccc(F)cc3F)CC3(CC3)C2)cc1,21.88,active,"{0, 2, 3, 34.14, 4.853100000000004, 360.4250000000002}",0.0,2.0,3.0,34.14,4.853100000000004,360.4250000000002
CHEMBL525250,Cc1ccc2[nH]c(-c3ccc(S(C)(=O)=O)cc3)c(-c3ccccc3)c2c1,0.28,active,"{1, 2, 3, 5.213820000000004, 361.4660000000001, 49.93}",1.0,2.0,3.0,5.213820000000004,361.4660000000001,49.93
CHEMBL526720,CS(=O)(=O)c1ccc(-c2[nH]c3ccc(Cl)cc3c2-c2ccc(Cl)cc2)cc1,85.1,active,"{416.3290000000002, 1, 2, 3, 6.212200000000004, 49.93}",416.3290000000002,1.0,2.0,3.0,6.212200000000004,49.93
CHEMBL524543,Cc1ccc(-c2c(-c3ccc(S(C)(=O)=O)cc3)[nH]c3ccccc23)cc1,0.09,active,"{1, 2, 3, 5.213820000000004, 361.46600000000007, 49.93}",1.0,2.0,3.0,5.213820000000004,361.46600000000007,49.93
CHEMBL502554,CS(=O)(=O)c1ccc(-c2[nH]c3ccccc3c2-c2ccc(Br)cc2)cc1,0.3698,active,"{1, 2, 3, 5.667900000000004, 426.3350000000001, 49.93}",1.0,2.0,3.0,5.667900000000004,426.3350000000001,49.93
CHEMBL5182048,Cn1ccc2ccc(O)c(C(=O)OCC(F)(F)F)c21,380000.0,inactive,"{1, 2, 2.6030000000000006, 4, 273.21, 51.46000000000001}",1.0,2.0,2.6030000000000006,4.0,273.21,51.46000000000001
CHEMBL5191304,Cc1cc2ccn(C)c2c(C(=O)OCC(F)(F)F)c1O,187500.0,inactive,"{1, 2, 2.911420000000002, 4, 51.46, 287.23699999999997}",1.0,2.0,2.911420000000002,4.0,51.46,287.23699999999997
CHEMBL17179,CS(=O)(=O)c1ccc(-c2sc(-c3ccccc3Cl)nc2-c2ccsc2)cc1,79.0,active,"{0, 4, 5, 6.262500000000004, 47.03, 431.99100000000016}",0.0,4.0,5.0,6.262500000000004,47.03,431.99100000000016
CHEMBL268470,CS(=O)(=O)c1ccc(-c2cc(Cl)cnc2-c2ccc(C(=O)O)nc2)cc1,21000.0,inactive,"{1, 97.22, 3.5657000000000023, 388.8320000000001, 5, 4}",1.0,97.22,3.5657000000000023,388.8320000000001,5.0,4.0
CHEMBL274587,CC(C(=O)O)c1cc(C(=O)c2ccccc2)ccc1O,300.0,active,"{2, 3, 4, 2.8113000000000015, 74.6, 270.284}",2.0,3.0,4.0,2.8113000000000015,74.6,270.284
CHEMBL470304,COc1ccc(-c2cn[se]c2-c2ccc(OC)cc2)cc1,8000.0,active,"{0, 3, 4, 3.4898000000000016, 344.27200000000005, 31.35}",0.0,3.0,4.0,3.4898000000000016,344.27200000000005,31.35
CHEMBL42180,Cc1ccc(-c2nc(C(F)(F)F)cn2-c2ccc(S(C)(=O)=O)cc2)cc1F,110.0,active,"{0, 3, 4, 4.409120000000003, 398.3810000000001, 51.96}",0.0,3.0,4.0,4.409120000000003,398.3810000000001,51.96
CHEMBL355263,CS(=O)(=O)c1ccc(-c2cc(C(F)(F)F)nn2-c2ccc(F)cc2)cc1,1200.0,active,"{384.35400000000004, 0, 3, 4, 4.1007000000000025, 51.96}",384.35400000000004,0.0,3.0,4.0,4.1007000000000025,51.96
CHEMBL3400659,CCC(C)C(=O)O[C@@]12[C@H](OC(=O)c3ccccc3)[C@@H](C)[C@@]3(O)[C@@H](C=C(CO)C[C@]4(O)C(=O)C(C)=C[C@@H]34)[C@@H]1C2(C)C,8500.0,active,"{130.36, 3, 3.3918000000000017, 6, 552.6640000000002, 8}",130.36,3.0,3.3918000000000017,6.0,552.6640000000002,8.0
CHEMBL452730,COc1ccc(-c2[se]ncc2-c2ccc(C)cc2)cc1,0.0,active,"{0, 2, 3, 3.789620000000003, 328.2730000000001, 22.12}",0.0,2.0,3.0,3.789620000000003,328.2730000000001,22.12
CHEMBL416250,CNc1ccc(-c2nc(C(F)(F)F)cn2-c2ccc(S(C)(=O)=O)cc2)cc1Cl,660.0,active,"{1, 4, 5, 4.656700000000002, 429.8510000000001, 63.99}",1.0,4.0,5.0,4.656700000000002,429.8510000000001,63.99
CHEMBL3425978,CCO[C@@]1(c2ccc(O)c(O)c2)Oc2ccc(CCO)cc2O[C@@H]1O,2520.0,active,"{1.6116999999999992, 4, 5, 7, 108.61000000000001, 348.35100000000006}",1.6116999999999992,4.0,5.0,7.0,108.61000000000001,348.35100000000006
CHEMBL298313,COc1ccc(-c2nc(C(F)(F)F)cn2-c2ccc(S(N)(=O)=O)cc2)cc1Cl,20.0,active,"{1, 3.8675000000000024, 4, 5, 431.8230000000001, 87.21000000000001}",1.0,3.8675000000000024,4.0,5.0,431.8230000000001,87.21000000000001
CHEMBL301582,COc1ccc(C2=C(c3ccc(S(C)(=O)=O)cc3)CN(c3cccc(F)c3)C2=O)cc1,280.0,active,"{0, 4, 5, 4.195400000000004, 437.49200000000013, 63.68000000000001}",0.0,4.0,5.0,4.195400000000004,437.49200000000013,63.68000000000001
CHEMBL313527,CS(=O)(=O)c1ccc(C2=C(c3ccc(O)cc3)C(=O)OC2)cc1,4800.0,active,"{1, 2.2633, 3, 5, 330.3610000000001, 80.67}",1.0,2.2633,3.0,5.0,330.3610000000001,80.67
CHEMBL161619,CCCCCCCCCCCCCCCc1cccc(OC)c1CSc1nc2ccccc2o1,2770.0,active,"{0, 481.7460000000002, 35.260000000000005, 4, 9.762399999999996, 18}",0.0,481.7460000000002,35.260000000000005,4.0,9.762399999999996,18.0
CHEMBL170591,CS(=O)(=O)c1ccc(-c2ncoc2-c2ccc(F)cc2)cc1,30000.0,inactive,"{0, 3, 4, 3.5512000000000024, 60.17, 317.341}",0.0,3.0,4.0,3.5512000000000024,60.17,317.341
CHEMBL339817,Cc1cc(=O)c(-c2ccc3ccccc3c2)c(-c2ccc(S(C)(=O)=O)cc2)o1,2590.0,active,"{0, 64.35, 3, 4, 4.838920000000003, 390.46000000000015}",0.0,64.35,3.0,4.0,4.838920000000003,390.46000000000015
CHEMBL95988,CCCCC#CCOC(=O)Cc1c(C)n(C(=O)c2ccc(Cl)cc2)c2ccc(OC)cc12,250.0,active,"{0, 451.95000000000016, 5, 5.579520000000005, 7, 57.53}",0.0,451.95000000000016,5.0,5.579520000000005,7.0,57.53
CHEMBL300047,CS(=O)(=O)c1ccc(C2=C(c3ccc(F)cc3)C(=O)N(c3ccccc3F)C2)cc1,320.0,active,"{0, 3, 4, 4.325900000000003, 425.45600000000013, 54.45}",0.0,3.0,4.0,4.325900000000003,425.45600000000013,54.45
CHEMBL265071,Cc1cc(=O)c(C2CCCCC2)c(-c2ccc(S(C)(=O)=O)cc2)o1,1470.0,active,"{0, 64.35, 3, 4, 4.0664200000000035, 346.44800000000004}",0.0,64.35,3.0,4.0,4.0664200000000035,346.44800000000004
CHEMBL2315018,CC(C)Cc1ccc(C(C)C(=O)n2c3ccccc3c(=O)c3ccccc32)cc1,1800.0,active,"{0, 3, 4, 5.797100000000005, 39.07, 383.4910000000001}",0.0,3.0,4.0,5.797100000000005,39.07,383.4910000000001
CHEMBL3410364,NS(=O)(=O)c1ccc(N2N=C3c4ccccc4OCC3C2c2c(F)cccc2Cl)cc1,16270.0,inactive,"{1, 3, 4.100700000000003, 5, 457.9140000000001, 84.99000000000001}",1.0,3.0,4.100700000000003,5.0,457.9140000000001,84.99000000000001
CHEMBL421826,Cc1cccc(-c2c(-c3ccc(S(C)(=O)=O)cc3)sc3nc(C(F)(F)F)nn23)c1,3019951.72,inactive,"{0, 64.33, 3, 4.855520000000002, 6, 437.4680000000001}",0.0,64.33,3.0,4.855520000000002,6.0,437.4680000000001
CHEMBL157820,CS(=O)(=O)c1ccc(-c2sc3ncnn3c2-c2cccc(F)c2)cc1,21877616.24,inactive,"{0, 64.33, 3, 3.6674000000000024, 6, 373.4340000000001}",0.0,64.33,3.0,3.6674000000000024,6.0,373.4340000000001
CHEMBL3425986,CC(=O)NCCc1ccc2c(c1)O[C@H](NC(C)=O)[C@@H](c1ccc(O)c(O)c1)O2,2600.0,active,"{1.7510999999999999, 386.4040000000001, 4, 5, 6, 117.12000000000002}",1.7510999999999999,386.4040000000001,4.0,5.0,6.0,117.12000000000002
CHEMBL3425983,CCO[C@]1(c2ccc(O)c(O)c2)Oc2cc(CCO)ccc2O[C@H]1O,8600.0,active,"{1.6116999999999988, 4, 5, 7, 108.61000000000001, 348.351}",1.6116999999999988,4.0,5.0,7.0,108.61000000000001,348.351
CHEMBL25,CC(=O)Oc1ccccc1C(=O)O,2400.0,active,"{1, 2, 3, 1.3101, 180.15899999999996, 63.60000000000001}",1.0,2.0,3.0,1.3101,180.15899999999996,63.60000000000001
CHEMBL28527,NS(=O)(=O)c1ccc(-n2nc(C(F)(F)F)cc2-c2ccc(F)cc2)cc1,41.0,active,"{385.34200000000004, 1, 3, 4, 3.3446000000000016, 77.98}",385.34200000000004,1.0,3.0,4.0,3.3446000000000016,77.98
CHEMBL4788232,CC(C)c1ccc(-n2nc(-c3ccco3)cc2N)cc1,100000.0,inactive,"{1, 3, 4, 3.837900000000002, 267.332, 56.980000000000004}",1.0,3.0,4.0,3.837900000000002,267.332,56.980000000000004
CHEMBL4758829,O=C(O)c1ccc(-n2nc(-c3ccco3)cc2-n2cc(CNc3ccc([N+](=O)[O-])c4nonc34)nn2)cc1,100000.0,inactive,"{513.4300000000003, 2, 193.05999999999995, 3.4677000000000016, 8, 13}",513.4300000000003,2.0,193.05999999999995,3.4677000000000016,8.0,13.0
CHEMBL3410352,NS(=O)(=O)c1ccc(N2N=C3c4ccccc4CCC3C2c2ccc(C(F)(F)F)cc2)cc1,18260.0,inactive,"{1, 3, 4, 4.880800000000004, 75.76, 471.50400000000013}",1.0,3.0,4.0,4.880800000000004,75.76,471.50400000000013
CHEMBL117146,CS(=O)(=O)c1ccc(-c2cnc(C#N)n2-c2ccc(F)cc2)cc1,51.0,active,"{0, 2.9535800000000014, 3, 5, 75.75, 341.367}",0.0,2.9535800000000014,3.0,5.0,75.75,341.367
CHEMBL1080852,COc1ccc2c(c1)C(O)=C(C(=O)Nc1ccc(-c3ccc(Cl)c(Cl)c3)cc1)NS2(=O)=O,100000.0,inactive,"{3, 4, 5, 4.826200000000003, 104.72999999999999, 491.3520000000001}",3.0,4.0,5.0,4.826200000000003,104.72999999999999,491.3520000000001
CHEMBL1086610,O=C(Nc1ccc(CCc2ccc(Cl)c(Cl)c2)cc1)C1=C(O)c2ccccc2S(=O)(=O)N1,68000.0,inactive,"{3, 4, 5, 4.935800000000005, 489.38000000000017, 95.5}",3.0,4.0,5.0,4.935800000000005,489.38000000000017,95.5
CHEMBL4643407,CSc1nc2ccccc2n1-c1csc(NC/C(C)=N/N=c2\scc(-c3ccc(C)cc3)n2-c2ccccc2)n1,54.0,active,"{1, 581.7960000000003, 7.420220000000007, 8, 72.39, 10}",1.0,581.7960000000003,7.420220000000007,8.0,72.39,10.0
CHEMBL4865464,CCCCOc1nc(OCC(C)(C)O)c(-c2ccc(S(C)(=O)=O)cc2)cc1CO,346.0,active,"{2, 2.973000000000002, 7, 423.5310000000002, 105.95, 10}",2.0,2.973000000000002,7.0,423.5310000000002,105.95,10.0
CHEMBL4868446,CC(C)(O)COc1nc(OCCC(F)(F)F)c(CO)cc1-c1ccc(S(C)(=O)=O)cc1,877.0,active,"{2, 3.125300000000002, 7, 9, 105.94999999999999, 463.47400000000016}",2.0,3.125300000000002,7.0,9.0,105.94999999999999,463.47400000000016
CHEMBL4853361,COc1ccc2cc(/C=N/n3c(=S)[nH]nc(Cc4ccccc4)c3=O)c(O)nc2c1,73.0,active,"{2, 419.4660000000001, 3.03629, 5, 8, 105.39000000000001}",2.0,419.4660000000001,3.03629,5.0,8.0,105.39000000000001
CHEMBL157720,CS(=O)(=O)c1ccc(-c2cnn(Cc3nccs3)c(=O)c2-c2ccc(F)cc2)cc1,5900.0,active,"{0, 3.6247000000000025, 5, 7, 81.91999999999999, 441.5090000000001}",0.0,3.6247000000000025,5.0,7.0,81.91999999999999,441.5090000000001
CHEMBL4860909,Cc1cc(-c2ccco2)nn1S(=O)(=O)Oc1ccccc1,31.0,active,"{0, 2.6234200000000003, 4, 6, 74.33, 304.327}",0.0,2.6234200000000003,4.0,6.0,74.33,304.327
CHEMBL343912,NS(=O)(=O)c1ccc(-n2nc(C(F)(F)F)cc2-c2ccccc2Cl)cc1CO,6300.0,active,"{2, 98.21000000000001, 4, 5, 3.3512000000000017, 431.8230000000001}",2.0,98.21000000000001,4.0,5.0,3.3512000000000017,431.8230000000001
CHEMBL1939675,CSc1ccc(-n2c(-c3ccc(S(C)(=O)=O)cc3)cc(CC(=O)OCCCO[N+](=O)[O-])c2C)cc1,27.0,active,"{0, 4.262220000000004, 518.6130000000004, 9, 11, 117.74000000000001}",0.0,4.262220000000004,518.6130000000004,9.0,11.0,117.74000000000001
CHEMBL3905421,Cc1c(CC(=O)OCCCCO[N+](=O)[O-])cc(-c2ccc(S(C)(=O)=O)cc2)n1-c1cccc(F)c1,69.0,active,"{0, 4.069520000000003, 8, 11, 117.74000000000001, 504.5360000000001}",0.0,4.069520000000003,8.0,11.0,117.74000000000001,504.5360000000001
CHEMBL3104544,Cc1c(CC(=O)NC(CCO[N+](=O)[O-])C(=O)O)cc(-c2ccc(S(C)(=O)=O)cc2)n1-c1ccc(F)cc1,1600.0,active,"{2, 2.7056200000000015, 8, 11, 533.5340000000002, 157.84}",2.0,2.7056200000000015,8.0,11.0,533.5340000000002,157.84
CHEMBL1939516,COc1ccc(-n2c(-c3ccc(S(C)(=O)=O)cc3)cc(CC(=O)OCCO)c2C)cc1,1100.0,active,"{1, 2.942820000000001, 7, 8, 443.5210000000003, 94.83000000000001}",1.0,2.942820000000001,7.0,8.0,443.5210000000003,94.83000000000001
CHEMBL154,COc1ccc2cc([C@H](C)C(=O)O)ccc2c1,1010000.0,inactive,"{1, 2, 3, 3.036500000000001, 230.26299999999998, 46.53}",1.0,2.0,3.0,3.036500000000001,230.26299999999998,46.53
CHEMBL322305,COc1cncc(-c2nc(C(F)(F)F)cn2-c2ccc(S(N)(=O)=O)cc2)c1,100000.0,inactive,"{1, 2.6090999999999998, 100.1, 4, 6, 398.3660000000001}",1.0,2.6090999999999998,100.1,4.0,6.0,398.3660000000001
CHEMBL501943,COc1cc(C(O)C(COC(=O)/C=C/c2ccc(O)cc2)Oc2c(OC)cc(/C=C/COC(=O)/C=C/c3ccc(O)cc3)cc2OC)ccc1O,100.0,active,"{4, 5.836600000000007, 170.43999999999997, 12, 16, 698.7210000000003}",4.0,5.836600000000007,170.43999999999997,12.0,16.0,698.7210000000003
CHEMBL517484,C[C@@H]1O[C@@H](O[C@@H]2Cc3c(O)cc(O)cc3O[C@@H]2c2ccc(O)cc2)[C@H](O)[C@H](O)[C@H]1O,100.0,active,"{0.6922999999999992, 3, 420.41400000000004, 6, 9, 149.07}",0.6922999999999992,3.0,420.41400000000004,6.0,9.0,149.07
CHEMBL3322403,COc1cc(C2=NCCN2c2ccc(S(C)(=O)=O)cc2)ccc1F,10000.0,inactive,"{0, 2.504600000000001, 4, 5, 58.97, 348.39900000000006}",0.0,2.504600000000001,4.0,5.0,58.97,348.39900000000006
CHEMBL160418,CCCCCCCCCCCCCCCc1cccc(OC)c1CSc1nc2cc(OC)ccc2[nH]1,10000.0,inactive,"{1, 4, 9.5061, 47.14, 19, 510.78800000000024}",1.0,4.0,9.5061,47.14,19.0,510.78800000000024
CHEMBL4540611,COc1ccc(-c2nn(-c3ccc(S(C)(=O)=O)cc3)cc2/C=C2\SC(=O)NC2=O)cc1,880.0,active,"{1, 3.2753000000000014, 5, 455.51700000000017, 8, 107.36000000000001}",1.0,3.2753000000000014,5.0,455.51700000000017,8.0,107.36000000000001
CHEMBL16850,Cc1nc(-c2ccc(F)cc2)c(-c2ccc(S(C)(=O)=O)cc2)s1,310.0,active,"{0, 3, 4, 4.328120000000003, 47.03, 347.43600000000004}",0.0,3.0,4.0,4.328120000000003,47.03,347.43600000000004
CHEMBL356283,NS(=O)(=O)c1ccc(-n2nc(C(F)(F)F)cc2-c2ccc(F)cc2)cc1CO,1990.0,active,"{2, 98.21000000000001, 4, 5, 2.8369000000000013, 415.3680000000001}",2.0,98.21000000000001,4.0,5.0,2.8369000000000013,415.3680000000001
CHEMBL274271,CC(C)(C)c1cc(-c2nnc(SCCN)s2)cc(C(C)(C)C)c1O,41000.0,inactive,"{2, 4, 4.556500000000004, 6, 72.03, 365.5680000000001}",2.0,4.0,4.556500000000004,6.0,72.03,365.5680000000001
CHEMBL4092847,N#Cc1c(N=Cc2cccs2)c(C(=O)Nc2ccccc2)n2c1CCC2,560.0,active,"{1, 4, 5, 70.18, 4.370380000000003, 360.4420000000001}",1.0,4.0,5.0,70.18,4.370380000000003,360.4420000000001
CHEMBL52820,NS(=O)(=O)c1ccc(-c2cc(F)c(F)cc2-c2ccc(F)c(Cl)c2)cc1,2.0,active,"{1, 2, 3, 4.738700000000002, 397.80499999999995, 60.160000000000004}",1.0,2.0,3.0,4.738700000000002,397.80499999999995,60.160000000000004
CHEMBL279387,CCCOc1nnc(-c2cc(C(C)(C)C)c(O)c(C(C)(C)C)c2)s1,20000.0,inactive,"{1, 4, 5, 5.2945000000000055, 55.24000000000001, 348.51200000000006}",1.0,4.0,5.0,5.2945000000000055,55.24000000000001,348.51200000000006
CHEMBL16881,COc1nnc(-c2cc(C(C)(C)C)c(O)c(C(C)(C)C)c2)s1,3000.0,active,"{320.458, 1, 2, 4.514300000000004, 5, 55.24000000000001}",320.458,1.0,2.0,4.514300000000004,5.0,55.24000000000001
CHEMBL42408,COc1c(Cl)cc(-c2nc(C(F)(F)F)cn2-c2ccc(S(C)(=O)=O)cc2)cc1Cl,140.0,active,"{0, 4, 5, 5.277000000000004, 465.2800000000001, 61.190000000000005}",0.0,4.0,5.0,5.277000000000004,465.2800000000001,61.190000000000005
CHEMBL48073,CCC(O)(CC)[C@H](C)Oc1ncc(C(F)(F)F)cc1-c1ccc(S(C)(=O)=O)cc1,200.0,active,"{1, 4.4893000000000045, 5, 7, 76.49000000000001, 431.4760000000001}",1.0,4.4893000000000045,5.0,7.0,76.49000000000001,431.4760000000001
CHEMBL461883,CCCCC(Sc1nc(OCCc2ccccc2)cc(OCCc2ccccc2)n1)C(=O)O,40000.0,inactive,"{1, 5.455100000000005, 6, 14, 81.54, 466.60300000000024}",1.0,5.455100000000005,6.0,14.0,81.54,466.60300000000024
CHEMBL3289942,CN(C)c1ccc(/C=C2\CCc3ccccc3C2=O)c([N+](=O)[O-])c1,27960.0,inactive,"{0, 322.36400000000003, 3, 4, 3.873300000000003, 63.45}",0.0,322.36400000000003,3.0,4.0,3.873300000000003,63.45
CHEMBL3397710,CCCC/C(=C\c1cc(OCc2ccccc2)ccc1OCc1ccc(C(F)(F)F)cc1)C(=O)O,10000.0,inactive,"{1, 3, 484.5140000000002, 7.521600000000007, 11, 55.760000000000005}",1.0,3.0,484.5140000000002,7.521600000000007,11.0,55.760000000000005
CHEMBL3397717,CCCC/C(=C\c1cc(OCc2cc(C(F)(F)F)cc(C(F)(F)F)c2)ccc1OCc1ccc(C(F)(F)F)cc1)C(=O)O,10000.0,inactive,"{1, 3, 9.559199999999999, 11, 620.5080000000003, 55.760000000000005}",1.0,3.0,9.559199999999999,11.0,620.5080000000003,55.760000000000005
CHEMBL3309444,NS(=O)(=O)c1ccc(N2N=C(C(F)(F)F)CC2c2ccc3ccccc3c2)cc1,14580.0,inactive,"{1, 3, 419.42800000000005, 4, 4.356900000000003, 75.76}",1.0,3.0,419.42800000000005,4.0,4.356900000000003,75.76
CHEMBL1766299,NS(=O)(=O)c1ccc(-n2nc(CCCNC(=O)Nc3cccc(C(F)(F)F)c3)cc2-c2ccccc2)cc1,700.0,active,"{3, 4.959800000000003, 5, 8, 119.11000000000001, 543.5710000000001}",3.0,4.959800000000003,5.0,8.0,119.11000000000001,543.5710000000001
CHEMBL1766300,CS(=O)(=O)c1ccc(-n2nc(CCCNC(=O)Nc3cccc(C(F)(F)F)c3)cc2-c2ccccc2)cc1,3000.0,active,"{2, 5, 5.715900000000005, 8, 93.09, 542.5830000000001}",2.0,5.0,5.715900000000005,8.0,93.09,542.5830000000001
CHEMBL1766285,NS(=O)(=O)c1ccc(-n2nc(CCCNC(=O)NC3CCCCCC3)cc2-c2ccccc2)cc1,2000.0,active,"{3, 4.141300000000002, 5, 8, 495.6490000000003, 119.11000000000001}",3.0,4.141300000000002,5.0,8.0,495.6490000000003,119.11000000000001
CHEMBL3322405,CS(=O)(=O)c1ccc(N2CCN=C2c2ccc(F)c(F)c2)cc1,10000.0,inactive,"{0, 2.6351000000000013, 3, 4, 336.363, 49.74}",0.0,2.6351000000000013,3.0,4.0,336.363,49.74
CHEMBL89625,COc1ccc(C2=CC3(C=C2c2ccc(S(C)(=O)=O)cc2)CC3)cc1Cl,27.0,active,"{0, 386.9000000000002, 3, 4, 5.012900000000004, 43.370000000000005}",0.0,386.9000000000002,3.0,4.0,5.012900000000004,43.370000000000005
CHEMBL3322409,CC1CN(c2ccc(S(N)(=O)=O)cc2)C(c2ccc(F)cc2)=N1,10000.0,inactive,"{1, 2.1284, 3, 4, 75.75999999999999, 333.388}",1.0,2.1284,3.0,4.0,75.75999999999999,333.388
CHEMBL108917,CC1(C)OC(=O)C(Oc2ccc(C3CC3)cn2)=C1c1ccc(S(C)(=O)=O)cc1,400.0,active,"{0, 3.488000000000002, 5, 6, 399.46800000000013, 82.56}",0.0,3.488000000000002,5.0,6.0,399.46800000000013,82.56
CHEMBL4533150,CS(=O)(=O)c1ccc(C2=C(c3ccc(F)cc3)Cc3ccccc32)cc1,11.0,active,"{0, 2, 3, 34.14, 4.744400000000004, 364.4410000000001}",0.0,2.0,3.0,34.14,4.744400000000004,364.4410000000001
CHEMBL348115,CC(C)c1nc2sc(-c3ccc(S(C)(=O)=O)cc3)c(-c3ccccc3)n2n1,11.0,active,"{0, 64.33, 4, 4.651700000000004, 6, 397.5250000000001}",0.0,64.33,4.0,4.651700000000004,6.0,397.5250000000001
CHEMBL4466030,Cc1cc(-n2cc(-c3ccc(N)cc3)nn2)n(-c2ccc(S(C)(=O)=O)cc2)n1,50.0,active,"{1, 2.4141200000000005, 4, 8, 394.46000000000015, 108.69000000000001}",1.0,2.4141200000000005,4.0,8.0,394.46000000000015,108.69000000000001
CHEMBL447023,Oc1ccc([C@H]2Oc3c(c(O)cc(O)c3[C@H]3c4c(O)cc(O)cc4O[C@H](c4ccc(O)c(O)c4)[C@@H]3O)C[C@H]2O)cc1,100000.0,inactive,"{3, 3.289400000000003, 200.52999999999997, 9, 11, 562.5270000000004}",3.0,3.289400000000003,200.52999999999997,9.0,11.0,562.5270000000004
CHEMBL3402596,CCOC(=O)Cc1cc(-c2ccc(S(N)(=O)=O)cc2)n(-c2cccc(F)c2)c1C,920.0,active,"{416.4740000000001, 1, 3.344820000000002, 5, 6, 91.39000000000001}",416.4740000000001,1.0,3.344820000000002,5.0,6.0,91.39000000000001
CHEMBL4848265,CC(C)Oc1nc(OCC(C)(C)O)c(-c2ccc(S(C)(=O)=O)cc2)cc1CO,4100.0,active,"{2, 2.581300000000001, 7, 8, 105.95, 409.50400000000013}",2.0,2.581300000000001,7.0,8.0,105.95,409.50400000000013
CHEMBL3949091,CSc1ccc(-n2c(-c3ccc(S(C)(=O)=O)cc3)cc(CC(=O)OCCCCO)c2C)cc1,55.0,active,"{1, 4.436320000000004, 7, 487.64300000000037, 10, 85.60000000000001}",1.0,4.436320000000004,7.0,487.64300000000037,10.0,85.60000000000001
CHEMBL2337407,Cc1c(CCOCCO)cc(-c2ccc(S(C)(=O)=O)cc2)n1-c1ccccc1,27.0,active,"{1, 3.4076200000000023, 68.53, 5, 8, 399.5120000000001}",1.0,3.4076200000000023,68.53,5.0,8.0,399.5120000000001
CHEMBL2337399,Cc1c(CCOCCCO)cc(-c2ccc(S(C)(=O)=O)cc2)n1-c1ccc(F)cc1,940.0,active,"{1, 3.9368200000000035, 68.53, 5, 9, 431.52900000000017}",1.0,3.9368200000000035,68.53,5.0,9.0,431.52900000000017
CHEMBL3104548,Cc1c(CC(=O)NC(CCO)C(=O)O)cc(-c2ccc(S(C)(=O)=O)cc2)n1-c1ccc(F)cc1,86.0,active,"{2.4896200000000004, 3, 6, 488.53700000000015, 9, 125.70000000000002}",2.4896200000000004,3.0,6.0,488.53700000000015,9.0,125.70000000000002
CHEMBL3810231,CC(C)[C@H](NC(=O)OCc1ccccc1)C(=O)NCC(=O)O,55000.0,inactive,"{1.1381999999999997, 3, 4, 7, 104.73, 308.33400000000006}",1.1381999999999997,3.0,4.0,7.0,104.73,308.33400000000006
CHEMBL1916966,O=C(NS(=O)(=O)c1ccccc1)c1cccc(C(=O)NS(=O)(=O)c2ccccc2)n1,3700.0,active,"{1.3190000000000004, 2, 6, 7, 139.37, 445.4780000000002}",1.3190000000000004,2.0,6.0,7.0,139.37,445.4780000000002
CHEMBL1916969,O=C(NS(=O)(=O)c1ccc(Br)cc1)c1cccc(C(=O)NS(=O)(=O)c2ccc(Br)cc2)n1,800.0,active,"{2, 2.8440000000000003, 6, 7, 139.37, 603.2700000000001}",2.0,2.8440000000000003,6.0,7.0,139.37,603.2700000000001
CHEMBL306716,CCc1ccc(-n2c(-c3ccc(S(C)(=O)=O)cc3)coc2=O)cc1,690.24,active,"{0, 3.0634000000000015, 4, 69.28, 5, 343.40400000000005}",0.0,3.0634000000000015,4.0,69.28,5.0,343.40400000000005
CHEMBL347705,CCCCCCCCCCCCCCCc1cccc(O)c1CSc1nc2cc(OC)ccc2[nH]1,1000.0,active,"{2, 4, 9.2031, 496.7610000000002, 18, 58.14000000000001}",2.0,4.0,9.2031,496.7610000000002,18.0,58.14000000000001
CHEMBL69557,NS(=O)(=O)c1ccc(-c2coc(=O)n2-c2ccc(F)cc2F)cc1,2301.44,active,"{352.318, 1, 2.0231000000000003, 3, 5, 95.30000000000001}",352.318,1.0,2.0231000000000003,3.0,5.0,95.30000000000001
CHEMBL307602,CC1(C)OC(=O)C(OC2CCCC2)=C1c1ccc(S(C)(=O)=O)cc1,400.0,active,"{0, 3.0958000000000014, 4, 5, 69.67, 350.43600000000004}",0.0,3.0958000000000014,4.0,5.0,69.67,350.43600000000004
CHEMBL4129984,CCOC(=O)C1=C(C)N(CC)/C(=N\N=C(/C)c2cc3ccccc3oc2=O)C1,310.0,active,"{0, 3.478200000000003, 5, 6, 84.47, 381.43200000000013}",0.0,3.478200000000003,5.0,6.0,84.47,381.43200000000013
CHEMBL92793,CS(=O)(=O)c1ccc(-c2cc(Cl)cnc2-c2ccncc2)cc1,101.0,active,"{0, 3, 4, 3.8675000000000024, 344.82300000000004, 59.92}",0.0,3.0,4.0,3.8675000000000024,344.82300000000004,59.92
CHEMBL13623,CC(C)(C)c1cc(C(=O)CCCC2CC2)cc2c1OCC2(C)C,220.0,active,"{0, 2, 26.3, 5, 5.417100000000005, 314.46900000000005}",0.0,2.0,26.3,5.0,5.417100000000005,314.46900000000005
CHEMBL414437,Cc1nn(-c2ccc(S(N)(=O)=O)cc2)c2c1c(O)nc1ccc([N+](=O)[O-])cc12,240.0,active,"{2, 3, 2.1433199999999992, 8, 399.3880000000001, 154.24}",2.0,3.0,2.1433199999999992,8.0,399.3880000000001,154.24
CHEMBL276663,CCCCCC(=O)c1cc(C(C)(C)C)c2c(c1)C(C)(C)CO2,90.0,active,"{0, 2, 5, 5.417100000000006, 302.458, 26.3}",0.0,2.0,5.0,5.417100000000006,302.458,26.3
CHEMBL146742,CS(=O)(=O)c1ccc(-c2c(-c3ccccc3)nc3sccn23)cc1,900.0,active,"{0, 354.4560000000001, 3, 4.133300000000003, 5, 51.44}",0.0,354.4560000000001,3.0,4.133300000000003,5.0,51.44
CHEMBL406140,NS(=O)(=O)c1ccc(-n2nc(C(F)(F)F)cc2-c2cccnc2)cc1,45000.0,inactive,"{1, 2.600500000000001, 3, 5, 368.34000000000003, 90.87}",1.0,2.600500000000001,3.0,5.0,368.34000000000003,90.87
CHEMBL607560,CC(C(=O)O)c1ccc(-c2ccn(C(F)F)c(=O)c2)cc1,2400.0,active,"{1, 3, 4, 293.26899999999995, 3.0985000000000014, 59.3}",1.0,3.0,4.0,293.26899999999995,3.0985000000000014,59.3
CHEMBL605161,O=[N+]([O-])c1ccc2c(c1)S(=O)(=O)N=S2c1ccc(Br)cc1,1700.0,active,"{0, 2, 387.236, 4, 3.2795000000000014, 89.64}",0.0,2.0,387.236,4.0,3.2795000000000014,89.64
CHEMBL118,Cc1ccc(-c2cc(C(F)(F)F)nn2-c2ccc(S(N)(=O)=O)cc2)cc1,40.0,active,"{1, 3, 4, 3.5139200000000006, 77.98, 381.3790000000001}",1.0,3.0,4.0,3.5139200000000006,77.98,381.3790000000001
CHEMBL2018570,COc1ccc(Cc2nn(Cc3nnc(Nc4ccccc4)s3)c(=O)c3c(C)noc23)cc1,100000.0,inactive,"{1, 3.9357200000000025, 7, 10, 107.96000000000001, 460.5190000000002}",1.0,3.9357200000000025,7.0,10.0,107.96000000000001,460.5190000000002
CHEMBL2018669,Cc1noc2c(Cc3ccccc3)nn(Cc3n[nH]c(=S)n3-c3ccccc3)c(=O)c12,100000.0,inactive,"{1, 3.5753100000000018, 5, 8, 430.49300000000017, 94.53}",1.0,3.5753100000000018,5.0,8.0,430.49300000000017,94.53
CHEMBL2018674,CCn1c(Cn2nc(Cc3ccc(OC)cc3)c3onc(C)c3c2=O)n[nH]c1=S,2200.0,active,"{1, 2.61461, 6, 103.76000000000002, 9, 412.4750000000002}",1.0,2.61461,6.0,103.76000000000002,9.0,412.4750000000002
CHEMBL179204,Cc1ccc(C(=Cc2ccc(S(C)(=O)=O)cc2)c2ccc(C)cc2)cc1,31600.0,inactive,"{0, 2, 34.14, 4, 5.295840000000005, 362.4940000000001}",0.0,2.0,34.14,4.0,5.295840000000005,362.4940000000001
CHEMBL2283168,CC/C(=C(\c1ccccc1)c1ccc(S(C)(=O)=O)cc1)c1cc(C(C)(C)C)c(O)c(C(C)(C)C)c1,32000.0,inactive,"{1, 3, 5, 7.759800000000008, 490.7090000000003, 54.370000000000005}",1.0,3.0,5.0,7.759800000000008,490.7090000000003,54.370000000000005
CHEMBL5418745,O=C(O)/C=C\C(=O)NNC(=O)CNc1ncnc2sc3c(c12)CCCC3,450.0,active,"{0.7701999999999993, 4, 5, 133.31, 7, 375.41000000000025}",0.7701999999999993,4.0,5.0,133.31,7.0,375.41000000000025
CHEMBL5079967,CCOC(=O)Cn1nncc1CO[C@@H](C(=O)OCC)[C@@H](OCc1cnnn1CC(=O)OCC)C(=O)OCC,100.0,active,"{0, -0.40739999999999577, 16, 17, 185.07999999999998, 540.5300000000003}",0.0,-0.40739999999999577,16.0,17.0,185.07999999999998,540.5300000000003
CHEMBL74276,COc1ccc(C(=O)c2ccccc2)cc1C(C)C(=O)O,2800.0,active,"{1, 3, 3.114300000000001, 5, 284.31100000000004, 63.60000000000001}",1.0,3.0,3.114300000000001,5.0,284.31100000000004,63.60000000000001
CHEMBL3322402,COc1ccc(C2=NCCN2c2ccc(S(C)(=O)=O)cc2)cc1F,10000.0,inactive,"{0, 2.504600000000001, 4, 5, 58.97, 348.39900000000006}",0.0,2.504600000000001,4.0,5.0,58.97,348.39900000000006
CHEMBL3322398,CC1CN(c2ccc(S(C)(=O)=O)cc2)C(c2cccc(Br)c2)=N1,10000.0,inactive,"{0, 3, 4, 3.507900000000003, 393.306, 49.74}",0.0,3.0,4.0,3.507900000000003,393.306,49.74
CHEMBL3322407,CS(=O)(=O)c1ccc(N2CCN=C2c2ccc(Cl)c(C(F)(F)F)c2)cc1,3600.0,active,"{0, 3, 4, 4.029100000000003, 49.74, 402.825}",0.0,3.0,4.0,4.029100000000003,49.74,402.825
CHEMBL4858695,O=c1cc(CSc2nnc(CSc3nc4cc(Cl)ccc4o3)o2)c2c(ccc3ccccc32)o1,17.7,active,"{0, 6, 6.708400000000003, 9, 507.9800000000003, 95.16}",0.0,6.0,6.708400000000003,9.0,507.9800000000003,95.16
CHEMBL3735352,CS(=O)(=O)c1ccc(C2=NN(c3ccc(S(N)(=O)=O)cc3)C(c3cccs3)C2)cc1,1750.0,active,"{1, 3.154700000000002, 5, 7, 461.5900000000002, 109.9}",1.0,3.154700000000002,5.0,7.0,461.5900000000002,109.9
CHEMBL356997,CC(C)c1ccc(Sc2cc3c(cc2NS(C)(=O)=O)CCC3=O)cc1,10000.0,inactive,"{1, 4, 5, 4.461600000000003, 375.5150000000002, 63.24}",1.0,4.0,5.0,4.461600000000003,375.5150000000002,63.24
CHEMBL92154,CS(=O)(=O)c1ccc(C2=C(c3ccc(F)cc3)CC3(CC3)C2)cc1,1.1,active,"{0, 2, 3, 34.14, 4.714000000000004, 342.4350000000002}",0.0,2.0,3.0,34.14,4.714000000000004,342.4350000000002
CHEMBL29942,COc1ccccc1-c1cc(C(F)(F)F)nn1-c1ccc(S(N)(=O)=O)cc1,288.4,active,"{1, 3.2141, 4, 5, 397.37800000000004, 87.21000000000001}",1.0,3.2141,4.0,5.0,397.37800000000004,87.21000000000001
CHEMBL327384,CS(=O)(=O)c1ccc(C2=C(c3ccc(Cl)cc3)CC3(CC3)C2)cc1,1.0,active,"{0, 2, 3, 34.14, 5.2283000000000035, 358.8900000000002}",0.0,2.0,3.0,34.14,5.2283000000000035,358.8900000000002
CHEMBL25,CC(=O)Oc1ccccc1C(=O)O,62500.0,inactive,"{1, 2, 3, 1.3101, 180.15899999999996, 63.60000000000001}",1.0,2.0,3.0,1.3101,180.15899999999996,63.60000000000001
CHEMBL326577,CS(=O)(=O)c1ccc(-n2cnc(Br)c2-c2ccc(F)cc2)cc1,36.0,active,"{0, 3, 4, 3.844400000000002, 395.2530000000001, 51.96}",0.0,3.0,4.0,3.844400000000002,395.2530000000001,51.96
CHEMBL4871538,Cc1cc(-c2cccc(Cl)c2)nn1S(=O)(=O)Oc1ccccc1,110.0,active,"{0, 3.6838200000000016, 4, 5, 348.81100000000004, 61.19}",0.0,3.6838200000000016,4.0,5.0,348.81100000000004,61.19
CHEMBL3322422,NS(=O)(=O)c1ccc(N2CCN=C2c2ccc(Cl)c(C(F)(F)F)c2)cc1,1800.0,active,"{1, 3, 4, 3.2730000000000015, 75.76, 403.813}",1.0,3.0,4.0,3.2730000000000015,75.76,403.813
CHEMBL3322417,COc1ccc(C2=NCCN2c2ccc(S(N)(=O)=O)cc2)cc1F,9500.0,active,"{1, 1.7485, 4, 5, 84.98999999999998, 349.38700000000006}",1.0,1.7485,4.0,5.0,84.98999999999998,349.38700000000006
CHEMBL270351,NS(=O)(=O)c1ccc(-c2nc(NCc3csc4ccccc34)cc(C(F)(F)F)n2)cc1,10000.0,inactive,"{97.97000000000001, 2, 4.636600000000002, 5, 6, 464.4940000000001}",97.97000000000001,2.0,4.636600000000002,5.0,6.0,464.4940000000001
CHEMBL2398538,COc1ccc(-c2cn(Cc3ccc(S(N)(=O)=O)cc3)nn2)cc1,13000.0,inactive,"{1, 1.6494, 100.1, 5, 6, 344.396}",1.0,1.6494,100.1,5.0,6.0,344.396
CHEMBL2398534,NS(=O)(=O)c1ccc(Cn2cc(-c3ccccc3)nn2)cc1,6500.0,active,"{1, 1.6407999999999998, 4, 90.87, 5, 314.37}",1.0,1.6407999999999998,4.0,90.87,5.0,314.37
CHEMBL18264,CS(=O)(=O)c1ccc(C2=C(c3ccc(F)c(F)c3)C(=O)OC2)cc1,230.0,active,"{0, 2.8359000000000005, 3, 4, 60.44, 350.3420000000001}",0.0,2.8359000000000005,3.0,4.0,60.44,350.3420000000001
CHEMBL110382,CS(=O)(=O)c1ccc(-n2cc(C(F)(F)F)nc2-c2cc(Br)cs2)cc1,25.7,active,"{0, 3, 451.28900000000004, 5, 4.785600000000002, 51.96}",0.0,3.0,451.28900000000004,5.0,4.785600000000002,51.96
CHEMBL116848,CS(=O)(=O)c1ccc(-n2cnc(Cc3ccccc3)c2-c2ccc(F)cc2)cc1,10000.0,inactive,"{0, 4, 5, 4.672700000000004, 51.96, 406.4820000000001}",0.0,4.0,5.0,4.672700000000004,51.96,406.4820000000001
CHEMBL294715,NS(=O)(=O)c1ccc(-c2ccccc2-c2ccc(F)cc2)cc1,61.0,active,"{1, 2, 3, 3.807100000000002, 327.38, 60.160000000000004}",1.0,2.0,3.0,3.807100000000002,327.38,60.160000000000004
CHEMBL160820,CCCCCCCCCCCCCCCc1cccc(OC)c1CSc1nc2ccccc2[nH]1,10000.0,inactive,"{480.76200000000017, 1, 3, 37.91, 9.497499999999999, 18}",480.76200000000017,1.0,3.0,37.91,9.497499999999999,18.0
CHEMBL3289926,CCOC(OCC)c1ccc(/C=C2\CNC/C(=C\c3ccc(C(OCC)OCC)cc3)C2=O)cc1,27650.0,inactive,"{1, 66.02000000000001, 5.469100000000005, 6, 12, 479.6170000000003}",1.0,66.02000000000001,5.469100000000005,6.0,12.0,479.6170000000003
CHEMBL3290196,O=C(/C=C/c1ccc(N2CCCC2)cc1)C1CCc2ccccc2C1=O,61230.0,inactive,"{0, 3, 4, 37.38, 4.314400000000004, 345.442}",0.0,3.0,4.0,37.38,4.314400000000004,345.442
CHEMBL42094,CS(=O)(=O)c1ccc(-n2cc(C(F)(F)F)nc2-c2cccc(C(F)(F)F)c2)cc1,210.0,active,"{0, 3, 4, 4.980400000000002, 434.36100000000005, 51.96}",0.0,3.0,4.0,4.980400000000002,434.36100000000005,51.96
CHEMBL126683,Cc1cc(=O)c(Oc2ccc(I)cc2)c(-c2ccc(S(C)(=O)=O)cc2)o1,410.0,active,"{0, 482.2950000000002, 4, 5, 4.415620000000003, 73.58000000000001}",0.0,482.2950000000002,4.0,5.0,4.415620000000003,73.58000000000001
CHEMBL125460,Cc1cc(=O)c(Oc2ccc(Br)cc2F)c(-c2ccc(S(C)(=O)=O)cc2)o1,150.0,active,"{0, 4, 5, 453.2850000000002, 4.712620000000004, 73.58000000000001}",0.0,4.0,5.0,453.2850000000002,4.712620000000004,73.58000000000001
CHEMBL3397716,CCCC/C(=C\c1cc(OCc2ccc(Cl)c(Cl)c2)ccc1OCc1ccc(C(F)(F)F)cc1)C(=O)O,10000.0,inactive,"{1, 3, 8.828400000000004, 553.4040000000002, 11, 55.760000000000005}",1.0,3.0,8.828400000000004,553.4040000000002,11.0,55.760000000000005
CHEMBL3309819,CS(=O)(=O)c1ccc(N2N=C(C(F)(F)F)CC2c2cccc3c2OCCO3)cc1,210.0,active,"{0, 3, 68.2, 3.7310000000000025, 6, 426.41600000000017}",0.0,3.0,68.2,3.7310000000000025,6.0,426.41600000000017
CHEMBL3309818,CS(=O)(=O)c1ccc(N2N=C(C(F)(F)F)CC2c2ccc3c(c2)OCO3)cc1,140.0,active,"{0, 3, 68.2, 3.688500000000002, 6, 412.3890000000001}",0.0,3.0,68.2,3.688500000000002,6.0,412.3890000000001
CHEMBL416989,CSc1cccc(-c2nc(C(F)(F)F)cn2-c2ccc(S(C)(=O)=O)cc2)c1,350.0,active,"{0, 4, 5, 4.683500000000004, 51.96, 412.4580000000001}",0.0,4.0,5.0,4.683500000000004,51.96,412.4580000000001
CHEMBL48073,CCC(O)(CC)[C@H](C)Oc1ncc(C(F)(F)F)cc1-c1ccc(S(C)(=O)=O)cc1,4700.0,active,"{1, 4.4893000000000045, 5, 7, 76.49000000000001, 431.4760000000001}",1.0,4.4893000000000045,5.0,7.0,76.49000000000001,431.4760000000001
CHEMBL3322421,NS(=O)(=O)c1ccc(N2CCN=C2c2ccc(Cl)c(Cl)c2)cc1,300.0,active,"{1, 2.9076000000000013, 3, 4, 75.76, 370.26099999999997}",1.0,2.9076000000000013,3.0,4.0,75.76,370.26099999999997
CHEMBL67659,CS(=O)(=O)c1ccc(-c2nn(CCc3ccccc3)c(C(F)(F)F)c2-c2ccc(F)cc2)cc1,45.0,active,"{0, 4, 6, 6.021200000000005, 488.5060000000001, 51.96}",0.0,4.0,6.0,6.021200000000005,488.5060000000001,51.96
CHEMBL4791577,C/C(=N\NC(N)=S)c1nnn(-c2ccc(S(N)(=O)=O)cc2)c1C,50.0,active,"{-0.2196799999999992, 353.43300000000016, 3, 4, 7, 141.28}",-0.2196799999999992,353.43300000000016,3.0,4.0,7.0,141.28
CHEMBL279265,COc1ccc2c(c1)c(CC(=O)N[C@H](CO)CC(C)C)c(C)n2C(=O)c1ccc(Cl)cc1,170.0,active,"{2, 4.365920000000004, 5, 456.97000000000014, 8, 80.56}",2.0,4.365920000000004,5.0,456.97000000000014,8.0,80.56
CHEMBL332169,Cc1nc2c(-c3ccc(F)cc3)c(-c3ccc(S(C)(=O)=O)cc3)nn2c(C)c1C,192.0,active,"{0, 64.33, 3, 4.531160000000004, 5, 409.48600000000016}",0.0,64.33,3.0,4.531160000000004,5.0,409.48600000000016
CHEMBL118,Cc1ccc(-c2cc(C(F)(F)F)nn2-c2ccc(S(N)(=O)=O)cc2)cc1,1000.0,active,"{1, 3, 4, 3.5139200000000006, 77.98, 381.3790000000001}",1.0,3.0,4.0,3.5139200000000006,77.98,381.3790000000001
CHEMBL338097,COc1ccc(-c2cc(C(F)(F)F)nn2-c2ccc(S(N)(=O)=O)c(F)c2)cc1,13500.0,inactive,"{1, 3.353200000000001, 4, 5, 87.21000000000001, 415.3680000000001}",1.0,3.353200000000001,4.0,5.0,87.21000000000001,415.3680000000001
CHEMBL108512,CC1(C)OC(=O)C(Oc2ccc3sccc3c2)=C1c1ccc(S(C)(=O)=O)cc1,20.0,active,"{0, 4, 69.67, 6, 4.430300000000004, 414.5040000000002}",0.0,4.0,69.67,6.0,4.430300000000004,414.5040000000002
CHEMBL376246,NS(=O)(=O)c1ccc(-n2cnc(Cl)c2-c2ccc(OCCCO[N+](=O)[O-])c(F)c2)cc1,16000.0,inactive,"{1, 2.9564000000000012, 8, 9, 139.58, 470.86600000000027}",1.0,2.9564000000000012,8.0,9.0,139.58,470.86600000000027
CHEMBL5089985,COc1ccc(NC(=O)c2ccccc2Nc2cccc(Cl)c2C)c(OC)c1,115070.0,inactive,"{2, 4, 5.661520000000003, 6, 396.87400000000014, 59.59}",2.0,4.0,5.661520000000003,6.0,396.87400000000014,59.59
CHEMBL92793,CS(=O)(=O)c1ccc(-c2cc(Cl)cnc2-c2ccncc2)cc1,7000.0,active,"{0, 3, 4, 3.8675000000000024, 344.82300000000004, 59.92}",0.0,3.0,4.0,3.8675000000000024,344.82300000000004,59.92
CHEMBL148708,CS(=O)(=O)c1ccc(-c2c(-c3ccc(Cl)cc3)nc3sc(Cl)cn23)cc1,16.0,active,"{0, 3, 5, 5.440100000000003, 423.34600000000006, 51.44}",0.0,3.0,5.0,5.440100000000003,423.34600000000006,51.44
CHEMBL237111,CC(=O)O[C@@H]1CC[C@@]2(C)[C@@H](CC[C@]3(C)[C@@H]2C(=O)C=C2[C@@H]4[C@@H](C)[C@H](C)CC[C@]4(C)CC[C@]23C)[C@@]1(C)C(=O)O,40000.0,inactive,"{512.7310000000004, 1, 2, 4, 6.839300000000008, 80.67}",512.7310000000004,1.0,2.0,4.0,6.839300000000008,80.67
CHEMBL276324,NS(=O)(=O)c1ccc(-c2sc(COc3cc(Cl)cc(Cl)c3)nc2-c2ccc(F)cc2)cc1,9.0,active,"{1, 5, 6, 6.1494000000000035, 82.28, 509.4110000000001}",1.0,5.0,6.0,6.1494000000000035,82.28,509.4110000000001
CHEMBL5266071,COc1cc(C2CC(c3cccc(-n4cnnn4)c3)=NN2)cc(OC)c1OC,39.0,active,"{1, 2.1268000000000002, 6, 9, 380.4080000000002, 95.68}",1.0,2.1268000000000002,6.0,9.0,380.4080000000002,95.68
CHEMBL5283644,COc1ccc(/C=C/C(=O)c2cccc(-n3cnnn3)c2)cc1OC,100.0,active,"{0, 2.5756000000000006, 6, 7, 79.13000000000001, 336.35100000000006}",0.0,2.5756000000000006,6.0,7.0,79.13000000000001,336.35100000000006
CHEMBL5279361,CC(=O)Oc1cc2oc(-c3ccc(C)cc3)cc2cc1-c1c[se]nn1,50.0,active,"{0, 65.22, 3, 3.847520000000003, 5, 397.29200000000003}",0.0,65.22,3.0,3.847520000000003,5.0,397.29200000000003
CHEMBL118,Cc1ccc(-c2cc(C(F)(F)F)nn2-c2ccc(S(N)(=O)=O)cc2)cc1,2270.0,active,"{1, 3, 4, 3.5139200000000006, 77.98, 381.3790000000001}",1.0,3.0,4.0,3.5139200000000006,77.98,381.3790000000001
CHEMBL5270594,CCCCNc1cc(C(=O)N/N=c2\scc(-c3ccc(OC)cc3)n2-c2ccccc2)cc(S(N)(=O)=O)c1Oc1ccccc1,1520.0,active,"{3, 643.7910000000002, 6.111800000000004, 9, 137.04, 12}",3.0,643.7910000000002,6.111800000000004,9.0,137.04,12.0
CHEMBL5287239,CCCCNc1cc(C(=O)N/N=c2\scc(-c3ccc(Cl)cc3)n2-c2ccc(Br)cc2)cc(S(N)(=O)=O)c1Oc1ccccc1,1520.0,active,"{3, 7.519100000000005, 8, 11, 727.1060000000001, 127.80999999999999}",3.0,7.519100000000005,8.0,11.0,727.1060000000001,127.80999999999999
CHEMBL5288740,CS(=O)(=O)c1ccc(-n2cc(-c3ccc(C(F)(F)F)cc3)nn2)cc1,226.0,active,"{0, 64.85, 3, 3.356600000000002, 5, 367.35200000000003}",0.0,64.85,3.0,3.356600000000002,5.0,367.35200000000003
CHEMBL5276292,Nc1c(C(=O)N/N=C/c2ccc(Br)cc2)sc2nc(-c3ccc(Cl)cc3)cc(-c3cccs3)c12,104.0,active,"{2, 5, 6, 7.453800000000004, 80.37, 567.9210000000002}",2.0,5.0,6.0,7.453800000000004,80.37,567.9210000000002
CHEMBL5274992,CCOP(=O)(OCC)C(NC(=O)c1cc(-c2cccc3ccccc23)n(-c2ccc(S(N)(=O)=O)cc2)n1)c1ccccc1OC,220.0,active,"{2, 6.043200000000005, 648.6780000000001, 9, 12, 151.84}",2.0,6.043200000000005,648.6780000000001,9.0,12.0,151.84
CHEMBL5278337,CCOP(=O)(OCC)C(NC(=O)c1cc(-c2cccc3ccccc23)n(-c2ccc(S(N)(=O)=O)cc2)n1)c1ccc(OC)cc1,220.0,active,"{2, 6.043200000000005, 648.6780000000001, 9, 12, 151.84}",2.0,6.043200000000005,648.6780000000001,9.0,12.0,151.84
CHEMBL271551,CS(=O)(=O)c1ccc(-c2nc(NCc3ccco3)cc(C(F)(F)F)n2)cc1,140.0,active,"{1, 3.7710000000000026, 5, 6, 397.37800000000004, 85.09}",1.0,3.7710000000000026,5.0,6.0,397.37800000000004,85.09
CHEMBL272626,CS(=O)(=O)c1ccc(-c2nc(NCc3ccccn3)cc(C(F)(F)F)n2)cc1,10000.0,inactive,"{1, 3.573000000000002, 5, 6, 84.84, 408.40500000000003}",1.0,3.573000000000002,5.0,6.0,84.84,408.40500000000003
CHEMBL271338,CS(=O)(=O)c1ccc(-c2nc(NCc3cccs3)cc(C(F)(F)F)n2)cc1,2.1,active,"{1, 4.239500000000003, 5, 6, 71.95, 413.446}",1.0,4.239500000000003,5.0,6.0,71.95,413.446
CHEMBL404362,CCc1c(NCc2ccc(F)cc2)nc(-c2ccc(S(C)(=O)=O)cc2)nc1C(F)(F)F,102.8,active,"{1, 4.879500000000003, 5, 453.46100000000007, 6, 71.95}",1.0,4.879500000000003,5.0,453.46100000000007,6.0,71.95
CHEMBL272678,Cc1c(NCc2cccs2)nc(-c2ccc(S(C)(=O)=O)cc2)nc1C(F)(F)F,38.2,active,"{1, 4.547920000000002, 5, 6, 71.95, 427.47300000000007}",1.0,4.547920000000002,5.0,6.0,71.95,427.47300000000007
CHEMBL271549,COCCOc1cc(NCc2cccs2)nc(-c2ccc(S(C)(=O)=O)cc2)n1,2.4,active,"{1, 419.52800000000013, 3.2459000000000024, 8, 9, 90.41000000000001}",1.0,419.52800000000013,3.2459000000000024,8.0,9.0,90.41000000000001
CHEMBL255378,CC(C)c1cc(NCc2ccccc2)nc(-c2ccc(S(C)(=O)=O)cc2)n1,25.3,active,"{1, 4.282600000000002, 5, 6, 71.95, 381.50100000000015}",1.0,4.282600000000002,5.0,6.0,71.95,381.50100000000015
CHEMBL5074784,COc1ccc(NC(=O)c2ccccc2Nc2cccc(Cl)c2)cc1,150000.0,inactive,"{352.821, 2, 3, 5, 5.344500000000003, 50.36}",352.821,2.0,3.0,5.0,5.344500000000003,50.36
CHEMBL4206988,COc1ccc(/C=C/c2ccc([N+](=O)[O-])cc2)cc1OC,4688.0,active,"{0, 3.7824000000000035, 4, 5, 285.29900000000004, 61.60000000000001}",0.0,3.7824000000000035,4.0,5.0,285.29900000000004,61.60000000000001
CHEMBL5277168,CN1C/C(=C\c2ccc(F)s2)C2=NN(c3ccccc3)C(c3ccc(F)s3)C2C1,2.0,active,"{0, 3, 5, 5.650300000000004, 427.5450000000001, 18.84}",0.0,3.0,5.0,5.650300000000004,427.5450000000001,18.84
CHEMBL5276070,Cc1csc(/C=C2\CN(C)CC3C2=NN(c2ccccc2)C3c2cc(C)cs2)c1,2.0,active,"{0, 3, 419.6190000000001, 5, 5.988940000000005, 18.84}",0.0,3.0,419.6190000000001,5.0,5.988940000000005,18.84
CHEMBL5271136,O=C(c1cccs1)c1sc(N2CCOCC2)nc1-c1ccccc1,90.0,active,"{0, 3.9392000000000023, 356.472, 4, 6, 42.43000000000001}",0.0,3.9392000000000023,356.472,4.0,6.0,42.43000000000001
CHEMBL182695,Cc1cc(-c2c(-c3ccc(S(C)(=O)=O)cc3)ccc(F)c2F)ccc1Cl,6.026,active,"{0, 2, 3, 34.14, 5.664120000000003, 392.85400000000004}",0.0,2.0,3.0,34.14,5.664120000000003,392.85400000000004
CHEMBL467905,CC(=O)Oc1ccccc1C(=O)OC(CO[N+](=O)[O-])CO[N+](=O)[O-],7700.0,active,"{0, 0.5538999999999998, 9, 10, 344.2320000000001, 157.34000000000003}",0.0,0.5538999999999998,9.0,10.0,344.2320000000001,157.34000000000003
CHEMBL4062197,COc1cc(-c2cc(C(=O)OCCOc3cc(=O)oc4ccccc34)nn2-c2ccc(S(N)(=O)=O)cc2)cc(OC)c1OC,290.0,active,"{1, 3.5547000000000013, 171.40999999999997, 11, 12, 621.6240000000001}",1.0,3.5547000000000013,171.40999999999997,11.0,12.0,621.6240000000001
CHEMBL4075969,Cc1ccc(-c2cc(C(=O)OCCOc3ccc4ccc(=O)oc4c3)nn2-c2ccc(S(N)(=O)=O)cc2)cc1,400.0,active,"{545.5730000000002, 1, 3.837320000000002, 8, 9, 143.72}",545.5730000000002,1.0,3.837320000000002,8.0,9.0,143.72
CHEMBL3576978,Cc1ccc(S(=O)(=O)n2cc(C(=O)C(=O)N[C@H](Cc3c[nH]c4ccccc34)C(=O)NCC(=O)O)c3ccccc32)cc1,1000.0,active,"{2.77902, 4, 167.42999999999998, 7, 586.6260000000003, 10}",2.77902,4.0,167.42999999999998,7.0,586.6260000000003,10.0
CHEMBL4868446,CC(C)(O)COc1nc(OCCC(F)(F)F)c(CO)cc1-c1ccc(S(C)(=O)=O)cc1,500.0,active,"{2, 3.125300000000002, 7, 9, 105.94999999999999, 463.47400000000016}",2.0,3.125300000000002,7.0,9.0,105.94999999999999,463.47400000000016
CHEMBL1626804,Cc1cc[s+](-c2c(C3CCC(S(C)(=O)=O)CC3)occ(Cl)c2=O)c1,736037.6,inactive,"{0, 64.35, 3, 387.9300000000001, 4, 4.410720000000004}",0.0,64.35,3.0,387.9300000000001,4.0,4.410720000000004
CHEMBL72352,CS(=O)(=O)c1ccc(-c2occ(Cl)c(=O)c2-c2ccccc2)cc1,1080936.05,inactive,"{0, 64.35, 3, 4, 4.030700000000003, 360.81800000000004}",0.0,64.35,3.0,4.0,4.030700000000003,360.81800000000004
CHEMBL67759,CS(=O)(=O)c1ccc(-c2occ(Cl)c(=O)c2-c2ccc(F)cc2F)cc1,1386117.35,inactive,"{0, 64.35, 3, 4, 4.308900000000002, 396.79800000000006}",0.0,64.35,3.0,4.0,4.308900000000002,396.79800000000006
CHEMBL4202666,COc1ccc(-c2nc3cc(NC(=O)c4cc([N+](=O)[O-])ccc4Cl)ccc3o2)cc1OC,7400.0,active,"{1, 453.83800000000014, 6, 7, 5.325900000000004, 116.73}",1.0,453.83800000000014,6.0,7.0,5.325900000000004,116.73
CHEMBL281001,CS(=O)(=O)c1cnn(-c2ccc(S(N)(=O)=O)cc2)c1-c1ccc(Cl)cc1,19800.0,inactive,"{1, 2.2436000000000007, 4, 6, 112.12, 411.89200000000017}",1.0,2.2436000000000007,4.0,6.0,112.12,411.89200000000017
CHEMBL550126,CCCCOc1nc(-c2ccc(S(C)(=O)=O)cc2)cc(C(F)(F)F)n1,21.5,active,"{0, 3.7448000000000032, 69.15, 5, 6, 374.384}",0.0,3.7448000000000032,69.15,5.0,6.0,374.384
CHEMBL563322,CS(=O)(=O)c1ccc(-c2cc(C(F)(F)F)nc(NCC3CCOCC3)n2)cc1,5.0,active,"{1, 3.4044000000000016, 5, 6, 81.18, 415.43700000000024}",1.0,3.4044000000000016,5.0,6.0,81.18,415.43700000000024
CHEMBL549393,CCCCNc1nc(-c2ccc(S(C)(=O)=O)cc2)cc(C(F)(F)F)n1,1.3,active,"{1, 3.7779000000000025, 5, 6, 71.95, 373.40000000000003}",1.0,3.7779000000000025,5.0,6.0,71.95,373.40000000000003
CHEMBL314225,NS(=O)(=O)c1ccc(C2=C(c3ccc(F)c(F)c3)CC3(CC3)C2)cc1,3.0,active,"{1, 2, 3, 4.097000000000003, 361.4130000000001, 60.160000000000004}",1.0,2.0,3.0,4.097000000000003,361.4130000000001,60.160000000000004
CHEMBL561888,CS(=O)(=O)c1ccc(-c2cnc(Cc3ccc(F)cc3F)nc2-c2ccc(F)cc2)cc1,114.0,active,"{0, 4, 5, 454.4730000000001, 5.222200000000004, 59.92}",0.0,4.0,5.0,454.4730000000001,5.222200000000004,59.92
CHEMBL299806,CN(C)c1ccc(-c2cc(F)c(F)cc2-c2ccc(S(C)(=O)=O)cc2)cc1Cl,8.0,active,"{0, 3, 4, 37.38, 421.8960000000001, 5.421700000000004}",0.0,3.0,4.0,37.38,421.8960000000001,5.421700000000004
CHEMBL151590,NS(=O)(=O)/C=C/c1ccc(C(=O)c2ccccc2)cc1CO,8400.0,active,"{97.46000000000001, 2, 1.6691000000000005, 4, 5, 317.36600000000004}",97.46000000000001,2.0,1.6691000000000005,4.0,5.0,317.36600000000004
CHEMBL274893,CS(=O)(=O)c1ccc(C2=C(c3ccc(F)cc3)CCC2)cc1,2.6,active,"{0, 2, 3, 34.14, 4.323900000000004, 316.3970000000001}",0.0,2.0,3.0,34.14,4.323900000000004,316.3970000000001
CHEMBL490292,COc1ccc(-c2ssc(=O)c2-c2ccc(OC)cc2)cc1,1000.0,active,"{0, 35.53, 4, 5, 4.5210000000000035, 330.43000000000006}",0.0,35.53,4.0,5.0,4.5210000000000035,330.43000000000006
CHEMBL24837,COc1ccc2c(c1)c(CC(=O)NCCCCO)c(C)n2C(=O)c1ccc(Cl)cc1,1200.0,active,"{2, 3.7314200000000026, 5, 8, 428.91600000000005, 80.56}",2.0,3.7314200000000026,5.0,8.0,428.91600000000005,80.56
CHEMBL237398,Cc1c(CC(=O)NCCCO)c2cc(O)ccc2n1C(=O)c1ccc(Cl)cc1,3000.0,active,"{3, 3.0383200000000015, 5, 6, 400.8620000000001, 91.56}",3.0,3.0383200000000015,5.0,6.0,400.8620000000001,91.56
CHEMBL517334,C/C(=C\Cc1c(O)ccc(C(=O)/C=C/c2ccc(O)cc2)c1O)COC(=O)/C=C/c1ccc(O)cc1,15000.0,inactive,"{4, 5.150500000000005, 486.5200000000002, 7, 9, 124.29}",4.0,5.150500000000005,486.5200000000002,7.0,9.0,124.29
CHEMBL3910569,O=C(CNc1nc(-c2ccccc2)c(-c2ccccc2)s1)N1CCCCC1,15120.0,inactive,"{1, 4, 5, 4.901500000000004, 45.230000000000004, 377.51300000000026}",1.0,4.0,5.0,4.901500000000004,45.230000000000004,377.51300000000026
CHEMBL1290683,COc1cc(OC(F)(F)F)cc2c1OC(C(F)(F)F)C(C(=O)O)=C2,680.0,active,"{64.99000000000001, 1, 3, 4, 3.3851000000000013, 358.19000000000005}",64.99000000000001,1.0,3.0,4.0,3.3851000000000013,358.19000000000005
CHEMBL1630249,CCCc1cc2c(cc1Cl)C=C(C(=O)O)[C@H](C(F)(F)F)O2,5.0,active,"{320.69399999999996, 1, 2, 3, 4.083800000000003, 46.53}",320.69399999999996,1.0,2.0,3.0,4.083800000000003,46.53
CHEMBL3322393,CC1CN(c2ccc(S(C)(=O)=O)cc2)C(c2ccc(Cl)cc2)=N1,10000.0,inactive,"{0, 3, 4, 3.3988000000000023, 49.74, 348.85499999999996}",0.0,3.0,4.0,3.3988000000000023,49.74,348.85499999999996
CHEMBL346743,CS(=O)(=O)c1ccc(-c2cnn(CC(F)(F)F)c(=O)c2-c2ccccc2)cc1,11000.0,inactive,"{0, 3.5431000000000026, 4, 5, 69.03, 408.4010000000001}",0.0,3.5431000000000026,4.0,5.0,69.03,408.4010000000001
CHEMBL72859,Cc1oc(=O)n(-c2ccccc2)c1-c1ccc(S(N)(=O)=O)cc1,1798.87,active,"{1, 2.0533200000000003, 3, 5, 330.36500000000007, 95.29999999999998}",1.0,2.0533200000000003,3.0,5.0,330.36500000000007,95.29999999999998
CHEMBL4781301,Cc1c(-c2nn(-c3ccccc3)cc2/C=N/O)nnn1-c1ccc(C(=O)O)cc1,40.0,active,"{2, 2.9347200000000004, 388.38700000000017, 5, 8, 118.42}",2.0,2.9347200000000004,388.38700000000017,5.0,8.0,118.42
CHEMBL4788698,Cc1c(-c2nn(-c3ccccc3)cc2/C=N/O)nnn1-c1ccc(S(N)(=O)=O)cc1,40.0,active,"{1.8839199999999998, 2, 5, 423.4580000000002, 9, 141.28}",1.8839199999999998,2.0,5.0,423.4580000000002,9.0,141.28
CHEMBL1290433,NS(=O)(=O)c1ccc(-c2cc(Cl)cc3c2OC(C(F)(F)F)C(C(=O)O)=C3)cc1,760.0,active,"{2, 3, 4, 3.4457000000000013, 106.69000000000001, 433.79100000000005}",2.0,3.0,4.0,3.4457000000000013,106.69000000000001,433.79100000000005
CHEMBL313527,CS(=O)(=O)c1ccc(C2=C(c3ccc(O)cc3)C(=O)OC2)cc1,250000.0,inactive,"{1, 2.2633, 3, 5, 330.3610000000001, 80.67}",1.0,2.2633,3.0,5.0,330.3610000000001,80.67
CHEMBL16977,CC(C)(C)c1cc(-c2nnc(O)o2)cc(C(C)(C)C)c1O,20000.0,inactive,"{1, 290.363, 2, 3.742800000000003, 5, 79.38000000000001}",1.0,290.363,2.0,3.742800000000003,5.0,79.38000000000001
CHEMBL16522,C[S+]([O-])c1nnc(-c2cc(C(C)(C)C)c(O)c(C(C)(C)C)c2)s1,20000.0,inactive,"{352.5250000000001, 1, 2, 4.243100000000004, 69.07000000000001, 5}",352.5250000000001,1.0,2.0,4.243100000000004,69.07000000000001,5.0
CHEMBL417073,CC(C)(C)c1cc(-c2nnc(N)s2)cc(C(C)(C)C)c1O,3500.0,active,"{1, 2, 4.087900000000003, 5, 72.03, 305.44700000000006}",1.0,2.0,4.087900000000003,5.0,72.03,305.44700000000006
CHEMBL4080473,Cc1c(C(=O)NCCc2ccc(N(C)C)cc2)nc2ccc(Cl)cc2c1O,1670.0,active,"{65.46000000000001, 2, 3.9407200000000038, 4, 5, 383.8790000000001}",65.46000000000001,2.0,3.9407200000000038,4.0,5.0,383.8790000000001
CHEMBL147327,CS(=O)(=O)Nc1cc2c(cc1Sc1cncs1)C(=O)CC2,10000.0,inactive,"{1, 2.7947000000000015, 4, 6, 76.13, 340.45100000000014}",1.0,2.7947000000000015,4.0,6.0,76.13,340.45100000000014
CHEMBL4749298,Cn1nc(C(F)(F)F)cc1-c1ccn(C(F)F)c(=O)c1,690.0,active,"{0, 2, 2.662700000000001, 4, 293.19500000000005, 39.82}",0.0,2.0,2.662700000000001,4.0,293.19500000000005,39.82
CHEMBL1258844,COc1ccc2c(c1)c(CC(=O)O)c(C)n2C(=O)c1ccn(C(F)F)c(=O)c1,100000.0,inactive,"{1, 2.8307200000000012, 5, 390.34200000000004, 6, 90.53}",1.0,2.8307200000000012,5.0,390.34200000000004,6.0,90.53
CHEMBL41739,CS(=O)(=O)Nc1cc2c(cc1Sc1ncccc1Cl)C(=O)CC2,520.0,active,"{1, 3.3866000000000023, 4, 5, 76.13, 368.86700000000013}",1.0,3.3866000000000023,4.0,5.0,76.13,368.86700000000013
CHEMBL3309949,CN1C/C(=C\c2ccc(N(C)C)cc2[N+](=O)[O-])C(=O)/C(=C/c2ccc(N(C)C)cc2[N+](=O)[O-])C1,9120.0,active,"{0, 3.616500000000003, 6, 8, 465.5100000000002, 113.07}",0.0,3.616500000000003,6.0,8.0,465.5100000000002,113.07
CHEMBL350815,Cc1nc(C2CCCC2)c(-c2ccc(S(C)(=O)=O)cc2)o1,18000.0,inactive,"{0, 3, 4, 3.711120000000003, 305.39900000000006, 60.17}",0.0,3.0,4.0,3.711120000000003,305.39900000000006,60.17
CHEMBL328906,Cc1ccc2c(c1)CSc1c(C(F)(F)F)nn(-c3ccc(S(N)(=O)=O)cc3)c1-2,22.0,active,"{1, 2, 4.119620000000002, 5, 425.4570000000001, 77.98}",1.0,2.0,4.119620000000002,5.0,425.4570000000001,77.98
CHEMBL3402317,COc1ccc2cc(C(C)c3nc4s/c(=C\C(C)=C\c5ccccc5)c(=O)n4n3)ccc2c1,24600.0,inactive,"{0, 5, 453.5670000000001, 6, 5.067500000000005, 56.489999999999995}",0.0,5.0,453.5670000000001,6.0,5.067500000000005,56.489999999999995
CHEMBL3397715,CCCC/C(=C\c1cc(OCc2ccc(F)cc2)ccc1OCc1ccc(C(F)(F)F)cc1)C(=O)O,10000.0,inactive,"{1, 3, 7.660700000000007, 11, 502.5040000000002, 55.760000000000005}",1.0,3.0,7.660700000000007,11.0,502.5040000000002,55.760000000000005
CHEMBL4795293,Fc1ccc(CNc2nc(N3CCOCC3)nc3cc(-c4cccs4)ccc23)cc1F,50000.0,inactive,"{1, 5, 6, 5.085200000000004, 50.28, 438.5030000000001}",1.0,5.0,6.0,5.085200000000004,50.28,438.5030000000001
CHEMBL4472170,COc1ccc(-n2cc(COc3ccc(/C=C4\SC(=O)NC4=O)cc3)nn2)cc1,140.0,active,"{1, 3.1788000000000007, 6, 8, 408.4390000000001, 95.34}",1.0,3.1788000000000007,6.0,8.0,408.4390000000001,95.34
CHEMBL411894,NS(=O)(=O)c1ccc(-n2nc(C(F)(F)F)c3c2-c2cc(F)ccc2CS3)cc1,21.0,active,"{1, 2, 3.950300000000002, 5, 77.98, 429.4200000000001}",1.0,2.0,3.950300000000002,5.0,77.98,429.4200000000001
CHEMBL4447565,C#CCOc1ccc(/C=C2\SC(=S)NC2=O)cc1,120.0,active,"{1, 2.1874000000000002, 3, 4, 38.33, 275.354}",1.0,2.1874000000000002,3.0,4.0,38.33,275.354
CHEMBL4848190,CCc1cnc(OCC(C)(C)O)c(-c2ccc(S(C)(=O)=O)cc2)c1,950.0,active,"{1, 2.864200000000001, 5, 6, 76.49000000000001, 349.45200000000006}",1.0,2.864200000000001,5.0,6.0,76.49000000000001,349.45200000000006
CHEMBL4859571,CC(C)(O)COc1nc(OCCCC(F)(F)F)c(CO)cc1-c1ccc(S(C)(=O)=O)cc1,345.0,active,"{2, 3.5154000000000023, 7, 105.94999999999999, 10, 477.50100000000015}",2.0,3.5154000000000023,7.0,105.94999999999999,10.0,477.50100000000015
CHEMBL272208,CC(C)Nc1cc(NCc2ccccc2)nc(-c2ccc(S(C)(=O)=O)cc2)n1,273.8,active,"{2, 3.9795000000000025, 6, 7, 396.51600000000013, 83.98}",2.0,3.9795000000000025,6.0,7.0,396.51600000000013,83.98
CHEMBL408216,CCS(=O)(=O)c1cc(NCc2cccs2)nc(-c2ccc(S(C)(=O)=O)cc2)n1,144.5,active,"{1, 3.0143000000000013, 7, 8, 106.08999999999999, 437.56800000000015}",1.0,3.0143000000000013,7.0,8.0,106.08999999999999,437.56800000000015
CHEMBL4798519,Cc1c(-c2nn(-c3ccccc3)cc2/C=N/O)nnn1-c1ccc(F)cc1,50.0,active,"{1, 3.3756200000000014, 4, 7, 362.3680000000001, 81.12}",1.0,3.3756200000000014,4.0,7.0,362.3680000000001,81.12
CHEMBL26509,COc1ccc2c(c1)c(CC(=O)N[C@@H](CO)c1ccccc1)c(C)n2C(=O)c1ccc(Cl)cc1,440.0,active,"{2, 4.692520000000004, 5, 7, 80.56, 476.96000000000015}",2.0,4.692520000000004,5.0,7.0,80.56,476.96000000000015
CHEMBL71052,NS(=O)(=O)c1ccc(-c2coc(=O)n2-c2ccccc2)cc1,2398.83,active,"{1, 1.7449000000000001, 3, 5, 316.33799999999997, 95.30000000000001}",1.0,1.7449000000000001,3.0,5.0,316.33799999999997,95.30000000000001
CHEMBL41405,C=Cc1csc(Sc2cc3c(cc2NS(C)(=O)=O)COC3=O)n1,310.0,active,"{1, 2.9792000000000014, 5, 7, 368.4610000000002, 85.36}",1.0,2.9792000000000014,5.0,7.0,368.4610000000002,85.36
CHEMBL307197,NS(=O)(=O)c1ccc(-c2coc(=O)n2-c2cccc(Cl)c2)cc1,1499.68,active,"{1, 2.3983000000000008, 3, 5, 350.783, 95.30000000000001}",1.0,2.3983000000000008,3.0,5.0,350.783,95.30000000000001
CHEMBL144100,CS(=O)(=O)Nc1cc2c(cc1Sc1cccs1)C(=O)CC2,1000.0,active,"{1, 3.399700000000002, 4, 5, 339.46300000000014, 63.24}",1.0,3.399700000000002,4.0,5.0,339.46300000000014,63.24
CHEMBL4780636,CS(=O)(=O)c1ccc(-c2csc(N/N=C/c3ccc(O)cc3)n2)cc1,100000.0,inactive,"{2, 3.3652000000000015, 5, 7, 373.45900000000006, 91.65}",2.0,3.3652000000000015,5.0,7.0,373.45900000000006,91.65
CHEMBL37414,Cc1csc(Sc2cc3c(cc2NS(C)(=O)=O)CCC3=O)n1,380.0,active,"{1, 354.4780000000002, 3.1031200000000014, 4, 6, 76.13}",1.0,354.4780000000002,3.1031200000000014,4.0,6.0,76.13
CHEMBL118,Cc1ccc(-c2cc(C(F)(F)F)nn2-c2ccc(S(N)(=O)=O)cc2)cc1,40.0,active,"{1, 3, 4, 3.5139200000000006, 77.98, 381.3790000000001}",1.0,3.0,4.0,3.5139200000000006,77.98,381.3790000000001
CHEMBL405123,CS(=O)(=O)c1ccc(-c2nc(NCc3nccs3)cc(C(F)(F)F)n2)cc1,83.6,active,"{1, 3.634500000000002, 5, 7, 84.84, 414.434}",1.0,3.634500000000002,5.0,7.0,84.84,414.434
CHEMBL402784,CS(=O)(=O)Oc1ccc(CNc2cc(C(F)(F)F)nc(-c3ccc(S(C)(=O)=O)cc3)n2)cc1,10000.0,inactive,"{1, 3.5164000000000017, 7, 8, 115.32000000000001, 501.50800000000015}",1.0,3.5164000000000017,7.0,8.0,115.32000000000001,501.50800000000015
CHEMBL156399,CCc1nc2sc(-c3ccc(S(C)(=O)=O)cc3)c(-c3ccccc3)n2n1,15.0,active,"{0, 64.33, 4, 4.090700000000004, 6, 383.49800000000005}",0.0,64.33,4.0,4.090700000000004,6.0,383.49800000000005
CHEMBL321156,NS(=O)(=O)c1ccc(-n2cc(C(F)(F)F)nc2-c2cccs2)cc1,70.0,active,"{1, 3, 3.2670000000000012, 5, 77.98, 373.38100000000003}",1.0,3.0,3.2670000000000012,5.0,77.98,373.38100000000003
CHEMBL42801,Cc1c(CN(C)C)cc(-c2ccc(S(C)(=O)=O)cc2)n1-c1ccc(F)cc1,100000.0,inactive,"{0, 386.492, 4, 5, 4.056920000000003, 42.31}",0.0,386.492,4.0,5.0,4.056920000000003,42.31
CHEMBL143776,Fc1ccc(-c2[nH]c(-c3ccc(F)cc3)c3c2C2CCC3C2)cc1,0.08,active,"{0, 321.37000000000006, 2, 1, 5.991600000000004, 15.79}",0.0,321.37000000000006,2.0,1.0,5.991600000000004,15.79
CHEMBL145364,CSc1ccccc1OC(C)=O,250000.0,inactive,"{0, 2, 3, 2.3338, 182.24399999999994, 26.3}",0.0,2.0,3.0,2.3338,182.24399999999994,26.3
CHEMBL345108,Cc1nn(-c2ccccc2)c2c1c(O)nc1ccc([N+](=O)[O-])cc12,550.0,active,"{320.30800000000005, 1, 2, 3.4959200000000017, 6, 94.08}",320.30800000000005,1.0,2.0,3.4959200000000017,6.0,94.08
CHEMBL18796,CC1(O)OC(=O)C(Oc2ccc(F)c(F)c2)=C1c1ccc(S(C)(=O)=O)cc1,5000.0,active,"{1, 2.4237, 4, 6, 396.3670000000001, 89.9}",1.0,2.4237,4.0,6.0,396.3670000000001,89.9
CHEMBL105766,Cc1cncc(-c2nc(C(F)(F)F)cn2-c2ccc(S(N)(=O)=O)cc2)c1,510.0,active,"{1, 2.9089199999999993, 3, 5, 90.87, 382.3670000000001}",1.0,2.9089199999999993,3.0,5.0,90.87,382.3670000000001
CHEMBL42884,Cc1cc(F)cc(-c2nc(C(F)(F)F)cn2-c2ccc(S(C)(=O)=O)cc2)c1,110.0,active,"{0, 3, 4, 4.409120000000003, 398.3810000000001, 51.96}",0.0,3.0,4.0,4.409120000000003,398.3810000000001,51.96
CHEMBL111590,NS(=O)(=O)c1ccc(C2=C(c3ccc(Cl)cc3)CCC2)cc1,3.02,active,"{1, 2, 3, 4.082100000000002, 333.8400000000001, 60.160000000000004}",1.0,2.0,3.0,4.082100000000002,333.8400000000001,60.160000000000004
CHEMBL170639,CS(=O)(=O)c1ccc(-c2oc(=O)oc2-c2ccccc2)cc1,30000.0,inactive,"{0, 2.970300000000001, 3, 5, 77.49, 316.334}",0.0,2.970300000000001,3.0,5.0,77.49,316.334
CHEMBL45139,COc1ccccc1-c1nc(C(F)(F)F)cn1-c1ccc(S(C)(=O)=O)cc1,794.33,active,"{0, 3.970200000000003, 4, 5, 396.39000000000004, 61.190000000000005}",0.0,3.970200000000003,4.0,5.0,396.39000000000004,61.190000000000005
CHEMBL55072,COc1ccc(-c2cc(F)c(F)cc2-c2ccc(S(N)(=O)=O)cc2)cc1F,12.88,active,"{1, 3, 4, 69.39, 4.093900000000002, 393.3860000000001}",1.0,3.0,4.0,69.39,4.093900000000002,393.3860000000001
CHEMBL117852,CCCc1ccc(-c2c(Cl)ncn2-c2ccc(S(C)(=O)=O)cc2)cc1,100.0,active,"{0, 4, 5, 4.548700000000004, 51.96, 374.8930000000001}",0.0,4.0,5.0,4.548700000000004,51.96,374.8930000000001
CHEMBL143339,CCCCCCCSc1ccccc1OC(C)=O,2000.0,active,"{0, 3, 4.674400000000004, 8, 266.406, 26.3}",0.0,3.0,4.674400000000004,8.0,266.406,26.3
CHEMBL4071061,Cc1ccc(NC(=O)c2c(N=Cc3ccco3)c(C#N)c3n2CCC3)cc1,190.0,active,"{1, 4, 5, 358.4010000000002, 4.210300000000003, 83.32}",1.0,4.0,5.0,358.4010000000002,4.210300000000003,83.32
CHEMBL4468689,CS(=O)(=O)c1ccc(-c2nnnn2-c2ccc(O)cc2)cc1,300000.0,inactive,"{1, 97.97000000000001, 3, 1.4384, 7, 316.34200000000004}",1.0,97.97000000000001,3.0,1.4384,7.0,316.34200000000004
CHEMBL4563498,CS(=O)(=O)c1ccc(Cc2nnnn2-c2ccc(CCO)cc2)cc1,3000.0,active,"{1, 97.97000000000001, 1.1914, 358.4230000000001, 7, 6}",1.0,97.97000000000001,1.1914,358.4230000000001,7.0,6.0
CHEMBL196041,NS(=O)(=O)c1ccc(-c2c(-c3ccccc3)noc2CCF)cc1,8.0,active,"{1, 3.168000000000002, 4, 5, 86.19000000000001, 346.3830000000001}",1.0,3.168000000000002,4.0,5.0,86.19000000000001,346.3830000000001
CHEMBL324048,CN(C)c1ccc(-c2c(Cl)ncn2-c2ccc(S(C)(=O)=O)cc2)cc1Cl,27.0,active,"{0, 4, 5, 4.315600000000003, 55.2, 410.32600000000014}",0.0,4.0,5.0,4.315600000000003,55.2,410.32600000000014
CHEMBL144850,CCCCCCCCSc1ccccc1OC(C)=O,40000.0,inactive,"{0, 3, 5.064500000000005, 9, 280.43300000000005, 26.3}",0.0,3.0,5.064500000000005,9.0,280.43300000000005,26.3
CHEMBL4643613,COC(=O)[C@H](Cc1c[nH]c2ccccc12)n1cc(COc2nc(Cl)nc(N3CCCCC3)n2)nn1,10000.0,inactive,"{1, 3.1239000000000017, 8, 10, 496.9590000000003, 123.94}",1.0,3.1239000000000017,8.0,10.0,496.9590000000003,123.94
CHEMBL116343,Cc1ncc(-c2ccc(S(C)(=O)=O)cc2)n1-c1ccc(F)cc1,51.0,active,"{0, 3, 4, 3.3903200000000018, 330.384, 51.96}",0.0,3.0,4.0,3.3903200000000018,330.384,51.96
CHEMBL29717,NS(=O)(=O)c1ccc(-n2nc(C(F)(F)F)cc2-c2ccc(Cl)c(Cl)c2)cc1,15.14,active,"{1, 3, 4, 4.512300000000002, 77.98, 436.2420000000001}",1.0,3.0,4.0,4.512300000000002,77.98,436.2420000000001
CHEMBL479210,C=C[C@@H]1[C@@H](O)C[C@@H]2[C@]3(CC[C@]4(C)[C@@H]([C@H](C)CCC(OO)C(=C)C)CC[C@@]24C)C[C@]13CCC(=O)OC,4.7,active,"{2, 5, 6.566100000000007, 488.70900000000046, 10, 75.99}",2.0,5.0,6.566100000000007,488.70900000000046,10.0,75.99
CHEMBL1629743,CS(=O)(=O)c1ccc(C2=NN(C(N)=S)C(c3ccc(Cl)cc3)C2)cc1,9350.0,active,"{1, 3, 4, 3.138200000000002, 393.92100000000005, 75.76}",1.0,3.0,4.0,3.138200000000002,393.92100000000005,75.76
CHEMBL150773,CC(=O)c1cc(/C=C/S(N)(=O)=O)cc(C(=O)c2ccccc2)c1,20000.0,inactive,"{1, 2.3794000000000004, 4, 5, 329.37699999999995, 94.30000000000001}",1.0,2.3794000000000004,4.0,5.0,329.37699999999995,94.30000000000001
CHEMBL127868,Cc1ccc(Oc2c(-c3ccc(S(C)(=O)=O)cc3)oc(C)cc2=O)cc1,210.0,active,"{0, 4, 5, 4.119440000000003, 73.58000000000001, 370.42600000000016}",0.0,4.0,5.0,4.119440000000003,73.58000000000001,370.42600000000016
CHEMBL3596284,Fc1ccc2c(C3CCN(CC4=NO[C@@H]5CCCC[C@@H]5[C@H]4c4ccccc4)CC3)noc2c1,4700.0,active,"{0, 4, 5, 5.875100000000006, 50.86, 447.5540000000002}",0.0,4.0,5.0,5.875100000000006,50.86,447.5540000000002
CHEMBL111590,NS(=O)(=O)c1ccc(C2=C(c3ccc(Cl)cc3)CCC2)cc1,3.0,active,"{1, 2, 3, 4.082100000000002, 333.8400000000001, 60.160000000000004}",1.0,2.0,3.0,4.082100000000002,333.8400000000001,60.160000000000004
CHEMBL96011,COc1ccc2c(c1)c(CC(=O)Nc1ccc(SC)cc1)c(C)n2C(=O)c1ccc(Cl)cc1,120.0,active,"{1, 5, 6, 6.203320000000004, 60.33, 479.0010000000002}",1.0,5.0,6.0,6.203320000000004,60.33,479.0010000000002
CHEMBL97846,COc1ccc(NC(=O)Cc2c(C)n(C(=O)c3ccc(Cl)cc3)c3ccc(OC)cc23)cc1,56.0,active,"{1, 69.56, 5, 6, 5.490020000000004, 462.9330000000001}",1.0,69.56,5.0,6.0,5.490020000000004,462.9330000000001
CHEMBL111657,CS(=O)(=O)c1ccc(C2=C(c3ccc(F)c(F)c3)CCC2)cc1,51.0,active,"{0, 2, 3, 34.14, 4.463000000000004, 334.3870000000001}",0.0,2.0,3.0,34.14,4.463000000000004,334.3870000000001
CHEMBL4215506,COc1ccc(-c2nc3cc(NC(=O)c4cccc([N+](=O)[O-])c4)ccc3o2)cc1OC,930.0,active,"{1, 419.3930000000002, 4.672500000000003, 6, 7, 116.73}",1.0,419.3930000000002,4.672500000000003,6.0,7.0,116.73
CHEMBL368409,CS(=O)(=O)c1ccc(-c2snnc2-c2ccc(F)cc2)cc1,6500.0,active,"{0, 3, 3.4147000000000016, 5, 334.39700000000005, 59.92}",0.0,3.0,3.4147000000000016,5.0,334.39700000000005,59.92
CHEMBL5187700,COc1ccc2cc([C@H](C)C(=O)NC(Cn3cncn3)C(=O)c3ccccc3)ccc2c1,1960.0,active,"{1, 3.6113000000000026, 6, 8, 428.49200000000013, 86.10999999999999}",1.0,3.6113000000000026,6.0,8.0,428.49200000000013,86.10999999999999
CHEMBL4074825,Cc1c(C(=O)N2CCN(c3ccccc3)CC2)nc2ccc(Cl)cc2c1O,1130.0,active,"{1, 2, 3.8646200000000035, 4, 56.67, 381.8630000000001}",1.0,2.0,3.8646200000000035,4.0,56.67,381.8630000000001
CHEMBL5272969,CCOP(=O)(OCC)C(NC(=O)c1cc(-c2ccc(Cl)cc2)n(-c2ccc(S(N)(=O)=O)cc2)n1)c1ccc(Br)cc1,280.0,active,"{2, 6.297300000000005, 8, 681.9330000000001, 11, 142.61}",2.0,6.297300000000005,8.0,681.9330000000001,11.0,142.61
CHEMBL5283806,CCOP(=O)(OCC)C(NC(=O)c1cc(-c2cccc(OC)c2)n(-c2ccc(S(N)(=O)=O)cc2)n1)c1ccccc1,280.0,active,"{2, 4.890000000000003, 9, 12, 598.6180000000002, 151.83999999999997}",2.0,4.890000000000003,9.0,12.0,598.6180000000002,151.83999999999997
CHEMBL5279811,COc1cc(/C=C2\C(=O)N(c3ccc(S(N)(=O)=O)cc3)N=C2C)ccc1OCC#N,150.0,active,"{1, 2.05108, 6, 135.07999999999998, 7, 426.4540000000002}",1.0,2.05108,6.0,135.07999999999998,7.0,426.4540000000002
CHEMBL97411,CCCCCCCCOC(=O)Cc1c(C)n(C(=O)c2ccc(Cl)cc2)c2ccc(OC)cc12,90.0,active,"{0, 5, 6.746420000000007, 11, 470.0090000000001, 57.53}",0.0,5.0,6.746420000000007,11.0,470.0090000000001,57.53
CHEMBL1080405,CCc1cccc(Nc2cnccc2NS(=O)(=O)C(F)(F)F)c1,240.0,active,"{2, 3.6491000000000007, 4, 5, 71.09, 345.346}",2.0,3.6491000000000007,4.0,5.0,71.09,345.346
CHEMBL23128,CS(=O)(=O)c1ccc(C2=C(c3ccccn3)C(=O)CC2)cc1,9800.0,active,"{0, 64.1, 2.7588000000000017, 3, 4, 313.3780000000001}",0.0,64.1,2.7588000000000017,3.0,4.0,313.3780000000001
CHEMBL55189,CS(=O)(=O)c1ccc(-c2nccnc2-c2ccc(F)cc2)cc1,100000.0,inactive,"{0, 3, 4, 3.353200000000002, 328.36800000000005, 59.92}",0.0,3.0,4.0,3.353200000000002,328.36800000000005,59.92
CHEMBL16819,CCSc1nnc(-c2cc(C(C)(C)C)c(O)c(C(C)(C)C)c2)o1,6500.0,active,"{1, 3, 5, 5.149200000000005, 334.4850000000001, 59.150000000000006}",1.0,3.0,5.0,5.149200000000005,334.4850000000001,59.150000000000006
CHEMBL16854,CC(C)Oc1nnc(-c2cc(C(C)(C)C)c(O)c(C(C)(C)C)c2)s1,20000.0,inactive,"{1, 3, 5, 5.292900000000006, 55.24000000000001, 348.5120000000001}",1.0,3.0,5.0,5.292900000000006,55.24000000000001,348.5120000000001
CHEMBL423638,COC1(c2cc(F)cc(OCc3cc(-c4ccccc4)n(-c4ccc(S(C)(=O)=O)cc4)n3)c2)CCOCC1,50.0,active,"{0, 5.313000000000005, 7, 8, 79.65, 536.6250000000001}",0.0,5.313000000000005,7.0,8.0,79.65,536.6250000000001
CHEMBL351436,CCCCCCCCCCCCCCCc1cccc(OCC)c1CSc1nc2ccccc2s1,10000.0,inactive,"{0, 4, 10.62099999999999, 19, 22.12, 511.84100000000024}",0.0,4.0,10.62099999999999,19.0,22.12,511.84100000000024
CHEMBL5265839,CN1C/C(=C\c2ccc(O)s2)C2=NN(c3ccccc3)C(c3ccc(O)s3)C2C1,2.0,active,"{2, 3, 4.783300000000003, 7, 423.5630000000001, 59.3}",2.0,3.0,4.783300000000003,7.0,423.5630000000001,59.3
CHEMBL5290253,Cc1sc(/C=C2\CN(C)CC3C2=NN(c2ccccc2)C3c2cc(Br)c(C)s2)cc1Br,2.0,active,"{0, 577.4110000000001, 3, 5, 7.513940000000004, 18.84}",0.0,577.4110000000001,3.0,5.0,7.513940000000004,18.84
CHEMBL3921251,O=C(Oc1ccc2c(c1)CCC2)N(NS(=O)(=O)c1ccc(Cl)cc1)c1ccccc1,1000.0,active,"{1, 4, 5, 4.727600000000003, 75.71000000000001, 442.92400000000004}",1.0,4.0,5.0,4.727600000000003,75.71000000000001,442.92400000000004
CHEMBL5188821,O=C(c1ccc(-c2nc(CSc3nc4ccccc4s3)no2)cc1)N1CCOCC1,5000.0,active,"{0, 4.111000000000003, 5, 8, 81.35, 438.5340000000003}",0.0,4.111000000000003,5.0,8.0,81.35,438.5340000000003
CHEMBL3885496,Cc1ccc(-c2cc(C(F)(F)F)nn2-c2ccc(S(=O)(=O)NCCCCCCC(=O)NO)cc2)cc1,300.0,active,"{3, 4.600720000000003, 6, 11, 524.5650000000004, 113.32000000000001}",3.0,4.600720000000003,6.0,11.0,524.5650000000004,113.32000000000001
CHEMBL3576988,Cc1ccc(S(=O)(=O)n2cc(C(=O)C(=O)N[C@@H](Cc3c[nH]c4ccccc34)C(=O)O)c3ccccc32)cc1,13500.0,inactive,"{3, 3.6628200000000017, 6, 8, 138.32999999999998, 529.5740000000003}",3.0,3.6628200000000017,6.0,8.0,138.32999999999998,529.5740000000003
CHEMBL3325729,Cc1nn(-c2ccccc2)c(N2CCN(C)CC2)c1/C=N/Nc1nc2ccccc2nc1O,480.0,active,"{2, 3.027320000000002, 5, 9, 442.52700000000004, 94.7}",2.0,3.027320000000002,5.0,9.0,442.52700000000004,94.7
CHEMBL274893,CS(=O)(=O)c1ccc(C2=C(c3ccc(F)cc3)CCC2)cc1,26.0,active,"{0, 2, 3, 34.14, 4.323900000000004, 316.3970000000001}",0.0,2.0,3.0,34.14,4.323900000000004,316.3970000000001
CHEMBL16127,C=CCONC1=NC(=O)/C(=C/c2cc(C(C)(C)C)c(O)c(C(C)(C)C)c2)S1,2700.0,active,"{2, 388.53300000000013, 5, 4, 70.92, 4.664700000000004}",2.0,388.53300000000013,5.0,4.0,70.92,4.664700000000004
CHEMBL431546,NS(=O)(=O)c1ccc(C2=C(c3ccc(F)cc3)C(=O)OC2)cc1,800.0,active,"{1, 1.9407, 3, 4, 333.3400000000001, 86.46000000000001}",1.0,1.9407,3.0,4.0,333.3400000000001,86.46000000000001
CHEMBL127190,Cc1cc(=O)c(-c2ccc(Cl)c(Cl)c2)c(-c2ccc(S(C)(=O)=O)cc2)o1,680.0,active,"{0, 64.35, 3, 4, 4.992520000000003, 409.29000000000013}",0.0,64.35,3.0,4.0,4.992520000000003,409.29000000000013
CHEMBL4862802,CCCOc1nc(OCC(C)(C)O)c(-c2ccc(S(C)(=O)=O)cc2)cc1CO,600.0,active,"{2, 2.582900000000001, 7, 105.95, 9, 409.50400000000013}",2.0,2.582900000000001,7.0,105.95,9.0,409.50400000000013
CHEMBL4867405,COCCOc1nc(OCC(C)(C)O)c(-c2ccc(S(C)(=O)=O)cc2)cc1CO,2950.0,active,"{1.8192999999999997, 2, 8, 425.50300000000016, 10, 115.17999999999999}",1.8192999999999997,2.0,8.0,425.50300000000016,10.0,115.17999999999999
CHEMBL4879174,CCCCOc1nc(OCC2(O)COC2)c(-c2ccc(S(C)(=O)=O)cc2)cc1CO,1320.0,active,"{1.9634000000000005, 2, 8, 10, 115.17999999999999, 437.5140000000001}",1.9634000000000005,2.0,8.0,10.0,115.17999999999999,437.5140000000001
CHEMBL4859571,CC(C)(O)COc1nc(OCCCC(F)(F)F)c(CO)cc1-c1ccc(S(C)(=O)=O)cc1,78.0,active,"{2, 3.5154000000000023, 7, 105.94999999999999, 10, 477.50100000000015}",2.0,3.5154000000000023,7.0,105.94999999999999,10.0,477.50100000000015
CHEMBL4857474,CCCCOc1nc(OCC(C)(C)O)c(-c2ccc(S(N)(=O)=O)cn2)cc1CO,450.0,active,"{1.6119, 3, 8, 425.5070000000002, 10, 144.85999999999999}",1.6119,3.0,8.0,425.5070000000002,10.0,144.85999999999999
CHEMBL57837,Cc1cc(-c2cc(F)c(F)cc2-c2ccc(S(C)(=O)=O)cc2)ccc1Cl,6.0,active,"{0, 2, 3, 34.14, 5.664120000000004, 392.85400000000016}",0.0,2.0,3.0,34.14,5.664120000000004,392.85400000000016
CHEMBL416126,CS(=O)(=O)c1ccc(-c2cc(F)c(F)cc2-c2ccc3c(c2)OCO3)cc1,12.0,active,"{0, 3, 388.39100000000013, 4, 4.431000000000004, 52.60000000000001}",0.0,3.0,388.39100000000013,4.0,4.431000000000004,52.60000000000001
CHEMBL278040,CCCSc1nnc(-c2cc(C(C)C)c(O)c(C(C)C)c2)s1,20000.0,inactive,"{1, 5, 6, 5.659600000000005, 46.010000000000005, 336.52600000000007}",1.0,5.0,6.0,5.659600000000005,46.010000000000005,336.52600000000007
CHEMBL158495,CCCCCCCCCCCCCCCc1cccc(OC)c1CSc1nc2ccccc2s1,1060.0,active,"{0, 4, 10.230899999999993, 497.8140000000002, 18, 22.12}",0.0,4.0,10.230899999999993,497.8140000000002,18.0,22.12
CHEMBL1290802,Cc1cc(OC(F)(F)F)cc2c1O[C@H](C(F)(F)F)C(C(=O)O)=C2,14.0,active,"{1, 2, 3, 3.684920000000001, 342.1910000000001, 55.760000000000005}",1.0,2.0,3.0,3.684920000000001,342.1910000000001,55.760000000000005
CHEMBL1289129,CCCc1cc(OC(F)(F)F)cc2c1O[C@H](C(F)(F)F)C(C(=O)O)=C2,42.0,active,"{1, 3, 4, 4.3290000000000015, 370.245, 55.760000000000005}",1.0,3.0,4.0,4.3290000000000015,370.245,55.760000000000005
CHEMBL315520,COc1c(Cl)cc(C2=C(c3ccc(S(C)(=O)=O)cc3)CC3(CC3)C2)cc1Cl,6.0,active,"{0, 3, 4, 5.890300000000003, 423.3610000000002, 43.370000000000005}",0.0,3.0,4.0,5.890300000000003,423.3610000000002,43.370000000000005
CHEMBL28487,Nc1cnn(-c2ccc(S(N)(=O)=O)cc2)c1-c1ccccc1,29700.0,inactive,"{1.7689000000000004, 2, 3, 5, 104.0, 314.37}",1.7689000000000004,2.0,3.0,5.0,104.0,314.37
CHEMBL362138,Cc1[nH]c2cc(S(C)(=O)=O)ccc2c1Cc1ccc(F)cc1,80.0,active,"{1, 2, 3, 3.609720000000002, 49.93, 317.385}",1.0,2.0,3.0,3.609720000000002,49.93,317.385
CHEMBL4074351,N#Cc1c(N=Cc2cccnc2)c(C(=O)Nc2ccc(Cl)cc2)n2c1CCC2,680.0,active,"{1, 4, 5, 389.8460000000001, 4.357280000000003, 83.07}",1.0,4.0,5.0,389.8460000000001,4.357280000000003,83.07
CHEMBL148545,Cc1ccc(Cl)c(Nc2ccccc2C(=O)NCCOc2ccccc2)c1Cl,66000.0,inactive,"{2, 3, 5.854220000000004, 7, 50.36, 415.32000000000016}",2.0,3.0,5.854220000000004,7.0,50.36,415.32000000000016
CHEMBL568715,CC(=O)OCO/N=[N+](\[O-])N(C)CCOC(=O)Cc1ccc(-c2cc(C(F)(F)F)nn2-c2ccc(S(C)(=O)=O)cc2)cc1,4600.0,active,"{0, 3.3088000000000015, 613.5710000000001, 11, 12, 155.45999999999998}",0.0,3.3088000000000015,613.5710000000001,11.0,12.0,155.45999999999998
CHEMBL284761,Cc1nc(-c2ccc(C)s2)c(-c2ccc(S(N)(=O)=O)c(F)c2)o1,26.0,active,"{352.4120000000001, 1, 3, 3.473440000000002, 5, 86.19}",352.4120000000001,1.0,3.0,3.473440000000002,5.0,86.19
CHEMBL330381,COc1ccc2c(c1)c(CC(=O)Nc1cccc(SC)c1)c(C)n2C(=O)c1ccc(Cl)cc1,220.0,active,"{1, 5, 6, 6.203320000000004, 60.33, 479.0010000000002}",1.0,5.0,6.0,6.203320000000004,60.33,479.0010000000002
CHEMBL3402595,Cc1c(CC(=O)NC(C)C)cc(-c2ccc(S(C)(=O)=O)cc2)n1-c1ccc(F)cc1,4910.0,active,"{1, 4, 68.17, 6, 4.062420000000003, 428.5290000000001}",1.0,4.0,68.17,6.0,4.062420000000003,428.5290000000001
CHEMBL4126559,CCN1C(C)=CC/C1=N/N=C(\C)c1cc2ccccc2oc1=O,310.0,active,"{0, 3, 4, 3.544900000000003, 309.3690000000001, 58.17}",0.0,3.0,4.0,3.544900000000003,309.3690000000001,58.17
CHEMBL4129191,C/C(=N\N=C1\CC(C)C(=O)N1C)c1cc2ccccc2oc1=O,390.0,active,"{0, 2, 2.4137000000000004, 5, 75.24000000000001, 311.34100000000007}",0.0,2.0,2.4137000000000004,5.0,75.24000000000001,311.34100000000007
CHEMBL108857,CC1(C)OC(=O)C(Oc2cccc(Cl)n2)=C1c1ccc(S(C)(=O)=O)cc1,3600.0,active,"{0, 3.264000000000002, 4, 6, 393.8480000000001, 82.56}",0.0,3.264000000000002,4.0,6.0,393.8480000000001,82.56
CHEMBL578389,O=C(O)c1cc(-c2ccn(C(F)F)c(=O)c2)ccc1O,980.0,active,"{2, 3, 4, 2.314200000000001, 79.53, 281.214}",2.0,3.0,4.0,2.314200000000001,79.53,281.214
CHEMBL444805,CC1C(c2ccccc2)=C(c2ccc(S(C)(=O)=O)cc2)ON1C,4.2,active,"{0, 3, 4, 3.2239000000000013, 329.42100000000005, 46.61000000000001}",0.0,3.0,4.0,3.2239000000000013,329.42100000000005,46.61000000000001
CHEMBL184327,COc1ccc(-c2c(-c3ccc(S(N)(=O)=O)cc3)ccc(F)c2F)cc1OC,64.57,active,"{1, 3.963400000000002, 4, 5, 78.62, 405.4220000000001}",1.0,3.963400000000002,4.0,5.0,78.62,405.4220000000001
CHEMBL183515,CS(=O)(=O)c1ccc(-c2ccc(F)c(F)c2-c2ccc3c(c2)OCO3)cc1,12.02,active,"{0, 3, 388.39100000000013, 4, 4.431000000000004, 52.60000000000001}",0.0,3.0,388.39100000000013,4.0,4.431000000000004,52.60000000000001
CHEMBL365622,Cc1ccc(-c2c(-c3ccc(S(C)(=O)=O)cc3)ccc(F)c2F)cc1,6.918,active,"{0, 2, 3, 34.14, 5.010720000000003, 358.40900000000005}",0.0,2.0,3.0,34.14,5.010720000000003,358.40900000000005
CHEMBL126244,Cc1cc(=O)c(-c2cccc(F)c2)c(-c2ccc(S(C)(=O)=O)cc2)o1,3369.77,active,"{0, 64.35, 3, 4, 3.8248200000000026, 358.3900000000001}",0.0,64.35,3.0,4.0,3.8248200000000026,358.3900000000001
CHEMBL396182,O=C(O)Cc1cccn1-c1ccc2c(c1)OCCO2,2200.0,active,"{1, 1.8755999999999997, 3, 259.26099999999997, 4, 60.69}",1.0,1.8755999999999997,3.0,259.26099999999997,4.0,60.69
CHEMBL183294,CS(=O)(=O)c1ccc2c(Sc3ccccc3Cl)c(C#N)[nH]c2c1,570.0,active,"{1, 3, 4, 4.247680000000003, 73.72, 362.86300000000006}",1.0,3.0,4.0,4.247680000000003,73.72,362.86300000000006
CHEMBL3809163,CC(C)C[C@H](NC(=O)CNC(=O)[C@@H](NC(=O)OCc1ccccc1)C(C)C)C(=O)O,28000.0,inactive,"{1.6691000000000005, 4, 5, 421.49400000000014, 133.83, 11}",1.6691000000000005,4.0,5.0,421.49400000000014,133.83,11.0
CHEMBL270078,CS(=O)(=O)c1ccc(-c2nc(Cl)cc(NCc3cccs3)n2)cc1,12.7,active,"{1, 3.874100000000002, 5, 6, 71.95, 379.89400000000006}",1.0,3.874100000000002,5.0,6.0,71.95,379.89400000000006
CHEMBL3400661,CCC(C)C(=O)O[C@@]12[C@H](O)[C@@H](C)[C@]3(O)[C@@H]4C=C(C)C(=O)[C@@H]4CC(CO)=C[C@H]3[C@@H]1C2(C)C,50000.0,inactive,"{2.4122000000000003, 3, 4, 6, 104.06000000000002, 432.55700000000024}",2.4122000000000003,3.0,4.0,6.0,104.06000000000002,432.55700000000024
CHEMBL24957,CC[C@H](CO)NC(=O)Cc1c(C)n(C(=O)c2ccc(Cl)cc2)c2ccc(OC)cc12,100.0,active,"{2, 3.729820000000003, 5, 7, 428.91600000000017, 80.56}",2.0,3.729820000000003,5.0,7.0,428.91600000000017,80.56
CHEMBL44926,NS(=O)(=O)c1ccc(-n2cc(C(F)(F)F)nc2-c2ccccc2F)cc1,100.0,active,"{385.34200000000004, 1, 3, 4, 3.3446000000000016, 77.98}",385.34200000000004,1.0,3.0,4.0,3.3446000000000016,77.98
CHEMBL115864,CS(=O)(=O)c1ccc(-n2c(CO)nc(Cl)c2-c2ccc(F)cc2)cc1,10000.0,inactive,"{1, 3.2276000000000016, 4, 5, 72.19, 380.8280000000001}",1.0,3.2276000000000016,4.0,5.0,72.19,380.8280000000001
CHEMBL4074153,CCOC(=O)C1=C(N)n2c(=O)ccc(=O)n2C1c1ccccc1O,90.1,active,"{0.008999999999999952, 2, 3, 8, 329.31200000000007, 116.55}",0.008999999999999952,2.0,3.0,8.0,329.31200000000007,116.55
CHEMBL419268,Cc1oc(=O)n(-c2ccc(Cl)c(Cl)c2)c1-c1ccc(S(N)(=O)=O)cc1,230.14,active,"{1, 3, 3.360120000000002, 5, 399.2550000000001, 95.29999999999998}",1.0,3.0,3.360120000000002,5.0,399.2550000000001,95.29999999999998
CHEMBL451919,CCCCCC1=CC(=O)C=C(OC)C1=O,1900.0,active,"{0, 2.1752000000000002, 3, 5, 43.370000000000005, 208.25699999999998}",0.0,2.1752000000000002,3.0,5.0,43.370000000000005,208.25699999999998
CHEMBL43755,CN(C)S(=O)(=O)c1ccc(-n2c(CCC(=O)O)ccc2-c2ccc(F)cc2)cc1,7500.0,active,"{416.47400000000005, 1, 3.550900000000002, 4, 7, 79.61}",416.47400000000005,1.0,3.550900000000002,4.0,7.0,79.61
CHEMBL117491,CS(=O)(=O)c1ccc(-n2cnc(Cl)c2-c2cccnc2)cc1,10000.0,inactive,"{0, 64.85, 2.991200000000001, 3, 5, 333.8}",0.0,64.85,2.991200000000001,3.0,5.0,333.8
CHEMBL3745861,COc1cc(C2CC(c3ccco3)=NN2c2ccc(S(N)(=O)=O)cc2)cc(OC)c1OC,1970.0,active,"{1, 3.3085000000000013, 7, 8, 457.50800000000027, 116.59}",1.0,3.3085000000000013,7.0,8.0,457.50800000000027,116.59
CHEMBL127674,Cc1ccc(C2=C(c3ccc(S(C)(=O)=O)cc3)CCC2)cc1,3.0,active,"{0, 2, 3, 34.14, 4.4932200000000035, 312.43400000000014}",0.0,2.0,3.0,34.14,4.4932200000000035,312.43400000000014
CHEMBL4436095,O=C1NC(=S)S/C1=C\c1ccc(OCc2cn(CC(=O)c3ccc(Cl)cc3)nn2)cc1,150.0,active,"{1, 3.8822000000000028, 7, 8, 86.11, 470.9630000000002}",1.0,3.8822000000000028,7.0,8.0,86.11,470.9630000000002
CHEMBL3809842,COC(=O)[C@H](C)NC(=O)[C@H](CC(C)C)NC(=O)CNC(=O)[C@@H](NC(=O)OCc1ccccc1)C(C)C,80.0,active,"{1.262200000000003, 4, 7, 13, 151.92999999999998, 506.60000000000025}",1.262200000000003,4.0,7.0,13.0,151.92999999999998,506.60000000000025
CHEMBL3809120,CC(C)C[C@H](NC(=O)[C@H](C)NC(=O)[C@@H](NC(=O)CNC(=O)OCc1ccccc1)C(C)C)C(=O)O,300.0,active,"{1.1738000000000037, 162.93, 5, 6, 492.5730000000002, 13}",1.1738000000000037,162.93,5.0,6.0,492.5730000000002,13.0
CHEMBL3809099,COC(=O)[C@H](CC(C)C)NC(=O)[C@H](C)NC(=O)[C@@H](NC(=O)CNC(=O)OCc1ccccc1)C(C)C,19000.0,inactive,"{1.2622000000000042, 4, 7, 13, 151.92999999999998, 506.60000000000025}",1.2622000000000042,4.0,7.0,13.0,151.92999999999998,506.60000000000025
CHEMBL3810258,CC(C)C[C@H](NC(=O)[C@@H](NC(=O)[C@H](C)NC(=O)CNC(=O)OCc1ccccc1)C(C)C)C(=O)O,8000.0,active,"{1.1738000000000035, 162.93, 5, 6, 492.5730000000002, 13}",1.1738000000000035,162.93,5.0,6.0,492.5730000000002,13.0
CHEMBL434014,CSc1csc(Sc2cc3c(cc2NS(C)(=O)=O)COC3=O)n1,290.0,active,"{1, 3.0581000000000014, 388.51700000000017, 5, 8, 85.36}",1.0,3.0581000000000014,388.51700000000017,5.0,8.0,85.36
CHEMBL4856126,CCCCOc1nc(OCC(C)(C)O)c(-c2ccc(S(C)(=O)=O)cc2)cc1C(C)(C)O,1210.0,active,"{2, 451.5850000000002, 3.708100000000003, 7, 105.95, 10}",2.0,451.5850000000002,3.708100000000003,7.0,105.95,10.0
CHEMBL3808663,COC(=O)[C@@H](NC(=O)[C@H](C)NC(=O)CN)C(C)C,8000.0,active,"{3, 259.306, 5, 6, 110.52, -1.2363999999999977}",3.0,259.306,5.0,6.0,110.52,-1.2363999999999977
CHEMBL3808627,COC(=O)[C@@H](NC(=O)[C@H](C)NC(=O)CNC(=O)OCc1ccccc1)C(C)C,100.0,active,"{0.7313000000000021, 3, 6, 393.44000000000017, 9, 122.83}",0.7313000000000021,3.0,6.0,393.44000000000017,9.0,122.83
CHEMBL95402,CCCCCCCCCNC(=O)Cc1c(C)n(C(=O)c2ccc(Cl)cc2)c2ccc(OC)cc12,40.0,active,"{1, 483.05200000000025, 4, 6.709520000000007, 12, 60.33}",1.0,483.05200000000025,4.0,6.709520000000007,12.0,60.33
CHEMBL49114,CS(=O)(=O)c1ccc(C2=C(c3ccccc3)C(=O)N(c3cccc(Cl)c3)C2)cc1,1000.0,active,"{0, 3, 4, 4.701100000000005, 423.92100000000016, 54.45}",0.0,3.0,4.0,4.701100000000005,423.92100000000016,54.45
CHEMBL43520,Cc1csc(Sc2cc3c(cc2NS(C)(=O)=O)COC3=O)n1,6900.0,active,"{1, 2.6446200000000006, 356.45000000000016, 4, 7, 85.36}",1.0,2.6446200000000006,356.45000000000016,4.0,7.0,85.36
CHEMBL111095,COc1ccc(C2=C(c3ccc(S(N)(=O)=O)cc3)CCC2)cc1Cl,9.0,active,"{1, 3, 4, 69.39, 4.090700000000003, 363.8660000000001}",1.0,3.0,4.0,69.39,4.090700000000003,363.8660000000001
CHEMBL302950,O=Cc1ccc(-c2ccsc2-c2ccc(F)cc2)cc1,30000.0,inactive,"{0, 2, 3, 5.033700000000003, 17.07, 282.33899999999994}",0.0,2.0,3.0,5.033700000000003,17.07,282.33899999999994
CHEMBL350039,CS(=O)(=O)c1ccc(-c2cnn(-c3ccccc3)c(=O)c2-c2ccccc2)cc1,80.0,active,"{0, 3.9700000000000033, 4, 5, 69.03, 402.47500000000014}",0.0,3.9700000000000033,4.0,5.0,69.03,402.47500000000014
CHEMBL94938,CS(=O)(=O)c1ccc(-c2cc(Cl)cnc2-c2cccnc2)cc1,34.0,active,"{0, 3, 4, 3.8675000000000024, 344.82300000000004, 59.92}",0.0,3.0,4.0,3.8675000000000024,344.82300000000004,59.92
CHEMBL237207,COc1ccc2c(c1)c(CCNS(=O)(=O)CCCO[N+](=O)[O-])c(C)n2C(=O)c1ccc(Cl)cc1,1200.0,active,"{1, 129.77, 3.360520000000002, 8, 11, 509.9680000000002}",1.0,129.77,3.360520000000002,8.0,11.0,509.9680000000002
CHEMBL410232,CC(C)c1ccc(CNc2cc(C(F)(F)F)nc(-c3ccc(S(C)(=O)=O)cc3)n2)cc1,10000.0,inactive,"{449.4980000000001, 1, 5, 6, 71.95, 5.301400000000005}",449.4980000000001,1.0,5.0,6.0,71.95,5.301400000000005
CHEMBL237022,COc1ccc2c(c1)c(CCNC(=O)NCCCO[N+](=O)[O-])c(C)n2C(=O)c1ccc(Cl)cc1,10000.0,inactive,"{2, 3.7403200000000023, 7, 488.9280000000002, 10, 124.72999999999999}",2.0,3.7403200000000023,7.0,488.9280000000002,10.0,124.72999999999999
CHEMBL1235806,NS(=O)(=O)c1ccc(-n2nc(C(F)(F)F)cc2-c2ccc(Br)cc2)cc1,50.0,active,"{1, 3, 4, 3.9680000000000017, 77.98, 446.24800000000005}",1.0,3.0,4.0,3.9680000000000017,77.98,446.24800000000005
CHEMBL4173681,COc1ccc2ccc(=O)oc2c1C/C=C(\C)COC(=O)C=C(C)C,45300.0,inactive,"{0, 65.74000000000001, 3.799800000000003, 5, 6, 342.3910000000001}",0.0,65.74000000000001,3.799800000000003,5.0,6.0,342.3910000000001
CHEMBL55188,CS(=O)(=O)c1ccc(-c2ccccc2-c2ccc(Cl)cc2)cc1,141.25,active,"{0, 2, 3, 34.14, 5.077500000000004, 342.84700000000004}",0.0,2.0,3.0,34.14,5.077500000000004,342.84700000000004
CHEMBL4856711,Cc1ccc(Nc2ccccc2C(=O)NCCc2c[nH]c3ccccc23)cc1,5960.0,active,"{2, 3, 5.192420000000003, 6, 369.468, 56.92}",2.0,3.0,5.192420000000003,6.0,369.468,56.92
CHEMBL44313,Cc1c(C(=O)c2ccccc2)cc(-c2ccc(S(C)(=O)=O)cc2)n1-c1ccc(F)cc1,1020.0,active,"{0, 4, 5, 5.226320000000004, 433.50400000000013, 56.14}",0.0,4.0,5.0,5.226320000000004,433.50400000000013,56.14
CHEMBL4857474,CCCCOc1nc(OCC(C)(C)O)c(-c2ccc(S(N)(=O)=O)cn2)cc1CO,230.0,active,"{1.6119, 3, 8, 425.5070000000002, 10, 144.85999999999999}",1.6119,3.0,8.0,425.5070000000002,10.0,144.85999999999999
CHEMBL4870569,CCCCOc1nc(OCC2(O)CCC2)c(-c2ccc(S(C)(=O)=O)cc2)cc1CO,146.0,active,"{2, 3.117100000000002, 7, 105.95, 10, 435.54200000000014}",2.0,3.117100000000002,7.0,105.95,10.0,435.54200000000014
CHEMBL44194,CCc1ccc(-c2ccc(S(C)(=O)=O)cc2)n1-c1ccc(F)cc1,100000.0,inactive,"{0, 3, 4, 4.249300000000003, 39.07, 343.423}",0.0,3.0,4.0,4.249300000000003,39.07,343.423
CHEMBL4869963,CCCCc1ccc(Nc2ccccc2C(=O)NCCc2c[nH]c3ccccc23)cc1,40000.0,inactive,"{2, 3, 6.226600000000005, 9, 56.92, 411.5490000000001}",2.0,3.0,6.226600000000005,9.0,56.92,411.5490000000001
CHEMBL43664,COc1ccc(-c2ccc(CCC(=O)O)n2-c2ccc(C(C)=O)cc2)cc1,4600.0,active,"{1, 4, 68.53, 4.372700000000003, 7, 363.41300000000007}",1.0,4.0,68.53,4.372700000000003,7.0,363.41300000000007
CHEMBL559613,Cc1ccc(N(C)c2nc(-c3ccc(S(C)(=O)=O)cc3)cc(C(F)(F)F)n2)cc1,3.0,active,"{0, 4, 5, 421.4440000000001, 4.642220000000004, 63.160000000000004}",0.0,4.0,5.0,421.4440000000001,4.642220000000004,63.160000000000004
CHEMBL118,Cc1ccc(-c2cc(C(F)(F)F)nn2-c2ccc(S(N)(=O)=O)cc2)cc1,40.0,active,"{1, 3, 4, 3.5139200000000006, 77.98, 381.3790000000001}",1.0,3.0,4.0,3.5139200000000006,77.98,381.3790000000001
CHEMBL376583,COc1ccccc1C1=Cc2ccccc2C1,62300.0,inactive,"{0, 1, 2, 3.7919000000000027, 9.23, 222.28699999999998}",0.0,1.0,2.0,3.7919000000000027,9.23,222.28699999999998
CHEMBL4535128,O=C1NC(=O)/C(=C/c2ccc(OCc3cn(-c4ccc(C(=O)O)cc4)nn3)cc2)S1,450.0,active,"{2, 2.8684000000000003, 422.4220000000001, 6, 8, 123.41000000000001}",2.0,2.8684000000000003,422.4220000000001,6.0,8.0,123.41000000000001
CHEMBL3576975,Cc1ccc(S(=O)(=O)n2cc(C(=O)C(=O)N[C@H](Cc3cnc[nH]3)C(=O)N[C@H](CCC(=O)O)C(=O)O)c3ccccc32)cc1,21310.0,inactive,"{609.6170000000003, 1.2542200000000006, 5, 9, 13, 217.61999999999998}",609.6170000000003,1.2542200000000006,5.0,9.0,13.0,217.61999999999998
CHEMBL118962,CCOc1ccncc1-c1c(Cl)ncn1-c1ccc(S(C)(=O)=O)cc1,274.0,active,"{0, 3.3899000000000017, 5, 6, 74.08000000000001, 377.8530000000001}",0.0,3.3899000000000017,5.0,6.0,74.08000000000001,377.8530000000001
CHEMBL46623,NS(=O)(=O)c1ccc(-n2cc(C(F)(F)F)nc2-c2ccc(F)cc2)cc1,10.0,active,"{385.34200000000004, 1, 3, 4, 3.3446000000000016, 77.98}",385.34200000000004,1.0,3.0,4.0,3.3446000000000016,77.98
CHEMBL111321,NS(=O)(=O)c1ccc(C2=C(c3ccc(Cl)c(Cl)c3)CCC2)cc1,1.995,active,"{1, 2, 3, 4.735500000000003, 368.2850000000001, 60.160000000000004}",1.0,2.0,3.0,4.735500000000003,368.2850000000001,60.160000000000004
CHEMBL146005,CC(=O)OCCCCCSc1ccccc1OC(C)=O,50000.0,inactive,"{0, 3.437400000000002, 5, 296.3880000000001, 8, 52.6}",0.0,3.437400000000002,5.0,296.3880000000001,8.0,52.6
CHEMBL282301,NS(=O)(=O)c1ccc(-n2ncc(Cl)c2-c2ccccc2)cc1,49.0,active,"{1, 2.8401000000000014, 3, 4, 333.8, 77.98}",1.0,2.8401000000000014,3.0,4.0,333.8,77.98
CHEMBL294650,CS(=O)(=O)c1ccc(-c2cc3ccccc3cc2-c2ccc(F)cc2)cc1,100000.0,inactive,"{0, 2, 3, 34.14, 5.716400000000004, 376.45200000000006}",0.0,2.0,3.0,34.14,5.716400000000004,376.45200000000006
CHEMBL13661,CCCCC(=O)c1cc(C(C)(C)C)c2c(c1)C(C)(C)CO2,40.0,active,"{288.431, 0, 2, 4, 5.0270000000000055, 26.3}",288.431,0.0,2.0,4.0,5.0270000000000055,26.3
CHEMBL38368,Cc1nc(-c2ccc(C)s2)c(-c2ccc(S(N)(=O)=O)cc2)o1,12.0,active,"{1, 3, 3.334340000000001, 5, 334.4220000000001, 86.19}",1.0,3.0,3.334340000000001,5.0,334.4220000000001,86.19
CHEMBL595838,NS(=O)(=O)c1ccc(C2=C(c3ccccc3)C(=O)NC2=O)cc1,15620.0,inactive,"{0.9012000000000001, 2, 3, 4, 328.34900000000005, 106.33000000000001}",0.9012000000000001,2.0,3.0,4.0,328.34900000000005,106.33000000000001
CHEMBL436539,CC(C)(C)C#CC1=C(c2ccc(S(C)(=O)=O)cc2)CCC1=O,5200.0,active,"{0, 2, 3, 3.2561000000000018, 51.21, 316.42200000000014}",0.0,2.0,3.0,3.2561000000000018,51.21,316.42200000000014
CHEMBL34913,Cc1nc(C2CCCCC2)c(-c2ccc(S(N)(=O)=O)c(F)c2)o1,85.0,active,"{1, 3, 4, 3.4842200000000014, 338.40400000000005, 86.19}",1.0,3.0,4.0,3.4842200000000014,338.40400000000005,86.19
CHEMBL63283,C[S+]([O-])c1ccc(-c2ccsc2-c2ccc(F)cc2)cc1,30000.0,inactive,"{0, 2, 3, 4.958600000000003, 23.06, 316.422}",0.0,2.0,3.0,4.958600000000003,23.06,316.422
CHEMBL1147,NS(=O)(=O)c1ccc(-c2c(-c3ccccc3)noc2CO)cc1,180.0,active,"{2, 2.1483, 4, 5, 330.36500000000007, 106.42000000000002}",2.0,2.1483,4.0,5.0,330.36500000000007,106.42000000000002
CHEMBL357044,COc1ccccc1-c1cc(C(F)(F)F)nn1-c1ccc(S(N)(=O)=O)c(CO)c1,28600.0,inactive,"{2, 2.7063999999999995, 5, 6, 107.44000000000001, 427.4040000000001}",2.0,2.7063999999999995,5.0,6.0,107.44000000000001,427.4040000000001
CHEMBL358372,NS(=O)(=O)c1ccc(-n2nc(C(F)(F)F)cc2-c2ccccc2)cc1CO,3450.0,active,"{2, 98.21000000000001, 4, 5, 2.6978000000000013, 397.3780000000001}",2.0,98.21000000000001,4.0,5.0,2.6978000000000013,397.3780000000001
CHEMBL88717,NS(=O)(=O)c1ccc(C2=C(c3ccc(Cl)cc3)CC3(CC3)C2)cc1,1.0,active,"{1, 2, 3, 4.472200000000003, 359.87800000000016, 60.160000000000004}",1.0,2.0,3.0,4.472200000000003,359.87800000000016,60.160000000000004
CHEMBL151441,COCCCNC(=O)c1ccccc1Nc1c(Cl)ccc(C)c1Cl,11000.0,inactive,"{2, 3, 4.811720000000004, 7, 367.2760000000002, 50.36}",2.0,3.0,4.811720000000004,7.0,367.2760000000002,50.36
CHEMBL3774439,CCCCNC(=O)Oc1cccc(-c2ccc(C(C)C(=O)O)cc2F)c1,100000.0,inactive,"{2, 3, 4.569300000000003, 7, 359.39700000000005, 75.63}",2.0,3.0,4.569300000000003,7.0,359.39700000000005,75.63
CHEMBL3410355,Cc1ccccc1C1C2COc3ccccc3C2=NN1c1ccc(S(N)(=O)=O)cc1,460.0,active,"{1, 3, 419.50600000000014, 5, 3.616620000000001, 84.98999999999998}",1.0,3.0,419.50600000000014,5.0,3.616620000000001,84.98999999999998
CHEMBL3402325,COc1ccc2cc(C(C)c3nc4s/c(=C\c5ccc(-c6ccccc6)cc5)c(=O)n4n3)ccc2c1,100000.0,inactive,"{0, 5, 6, 5.679300000000006, 489.60000000000014, 56.489999999999995}",0.0,5.0,6.0,5.679300000000006,489.60000000000014,56.489999999999995
CHEMBL3410348,NS(=O)(=O)c1ccc(N2N=C3c4ccccc4CCC3C2c2ccccc2Br)cc1,12680.0,inactive,"{1, 482.40300000000013, 3, 4, 4.624500000000004, 75.76}",1.0,482.40300000000013,3.0,4.0,4.624500000000004,75.76
CHEMBL3289939,CN(C)c1ccc(/C=C/C(=O)/C=C/c2ccc(N(C)C)cc2[N+](=O)[O-])c([N+](=O)[O-])c1,15000.0,inactive,"{0, 3.9307000000000025, 7, 8, 109.83000000000001, 410.4300000000001}",0.0,3.9307000000000025,7.0,8.0,109.83000000000001,410.4300000000001
CHEMBL46637,CS(=O)(=O)c1ccc(-n2ccnc2-c2ccccc2)cc1,100000.0,inactive,"{0, 2.942800000000001, 3, 4, 298.367, 51.96}",0.0,2.942800000000001,3.0,4.0,298.367,51.96
CHEMBL126404,Cc1cccc(Oc2c(-c3ccc(S(C)(=O)=O)cc3)oc(C)cc2=O)c1,1350.0,active,"{0, 4, 5, 4.1194400000000035, 73.58000000000001, 370.4260000000001}",0.0,4.0,5.0,4.1194400000000035,73.58000000000001,370.4260000000001
CHEMBL4796545,COC(=O)CC1N(C(=O)Nc2ccccc2)C(=O)c2ccccc2S1(=O)=O,445300.0,inactive,"{1, 2.0374, 3, 388.4010000000001, 6, 109.85}",1.0,2.0374,3.0,388.4010000000001,6.0,109.85
CHEMBL4740435,COC(=O)CC1N(C(=O)Nc2nc(C)cs2)C(=O)c2ccccc2S1(=O)=O,19100.0,inactive,"{1, 1.80232, 3, 8, 409.44500000000016, 122.73999999999998}",1.0,1.80232,3.0,8.0,409.44500000000016,122.73999999999998
CHEMBL416687,CCS(=O)(=O)c1ccc(-c2ccsc2-c2ccc(F)cc2)cc1,30000.0,inactive,"{0, 34.14, 3, 4, 5.014800000000004, 346.44800000000004}",0.0,34.14,3.0,4.0,5.014800000000004,346.44800000000004
CHEMBL276506,CONC1=NC(=O)/C(=C/c2cc(C(C)C)c(O)c(C(C)C)c2)S1,570.0,active,"{2, 3.7603000000000026, 4, 5, 70.92, 334.44100000000003}",2.0,3.7603000000000026,4.0,5.0,70.92,334.44100000000003
CHEMBL44829,CN(C)c1cccc(-c2nc(C(F)(F)F)cn2-c2ccc(S(C)(=O)=O)cc2)c1,3200.0,active,"{0, 4, 5, 4.027600000000002, 55.2, 409.43300000000005}",0.0,4.0,5.0,4.027600000000002,55.2,409.43300000000005
CHEMBL96947,Cc1cncc(-c2ncc(Cl)cc2-c2ccc(S(C)(=O)=O)cc2)c1,87.0,active,"{0, 3, 4, 4.175920000000003, 358.8500000000001, 59.92}",0.0,3.0,4.0,4.175920000000003,358.8500000000001,59.92
CHEMBL52285,CS(=O)(=O)c1ccc(C2=C(c3cccc(F)c3)C(=O)OC2)cc1,1800.0,active,"{0, 2.6968000000000014, 3, 4, 332.3520000000001, 60.44}",0.0,2.6968000000000014,3.0,4.0,332.3520000000001,60.44
CHEMBL183101,COC(=O)c1[nH]c2cc(S(C)(=O)=O)ccc2c1Sc1ccc(F)cc1F,380.0,active,"{1, 3.7874000000000025, 4, 5, 76.23, 397.42400000000004}",1.0,3.7874000000000025,4.0,5.0,76.23,397.42400000000004
CHEMBL17075,Cc1nc(-c2ccc(S(N)(=O)=O)cc2)c(-c2ccc(Cl)cc2)s1,18.0,active,"{1, 3, 4, 4.086320000000002, 73.05, 364.879}",1.0,3.0,4.0,4.086320000000002,73.05,364.879
CHEMBL129021,COc1ccc(-c2cc(C(F)(F)F)nn2-c2ccc(S(N)(=O)=O)cc2F)cc1,150.0,active,"{1, 3.353200000000001, 4, 5, 87.21000000000001, 415.3680000000001}",1.0,3.353200000000001,4.0,5.0,87.21000000000001,415.3680000000001
CHEMBL4073779,Cc1ccc(NC(=O)c2c(N=Cc3cccs3)c(C#N)c3n2CCC3)cc1,110.0,active,"{1, 4, 5, 70.18, 4.678800000000003, 374.4690000000002}",1.0,4.0,5.0,70.18,4.678800000000003,374.4690000000002
CHEMBL110836,CC1(C)OC(=O)C(Oc2ccc(F)cc2F)=C1c1ccc(S(C)(=O)=O)cc1,20.0,active,"{0, 3.493800000000002, 4, 5, 69.67, 394.3950000000001}",0.0,3.493800000000002,4.0,5.0,69.67,394.3950000000001
CHEMBL110836,CC1(C)OC(=O)C(Oc2ccc(F)cc2F)=C1c1ccc(S(C)(=O)=O)cc1,40.0,active,"{0, 3.493800000000002, 4, 5, 69.67, 394.3950000000001}",0.0,3.493800000000002,4.0,5.0,69.67,394.3950000000001
CHEMBL35783,Cc1nc(C2CCCCC2)c(-c2ccc(S(N)(=O)=O)c(C)c2)o1,2000.0,active,"{1, 3, 4, 3.6535400000000022, 334.4410000000001, 86.19}",1.0,3.0,4.0,3.6535400000000022,334.4410000000001,86.19
CHEMBL23241,COc1ccncc1C1=C(c2ccc(S(C)(=O)=O)cc2)CCC1=O,90.0,active,"{0, 2.767400000000001, 4, 5, 73.33, 343.40400000000017}",0.0,2.767400000000001,4.0,5.0,73.33,343.40400000000017
CHEMBL436539,CC(C)(C)C#CC1=C(c2ccc(S(C)(=O)=O)cc2)CCC1=O,150.0,active,"{0, 2, 3, 3.2561000000000018, 51.21, 316.42200000000014}",0.0,2.0,3.0,3.2561000000000018,51.21,316.42200000000014
CHEMBL324876,CC1(C)OC(=O)C(Oc2ccc(F)cc2)=C1c1ccc(S(C)(=O)=O)cc1,50.0,active,"{0, 3.354700000000002, 4, 5, 69.67, 376.4050000000001}",0.0,3.354700000000002,4.0,5.0,69.67,376.4050000000001
CHEMBL363756,Cc1[nH]c2cc(S(C)(=O)=O)ccc2c1Cc1ccccc1Cl,5500.0,active,"{1, 2, 3, 4.124020000000003, 333.84000000000003, 49.93}",1.0,2.0,3.0,4.124020000000003,333.84000000000003,49.93
CHEMBL291912,CS(=O)(=O)c1ccc(-c2ccccc2-c2ccc(F)cc2)cc1,263.03,active,"{0, 2, 3, 34.14, 4.563200000000004, 326.39200000000005}",0.0,2.0,3.0,34.14,4.563200000000004,326.39200000000005
CHEMBL184145,CS(=O)(=O)c1ccc(-c2ccc(Cl)c(Cl)c2-c2ccc(F)cc2)cc1,239.88,active,"{0, 2, 3, 34.14, 5.870000000000004, 395.2820000000001}",0.0,2.0,3.0,34.14,5.870000000000004,395.2820000000001
CHEMBL23378,CS(=O)(=O)c1ccc(C2=C(c3cc4ccccc4s3)C(=O)CC2)cc1,80.0,active,"{0, 3, 4, 4.578500000000003, 368.47900000000016, 51.21}",0.0,3.0,4.0,4.578500000000003,368.47900000000016,51.21
CHEMBL466861,CC(=O)OCO/N=[N+](\[O-])N1CCC[C@H]1COC(=O)c1ccccc1OC(C)=O,2200.0,active,"{0, 129.8, 1.5628, 8, 9, 395.36800000000017}",0.0,129.8,1.5628,8.0,9.0,395.36800000000017
CHEMBL3309443,NS(=O)(=O)c1ccc(N2N=C(C(F)(F)F)CC2c2cccc3ccccc23)cc1,100.0,active,"{1, 3, 419.42800000000005, 4, 4.356900000000003, 75.76}",1.0,3.0,419.42800000000005,4.0,4.356900000000003,75.76
CHEMBL3309826,O=S(=O)(c1ccccc1)N1N=C(C(F)(F)F)CC1c1cccc2c1OCO2,60980.0,inactive,"{0, 3, 68.2, 5, 3.4693000000000023, 398.36200000000014}",0.0,3.0,68.2,5.0,3.4693000000000023,398.36200000000014
CHEMBL518543,CC(C)=CCc1c(-c2ccc(O)cc2O)oc2c(CC=C(C)C)c(O)cc(O)c2c1=O,100000.0,inactive,"{4, 5, 422.4770000000002, 6, 5.299800000000006, 111.13}",4.0,5.0,422.4770000000002,6.0,5.299800000000006,111.13
CHEMBL3322396,CS(=O)(=O)c1ccc(N2CCN=C2c2ccc(Cl)cc2)cc1,7100.0,active,"{0, 3, 4, 3.0103000000000018, 334.828, 49.74}",0.0,3.0,4.0,3.0103000000000018,334.828,49.74
CHEMBL3322411,CC1CN(c2ccc(S(N)(=O)=O)cc2)C(c2ccc(Cl)cc2)=N1,10000.0,inactive,"{1, 2.6427000000000005, 3, 4, 75.75999999999999, 349.843}",1.0,2.6427000000000005,3.0,4.0,75.75999999999999,349.843
CHEMBL270670,NS(=O)(=O)c1ccc(/N=C/c2ccc(O)cc2)cc1,3420.0,active,"{1.7902, 2, 3, 4, 276.317, 92.75000000000001}",1.7902,2.0,3.0,4.0,276.317,92.75000000000001
CHEMBL490324,C[C@@H]1C[C@@H]2OC(=O)[C@]3(C)[C@H]2[C@@H](OC3(C)O)[C@]2(C)C(=O)C=C[C@@H]12,18000.0,inactive,"{0, 1, 1.4427999999999999, 5, 72.83000000000001, 306.358}",0.0,1.0,1.4427999999999999,5.0,72.83000000000001,306.358
CHEMBL278492,Cc1nc(-c2ccc(Cl)cc2)c(-c2ccc(S(N)(=O)=O)cc2)s1,5.0,active,"{1, 3, 4, 4.086320000000002, 73.05, 364.8790000000001}",1.0,3.0,4.0,4.086320000000002,73.05,364.8790000000001
CHEMBL4792522,NS(=O)(=O)c1ccc(-n2nc(NC(=O)NCCCC(=O)O)cc2-c2ccccc2)cc1,1990.0,active,"{2.173, 4, 6, 8, 443.4850000000002, 156.41}",2.173,4.0,6.0,8.0,443.4850000000002,156.41
CHEMBL444002,CS(=O)(=O)Nc1cc2c(cc1Oc1ccc(S(C)(=O)=O)cc1)C(=O)CC2,10000.0,inactive,"{1, 2.3828000000000005, 5, 6, 106.60999999999999, 395.4580000000002}",1.0,2.3828000000000005,5.0,6.0,106.60999999999999,395.4580000000002
CHEMBL259680,CS(=O)(=O)c1ccc(-c2nc(NCc3cccnc3)cc(C(F)(F)F)n2)cc1,10000.0,inactive,"{1, 3.573000000000002, 5, 6, 84.84, 408.40500000000003}",1.0,3.573000000000002,5.0,6.0,84.84,408.40500000000003
CHEMBL407712,NS(=O)(=O)c1ccc(-c2nc(NCc3ccccn3)cc(C(F)(F)F)n2)cc1,3000.0,active,"{2, 2.8169000000000013, 5, 6, 110.86000000000001, 409.39300000000003}",2.0,2.8169000000000013,5.0,6.0,110.86000000000001,409.39300000000003
CHEMBL289262,CS(=O)(=O)Nc1cc2c(cc1Sc1nccs1)C(=O)CC2,320.0,active,"{1, 2.7947000000000015, 4, 6, 76.13, 340.45100000000014}",1.0,2.7947000000000015,4.0,6.0,76.13,340.45100000000014
CHEMBL145180,CC(=O)Oc1ccccc1SCCCCCCI,10000.0,inactive,"{0, 3, 26.3, 4.699400000000003, 8, 378.27499999999986}",0.0,3.0,26.3,4.699400000000003,8.0,378.27499999999986
CHEMBL116683,COc1cc(-c2c(Cl)ncn2-c2ccc(S(N)(=O)=O)cc2)ccc1F,8.0,active,"{1, 2.9878, 4, 5, 87.21000000000001, 381.8160000000001}",1.0,2.9878,4.0,5.0,87.21000000000001,381.8160000000001
CHEMBL111045,CS(=O)(=O)c1ccc(C2=C(c3ccc(F)cc3)CC(C(F)(F)F)(C(F)(F)F)C2)cc1,67.61,active,"{0, 2, 3, 452.3910000000001, 34.14, 6.044800000000003}",0.0,2.0,3.0,452.3910000000001,34.14,6.044800000000003
CHEMBL117862,COc1ccc(-c2c(Cl)ncn2-c2ccc(S(C)(=O)=O)cc2)cc1F,90.0,active,"{0, 3.743900000000002, 4, 5, 380.8280000000001, 61.190000000000005}",0.0,3.743900000000002,4.0,5.0,380.8280000000001,61.190000000000005
CHEMBL320330,CS(=O)(=O)c1ccc(-n2cc(C(F)(F)F)nc2-c2cncc(Br)c2)cc1,954.99,active,"{0, 64.85, 3, 4.119100000000002, 5, 446.24800000000005}",0.0,64.85,3.0,4.119100000000002,5.0,446.24800000000005
CHEMBL30091,NS(=O)(=O)c1ccc(-n2nc(C(F)(F)F)cc2C2=CCCCC2)cc1,83.18,active,"{1, 3, 4, 3.4959000000000024, 77.98, 371.3840000000002}",1.0,3.0,4.0,3.4959000000000024,77.98,371.3840000000002
CHEMBL327078,Cc1ccc(-c2nc(C(F)(F)F)cn2-c2ccc(S(N)(=O)=O)cc2)nc1,730.0,active,"{1, 2.90892, 3, 5, 90.87, 382.3670000000001}",1.0,2.90892,3.0,5.0,90.87,382.3670000000001
CHEMBL3920270,COc1ccc(-c2ncn(CC(=O)N3CCCCC3)c2-c2ccc(OC)cc2)cc1,14120.0,inactive,"{0, 4.246800000000004, 5, 6, 405.4980000000001, 56.59}",0.0,4.246800000000004,5.0,6.0,405.4980000000001,56.59
CHEMBL154422,CS(=O)(=O)c1ccc(-c2cnn(Cc3cccnc3)c(=O)c2-c2ccccc2)cc1,7100.0,active,"{0, 417.4900000000001, 3.424100000000002, 5, 6, 81.91999999999999}",0.0,417.4900000000001,3.424100000000002,5.0,6.0,81.91999999999999
CHEMBL45886,COc1ccc(C2=C(c3ccc(S(C)(=O)=O)cc3)CN(c3ccc(F)cc3)C2=O)cc1,300.0,active,"{0, 4, 5, 4.195400000000003, 437.49200000000013, 63.68000000000001}",0.0,4.0,5.0,4.195400000000003,437.49200000000013,63.68000000000001
CHEMBL347147,CS(=O)(=O)c1ccc(-c2cnn(C3CC3)c(=O)c2-c2ccc(F)cc2)cc1,110.0,active,"{384.4320000000001, 0, 3.4548000000000023, 4, 5, 69.03}",384.4320000000001,0.0,3.4548000000000023,4.0,5.0,69.03
CHEMBL357315,CS(=O)(=O)c1ccc(-c2cc3c(cc2C=C2CCCCCC2)OCO3)cc1,200.0,active,"{384.49700000000024, 0, 3, 4, 5.223400000000004, 52.60000000000001}",384.49700000000024,0.0,3.0,4.0,5.223400000000004,52.60000000000001
CHEMBL49775,CS(=O)(=O)c1ccc(C2=C(c3ccccc3)C(=O)N(c3ccccc3)C2)cc1,280.0,active,"{0, 3, 4, 389.4760000000001, 4.047700000000003, 54.45}",0.0,3.0,4.0,389.4760000000001,4.047700000000003,54.45
CHEMBL155587,Cc1ccc(-c2c(-c3ccc(S(C)(=O)=O)cc3)cnn(Cc3ccccc3)c2=O)cn1,1200.0,active,"{0, 3.732520000000002, 5, 6, 431.51700000000017, 81.92}",0.0,3.732520000000002,5.0,6.0,431.51700000000017,81.92
CHEMBL3596283,CC1(C)CC(c2ccccc2)C(CN2CCC(c3noc4cc(F)ccc34)CC2)=NO1,10500.0,inactive,"{0, 4, 5, 421.51600000000013, 5.485000000000006, 50.86}",0.0,4.0,5.0,421.51600000000013,5.485000000000006,50.86
CHEMBL42119,COc1c(F)cc(-c2nc(C(F)(F)F)cn2-c2ccc(S(C)(=O)=O)cc2)cc1F,170.0,active,"{0, 4, 5, 4.248400000000003, 432.3700000000001, 61.190000000000005}",0.0,4.0,5.0,4.248400000000003,432.3700000000001,61.190000000000005
CHEMBL237207,COc1ccc2c(c1)c(CCNS(=O)(=O)CCCO[N+](=O)[O-])c(C)n2C(=O)c1ccc(Cl)cc1,1200.0,active,"{1, 129.77, 3.360520000000002, 8, 11, 509.9680000000002}",1.0,129.77,3.360520000000002,8.0,11.0,509.9680000000002
CHEMBL392569,COc1ccc2c(c1)c(CCOC(=O)NCCCO[N+](=O)[O-])c(C)n2C(=O)c1ccc(Cl)cc1,100000.0,inactive,"{1, 4.167320000000003, 8, 489.91200000000015, 10, 121.93}",1.0,4.167320000000003,8.0,489.91200000000015,10.0,121.93
CHEMBL237208,COc1ccc2c(c1)c(CCNS(=O)(=O)CCCO)c(C)n2C(=O)c1ccc(Cl)cc1,1100.0,active,"{97.63, 2, 3.1445200000000018, 6, 9, 464.9710000000001}",97.63,2.0,3.1445200000000018,6.0,9.0,464.9710000000001
CHEMBL322276,CC1(C)OC(=O)C(Oc2ccc3[nH]ccc3c2)=C1c1ccc(S(C)(=O)=O)cc1,240.0,active,"{1, 3.696900000000002, 4, 5, 397.4520000000001, 85.46000000000001}",1.0,3.696900000000002,4.0,5.0,397.4520000000001,85.46000000000001
CHEMBL403827,CS(=O)(=O)c1ccc(-c2nc(NCc3ccc(N)cc3)cc(C(F)(F)F)n2)cc1,211.3,active,"{97.97, 2, 3.760200000000002, 5, 422.4320000000001, 6}",97.97,2.0,3.760200000000002,5.0,422.4320000000001,6.0
CHEMBL4792442,C/C(=N\NC(N)=O)c1nnn(-c2ccc(S(=O)(=O)Nc3nccs3)cc2)c1C,340.0,active,"{1.2253199999999997, 3, 420.48000000000013, 6, 9, 157.25}",1.2253199999999997,3.0,420.48000000000013,6.0,9.0,157.25
CHEMBL16659,CC(C)(C)c1cc(-c2nnc(S)s2)cc(C(C)(C)C)c1O,5500.0,active,"{1, 322.4990000000001, 2, 4.794400000000004, 5, 46.010000000000005}",1.0,322.4990000000001,2.0,4.794400000000004,5.0,46.010000000000005
CHEMBL323267,CC1(C)OC(=O)C(Oc2cccc3cnccc23)=C1c1ccc(S(C)(=O)=O)cc1,260.0,active,"{0, 3.7638000000000025, 4, 6, 82.56, 409.46300000000014}",0.0,3.7638000000000025,4.0,6.0,82.56,409.46300000000014
CHEMBL426571,COC1(c2cc(F)cc(OCc3cc(-c4ccccc4)n(-c4ccc(Cl)c(Cl)c4)n3)c2)CCOCC1,700.0,active,"{0, 5, 7, 7.216300000000006, 45.510000000000005, 527.4230000000001}",0.0,5.0,7.0,7.216300000000006,45.510000000000005,527.4230000000001
CHEMBL375308,COC1(c2cc(F)cc(OCc3cc(-c4ccccc4)n(-c4ccc(F)cc4)n3)c2)CCOCC1,960.0,active,"{0, 5, 6.048600000000006, 7, 45.510000000000005, 476.52300000000025}",0.0,5.0,6.048600000000006,7.0,45.510000000000005,476.52300000000025
CHEMBL223691,COC1(c2cc(F)cc(OCc3cc(-c4ccccc4)n(-c4ccccc4)n3)c2)CCOCC1,610.0,active,"{0, 5, 5.909500000000006, 7, 458.53300000000024, 45.510000000000005}",0.0,5.0,5.909500000000006,7.0,458.53300000000024,45.510000000000005
CHEMBL279268,CC1(O)OC(=O)C(c2ccc(F)c(Cl)c2)=C1c1ccc(S(C)(=O)=O)cc1,110.0,active,"{1, 3, 3.058700000000001, 5, 396.8230000000001, 80.67}",1.0,3.0,3.058700000000001,5.0,396.8230000000001,80.67
CHEMBL222146,COC1(c2cc(F)cc(OCc3cc(-c4ccccc4)n(-c4ccc(Cl)cc4)n3)c2)CCOCC1,930.0,active,"{0, 5, 6.562900000000005, 7, 492.97800000000024, 45.510000000000005}",0.0,5.0,6.562900000000005,7.0,492.97800000000024,45.510000000000005
CHEMBL285828,COc1ccc2c(c1)c(CC(=O)N[C@@H](CO)C(C)C)c(C)n2C(=O)c1ccc(Cl)cc1,110.0,active,"{2, 3.9758200000000032, 5, 7, 80.56, 442.9430000000002}",2.0,3.9758200000000032,5.0,7.0,80.56,442.9430000000002
CHEMBL348348,Cc1nc(-c2ccc(S(C)(=O)=O)cc2)c(-c2ccc(F)cc2)o1,2100.0,active,"{0, 3, 4, 3.859620000000003, 331.368, 60.17}",0.0,3.0,4.0,3.859620000000003,331.368,60.17
CHEMBL325790,Cc1ccc(-c2nc(C(F)(F)F)cn2-c2ccc(S(C)(=O)=O)cc2)cn1,1800.0,active,"{0, 64.85, 3, 3.665020000000003, 5, 381.3790000000001}",0.0,64.85,3.0,3.665020000000003,5.0,381.3790000000001
CHEMBL229304,C1=C(c2ccc3c(c2)OCO3)CCc2ccccc21,100000.0,inactive,"{0, 1, 2, 3.9021000000000026, 18.46, 250.29699999999997}",0.0,1.0,2.0,3.9021000000000026,18.46,250.29699999999997
CHEMBL3823276,COc1cc(-c2cc(C(=O)N/N=C/c3c(Cl)c4ccccc4oc3=O)nn2-c2ccc(S(N)(=O)=O)cc2)cc(OC)c1OC,21930.0,inactive,"{2, 3.736200000000001, 9, 11, 177.33999999999997, 638.0580000000001}",2.0,3.736200000000001,9.0,11.0,177.33999999999997,638.0580000000001
CHEMBL107088,Cc1ccc(OC2=C(c3ccc(S(C)(=O)=O)cc3)C(C)(C)OC2=O)cc1,20.0,active,"{0, 3.524020000000002, 4, 5, 69.67000000000002, 372.4420000000002}",0.0,3.524020000000002,4.0,5.0,69.67000000000002,372.4420000000002
CHEMBL1630230,CC(C)CN(C)c1cc2c(cc1Cl)C=C(C(=O)O)C(C(F)(F)F)O2,70.0,active,"{1, 3, 4, 4.223500000000002, 363.763, 49.77000000000001}",1.0,3.0,4.0,4.223500000000002,363.763,49.77000000000001
CHEMBL104592,CC(C(=O)O)c1ccc(-c2ccc3[nH]ccc3c2)cc1,190.0,active,"{1, 2, 3, 4.023000000000002, 265.312, 53.089999999999996}",1.0,2.0,3.0,4.023000000000002,265.312,53.089999999999996
CHEMBL4173747,COc1ccc(-c2noc(CC(=O)NCCCCC(=O)OC[C@H]3OC(O)[C@H](O)[C@@H](O)[C@H]3O)c2-c2ccc(OC)cc2)cc1,50000.0,inactive,"{1.1979000000000004, 5, 12, 13, 600.6210000000002, 190.04}",1.1979000000000004,5.0,12.0,13.0,600.6210000000002,190.04
CHEMBL109047,Cc1ccccc1OC1=C(c2ccc(S(C)(=O)=O)cc2)C(C)(C)OC1=O,100.0,active,"{0, 3.524020000000002, 4, 5, 69.67000000000002, 372.4420000000002}",0.0,3.524020000000002,4.0,5.0,69.67000000000002,372.4420000000002
CHEMBL67519,CS(=O)(=O)c1ccc(-c2nn(CCc3ccccc3)cc2-c2ccc(F)cc2)cc1,530.0,active,"{0, 420.50900000000007, 4, 6, 5.002400000000004, 51.96}",0.0,420.50900000000007,4.0,6.0,5.002400000000004,51.96
CHEMBL3264698,Brc1ccccc1-n1cc(CSc2nc3ccccc3o2)nn1,2750.0,active,"{0, 387.26200000000006, 4, 4.463300000000002, 6, 56.74}",0.0,387.26200000000006,4.0,4.463300000000002,6.0,56.74
CHEMBL2023861,COc1cccc(-c2csc(Nc3ccc4c(c3)OCO4)n2)c1,920.0,active,"{1, 4, 4.291000000000002, 326.37700000000007, 6, 52.61}",1.0,4.0,4.291000000000002,326.37700000000007,6.0,52.61
CHEMBL69683,COc1ccc(-c2c(-c3ccc(S(C)(=O)=O)cc3)occ(Cl)c2=O)cc1,6870684.4,inactive,"{0, 4, 5, 390.8440000000001, 4.039300000000003, 73.58000000000001}",0.0,4.0,5.0,390.8440000000001,4.039300000000003,73.58000000000001
CHEMBL189701,Cc1cc(C)c(S(N)(=O)=O)c(C)c1-c1noc(C)c1-c1ccc(S(N)(=O)=O)cc1,100000.0,inactive,"{2, 2.5370800000000004, 4, 6, 146.35, 435.52700000000016}",2.0,2.5370800000000004,4.0,6.0,146.35,435.52700000000016
CHEMBL129613,Cc1cc(=O)c(-c2ccc(C(F)(F)F)cc2)c(-c2ccc(S(C)(=O)=O)cc2)o1,6919.9,active,"{0, 64.35, 3, 4, 4.704520000000004, 408.3970000000001}",0.0,64.35,3.0,4.0,4.704520000000004,408.3970000000001
CHEMBL28528,Cc1ccc(-c2c(C#N)cnn2-c2ccc(S(N)(=O)=O)cc2)cc1,76.0,active,"{1, 2.3668000000000005, 3, 5, 101.76999999999998, 338.39200000000005}",1.0,2.3668000000000005,3.0,5.0,101.76999999999998,338.39200000000005
CHEMBL147141,COC(=O)[C@@H](C)NC(=O)c1ccccc1Nc1c(Cl)ccc(C)c1Cl,6000.0,active,"{2, 67.42999999999999, 4, 5, 4.336720000000002, 381.2590000000001}",2.0,67.42999999999999,4.0,5.0,4.336720000000002,381.2590000000001
CHEMBL109177,CC1(C)OC(=O)C(Oc2ccccc2)=C1c1ccc(S(C)(=O)=O)cc1,20.0,active,"{0, 3.215600000000002, 4, 5, 358.4150000000001, 69.67}",0.0,3.215600000000002,4.0,5.0,358.4150000000001,69.67
CHEMBL120467,Cc1cn2nc(-c3ccc(S(C)(=O)=O)cc3)c(-c3ccc(F)cc3)c2nc1C,2133.0,active,"{0, 64.33000000000001, 3, 4.2227400000000035, 5, 395.4590000000001}",0.0,64.33000000000001,3.0,4.2227400000000035,5.0,395.4590000000001
CHEMBL104336,C/C=C/c1cncc(-c2ccc(C(C)C(=O)O)cc2)c1,670.0,active,"{1, 2, 3.969800000000002, 4, 267.328, 50.19}",1.0,2.0,3.969800000000002,4.0,267.328,50.19
CHEMBL4127794,C/C(=N\N=C1\CCC(=O)N1C)c1cc2ccccc2oc1=O,310.0,active,"{0, 2, 2.1677, 5, 297.3140000000001, 75.24000000000001}",0.0,2.0,2.1677,5.0,297.3140000000001,75.24000000000001
CHEMBL4077052,NS(=O)(=O)c1ccc(-n2nc(C(=O)OCCOc3cc(=O)oc4ccccc34)cc2-c2ccc(F)cc2)cc1,440.0,active,"{1, 3.668000000000002, 549.5360000000003, 8, 9, 143.72000000000003}",1.0,3.668000000000002,549.5360000000003,8.0,9.0,143.72000000000003
CHEMBL4084887,Cc1ccc(-c2cc(C(=O)OCCOc3cc(=O)oc4ccccc34)nn2-c2ccc(S(N)(=O)=O)cc2)cc1,490.0,active,"{545.5730000000002, 1, 3.837320000000002, 8, 9, 143.72}",545.5730000000002,1.0,3.837320000000002,8.0,9.0,143.72
CHEMBL4070807,NS(=O)(=O)c1ccc(-n2nc(C(=O)OCCOc3cc(=O)oc4ccccc34)cc2-c2cccc(F)c2)cc1,300.0,active,"{1, 3.668000000000002, 549.5360000000003, 8, 9, 143.72000000000003}",1.0,3.668000000000002,549.5360000000003,8.0,9.0,143.72000000000003
CHEMBL4092434,NS(=O)(=O)c1ccc(-n2nc(C(=O)OCCOc3cc(=O)oc4ccccc34)cc2-c2ccc([N+](=O)[O-])cc2)cc1,330.0,active,"{576.5430000000002, 1, 3.437100000000002, 9, 11, 186.86}",576.5430000000002,1.0,3.437100000000002,9.0,11.0,186.86
CHEMBL4097207,NS(=O)(=O)c1ccc(-n2nc(C(=O)OCCOc3ccc4ccc(=O)oc4c3)cc2-c2cccc(F)c2)cc1,860.0,active,"{1, 3.668000000000003, 549.5360000000003, 8, 9, 143.72000000000003}",1.0,3.668000000000003,549.5360000000003,8.0,9.0,143.72000000000003
CHEMBL255174,COC(=O)c1ccc(/N=C/c2ccc(S(N)(=O)=O)cc2)cc1,3720.0,active,"{1, 98.82, 1.8712000000000002, 4, 5, 318.35400000000004}",1.0,98.82,1.8712000000000002,4.0,5.0,318.35400000000004
CHEMBL241970,Cc1ccc(-c2cc(C(F)(F)F)nn2-c2ccc(S(C)(=O)=O)cc2)cc1,130.0,active,"{0, 3, 4, 4.270020000000003, 51.96, 380.3910000000001}",0.0,3.0,4.0,4.270020000000003,51.96,380.3910000000001
CHEMBL403099,Cc1ccsc1CNc1cc(C(F)(F)F)nc(-c2ccc(S(C)(=O)=O)cc2)n1,527.8,active,"{1, 4.547920000000003, 5, 6, 71.95, 427.4730000000001}",1.0,4.547920000000003,5.0,6.0,71.95,427.4730000000001
CHEMBL4289814,COc1ccc(-c2cc(CSc3nc4ccccc4c(=O)n3-c3ccccc3)on2)cc1OC,1020.0,active,"{0, 5.350200000000005, 7, 8, 79.38000000000001, 471.53800000000024}",0.0,5.350200000000005,7.0,8.0,79.38000000000001,471.53800000000024
CHEMBL4288146,COc1ccc(-c2cc(CSc3nc4ccccc4c(=O)n3-c3ccc(OC)cc3)on2)cc1,650.0,active,"{0, 5.3502000000000045, 7, 8, 79.38, 471.53800000000024}",0.0,5.3502000000000045,7.0,8.0,79.38,471.53800000000024
CHEMBL126979,Cc1cc(=O)c(-c2ccc(Cl)cc2F)c(-c2ccc(S(C)(=O)=O)cc2)o1,2050.0,active,"{0, 64.35, 3, 4, 4.478220000000004, 392.8350000000001}",0.0,64.35,3.0,4.0,4.478220000000004,392.8350000000001
CHEMBL433427,COc1ccc2c(c1)c(CC(=O)NC(C)(C)CO)c(C)n2C(=O)c1ccc(Cl)cc1,190.0,active,"{2, 3.729820000000003, 5, 6, 428.91600000000017, 80.56}",2.0,3.729820000000003,5.0,6.0,428.91600000000017,80.56
CHEMBL298084,CS(=O)(=O)c1ccc(-n2cc(CSc3ccc(Cl)cc3)nc2-c2ccc(Cl)cc2)cc1,50.0,active,"{0, 5, 6, 6.541900000000005, 489.44900000000007, 51.96}",0.0,5.0,6.0,6.541900000000005,489.44900000000007,51.96
CHEMBL296984,NS(=O)(=O)c1ccc(-n2cc(C(F)(F)F)nc2-c2ccccc2)cc1,40.0,active,"{1, 3, 4, 3.2055000000000016, 77.98, 367.35200000000003}",1.0,3.0,4.0,3.2055000000000016,77.98,367.35200000000003
CHEMBL17218,CCSc1nnc(-c2nc(C(C)(C)C)c(O)c(C(C)(C)C)n2)s1,2000.0,active,"{352.52900000000005, 1, 3, 4.407700000000004, 71.79, 7}",352.52900000000005,1.0,3.0,4.407700000000004,71.79,7.0
CHEMBL297177,CS(=O)(=O)c1ccc(C2=C(c3ccccc3)C(=O)N(c3ccc(C(F)(F)F)cc3)C2)cc1,980.0,active,"{0, 3, 4, 5.066500000000004, 457.4730000000001, 54.45}",0.0,3.0,4.0,5.066500000000004,457.4730000000001,54.45
CHEMBL4066211,Cc1c(C(=O)NC(CO)Cc2ccccc2)nc2ccc(Cl)cc2c1O,2780.0,active,"{3, 4, 5, 3.235620000000002, 82.45, 370.83600000000007}",3.0,4.0,5.0,3.235620000000002,82.45,370.83600000000007
CHEMBL3265356,Brc1ccc(-c2nn(-c3ccccc3)cc2-c2nnc(-c3ccncc3)o2)cc1,39000.0,inactive,"{0, 4, 69.63, 6, 5.413800000000005, 444.29200000000014}",0.0,4.0,69.63,6.0,5.413800000000005,444.29200000000014
CHEMBL347378,COc1cccc(-c2c(-c3ccc(S(C)(=O)=O)cc3)sc3ncnn23)c1,257039578.3,inactive,"{0, 385.47, 3.536900000000002, 4, 7, 73.56}",0.0,385.47,3.536900000000002,4.0,7.0,73.56
CHEMBL3265357,COc1ccc(-c2nn(-c3ccccc3)cc2-c2nnc(-c3ccncc3)o2)cc1,42000.0,inactive,"{0, 4.659900000000003, 5, 7, 395.42200000000014, 78.86}",0.0,4.659900000000003,5.0,7.0,395.42200000000014,78.86
CHEMBL399878,CS(=O)(=O)c1ccc(C2SCC(=O)N2c2ccccc2)cc1,200.0,active,"{0, 2.8687000000000014, 3, 4, 333.434, 54.45}",0.0,2.8687000000000014,3.0,4.0,333.434,54.45
CHEMBL4789884,Cc1ccc(Nc2nc(/C=C/c3ccccc3)nc3ccccc23)cc1,43000.0,inactive,"{1, 3, 4, 37.81, 5.852220000000004, 337.4260000000001}",1.0,3.0,4.0,37.81,5.852220000000004,337.4260000000001
CHEMBL1275921,CC(C(=O)[O-])c1ccc(CC2CCCC2=O)cc1F.[Na+],14000.0,inactive,"{0, 3, 4, 57.199999999999996, 286.27799999999996, -1.4051999999999973}",0.0,3.0,4.0,57.199999999999996,286.27799999999996,-1.4051999999999973
CHEMBL1242276,Clc1ccc(-c2nn(-c3ccccc3)cc2-c2nnc(-c3ccccc3)o2)cc1,4700.0,active,"{0, 4, 5, 5.909700000000004, 398.8530000000001, 56.74}",0.0,4.0,5.0,5.909700000000004,398.8530000000001,56.74
CHEMBL110514,CC1(C)OC(=O)C(Oc2cccnc2)=C1c1ccc(S(C)(=O)=O)cc1,260.0,active,"{0, 2.6106000000000007, 4, 6, 359.4030000000001, 82.56}",0.0,2.6106000000000007,4.0,6.0,359.4030000000001,82.56
CHEMBL3290199,NS(=O)(=O)c1ccc(-n2nc(C(=O)Nc3ccc(Cl)cc3)nc2-c2ccccc2)cc1,470.0,active,"{2, 3.487400000000002, 5, 453.9110000000001, 6, 119.97000000000001}",2.0,3.487400000000002,5.0,453.9110000000001,6.0,119.97000000000001
CHEMBL364804,CCOc1ccc(-c2nn3ncccc3c2-c2ccc(S(C)(=O)=O)cc2)cc1,3.0,active,"{0, 3.8655000000000026, 5, 6, 393.46800000000013, 73.56}",0.0,3.8655000000000026,5.0,6.0,393.46800000000013,73.56
CHEMBL558340,CS(=O)(=O)c1ccc(C2=C(c3ccc(Cl)c(Cl)c3)CC3(CC3)C2)cc1,3.0,active,"{0, 2, 3, 34.14, 5.881700000000004, 393.3350000000002}",0.0,2.0,3.0,34.14,5.881700000000004,393.3350000000002
CHEMBL4446093,Cc1ccc(Nc2c(F)cccc2Cl)c(CNS(=O)(=O)C(F)(F)F)c1,400.0,active,"{2, 3, 4.470320000000002, 5, 396.79300000000006, 58.199999999999996}",2.0,3.0,4.470320000000002,5.0,396.79300000000006,58.199999999999996
CHEMBL185547,Cc1ccc(-c2c(-c3ccc(S(N)(=O)=O)cc3)ccc(F)c2F)cc1Cl,3.02,active,"{1, 2, 3, 4.908020000000002, 393.8420000000001, 60.160000000000004}",1.0,2.0,3.0,4.908020000000002,393.8420000000001,60.160000000000004
CHEMBL1830471,Cc1ccc(-c2cc(CCC(=O)N3CCN(Cc4ccc(C(C)(C)C)cc4)CC3)nn2-c2ccc3ccccc3n2)cc1,10000.0,inactive,"{0, 5, 6.970420000000008, 7, 54.260000000000005, 571.7690000000002}",0.0,5.0,6.970420000000008,7.0,54.260000000000005,571.7690000000002
CHEMBL4584799,CCc1ccc(C(=O)/C=C/C2=Cc3ccccc3OC2)cc1,390.0,active,"{0, 290.362, 2, 4, 4.463900000000004, 26.3}",0.0,290.362,2.0,4.0,4.463900000000004,26.3
CHEMBL1630251,CC(C)Cc1cc2c(cc1Cl)C=C(C(=O)O)[C@H](C(F)(F)F)O2,7.0,active,"{1, 2, 3, 4.329800000000003, 46.53, 334.721}",1.0,2.0,3.0,4.329800000000003,46.53,334.721
CHEMBL149032,CC(S)CN1c2ccccc2Sc2ccccc21,4000.0,active,"{1, 2, 3.24, 3, 4.607600000000002, 273.42600000000004}",1.0,2.0,3.24,3.0,4.607600000000002,273.42600000000004
CHEMBL4528653,CCCCn1c(C)c2c(c1C)C(=O)N(CN1CCN(c3ccccc3OC)CC1)C2=O,44500.0,inactive,"{0, 3.289340000000002, 6, 7, 424.5450000000002, 58.02}",0.0,3.289340000000002,6.0,7.0,424.5450000000002,58.02
CHEMBL2334133,CCCCCCN(CCCCCC)C(=O)/C=C/c1c(/C=C/c2ccc(OC)cc2)cc(OC)cc1OC,9080.0,active,"{0, 4, 7.88520000000001, 48.0, 17, 507.71500000000026}",0.0,4.0,7.88520000000001,48.0,17.0,507.71500000000026
CHEMBL2333749,COc1ccc(/C=C/c2cc(OC)cc(OC)c2/C=C/C(=O)NC2CC2)cc1,12960.0,inactive,"{1, 4, 4.1746000000000025, 8, 56.790000000000006, 379.4560000000001}",1.0,4.0,4.1746000000000025,8.0,56.790000000000006,379.4560000000001
CHEMBL2334142,CCCCCCNC(=O)/C=C/c1c(/C=C/c2ccc(OC)cc2)cc(OC)cc1OC,8990.0,active,"{1, 4, 5.592500000000005, 423.5530000000002, 12, 56.790000000000006}",1.0,4.0,5.592500000000005,423.5530000000002,12.0,56.790000000000006
CHEMBL3576983,COC(=O)CC[C@H](NC(=O)[C@H](Cc1cnc[nH]1)NC(=O)C(=O)c1cn(S(=O)(=O)c2ccc(C)cc2)c2ccccc12)C(=O)OC,3630.0,active,"{1.4310200000000013, 3, 195.61999999999995, 11, 13, 637.6710000000003}",1.4310200000000013,3.0,195.61999999999995,11.0,13.0,637.6710000000003
CHEMBL4633930,CSc1nc2ccccc2n1-c1csc(N)n1,230.0,active,"{1, 2, 2.7861000000000002, 262.363, 6, 56.730000000000004}",1.0,2.0,2.7861000000000002,262.363,6.0,56.730000000000004
CHEMBL4637840,CSc1nc2ccccc2n1-c1csc(NC(=O)c2ccc(C)cc2)n1,260.0,active,"{1, 4, 4.764620000000003, 6, 59.81, 380.49800000000016}",1.0,4.0,4.764620000000003,6.0,59.81,380.49800000000016
CHEMBL3264692,Clc1cccc(-n2cc(CSc3nc4ccccc4o3)nn2)c1,4630.0,active,"{0, 4, 4.354200000000002, 6, 342.81100000000004, 56.74}",0.0,4.0,4.354200000000002,6.0,342.81100000000004,56.74
CHEMBL3264701,CC(C)(C)c1ccc(-n2cc(CSc3nc4ccccc4o3)nn2)cc1,3850.0,active,"{0, 4, 4.998300000000005, 6, 364.47400000000005, 56.74}",0.0,4.0,4.998300000000005,6.0,364.47400000000005,56.74
CHEMBL4639368,O=C1N/C(=N\c2nnc(-c3ccc(O)cc3)s2)S/C1=C\c1ccc(Cl)c(Cl)c1,70.0,active,"{449.34400000000016, 2, 3, 5.1091000000000015, 7, 87.47000000000001}",449.34400000000016,2.0,3.0,5.1091000000000015,7.0,87.47000000000001
CHEMBL4283447,O=c1c2ccccc2nc(SCc2cc(-c3ccc(Cl)cc3)no2)n1-c1ccc(Br)cc1,560.0,active,"{0, 5, 6, 6.7489000000000035, 524.8270000000001, 60.92}",0.0,5.0,6.0,6.7489000000000035,524.8270000000001,60.92
CHEMBL4637729,O=[N+]([O-])c1ccc(-n2c(-c3ccc(Br)cc3)nc3ccccc32)cc1,102000.0,inactive,"{0, 3, 4, 5.3632000000000035, 394.22800000000007, 60.96}",0.0,3.0,4.0,5.3632000000000035,394.22800000000007,60.96
CHEMBL3410339,Cc1ccccc1C1C2CCc3ccccc3C2=NN1c1ccc(S(N)(=O)=O)cc1,3280.0,active,"{417.5340000000001, 1, 3, 4, 4.170420000000003, 75.75999999999999}",417.5340000000001,1.0,3.0,4.0,4.170420000000003,75.75999999999999
CHEMBL3410358,NS(=O)(=O)c1ccc(N2N=C3c4ccccc4OCC3C2c2ccccc2F)cc1,7240.0,active,"{1, 3, 3.447300000000003, 5, 423.4690000000001, 84.99000000000001}",1.0,3.0,3.447300000000003,5.0,423.4690000000001,84.99000000000001
CHEMBL126578,Cc1ccc(-c2c(-c3ccc(S(C)(=O)=O)cc3)oc(C)cc2=O)cc1,2180.0,active,"{0, 64.35, 354.42700000000013, 3, 4, 3.9941400000000034}",0.0,64.35,354.42700000000013,3.0,4.0,3.9941400000000034
CHEMBL89263,CS(=O)(=O)c1ccc(C2=C(c3ccc(OC(F)(F)F)cc3)CC3(CC3)C2)cc1,135.0,active,"{0, 3, 4, 5.473500000000004, 43.370000000000005, 408.4410000000002}",0.0,3.0,4.0,5.473500000000004,43.370000000000005,408.4410000000002
CHEMBL29840,N#Cc1nn(-c2ccc(S(N)(=O)=O)cc2)c(-c2ccc(Cl)cc2)c1Cl,10.0,active,"{1, 3, 3.3651800000000014, 101.76999999999998, 5, 393.255}",1.0,3.0,3.3651800000000014,101.76999999999998,5.0,393.255
CHEMBL110822,CC1(C)OC(=O)C(Oc2ccccn2)=C1c1ccc(S(C)(=O)=O)cc1,120.0,active,"{0, 2.6106000000000007, 4, 6, 359.4030000000001, 82.56}",0.0,2.6106000000000007,4.0,6.0,359.4030000000001,82.56
CHEMBL298476,Cc1ccc(-c2nc(C(F)(F)F)cn2-c2ccc(S(N)(=O)=O)cc2)cc1Cl,3.0,active,"{1, 3, 4, 4.167320000000002, 77.98, 415.82400000000007}",1.0,3.0,4.0,4.167320000000002,77.98,415.82400000000007
CHEMBL321597,CC1(C)OC(=O)C(Oc2ccc3ccccc3n2)=C1c1ccc(S(C)(=O)=O)cc1,660.0,active,"{0, 3.7638000000000025, 4, 6, 82.56, 409.46300000000014}",0.0,3.7638000000000025,4.0,6.0,82.56,409.46300000000014
CHEMBL361848,CS(=O)(=O)c1ccc(C=C(c2ccc(Cl)cc2)c2ccc(Cl)cc2)cc1,2000.0,active,"{0, 2, 34.14, 4, 5.985800000000005, 403.33000000000004}",0.0,2.0,34.14,4.0,5.985800000000005,403.33000000000004
CHEMBL2283167,C/C(=C(\c1ccccc1)c1ccc(S(C)(=O)=O)cc1)c1cc(C(C)(C)C)c(O)c(C(C)(C)C)c1,3600.0,active,"{1, 3, 4, 7.369700000000007, 54.370000000000005, 476.68200000000024}",1.0,3.0,4.0,7.369700000000007,54.370000000000005,476.68200000000024
CHEMBL1034,O=C([O-])Cc1ccccc1Nc1c(Cl)cccc1Cl.[Na+],840.0,active,"{0.03339999999999904, 1, 3, 4, 52.16, 318.135}",0.03339999999999904,1.0,3.0,4.0,52.16,318.135
CHEMBL17184,NS(=O)(=O)c1ccc(C2=C(c3ccc(F)cc3)CC3(CC3)C2)cc1,3.0,active,"{1, 2, 3, 3.957900000000003, 343.4230000000002, 60.160000000000004}",1.0,2.0,3.0,3.957900000000003,343.4230000000002,60.160000000000004
CHEMBL4450776,N#Cc1cnn(-c2ccc(S(N)(=O)=O)cc2)c1/N=C/c1ccccc1,82.99,active,"{1, 2.14198, 4, 6, 114.12999999999998, 351.391}",1.0,2.14198,4.0,6.0,114.12999999999998,351.391
CHEMBL13661,CCCCC(=O)c1cc(C(C)(C)C)c2c(c1)C(C)(C)CO2,40.0,active,"{288.431, 0, 2, 4, 5.0270000000000055, 26.3}",288.431,0.0,2.0,4.0,5.0270000000000055,26.3
CHEMBL95640,COc1ccc2c(c1)c(CC(=O)OCCc1ccccc1)cn2C(=O)c1ccc(Cl)cc1,66000.0,inactive,"{0, 5, 5.320200000000004, 7, 57.53, 447.9180000000001}",0.0,5.0,5.320200000000004,7.0,57.53,447.9180000000001
CHEMBL149936,CCOC(=O)c1csc2nc(-c3ccccc3)c(-c3ccc(S(C)(=O)=O)cc3)n12,900.0,active,"{0, 4.310000000000004, 5, 7, 426.5190000000002, 77.74}",0.0,4.310000000000004,5.0,7.0,426.5190000000002,77.74
CHEMBL126967,CS(=O)(=O)c1ccc(-c2[nH]c(I)c(I)c2-c2ccc(F)cc2)cc1,300000.0,inactive,"{1, 2, 3, 5.100500000000003, 49.93, 567.1610000000002}",1.0,2.0,3.0,5.100500000000003,49.93,567.1610000000002
CHEMBL277006,COc1ccc2c(c1)c(CC(=O)N[C@H](CO)c1ccccc1)c(C)n2C(=O)c1ccc(Cl)cc1,85.0,active,"{2, 4.692520000000004, 5, 7, 80.56, 476.96000000000015}",2.0,4.692520000000004,5.0,7.0,80.56,476.96000000000015
CHEMBL300597,COc1c(Cl)cc(-c2cc(F)c(F)cc2-c2ccc(S(N)(=O)=O)cc2)cc1Cl,21.0,active,"{1, 3, 4, 69.39, 5.261600000000003, 444.28600000000006}",1.0,3.0,4.0,69.39,5.261600000000003,444.28600000000006
CHEMBL54327,Cc1ccc(-c2cc(F)c(F)cc2-c2ccc(S(N)(=O)=O)cc2)cc1Cl,3.0,active,"{1, 2, 3, 4.908020000000003, 393.8420000000001, 60.160000000000004}",1.0,2.0,3.0,4.908020000000003,393.8420000000001,60.160000000000004
CHEMBL25288,CC[C@H](C)NC(=O)Cc1c(C)n(C(=O)c2ccc(Cl)cc2)c2ccc(OC)cc12,110.0,active,"{1, 4, 4.757420000000004, 6, 60.33, 412.91700000000014}",1.0,4.0,4.757420000000004,6.0,60.33,412.91700000000014
CHEMBL111057,NS(=O)(=O)c1ccc(C2=C(c3ccc(C(F)(F)F)cc3)CCC2)cc1,150.0,active,"{1, 2, 3, 4.4475000000000025, 367.3920000000001, 60.160000000000004}",1.0,2.0,3.0,4.4475000000000025,367.3920000000001,60.160000000000004
CHEMBL307197,NS(=O)(=O)c1ccc(-c2coc(=O)n2-c2cccc(Cl)c2)cc1,1500.0,active,"{1, 2.3983000000000008, 3, 5, 350.783, 95.30000000000001}",1.0,2.3983000000000008,3.0,5.0,350.783,95.30000000000001
CHEMBL419561,Cc1nc(-c2nc(C(F)(F)F)cn2-c2ccc(S(C)(=O)=O)cc2)co1,4150.0,active,"{0, 3, 3.258020000000001, 6, 77.99, 371.3400000000001}",0.0,3.0,3.258020000000001,6.0,77.99,371.3400000000001
CHEMBL122,CS(=O)(=O)c1ccc(C2=C(c3ccccc3)C(=O)OC2)cc1,20.0,active,"{0, 2.5577000000000005, 3, 4, 314.3620000000001, 60.44}",0.0,2.5577000000000005,3.0,4.0,314.3620000000001,60.44
CHEMBL52872,CN(C)c1ccc(-c2cc(F)c(F)cc2-c2ccc(S(N)(=O)=O)cc2)cc1Cl,6.0,active,"{1, 3, 4, 4.665600000000002, 422.8840000000001, 63.4}",1.0,3.0,4.0,4.665600000000002,422.8840000000001,63.4
CHEMBL326005,Cc1ccncc1-c1nc(C(F)(F)F)cn1-c1ccc(S(N)(=O)=O)cc1,51000.0,inactive,"{1, 2.90892, 3, 5, 90.87, 382.3670000000001}",1.0,2.90892,3.0,5.0,90.87,382.3670000000001
CHEMBL282643,COC(=O)c1cc2cc(S(C)(=O)=O)ccc2n1Cc1ccc(Br)cc1,3720.0,active,"{0, 65.37, 3.6422000000000025, 4, 5, 422.30000000000007}",0.0,65.37,3.6422000000000025,4.0,5.0,422.30000000000007
CHEMBL127210,Cc1cc(=O)c(Oc2ccc(F)c(F)c2)c(-c2ccc(S(C)(=O)=O)cc2)o1,4430.0,active,"{0, 4, 5, 4.089220000000004, 392.3790000000001, 73.58000000000001}",0.0,4.0,5.0,4.089220000000004,392.3790000000001,73.58000000000001
CHEMBL127267,Cc1cc(=O)c(-c2ccc(S(C)(=O)=O)cc2)c(-c2ccc(F)cc2)o1,9770.0,active,"{0, 64.35, 3, 4, 3.8248200000000026, 358.39000000000004}",0.0,64.35,3.0,4.0,3.8248200000000026,358.39000000000004
CHEMBL2334132,CCCCCN(CCCCC)C(=O)/C=C/c1c(/C=C/c2ccc(OC)cc2)cc(OC)cc1OC,16430.0,inactive,"{0, 4, 7.105000000000008, 15, 48.0, 479.6610000000003}",0.0,4.0,7.105000000000008,15.0,48.0,479.6610000000003
CHEMBL2315854,O=C(N[C@@H]1CCC[C@H]1OCc1ccccc1)C1CCN(c2nc3cc(Cl)ccc3o2)CC1,27400.0,inactive,"{1, 67.6, 4.951700000000004, 5, 453.9700000000003, 6}",1.0,67.6,4.951700000000004,5.0,453.9700000000003,6.0
CHEMBL5272671,N#Cc1ccc(-c2cs/c(=N\C(=O)c3cccs3)n2-c2ccccc2)cc1,90.0,active,"{0, 3, 387.48900000000003, 5, 4.880080000000003, 58.15}",0.0,3.0,387.48900000000003,5.0,4.880080000000003,58.15
CHEMBL5273141,CCOP(=O)(OCC)C(NC(=O)c1cc(-c2cccc3ccccc23)n(-c2ccc(F)cc2)n1)c1ccc(Br)cc1,220.0,active,"{1, 6, 8.288800000000004, 10, 82.45, 636.4580000000002}",1.0,6.0,8.288800000000004,10.0,82.45,636.4580000000002
CHEMBL5281749,CCOP(=O)(OCC)C(NC(=O)c1cc(-c2cccc3ccccc23)n(-c2ccc(Br)cc2)n1)c1ccccc1,220.0,active,"{1, 6, 8.149700000000006, 618.4680000000001, 10, 82.45}",1.0,6.0,8.149700000000006,618.4680000000001,10.0,82.45
CHEMBL5281666,O=C(/C=C/c1cccs1)c1cccc(-n2cnnn2)c1,100.0,active,"{0, 2.6199000000000012, 4, 6, 282.32800000000003, 60.67}",0.0,2.6199000000000012,4.0,6.0,282.32800000000003,60.67
CHEMBL5284867,CC(=O)Oc1cc2oc(-c3ccc(F)cc3)cc2cc1-c1c[se]nn1,50.0,active,"{0, 65.22, 3, 3.678200000000003, 5, 401.25500000000005}",0.0,65.22,3.0,3.678200000000003,5.0,401.25500000000005
CHEMBL5290356,CC(=O)Oc1cc2oc(-c3cccc(Cl)c3)cc2cc1-c1c[se]nn1,50.0,active,"{0, 417.7100000000001, 65.22, 3, 4.192500000000003, 5}",0.0,417.7100000000001,65.22,3.0,4.192500000000003,5.0
CHEMBL5277238,CCCCNc1cc(C(=O)N/N=c2\scc(-c3ccc(OC)cc3)n2-c2ccc(Br)cc2)cc(S(N)(=O)=O)c1Oc1ccccc1,1520.0,active,"{3, 6.874300000000006, 137.04, 9, 12, 722.6870000000001}",3.0,6.874300000000006,137.04,9.0,12.0,722.6870000000001
CHEMBL4786755,CC(=O)c1nnn(-c2ccc(S(N)(=O)=O)cc2)c1C,2610.0,active,"{0.4257200000000002, 1, 3, 6, 107.94, 280.309}",0.4257200000000002,1.0,3.0,6.0,107.94,280.309
CHEMBL5286858,Cc1c(C2=NNC(c3ccccc3)C2)nnn1-c1ccc(S(N)(=O)=O)cc1,2610.0,active,"{1.66182, 2, 4, 7, 115.25999999999999, 382.4490000000001}",1.66182,2.0,4.0,7.0,115.25999999999999,382.4490000000001
CHEMBL5269887,C/C(=N\NC(=O)c1nnn(-c2ccc(S(N)(=O)=O)cc2)c1C)c1cc2ccccc2o1,2610.0,active,"{2, 2.1233199999999997, 5, 8, 145.47000000000003, 438.46900000000016}",2.0,2.1233199999999997,5.0,8.0,145.47000000000003,438.46900000000016
CHEMBL5287931,Cc1ccc(-c2nnc(/N=C3\NC(=O)CS3)s2)cc1,190.0,active,"{1, 290.373, 67.24000000000001, 2, 2.36402, 6}",1.0,290.373,67.24000000000001,2.0,2.36402,6.0
CHEMBL5278348,COc1ccc(-c2nnc(/N=C3\NC(=O)CS3)s2)cc1,190.0,active,"{1, 2.0641999999999996, 3, 7, 76.47, 306.372}",1.0,2.0641999999999996,3.0,7.0,76.47,306.372
CHEMBL278505,CC(C)S(=O)(=O)c1c(O)n(Cc2ccc(F)c(F)c2)c(=O)c2ccc(Cl)cc12,100.0,active,"{1, 3.869100000000002, 4, 5, 427.85600000000017, 76.37}",1.0,3.869100000000002,4.0,5.0,427.85600000000017,76.37
CHEMBL44038,Cc1c(CC(F)(F)F)cc(-c2ccc(S(C)(=O)=O)cc2)n1-c1ccc(F)cc1,141.25,active,"{0, 3, 4, 5.100120000000004, 39.07, 411.42000000000013}",0.0,3.0,4.0,5.100120000000004,39.07,411.42000000000013
CHEMBL274811,CC(C)(C)c1cc(C(=O)C[S+]([O-])CC2CC2)cc2c1OCC2(C)C,4000.0,active,"{0, 3, 3.9955000000000034, 5, 49.36, 348.5080000000001}",0.0,3.0,3.9955000000000034,5.0,49.36,348.5080000000001
CHEMBL43090,CS(=O)(=O)c1ccc(-n2cc(CC#N)nc2-c2ccc(Cl)cc2)cc1,1540.0,active,"{0, 3.6622800000000026, 4, 5, 75.75, 371.84900000000005}",0.0,3.6622800000000026,4.0,5.0,75.75,371.84900000000005
CHEMBL43217,CS(=O)(=O)Cc1cn(-c2ccc(S(C)(=O)=O)cc2)c(-c2ccc(Cl)cc2)n1,100000.0,inactive,"{0, 3.1408000000000023, 5, 6, 424.9310000000001, 86.10000000000001}",0.0,3.1408000000000023,5.0,6.0,424.9310000000001,86.10000000000001
CHEMBL276976,Cc1ccncc1C1=C(c2ccc(S(C)(=O)=O)cc2)CCC1=O,440.0,active,"{0, 64.1, 3, 4, 3.0672200000000016, 327.40500000000014}",0.0,64.1,3.0,4.0,3.0672200000000016,327.40500000000014
CHEMBL276976,Cc1ccncc1C1=C(c2ccc(S(C)(=O)=O)cc2)CCC1=O,450.0,active,"{0, 64.1, 3, 4, 3.0672200000000016, 327.40500000000014}",0.0,64.1,3.0,4.0,3.0672200000000016,327.40500000000014
CHEMBL304967,COC1=C(c2ccc(S(C)(=O)=O)cc2)C(C)(C)OC1=O,33000.0,inactive,"{0, 1.7830000000000001, 3, 69.67000000000002, 5, 296.344}",0.0,1.7830000000000001,3.0,69.67000000000002,5.0,296.344
CHEMBL95479,COc1ccc2c(c1)c(CC(=O)OCCC1CCCCC1)c(C)n2C(=O)c1ccc(Cl)cc1,1000.0,active,"{0, 5, 6.356320000000006, 7, 467.99300000000017, 57.53}",0.0,5.0,6.356320000000006,7.0,467.99300000000017,57.53
CHEMBL122,CS(=O)(=O)c1ccc(C2=C(c3ccccc3)C(=O)OC2)cc1,1.0,active,"{0, 2.5577000000000005, 3, 4, 314.3620000000001, 60.44}",0.0,2.5577000000000005,3.0,4.0,314.3620000000001,60.44
CHEMBL314297,CS(=O)(=O)c1ccc(C2=C(c3ccc(F)cc3F)CC3(CC3)C2)cc1,22.0,active,"{0, 2, 3, 34.14, 4.853100000000004, 360.4250000000002}",0.0,2.0,3.0,34.14,4.853100000000004,360.4250000000002
CHEMBL29562,NS(=O)(=O)c1ccc(-n2nc(C(F)(F)F)cc2-c2cc3ccccc3o2)cc1,890.0,active,"{1, 3, 3.9517000000000015, 5, 407.3730000000001, 91.12}",1.0,3.0,3.9517000000000015,5.0,407.3730000000001,91.12
CHEMBL277721,CC(C)(C)c1cc(/C=C2\SC(NO)=NC2=O)cc(C(C)(C)C)c1O,1500.0,active,"{1, 3, 3.9363000000000032, 5, 81.92, 348.46800000000013}",1.0,3.0,3.9363000000000032,5.0,81.92,348.46800000000013
CHEMBL158316,CS(=O)(=O)c1ccc(-c2sc3ncnn3c2-c2ccccc2)cc1,2300.0,active,"{0, 64.33, 3, 355.4440000000001, 3.5283000000000024, 6}",0.0,64.33,3.0,355.4440000000001,3.5283000000000024,6.0
CHEMBL320006,CCOC(=O)/C=C/c1cc(-c2ccc(S(C)(=O)=O)cc2)c(-c2ccc(F)cc2)s1,300000.0,inactive,"{0, 5, 6, 5.201000000000004, 430.5220000000001, 60.440000000000005}",0.0,5.0,6.0,5.201000000000004,430.5220000000001,60.440000000000005
CHEMBL293771,Cc1ccc(-c2cc(F)c(F)cc2-c2ccc(S(C)(=O)=O)cc2)cc1,7.0,active,"{0, 2, 3, 34.14, 5.0107200000000045, 358.4090000000001}",0.0,2.0,3.0,34.14,5.0107200000000045,358.4090000000001
CHEMBL348087,Cc1nc2sc(-c3ccc(S(C)(=O)=O)cc3)c(-c3ccccc3)n2n1,20.0,active,"{0, 64.33, 3, 3.836720000000004, 6, 369.47100000000006}",0.0,64.33,3.0,3.836720000000004,6.0,369.47100000000006
CHEMBL45383,CS(=O)(=O)c1ccc(-n2cc(CO)nc2-c2ccc(Cl)cc2)cc1,8350.0,active,"{1, 3.0885000000000016, 4, 5, 72.19, 362.8380000000001}",1.0,3.0885000000000016,4.0,5.0,72.19,362.8380000000001
CHEMBL414162,CS(=O)(=O)c1ccc(-n2cc(C=O)nc2-c2ccc(Cl)cc2)cc1,1600.0,active,"{0, 3.4087000000000023, 4, 5, 69.03, 360.822}",0.0,3.4087000000000023,4.0,5.0,69.03,360.822
CHEMBL117528,COc1ccc(-c2c(Cl)ncn2-c2ccc(S(C)(=O)=O)cc2)c(F)c1,15.0,active,"{0, 3.743900000000002, 4, 5, 380.8280000000001, 61.190000000000005}",0.0,3.743900000000002,4.0,5.0,380.8280000000001,61.190000000000005
CHEMBL4528493,CC(C)(C)OC(=O)N1CCC[C@H]1C(=O)N[C@@H](Cc1ccccc1)C(=O)O,80.0,active,"{2, 2.198, 4, 5, 362.42600000000004, 95.94000000000001}",2.0,2.198,4.0,5.0,362.42600000000004,95.94000000000001
CHEMBL4443521,O=C(/C=C/c1cn(-c2ccccc2)nc1-c1ccc(OCc2ccccc2)cc1)c1ccc(Cl)cc1,600.0,active,"{0, 4, 7.667800000000006, 8, 490.99000000000024, 44.120000000000005}",0.0,4.0,7.667800000000006,8.0,490.99000000000024,44.120000000000005
CHEMBL4451192,Nc1nc(-c2ccccc2)cc(-c2cn(-c3ccccc3)nc2-c2ccc(OCc3ccccc3)cc2)n1,2800.0,active,"{1, 6, 7, 6.824500000000005, 78.85, 495.5860000000002}",1.0,6.0,7.0,6.824500000000005,78.85,495.5860000000002
CHEMBL280601,NS(=O)(=O)c1ccc(-n2ncc([N+](=O)[O-])c2-c2ccccc2)cc1,288.4,active,"{1, 2.0949, 4, 6, 344.352, 121.12}",1.0,2.0949,4.0,6.0,344.352,121.12
CHEMBL70681,CCOC1=C(c2ccc(S(C)(=O)=O)cc2)C(C)(C)OC1=O,23000.0,inactive,"{0, 2.1731, 4, 69.67000000000002, 5, 310.37100000000004}",0.0,2.1731,4.0,69.67000000000002,5.0,310.37100000000004
CHEMBL96950,Cc1ncccc1-c1ncc(Cl)cc1-c1ccc(S(C)(=O)=O)cc1,1330.0,active,"{0, 3, 4, 4.175920000000003, 358.8500000000001, 59.92}",0.0,3.0,4.0,4.175920000000003,358.8500000000001,59.92
CHEMBL2346675,CS(=O)(=O)c1ccc(-c2[nH]c(S(C)(=O)=O)nc2-c2ccc(F)cc2)cc1,280.0,active,"{96.96, 1, 2.689800000000001, 4, 5, 394.44900000000007}",96.96,1.0,2.689800000000001,4.0,5.0,394.44900000000007
CHEMBL292948,CNS(=O)(=O)c1ccc(-c2ccsc2-c2ccc(F)cc2)cc1,7200.0,active,"{1, 3, 4, 4.129300000000002, 46.17, 347.43600000000004}",1.0,3.0,4.0,4.129300000000002,46.17,347.43600000000004
CHEMBL97943,CS(=O)(=O)c1ccc(-c2noc(C(F)(F)F)c2-c2ccccc2)cc1,1000.0,active,"{0, 3, 4, 4.430900000000004, 367.348, 60.17}",0.0,3.0,4.0,4.430900000000004,367.348,60.17
CHEMBL42674,CSc1ccc(-c2nc(C(F)(F)F)cn2-c2ccc(S(N)(=O)=O)cc2)cc1Cl,10.0,active,"{1, 4, 5, 4.580800000000002, 77.98, 447.8910000000001}",1.0,4.0,5.0,4.580800000000002,77.98,447.8910000000001
CHEMBL109030,CS(=O)(=O)c1ccc(C2=C(c3ccc(C(F)(F)F)cc3)CCC2)cc1,865.0,active,"{0, 2, 3, 34.14, 5.203600000000004, 366.4040000000001}",0.0,2.0,3.0,34.14,5.203600000000004,366.4040000000001
CHEMBL340573,CS(=O)(=O)c1ccc(C2=C(c3ccc(Cl)cc3)CCC2)cc1,3.0,active,"{0, 2, 3, 34.14, 4.838200000000003, 332.85200000000015}",0.0,2.0,3.0,34.14,4.838200000000003,332.85200000000015
CHEMBL416902,COc1ccc(-c2nc(C)sc2-c2ccc(S(N)(=O)=O)cc2)cc1F,28.0,active,"{1, 3.5806200000000015, 4, 5, 82.28, 378.4500000000001}",1.0,3.5806200000000015,4.0,5.0,82.28,378.4500000000001
CHEMBL3739527,C#Cc1cccc(Nc2ncnc3cc(OCCOC(=O)CC4=C(C)/C(=C/c5ccc([S+](C)[O-])cc5)c5ccc(F)cc54)c(OCCOC(=O)CC4=C(C)/C(=C/c5ccc([S+](C)[O-])cc5)c5ccc(F)cc54)cc23)c1,10000.0,inactive,"{1, 11, 11.787699999999985, 1042.195, 18, 154.99}",1.0,11.0,11.787699999999985,1042.195,18.0,154.99
CHEMBL289447,Cc1ccc2c(c1)C1=C(c3ccc(S(C)(=O)=O)cc3)C(=O)OC1CC2,665.0,active,"{0, 354.42700000000013, 2, 4, 3.1809200000000013, 60.44}",0.0,354.42700000000013,2.0,4.0,3.1809200000000013,60.44
CHEMBL3739771,C#Cc1cccc(Nc2ncnc3cc(OCCOC(=O)Cc4c(C)n(C(=O)c5ccc(Cl)cc5)c5ccc(OC)cc45)c(OCCOC(=O)Cc4c(C)n(C(=O)c5ccc(Cl)cc5)c5ccc(OC)cc45)cc23)c1,10000.0,inactive,"{1, 10.911339999999988, 171.33, 15, 18, 1044.9449999999997}",1.0,10.911339999999988,171.33,15.0,18.0,1044.9449999999997
CHEMBL322240,CC1C(c2ccc(F)cc2)=C(c2ccc(S(C)(=O)=O)cc2)ON1C,31.6,active,"{0, 3, 4, 3.3630000000000013, 46.61000000000001, 347.41100000000006}",0.0,3.0,4.0,3.3630000000000013,46.61000000000001,347.41100000000006
CHEMBL126991,Cc1cc(=O)c(Oc2ccc(Cl)cc2C)c(-c2ccc(S(C)(=O)=O)cc2)o1,190.0,active,"{0, 4, 5, 4.772840000000004, 73.58000000000001, 404.8710000000001}",0.0,4.0,5.0,4.772840000000004,73.58000000000001,404.8710000000001
CHEMBL16272,CCONC1=NC(=O)/C(=C/c2cc(C(C)(C)C)c(O)c(C(C)(C)C)c2)S1,3200.0,active,"{2, 3, 4.498600000000004, 5, 70.92, 376.5220000000001}",2.0,3.0,4.498600000000004,5.0,70.92,376.5220000000001
CHEMBL66821,CC(=O)c1ccc(-c2ccsc2-c2ccc(F)cc2)cc1,30000.0,inactive,"{0, 2, 3, 5.4238000000000035, 296.366, 17.07}",0.0,2.0,3.0,5.4238000000000035,296.366,17.07
CHEMBL3233600,Cc1ccc(C2=C(c3ccc(S(N)(=O)=O)cc3)C(=O)N(C)C2=O)cc1,85.0,active,"{1, 97.53999999999999, 3, 356.40300000000013, 4, 1.5518200000000002}",1.0,97.53999999999999,3.0,356.40300000000013,4.0,1.5518200000000002
CHEMBL3233601,COc1ccc(C2=C(c3ccc(S(N)(=O)=O)cc3)C(=O)N(C)C2=O)cc1,53.0,active,"{1, 1.252, 4, 5, 106.77000000000001, 372.4020000000001}",1.0,1.252,4.0,5.0,106.77000000000001,372.4020000000001
CHEMBL4437353,CCOC(=O)c1cnn(-c2ccccn2)c1-n1nnc2ccccc2c1=O,20000.0,inactive,"{0, 1.5380999999999996, 4, 104.78999999999999, 9, 362.34900000000016}",0.0,1.5380999999999996,4.0,104.78999999999999,9.0,362.34900000000016
CHEMBL324670,CC1(C)OC(=O)C(Sc2ccccc2)=C1c1ccc(S(C)(=O)=O)cc1,70.0,active,"{0, 3.9289000000000023, 4, 5, 374.4830000000001, 60.440000000000005}",0.0,3.9289000000000023,4.0,5.0,374.4830000000001,60.440000000000005
CHEMBL145626,CC(=O)Oc1ccccc1SCCCOc1ccccc1,1000000.0,inactive,"{0, 35.53, 4, 4.173100000000003, 7, 302.3949999999999}",0.0,35.53,4.0,4.173100000000003,7.0,302.3949999999999
CHEMBL3576984,Cc1ccc(S(=O)(=O)n2cc(C(=O)C(=O)N[C@@H](Cc3cnc[nH]3)C(=O)O)c3ccccc32)cc1,970.0,active,"{480.5020000000002, 1.9046199999999995, 3, 7, 8, 151.22}",480.5020000000002,1.9046199999999995,3.0,7.0,8.0,151.22
CHEMBL171335,NS(=O)(=O)c1ccc(C2=C(c3ccc(F)cc3)CC3(CCC3)C2)cc1,2.0,active,"{1, 2, 3, 4.348000000000003, 357.4500000000002, 60.160000000000004}",1.0,2.0,3.0,4.348000000000003,357.4500000000002,60.160000000000004
CHEMBL362138,Cc1[nH]c2cc(S(C)(=O)=O)ccc2c1Cc1ccc(F)cc1,11300.0,inactive,"{1, 2, 3, 3.609720000000002, 49.93, 317.385}",1.0,2.0,3.0,3.609720000000002,49.93,317.385
CHEMBL184039,COC(=O)c1[nH]c2cc(S(C)(=O)=O)ccc2c1Sc1ccc(F)cc1,800.0,active,"{1, 3.6483000000000017, 4, 5, 76.23, 379.434}",1.0,3.6483000000000017,4.0,5.0,76.23,379.434
CHEMBL4279764,O=C(O)c1ccc(-n2cc(CSc3nc4ccccc4c(=O)n3-c3ccc(Cl)cc3)nn2)cc1,110.0,active,"{1, 4.610300000000003, 102.9, 6, 8, 489.9440000000002}",1.0,4.610300000000003,102.9,6.0,8.0,489.9440000000002
CHEMBL2333751,COc1ccc(/C=C/c2cc(OC)cc(OC)c2/C=C/C(=O)NCc2ccco2)cc1,9670.0,active,"{1, 419.4770000000001, 4.805400000000004, 69.93, 5, 9}",1.0,419.4770000000001,4.805400000000004,69.93,5.0,9.0
CHEMBL2333748,CCC(C)NC(=O)/C=C/c1c(/C=C/c2ccc(OC)cc2)cc(OC)cc1OC,4560.0,active,"{1, 4, 4.810700000000004, 9, 395.49900000000014, 56.790000000000006}",1.0,4.0,4.810700000000004,9.0,395.49900000000014,56.790000000000006
CHEMBL2333746,COc1ccc(/C=C/c2cc(OC)cc(OC)c2/C=C/C(=O)NC(C)(C)C)cc1,11120.0,inactive,"{1, 4, 4.810700000000004, 7, 395.4990000000001, 56.790000000000006}",1.0,4.0,4.810700000000004,7.0,395.4990000000001,56.790000000000006
CHEMBL2283153,CCCCCCC/C(=C(\c1ccccc1)c1ccc(OC(C)=O)cc1)c1ccc(S(C)(=O)=O)cc1,7900.0,active,"{0, 4, 7.335000000000009, 490.66500000000025, 11, 60.440000000000005}",0.0,4.0,7.335000000000009,490.66500000000025,11.0,60.440000000000005
CHEMBL3322399,CS(=O)(=O)c1ccc(N2CCN=C2c2cccc(F)c2)cc1,10000.0,inactive,"{0, 2.4960000000000004, 3, 4, 49.74, 318.373}",0.0,2.4960000000000004,3.0,4.0,49.74,318.373
CHEMBL272678,Cc1c(NCc2cccs2)nc(-c2ccc(S(C)(=O)=O)cc2)nc1C(F)(F)F,26178213.18,inactive,"{1, 4.547920000000002, 5, 6, 71.95, 427.47300000000007}",1.0,4.547920000000002,5.0,6.0,71.95,427.47300000000007
CHEMBL405564,CS(=O)(=O)c1ccc(-c2nccc(NCc3cccs3)n2)cc1,9.2,active,"{1, 3.2207000000000017, 5, 6, 71.95, 345.449}",1.0,3.2207000000000017,5.0,6.0,71.95,345.449
CHEMBL272208,CC(C)Nc1cc(NCc2ccccc2)nc(-c2ccc(S(C)(=O)=O)cc2)n1,273.8,active,"{2, 3.9795000000000025, 6, 7, 396.51600000000013, 83.98}",2.0,3.9795000000000025,6.0,7.0,396.51600000000013,83.98
CHEMBL272393,CS(=O)(=O)c1ccc(-c2nc(O)cc(NCc3cccs3)n2)cc1,79.4,active,"{2, 2.9263000000000012, 5, 7, 361.44800000000004, 92.18}",2.0,2.9263000000000012,5.0,7.0,361.44800000000004,92.18
CHEMBL405071,CC(C)(C)c1cc(NCc2cccs2)nc(-c2ccc(S(C)(=O)=O)cc2)n1,31.1,active,"{1, 4.518200000000004, 5, 6, 71.95, 401.55700000000013}",1.0,4.518200000000004,5.0,6.0,71.95,401.55700000000013
CHEMBL2234866,Cn1cccc1CCCNc1cc(C(F)(F)F)nc(-c2ccc(S(C)(=O)=O)cc2)n1,3980.0,active,"{1, 3.9491000000000023, 6, 7, 76.88, 438.47500000000014}",1.0,3.9491000000000023,6.0,7.0,76.88,438.47500000000014
CHEMBL270294,CS(=O)(=O)c1ccc(-c2nc(SCc3cccs3)cc(C(F)(F)F)n2)cc1,4.1,active,"{0, 4.919700000000003, 5, 6, 430.49800000000005, 59.92}",0.0,4.919700000000003,5.0,6.0,430.49800000000005,59.92
CHEMBL405123,CS(=O)(=O)c1ccc(-c2nc(NCc3nccs3)cc(C(F)(F)F)n2)cc1,83.6,active,"{1, 3.634500000000002, 5, 7, 84.84, 414.434}",1.0,3.634500000000002,5.0,7.0,84.84,414.434
CHEMBL271551,CS(=O)(=O)c1ccc(-c2nc(NCc3ccco3)cc(C(F)(F)F)n2)cc1,140.0,active,"{1, 3.7710000000000026, 5, 6, 397.37800000000004, 85.09}",1.0,3.7710000000000026,5.0,6.0,397.37800000000004,85.09
CHEMBL3410359,NS(=O)(=O)c1ccc(N2N=C3c4ccccc4OCC3C2c2ccccc2Cl)cc1,2280.0,active,"{1, 3, 3.9616000000000033, 5, 84.99000000000001, 439.9240000000001}",1.0,3.0,3.9616000000000033,5.0,84.99000000000001,439.9240000000001
CHEMBL236238,O=C(O)Cc1cccn1-c1ccccc1F,6200.0,active,"{1, 2, 3, 2.2435, 42.23, 219.215}",1.0,2.0,3.0,2.2435,42.23,219.215
CHEMBL1630250,CCCc1cc2c(cc1Cl)C=C(C(=O)O)[C@@H](C(F)(F)F)O2,140.0,active,"{320.69399999999996, 1, 2, 3, 4.083800000000003, 46.53}",320.69399999999996,1.0,2.0,3.0,4.083800000000003,46.53
CHEMBL1630258,CC(C)CCc1cc2c(cc1Cl)C=C(C(=O)O)[C@@H](C(F)(F)F)O2,1130.0,active,"{1, 2, 4, 4.7199000000000035, 46.53, 348.748}",1.0,2.0,4.0,4.7199000000000035,46.53,348.748
CHEMBL1630231,CCC(CC)COc1cc2c(cc1Cl)C=C(C(=O)O)C(C(F)(F)F)O2,46.0,active,"{1, 3, 4.946300000000004, 6, 55.760000000000005, 378.774}",1.0,3.0,4.946300000000004,6.0,55.760000000000005,378.774
CHEMBL1630240,CCC(CC)COc1c(Cl)cc2c(c1Cl)OC(C(F)(F)F)C(C(=O)O)=C2,21.0,active,"{1, 3, 5.599700000000003, 6, 55.760000000000005, 413.2190000000001}",1.0,3.0,5.599700000000003,6.0,55.760000000000005,413.2190000000001
CHEMBL2315326,Cc1ccc(-c2cc(C(F)(F)F)nn2-c2ccc(S(=O)(=O)NCCNS(=O)(=O)c3cccc4c(N(C)C)cccc34)cc2)cc1,1100.0,active,"{2, 5.342520000000005, 7, 10, 657.7400000000001, 113.39999999999999}",2.0,5.342520000000005,7.0,10.0,657.7400000000001,113.39999999999999
CHEMBL526720,CS(=O)(=O)c1ccc(-c2[nH]c3ccc(Cl)cc3c2-c2ccc(Cl)cc2)cc1,85.11,active,"{416.3290000000002, 1, 2, 3, 6.212200000000004, 49.93}",416.3290000000002,1.0,2.0,3.0,6.212200000000004,49.93
CHEMBL499070,CS(=O)(=O)c1ccc(-c2[nH]c3ccccc3c2-c2ccccc2)cc1,0.5998,active,"{1, 2, 3, 4.905400000000004, 49.93, 347.4390000000001}",1.0,2.0,3.0,4.905400000000004,49.93,347.4390000000001
CHEMBL463232,CS(=O)(=O)c1ccc(-n2nc(C(F)(F)F)cc2-c2ccnc(Cl)c2)cc1,190.0,active,"{0, 64.85, 3, 4.0100000000000025, 5, 401.797}",0.0,64.85,3.0,4.0100000000000025,5.0,401.797
CHEMBL558727,CS(=O)(=O)c1ccc(-c2cc(C(F)(F)F)nc(N)n2)cc1,272.0,active,"{1, 2, 2.1481000000000003, 5, 85.94, 317.29200000000003}",1.0,2.0,2.1481000000000003,5.0,85.94,317.29200000000003
CHEMBL2158024,COc1ccc(C2CC(c3ccc(Cl)c(Cl)c3)=NN2C2=NC(=O)CS2)cc1,6800.0,active,"{0, 3, 420.32100000000014, 5, 4.782500000000004, 54.26}",0.0,3.0,420.32100000000014,5.0,4.782500000000004,54.26
CHEMBL2159926,COc1ccc(C2CC(c3ccc(C)c(C)c3)=NN2C2=NC(=O)CS2)cc1,2900.0,active,"{0, 3, 4.092540000000003, 5, 54.26, 379.4850000000001}",0.0,3.0,4.092540000000003,5.0,54.26,379.4850000000001
CHEMBL70921,NS(=O)(=O)c1ccc(-c2coc(=O)n2-c2ccc(F)cc2)cc1,1500.0,active,"{1, 1.884, 3, 5, 334.328, 95.30000000000001}",1.0,1.884,3.0,5.0,334.328,95.30000000000001
CHEMBL1322701,O=C(Nc1ccccc1)Nc1nnc(-c2ccccc2)o1,63.0,active,"{2, 3, 4, 3.380600000000001, 80.05, 280.287}",2.0,3.0,4.0,3.380600000000001,80.05,280.287
CHEMBL4470659,CS(=O)(=O)c1ccc(-c2noc(N)c2-c2ccc(F)cc2)cc1,50000.0,inactive,"{1, 3, 3.133400000000001, 5, 332.356, 86.19}",1.0,3.0,3.133400000000001,5.0,332.356,86.19
CHEMBL4449466,CCCCn1c(C)c2c(c1C)C(=O)N(CN1CCN(c3ccccc3)CC1)C2=O,44500.0,inactive,"{0, 3.2807400000000024, 5, 6, 394.5190000000001, 48.790000000000006}",0.0,3.2807400000000024,5.0,6.0,394.5190000000001,48.790000000000006
CHEMBL4163044,COc1ccc(-c2noc(CC(=O)OC[C@H]3O[C@@H](O)[C@H](O)[C@@H](O)[C@H]3O)c2-c2ccc(OC)cc2)cc1,3100.0,active,"{160.94, 0.9113999999999997, 4, 8, 11, 501.4880000000001}",160.94,0.9113999999999997,4.0,8.0,11.0,501.4880000000001
CHEMBL96954,COc1ccc2c(c1)c(CC(=O)Oc1cccnc1)c(C)n2C(=O)c1ccc(Cl)cc1,50.0,active,"{0, 4.843320000000004, 5, 70.42, 6, 434.87900000000013}",0.0,4.843320000000004,5.0,70.42,6.0,434.87900000000013
CHEMBL14266,CN(CC(=O)c1cc(C(C)(C)C)c2c(c1)C(C)(C)CO2)CC1CC1,2500.0,active,"{0, 3, 4.178600000000004, 5, 329.48400000000015, 29.540000000000003}",0.0,3.0,4.178600000000004,5.0,329.48400000000015,29.540000000000003
CHEMBL274798,Cc1ccc(F)cc1-c1nc(C(F)(F)F)cn1-c1ccc(S(C)(=O)=O)cc1,100000.0,inactive,"{0, 3, 4, 4.409120000000003, 398.3810000000001, 51.96}",0.0,3.0,4.0,4.409120000000003,398.3810000000001,51.96
CHEMBL18040,CC1(O)OC(=O)C(c2ccc(F)cc2)=C1c1ccc(S(C)(=O)=O)cc1,380.0,active,"{1, 2.4053000000000004, 3, 5, 362.3780000000001, 80.67}",1.0,2.4053000000000004,3.0,5.0,362.3780000000001,80.67
CHEMBL43520,Cc1csc(Sc2cc3c(cc2NS(C)(=O)=O)COC3=O)n1,43.0,active,"{1, 2.6446200000000006, 356.45000000000016, 4, 7, 85.36}",1.0,2.6446200000000006,356.45000000000016,4.0,7.0,85.36
CHEMBL328009,COc1cc2c(cc1F)-c1c(c(C(F)(F)F)nn1-c1ccc(S(N)(=O)=O)cc1)SC2,9.0,active,"{1, 3, 3.9589000000000016, 6, 459.44600000000014, 87.21000000000001}",1.0,3.0,3.9589000000000016,6.0,459.44600000000014,87.21000000000001
CHEMBL324700,CCS(=O)(=O)c1ccc(-c2c(Cl)ncn2-c2ccc(S(C)(=O)=O)cc2)cc1,10000.0,inactive,"{0, 3.389800000000002, 5, 6, 424.9310000000001, 86.1}",0.0,3.389800000000002,5.0,6.0,424.9310000000001,86.1
CHEMBL321407,NS(=O)(=O)c1ccc(-n2cc(C(F)F)nc2-c2cccnc2)cc1,1830.0,active,"{1, 2.519300000000001, 4, 5, 90.87, 350.35}",1.0,2.519300000000001,4.0,5.0,90.87,350.35
CHEMBL184764,CS(=O)(=O)c1ccc2c(Sc3ccc(F)cc3F)c(C#N)[nH]c2c1,940.0,active,"{1, 3, 4, 3.872480000000002, 73.72, 364.3980000000001}",1.0,3.0,4.0,3.872480000000002,73.72,364.3980000000001
CHEMBL326291,Cc1cc(-c2c(Cl)ncn2-c2ccc(S(C)(=O)=O)cc2)ccc1Cl,11.0,active,"{0, 3, 4, 4.558020000000003, 51.96, 381.2840000000001}",0.0,3.0,4.0,4.558020000000003,51.96,381.2840000000001
CHEMBL52454,CS(=O)(=O)c1ccc(-c2ccccc2-c2ccc(F)c(Cl)c2)cc1,363.08,active,"{0, 2, 3, 34.14, 5.216600000000003, 360.8370000000001}",0.0,2.0,3.0,34.14,5.216600000000003,360.8370000000001
CHEMBL300601,Cc1ccc(-c2cc(F)c(F)cc2-c2ccc(S(C)(=O)=O)cc2)cc1C,22.91,active,"{0, 2, 3, 34.14, 5.319140000000004, 372.43600000000015}",0.0,2.0,3.0,34.14,5.319140000000004,372.43600000000015
CHEMBL320330,CS(=O)(=O)c1ccc(-n2cc(C(F)(F)F)nc2-c2cncc(Br)c2)cc1,950.0,active,"{0, 64.85, 3, 4.119100000000002, 5, 446.24800000000005}",0.0,64.85,3.0,4.119100000000002,5.0,446.24800000000005
CHEMBL277385,CS(=O)(=O)c1ccc(-c2sc(CCc3ccccc3)nc2-c2ccc(F)cc2)cc1,32.0,active,"{0, 4, 5.804900000000004, 6, 47.03, 437.5610000000001}",0.0,4.0,5.804900000000004,6.0,47.03,437.5610000000001
CHEMBL110331,Cc1cccc(-c2nc(C(F)(F)F)cn2-c2ccc(S(N)(=O)=O)cc2)n1,420.0,active,"{1, 2.90892, 3, 5, 90.87, 382.3670000000001}",1.0,2.90892,3.0,5.0,90.87,382.3670000000001
CHEMBL2018673,COc1ccc(Cc2nn(Cc3n[nH]c(=S)n3C)c(=O)c3c(C)noc23)cc1,2100.0,active,"{1, 2.13171, 5, 103.75999999999999, 9, 398.4480000000002}",1.0,2.13171,5.0,103.75999999999999,9.0,398.4480000000002
CHEMBL2018667,Cc1noc2c(Cc3ccccc3)nn(Cc3n[nH]c(=S)n3C)c(=O)c12,5500.0,active,"{1, 2.1231099999999996, 4, 8, 368.42200000000014, 94.53}",1.0,2.1231099999999996,4.0,8.0,368.42200000000014,94.53
CHEMBL1288602,COc1cc(C)cc2c1OC(C(F)(F)F)C(C(=O)O)=C2,3330.0,active,"{288.22099999999995, 1, 2, 3, 2.7949200000000003, 55.760000000000005}",288.22099999999995,1.0,2.0,3.0,2.7949200000000003,55.760000000000005
CHEMBL1290564,Cc1cc(OC(F)(F)F)cc2c1OC(C(F)(F)F)C(C(=O)O)=C2,16.0,active,"{1, 2, 3, 3.684920000000001, 342.1910000000001, 55.760000000000005}",1.0,2.0,3.0,3.684920000000001,342.1910000000001,55.760000000000005
CHEMBL107600,CS(=O)(=O)c1ccc(-n2cc(C(F)(F)F)nc2-c2ccccn2)cc1,1500.0,active,"{0, 64.85, 3, 3.356600000000002, 5, 367.35200000000003}",0.0,64.85,3.0,3.356600000000002,5.0,367.35200000000003
CHEMBL161728,Cc1nc(C2CCCCCC2)c(-c2ccc(S(C)(=O)=O)cc2)o1,280.0,active,"{0, 3, 4, 4.4913200000000035, 333.4530000000001, 60.17}",0.0,3.0,4.0,4.4913200000000035,333.4530000000001,60.17
CHEMBL108978,CS(=O)(=O)c1ccc(-n2cc(C(F)(F)F)nc2-c2cc3ccccc3cn2)cc1,1200.0,active,"{0, 417.4120000000001, 64.85, 3, 4.509800000000003, 5}",0.0,417.4120000000001,64.85,3.0,4.509800000000003,5.0
CHEMBL29839,COc1ccc(-c2cc(C(F)(F)F)nn2-c2ccc(S(N)(=O)=O)cc2)cc1,8.0,active,"{1, 3.214100000000001, 4, 5, 397.3780000000001, 87.21000000000001}",1.0,3.214100000000001,4.0,5.0,397.3780000000001,87.21000000000001
CHEMBL2380866,Cc1onc(-c2ccc(Cl)o2)c1-c1ccc(F)cc1,17200.0,inactive,"{0, 2, 3, 4.7025200000000025, 39.17, 277.68199999999996}",0.0,2.0,3.0,4.7025200000000025,39.17,277.68199999999996
CHEMBL1766289,CS(=O)(=O)c1ccc(-n2nc(CNC(=O)NC34CC5CC(CC(C5)C3)C4)cc2-c2ccccc2)cc1,10000.0,inactive,"{2, 4.710800000000004, 5, 6, 504.65600000000035, 93.09}",2.0,4.710800000000004,5.0,6.0,504.65600000000035,93.09
CHEMBL1766298,NS(=O)(=O)c1ccc(-n2nc(CCNC(=O)Nc3cccc(C(F)(F)F)c3)cc2-c2ccccc2)cc1,1000.0,active,"{3, 4.569700000000003, 5, 7, 529.5440000000001, 119.11000000000001}",3.0,4.569700000000003,5.0,7.0,529.5440000000001,119.11000000000001
CHEMBL1766288,NS(=O)(=O)c1ccc(-n2nc(CCCNC(=O)Nc3ccc(OC(F)(F)F)cc3)cc2-c2ccccc2)cc1,900.0,active,"{128.34, 3, 4.839600000000003, 6, 9, 559.5700000000002}",128.34,3.0,4.839600000000003,6.0,9.0,559.5700000000002
CHEMBL568719,CC(=O)OCO/N=[N+](\[O-])N(C)CCOC(=O)Cc1ccc(-c2cc(C(F)(F)F)nn2-c2ccc(S(N)(=O)=O)cc2)cc1,3500.0,active,"{1, 2.5527000000000006, 614.5590000000001, 11, 12, 181.48}",1.0,2.5527000000000006,614.5590000000001,11.0,12.0,181.48
CHEMBL4879127,Cc1cccc2oc(=O)cc(CSc3nnc(CSc4nc5cc(Cl)ccc5o4)o3)c12,54.42,active,"{0, 5.863620000000003, 6, 9, 471.94700000000023, 95.16}",0.0,5.863620000000003,6.0,9.0,471.94700000000023,95.16
CHEMBL25,CC(=O)Oc1ccccc1C(=O)O,2400.0,active,"{1, 2, 3, 1.3101, 180.15899999999996, 63.60000000000001}",1.0,2.0,3.0,1.3101,180.15899999999996,63.60000000000001
CHEMBL459932,CCCCCCC(Sc1nc(Cl)cc(Oc2ccc3ncccc3c2)n1)C(=O)O,10.0,active,"{1, 5.986200000000005, 6, 10, 431.94500000000016, 85.2}",1.0,5.986200000000005,6.0,10.0,431.94500000000016,85.2
CHEMBL459721,CCCCCCC(Sc1nc(Cl)cc(Nc2ccc3ncccc3c2)n1)C(=O)O,10.0,active,"{2, 5.937500000000004, 6, 10, 430.9610000000001, 88.00000000000001}",2.0,5.937500000000004,6.0,10.0,430.9610000000001,88.00000000000001
CHEMBL4758387,COc1cc(/C=N/Nc2nc(-c3ccc(S(C)(=O)=O)cc3)cs2)cc(OC)c1O,100000.0,inactive,"{2, 3.3824000000000027, 7, 9, 110.11000000000001, 433.51100000000014}",2.0,3.3824000000000027,7.0,9.0,110.11000000000001,433.51100000000014
CHEMBL4800449,Brc1ccc(OCCOc2nc3ccccc3s2)cc1,500.0,active,"{0, 4, 5, 4.516600000000002, 350.23699999999997, 31.35}",0.0,4.0,5.0,4.516600000000002,350.23699999999997,31.35
CHEMBL293492,O=C/C=C/c1ccccc1,245000.0,inactive,"{0, 1, 2, 1.8987, 132.16199999999998, 17.07}",0.0,1.0,2.0,1.8987,132.16199999999998,17.07
CHEMBL463559,C=C1C(=O)O[C@@H]2/C=C(\C)[C@@H]3O[C@@H]3/C=C(/C(=O)OC)[C@H](O)[C@@H](OC(=O)[C@]3(C)O[C@@H]3C)[C@@H]12,1100.0,active,"{0.36099999999999977, 1, 3, 420.41400000000016, 9, 124.19}",0.36099999999999977,1.0,3.0,420.41400000000016,9.0,124.19
CHEMBL458470,O=C(O)[C@H]1O[C@@H](Oc2c(-c3cc(O)c(O)c(O)c3)oc3cc(O)cc(O)c3c2=O)[C@H](O)[C@@H](O)[C@@H]1O,8000.0,active,"{-0.7410000000000001, 4, 9, 13, 494.3610000000002, 247.80999999999997}",-0.7410000000000001,4.0,9.0,13.0,494.3610000000002,247.80999999999997
CHEMBL4862239,CC1=C(CC(=O)O)c2cc(F)ccc2/C1=C\c1cccc(OCc2ccccc2)c1,286100.0,inactive,"{1, 2, 6, 6.207100000000005, 46.53, 400.4490000000001}",1.0,2.0,6.0,6.207100000000005,46.53,400.4490000000001
CHEMBL281910,COC(=O)c1cc2cc(S(C)(=O)=O)ccc2n1C(=O)c1ccc(Br)cc1,20000.0,inactive,"{0, 3, 3.2824000000000018, 6, 82.44, 436.2830000000001}",0.0,3.0,3.2824000000000018,6.0,82.44,436.2830000000001
CHEMBL44313,Cc1c(C(=O)c2ccccc2)cc(-c2ccc(S(C)(=O)=O)cc2)n1-c1ccc(F)cc1,1023.29,active,"{0, 4, 5, 5.226320000000004, 433.50400000000013, 56.14}",0.0,4.0,5.0,5.226320000000004,433.50400000000013,56.14
CHEMBL389485,CCCS(=O)(=O)Nc1ccncc1Oc1ccccc1,100000.0,inactive,"{1, 3.0256000000000016, 292.36, 4, 6, 68.29}",1.0,3.0256000000000016,292.36,4.0,6.0,68.29
CHEMBL2171267,CCCCCCN(C)C(=O)n1c2ccc(Cl)cc2c2ccc(C(C)C(=O)O)cc21,100000.0,inactive,"{1, 3, 414.9330000000002, 6.116200000000006, 7, 62.540000000000006}",1.0,3.0,414.9330000000002,6.116200000000006,7.0,62.540000000000006
CHEMBL2171262,CCCCCCNC(=O)n1c2ccc(Cl)cc2c2ccc(C(C)C(=O)O)cc21,100000.0,inactive,"{2, 3, 5.774000000000005, 71.33, 7, 400.9060000000002}",2.0,3.0,5.774000000000005,71.33,7.0,400.9060000000002
CHEMBL4290946,NS(=O)(=O)c1ccc(-c2cc(-c3ccccc3)no2)cc1,10790.0,inactive,"{1, 2.6560000000000015, 3, 4, 300.339, 86.19000000000001}",1.0,2.6560000000000015,3.0,4.0,300.339,86.19000000000001
CHEMBL4278979,COC(=O)c1onc(-c2ccc(F)cc2)c1-c1ccc(S(C)(=O)=O)cc1,100000.0,inactive,"{0, 3.3378000000000014, 4, 6, 86.47, 375.3770000000001}",0.0,3.3378000000000014,4.0,6.0,86.47,375.3770000000001
CHEMBL257491,CCCCCNc1cc(C(F)(F)F)nc(-c2ccc(S(C)(=O)=O)cc2)n1,728.6,active,"{1, 387.4270000000001, 4.168000000000003, 5, 71.95, 7}",1.0,387.4270000000001,4.168000000000003,5.0,71.95,7.0
CHEMBL4277468,COc1ccc(-n2c(SCc3cn(-c4ccc(Br)cc4)nn3)nc3ccccc3c2=O)cc1,670.0,active,"{0, 5.029800000000004, 6, 520.4120000000001, 8, 74.83000000000001}",0.0,5.029800000000004,6.0,520.4120000000001,8.0,74.83000000000001
CHEMBL4277505,COc1ccc(-n2c(SCc3cc(-c4ccc(OC)c(OC)c4)no3)nc3ccccc3c2=O)cc1,770.0,active,"{0, 5.358800000000005, 8, 9, 501.56400000000025, 88.61000000000001}",0.0,5.358800000000005,8.0,9.0,501.56400000000025,88.61000000000001
CHEMBL4291556,COc1ccc(-n2c(SCc3cc(-c4ccc(Cl)cc4)no3)nc3ccccc3c2=O)cc1,630.0,active,"{0, 5.9950000000000045, 70.15, 6, 7, 475.95700000000016}",0.0,5.9950000000000045,70.15,6.0,7.0,475.95700000000016
CHEMBL374427,COC1(c2cc(F)cc(OCc3cc(-c4ccccc4)n(-c4ccc(S(N)(=O)=O)cc4)n3)c2)CCOCC1,100.0,active,"{1, 4.556900000000003, 7, 8, 105.66999999999999, 537.6130000000002}",1.0,4.556900000000003,7.0,8.0,105.66999999999999,537.6130000000002
CHEMBL4170508,CS(=O)(=O)c1ccc(C2C(c3ccccc3)=NOC23COc2ccccc2C3=O)cc1,90.0,active,"{0, 3, 3.6223000000000027, 6, 433.48500000000024, 82.03}",0.0,3.0,3.6223000000000027,6.0,433.48500000000024,82.03
CHEMBL2146750,CC1CCN([C@H](c2ccc(F)cc2)c2ccc([C@@H](C)C(=O)O)cc2-c2ccc(C(F)(F)F)cc2)CC1,27000.0,inactive,"{1, 2, 6, 7.520900000000006, 40.540000000000006, 499.5480000000002}",1.0,2.0,6.0,7.520900000000006,40.540000000000006,499.5480000000002
CHEMBL3322397,CS(=O)(=O)c1ccc(N2CCN=C2c2cccc(Br)c2)cc1,6800.0,active,"{0, 3, 4, 3.1194000000000015, 49.74, 379.279}",0.0,3.0,4.0,3.1194000000000015,49.74,379.279
CHEMBL3322401,Cc1cccc(C2=NCCN2c2ccc(S(C)(=O)=O)cc2)c1,10000.0,inactive,"{0, 2.6653200000000012, 3, 4, 49.74, 314.4100000000001}",0.0,2.6653200000000012,3.0,4.0,49.74,314.4100000000001
CHEMBL3410360,NS(=O)(=O)c1ccc(N2N=C3c4ccccc4OCC3C2c2ccc(Cl)cc2)cc1,8240.0,active,"{1, 3, 3.9616000000000033, 5, 84.99000000000001, 439.9240000000001}",1.0,3.0,3.9616000000000033,5.0,84.99000000000001,439.9240000000001
CHEMBL3410344,NS(=O)(=O)c1ccc(N2N=C3c4ccccc4CCC3C2c2ccccc2F)cc1,11890.0,inactive,"{1, 3, 4, 421.4970000000001, 4.001100000000004, 75.76}",1.0,3.0,4.0,421.4970000000001,4.001100000000004,75.76
CHEMBL3410357,COc1ccc(C2C3COc4ccccc4C3=NN2c2ccc(S(N)(=O)=O)cc2)cc1,1020.0,active,"{1, 3.3168000000000006, 4, 6, 435.50500000000017, 94.22}",1.0,3.3168000000000006,4.0,6.0,435.50500000000017,94.22
CHEMBL117946,CS(=O)(=O)c1ccc(-n2c(-c3ccc(F)cc3)cnc2Cl)cc1,10000.0,inactive,"{0, 3, 4, 3.7353000000000023, 51.96, 350.802}",0.0,3.0,4.0,3.7353000000000023,51.96,350.802
CHEMBL111518,NS(=O)(=O)c1ccc(-n2nc(C(F)(F)F)cc2-c2ccc3c(c2)OCO3)cc1,23.99,active,"{96.44000000000001, 1, 2.9342000000000015, 3, 6, 411.36100000000016}",96.44000000000001,1.0,2.9342000000000015,3.0,6.0,411.36100000000016
CHEMBL296318,C[S+]([O-])c1ccc(-c2nc(C(F)(F)F)cn2-c2ccc(S(C)(=O)=O)cc2)cc1,100000.0,inactive,"{0, 3.6990000000000016, 4, 5, 75.02000000000001, 428.4570000000001}",0.0,3.6990000000000016,4.0,5.0,75.02000000000001,428.4570000000001
CHEMBL420351,Cc1cc(=O)c(Oc2ccc(Cl)cc2)c(-c2ccc(S(C)(=O)=O)cc2)o1,320.0,active,"{0, 4, 5, 390.8440000000001, 4.464420000000003, 73.58000000000001}",0.0,4.0,5.0,390.8440000000001,4.464420000000003,73.58000000000001
CHEMBL42174,CN(C)c1cc(-c2nc(C(F)(F)F)cn2-c2ccc(S(C)(=O)=O)cc2)ccc1Cl,1040.0,active,"{0, 4, 5, 4.681000000000004, 55.2, 443.87800000000016}",0.0,4.0,5.0,4.681000000000004,55.2,443.87800000000016
CHEMBL2311577,CC(C)Cc1ccc(C(C)C(=O)OCCNS(=O)(=O)c2cccc3c(N(C)C)cccc23)cc1,9200.0,active,"{1, 482.6460000000002, 4.729500000000004, 5, 10, 75.71}",1.0,482.6460000000002,4.729500000000004,5.0,10.0,75.71
CHEMBL1682233,CS(=O)(=O)c1ccc(-c2nnnn2-c2ccc(Cl)cc2)cc1,110000.0,inactive,"{0, 2.3862000000000005, 3, 6, 77.74000000000001, 334.788}",0.0,2.3862000000000005,3.0,6.0,77.74000000000001,334.788
CHEMBL119089,CS(=O)(=O)c1ccc(-c2c(Cl)ncn2-c2ccc(F)cc2)cc1,10000.0,inactive,"{0, 3, 4, 3.7353000000000023, 51.96, 350.802}",0.0,3.0,4.0,3.7353000000000023,51.96,350.802
CHEMBL324825,C=CCc1ncn(-c2ccc(S(C)(=O)=O)cc2)c1-c1ccc(F)cc1,10000.0,inactive,"{0, 3.810400000000003, 4, 356.4220000000001, 5, 51.96}",0.0,3.810400000000003,4.0,356.4220000000001,5.0,51.96
CHEMBL2018671,CCn1c(Cn2nc(Cc3ccc([N+](=O)[O-])cc3)c3onc(C)c3c2=O)n[nH]c1=S,9200.0,active,"{1, 2.5142100000000003, 6, 137.67000000000002, 10, 427.4460000000002}",1.0,2.5142100000000003,6.0,137.67000000000002,10.0,427.4460000000002
CHEMBL2018672,Cc1noc2c(Cc3ccc([N+](=O)[O-])cc3)nn(Cc3n[nH]c(=S)n3-c3ccccc3)c(=O)c12,100000.0,inactive,"{1, 3.4835100000000017, 6, 137.67000000000002, 10, 475.49000000000024}",1.0,3.4835100000000017,6.0,137.67000000000002,10.0,475.49000000000024
CHEMBL4542774,O=C1NC(=S)S/C1=C\c1ccc(OCc2cn(-c3ccc(Br)cc3)nn2)cc1,110.0,active,"{1, 4.097600000000003, 69.03999999999999, 5, 7, 473.37700000000007}",1.0,4.097600000000003,69.03999999999999,5.0,7.0,473.37700000000007
CHEMBL4579799,O=C1NC(=S)S/C1=C\c1ccc(OCc2cn(Cc3ccc(Br)cc3)nn2)cc1,110.0,active,"{1, 4.1567000000000025, 69.03999999999999, 6, 7, 487.4040000000001}",1.0,4.1567000000000025,69.03999999999999,6.0,7.0,487.4040000000001
CHEMBL4456191,CCO/C=N/c1nnc(-c2ccc(Cl)cc2)o1,100.0,active,"{0, 3.0863000000000014, 4, 5, 251.67300000000003, 60.510000000000005}",0.0,3.0863000000000014,4.0,5.0,251.67300000000003,60.510000000000005
CHEMBL4445036,COc1ccc(-c2c(-c3ccc(F)cc3)noc2N)cc1,50000.0,inactive,"{1, 3, 4, 3.738500000000001, 284.29, 61.28}",1.0,3.0,4.0,3.738500000000001,284.29,61.28
CHEMBL43553,CN(C)c1c(Cl)cc(-c2nc(C(F)(F)F)cn2-c2ccc(S(C)(=O)=O)cc2)cc1Cl,140.0,active,"{0, 4, 5, 5.334400000000004, 55.2, 478.3230000000001}",0.0,4.0,5.0,5.334400000000004,55.2,478.3230000000001
CHEMBL443791,Cc1cc(-c2cc(F)c(F)cc2-c2ccc(S(C)(=O)=O)cc2)ccc1F,5.0,active,"{0, 2, 3, 34.14, 5.149820000000004, 376.3990000000001}",0.0,2.0,3.0,34.14,5.149820000000004,376.3990000000001
CHEMBL16698,COC(=O)CCSc1nnc(-c2cc(C(C)(C)C)c(O)c(C(C)(C)C)c2)s1,20000.0,inactive,"{1, 5, 5.160900000000005, 7, 72.31, 408.58900000000017}",1.0,5.0,5.160900000000005,7.0,72.31,408.58900000000017
CHEMBL4760459,Cc1ccc(Nc2nc(/C=C/c3ccccc3)nc3cc(Br)ccc23)cc1,50000.0,inactive,"{416.3220000000001, 1, 3, 4, 37.81, 6.614720000000004}",416.3220000000001,1.0,3.0,4.0,37.81,6.614720000000004
CHEMBL4792690,COc1ccc(Nc2nc(/C=C/c3ccccc3)nc3ccccc23)cc1,37300.0,inactive,"{353.4250000000001, 1, 4, 5, 5.552400000000004, 47.04}",353.4250000000001,1.0,4.0,5.0,5.552400000000004,47.04
CHEMBL1814707,CC(C(=O)[O-])c1ccc(CC2CCCC2=O)cc1Cl.[Na+],2000.0,active,"{0, -0.8908999999999989, 3, 4, 302.73299999999995, 57.199999999999996}",0.0,-0.8908999999999989,3.0,4.0,302.73299999999995,57.199999999999996
CHEMBL1814724,CC(C(=O)[O-])c1ccc(CC2CCCC2=O)cc1-c1ccc(F)cc1.[Na+],36000.0,inactive,"{0, 0.26180000000000025, 3, 5, 362.376, 57.199999999999996}",0.0,0.26180000000000025,3.0,5.0,362.376,57.199999999999996
CHEMBL447148,NS(=O)(=O)c1ccc(C#Cc2ccc(=O)n(C(F)F)c2)cc1,6000.0,active,"{1, 2, 1.2906000000000004, 324.308, 4, 82.16}",1.0,2.0,1.2906000000000004,324.308,4.0,82.16
CHEMBL521440,CS(=O)(=O)c1ccccc1C#Cc1ccc(=O)n(C(F)F)c1,9400.0,active,"{0, 2, 323.32, 4, 2.0467, 56.14}",0.0,2.0,323.32,4.0,2.0467,56.14
CHEMBL455837,CS(=O)(=O)c1ccc(-n2nncc2-c2ccc(Cl)cc2)cc1,40.0,active,"{0, 64.85, 2.991200000000001, 3, 5, 333.80000000000007}",0.0,64.85,2.991200000000001,3.0,5.0,333.80000000000007
CHEMBL452660,CS(=O)(=O)c1ccc(-n2cc(-c3ccc(Cl)cc3)nn2)cc1,190.0,active,"{0, 64.85, 2.991200000000001, 3, 5, 333.8}",0.0,64.85,2.991200000000001,3.0,5.0,333.8
CHEMBL458026,COc1ccc(-c2cn(-c3ccc(S(C)(=O)=O)cc3)nn2)cc1,2500.0,active,"{0, 2.3464, 4, 6, 329.38100000000003, 74.08}",0.0,2.3464,4.0,6.0,329.38100000000003,74.08
CHEMBL2087942,CS(=O)(=O)c1ccc(NN2C(=O)CSC2c2ccc(F)cc2)cc1,45400.0,inactive,"{1, 66.48, 2.830300000000001, 4, 5, 366.4390000000001}",1.0,66.48,2.830300000000001,4.0,5.0,366.4390000000001
CHEMBL357002,CSc1ccc(-c2cc(C(F)(F)F)nn2-c2ccc(S(N)(=O)=O)c(CO)c2)cc1,235.0,active,"{2, 98.21000000000001, 3.4197000000000015, 5, 6, 443.47200000000015}",2.0,98.21000000000001,3.4197000000000015,5.0,6.0,443.47200000000015
CHEMBL302771,CS(=O)(=O)c1ccc(-c2coc(=O)n2-c2ccc(F)cc2)cc1,510.5,active,"{0, 2.6401000000000012, 3, 5, 69.28, 333.34000000000003}",0.0,2.6401000000000012,3.0,5.0,69.28,333.34000000000003
CHEMBL299806,CN(C)c1ccc(-c2cc(F)c(F)cc2-c2ccc(S(C)(=O)=O)cc2)cc1Cl,7.943,active,"{0, 3, 4, 37.38, 421.8960000000001, 5.421700000000004}",0.0,3.0,4.0,37.38,421.8960000000001,5.421700000000004
CHEMBL1164396,COc1ccc2c(c1)c1c(n2C(=O)c2ccc(Br)cc2)CCN(CCCOc2cc(F)cc(C3(OC)CCOCC3)c2)C1.Cl,85400.0,inactive,"{0, 7, 7.141100000000009, 9, 688.034, 62.16000000000001}",0.0,7.0,7.141100000000009,9.0,688.034,62.16000000000001
CHEMBL157129,COc1ccc(-n2nc(-c3ccc(Cl)cc3)c3c2CCC(O)C3)cc1,460.0,active,"{1, 354.83700000000016, 3, 4, 4.050900000000003, 47.28}",1.0,354.83700000000016,3.0,4.0,4.050900000000003,47.28
CHEMBL281653,COc1ccc2c(c1)c(CC(=O)NC[C@@H](C)O)c(C)n2C(=O)c1ccc(Cl)cc1,330.0,active,"{2, 3.3397200000000016, 5, 6, 80.56, 414.8890000000001}",2.0,3.3397200000000016,5.0,6.0,80.56,414.8890000000001
CHEMBL119472,CCCCNC(=O)c1cc(C(C)(C)C)c2c(c1)C(C)(C)CO2,220.0,active,"{1, 2, 4, 4.184000000000004, 38.33, 303.446}",1.0,2.0,4.0,4.184000000000004,38.33,303.446
CHEMBL2171248,CC(C(=O)O)c1ccc2c3cc(Cl)ccc3n(C(=O)c3cscn3)c2c1,100000.0,inactive,"{384.8440000000001, 1, 3, 4.781000000000002, 5, 72.19}",384.8440000000001,1.0,3.0,4.781000000000002,5.0,72.19
CHEMBL329120,Cc1cnc(-c2cccnc2)c(-c2ccc(S(C)(=O)=O)cc2)c1,350.0,active,"{0, 3, 324.40500000000003, 4, 3.522520000000002, 59.92}",0.0,3.0,324.40500000000003,4.0,3.522520000000002,59.92
CHEMBL2063854,CC(C(=O)O)c1ccc(Cc2ccoc2)cc1F,4000.0,active,"{1, 2, 3.1976000000000013, 4, 50.44, 248.25299999999996}",1.0,2.0,3.1976000000000013,4.0,50.44,248.25299999999996
CHEMBL274893,CS(=O)(=O)c1ccc(C2=C(c3ccc(F)cc3)CCC2)cc1,300.0,active,"{0, 2, 3, 34.14, 4.323900000000004, 316.3970000000001}",0.0,2.0,3.0,34.14,4.323900000000004,316.3970000000001
CHEMBL29403,Cc1cc(-c2cc(C(F)(F)F)nn2-c2ccc(S(N)(=O)=O)cc2)cc2c1OCO2,52.48,active,"{96.44000000000001, 1, 3, 3.2426200000000005, 6, 425.3880000000002}",96.44000000000001,1.0,3.0,3.2426200000000005,6.0,425.3880000000002
CHEMBL39013,Cc1nc(Sc2cc3c(cc2NS(C)(=O)=O)CCC3=O)sc1C,1700.0,active,"{1, 3.4115400000000022, 4, 6, 76.13, 368.50500000000017}",1.0,3.4115400000000022,4.0,6.0,76.13,368.50500000000017
CHEMBL43645,CS(=O)(=O)c1ccc(-n2cc(C(F)(F)F)nc2-c2ccccc2F)cc1,398.11,active,"{384.35400000000004, 0, 3, 4, 4.1007000000000025, 51.96}",384.35400000000004,0.0,3.0,4.0,4.1007000000000025,51.96
CHEMBL119852,CS(=O)(=O)c1ccc(-n2cnc(Cl)c2-c2cccc(F)c2)cc1,65.0,active,"{0, 3, 4, 3.7353000000000023, 51.96, 350.802}",0.0,3.0,4.0,3.7353000000000023,51.96,350.802
CHEMBL27975,NS(=O)(=O)c1ccc(-n2ncc(Br)c2-c2ccc(Cl)cc2)cc1,30.9,active,"{1, 3, 4, 3.6026000000000016, 77.98, 412.69600000000014}",1.0,3.0,4.0,3.6026000000000016,77.98,412.69600000000014
CHEMBL144920,CCCC#CCSc1ccccc1OC(C)=O,3000.0,active,"{0, 3, 4, 3.507500000000002, 248.34699999999998, 26.3}",0.0,3.0,4.0,3.507500000000002,248.34699999999998,26.3
CHEMBL1956386,NS(=O)(=O)c1ccc(-n2nnnc2-c2ccc(C(F)(F)F)cc2)cc1,100000.0,inactive,"{1, 1.9955000000000003, 3, 6, 103.76, 369.328}",1.0,1.9955000000000003,3.0,6.0,103.76,369.328
CHEMBL1956393,CS(=O)(=O)c1ccc(-n2nnnc2-c2ccc(Cl)cc2)cc1,32000.0,inactive,"{0, 2.3862000000000005, 3, 6, 77.74, 334.788}",0.0,2.3862000000000005,3.0,6.0,77.74,334.788
CHEMBL3965233,Cc1cc(C)c2c(=O)n(CN3CCN(C4CCCCC4)CC3)sc2n1,358800.0,inactive,"{0, 2.9826400000000017, 3, 6, 360.52700000000016, 41.370000000000005}",0.0,2.9826400000000017,3.0,6.0,360.52700000000016,41.370000000000005
CHEMBL3903347,Cc1cc(C)c2c(=O)n(CCC(=O)N3CCN(c4ccccc4)CC3)sc2n1,368200.0,inactive,"{0, 2.813740000000001, 4, 6, 396.5160000000001, 58.440000000000005}",0.0,2.813740000000001,4.0,6.0,396.5160000000001,58.440000000000005
CHEMBL3933250,Cc1cc(C)c2c(OC(C)C(=O)O)nsc2n1,218776.16,inactive,"{1, 2.16004, 3, 5, 72.31, 252.295}",1.0,2.16004,3.0,5.0,72.31,252.295
CHEMBL1775089,O=[N+]([O-])c1ccc(Oc2ccc(OCCN3CCCC3)cc2)cc1,35300.0,inactive,"{0, 64.84, 3.8617000000000026, 5, 7, 328.36800000000005}",0.0,64.84,3.8617000000000026,5.0,7.0,328.36800000000005
CHEMBL1950013,CCc1ccc2[nH]c(C(=O)c3cc(C)ccn3)c(CC(=O)O)c2c1,15.7,active,"{2, 322.36400000000003, 3, 5, 3.2918200000000013, 83.05}",2.0,322.36400000000003,3.0,5.0,3.2918200000000013,83.05
CHEMBL1950019,CCc1cc(C(=O)c2[nH]c3cc(Cl)ccc3c2CC(=O)O)ncc1Cl,30.7,active,"{2, 3, 4.290200000000002, 5, 83.05, 377.2270000000001}",2.0,3.0,4.290200000000002,5.0,83.05,377.2270000000001
CHEMBL3099218,CC(C)(C)c1cc(/C=N/NC(=O)c2cccnc2)c(O)c(C(C)(C)C)c1,8800.0,active,"{353.4660000000001, 2, 3, 4, 4.146100000000003, 74.58}",353.4660000000001,2.0,3.0,4.0,4.146100000000003,74.58
CHEMBL3774876,CCCNC(=O)Oc1cccc(-c2ccc(C(C)C(=O)O)cc2F)c1,100000.0,inactive,"{2, 3, 4.1792000000000025, 6, 75.63, 345.37}",2.0,3.0,4.1792000000000025,6.0,75.63,345.37
CHEMBL3775475,CCCCCCNC(=O)Oc1ccc(-c2ccc(C(C)C(=O)O)cc2F)cc1,100000.0,inactive,"{2, 3, 387.4510000000001, 5.349500000000004, 9, 75.63}",2.0,3.0,387.4510000000001,5.349500000000004,9.0,75.63
CHEMBL3775770,CCCCCCNC(=O)Oc1cccc(-c2ccc(CC(=O)O)cc2F)c1,240.0,active,"{2, 3, 4.7885000000000035, 9, 75.63, 373.42400000000015}",2.0,3.0,4.7885000000000035,9.0,75.63,373.42400000000015
CHEMBL3774686,CCCCCCNC(=O)Oc1cccc(-c2ccc(C(C)C(=O)O)cc2)c1,690.0,active,"{2, 3, 5.2104000000000035, 9, 75.63, 369.4610000000001}",2.0,3.0,5.2104000000000035,9.0,75.63,369.4610000000001
CHEMBL3233599,CN1C(=O)C(c2ccccc2)=C(c2ccc(S(N)(=O)=O)cc2)C1=O,36.0,active,"{1, 97.53999999999999, 3, 4, 1.2434, 342.3760000000001}",1.0,97.53999999999999,3.0,4.0,1.2434,342.3760000000001
CHEMBL4540796,Cc1ccc(C(=O)NCCc2c[nH]c3ccccc23)c(O)c1,16440.0,inactive,"{65.12, 2, 3, 4, 3.154420000000001, 294.35400000000004}",65.12,2.0,3.0,4.0,3.154420000000001,294.35400000000004
CHEMBL4762525,Cc1ccc(O)c(C(=O)NCCc2c[nH]c3ccccc23)c1,40000.0,inactive,"{65.12, 2, 3, 4, 3.154420000000001, 294.35400000000004}",65.12,2.0,3.0,4.0,3.154420000000001,294.35400000000004
CHEMBL3740105,C#Cc1cccc(Nc2ncnc3cc(OCCOC(=O)c4ccc(C(=O)Nc5ccc6c(c5)C(C)(C)CCC6(C)C)cc4)c(OCCOC(=O)c4ccc(C(=O)Nc5ccc6c(c5)C(C)(C)CCC6(C)C)cc4)cc23)c1,10000.0,inactive,"{3, 167.07, 1032.2509999999995, 11, 13.028899999999979, 16}",3.0,167.07,1032.2509999999995,11.0,13.028899999999979,16.0
CHEMBL118,Cc1ccc(-c2cc(C(F)(F)F)nn2-c2ccc(S(N)(=O)=O)cc2)cc1,42.0,active,"{1, 3, 4, 3.5139200000000006, 77.98, 381.3790000000001}",1.0,3.0,4.0,3.5139200000000006,77.98,381.3790000000001
CHEMBL23378,CS(=O)(=O)c1ccc(C2=C(c3cc4ccccc4s3)C(=O)CC2)cc1,14.0,active,"{0, 3, 4, 4.578500000000003, 368.47900000000016, 51.21}",0.0,3.0,4.0,4.578500000000003,368.47900000000016,51.21
CHEMBL436494,CCOc1cccc(OCc2cc(-c3ccccc3)n(-c3ccc(S(C)(=O)=O)cc3)n2)c1,900.0,active,"{448.54400000000015, 0, 4.920500000000004, 70.42, 6, 8}",448.54400000000015,0.0,4.920500000000004,70.42,6.0,8.0
CHEMBL5271889,NS(=O)(=O)c1ccc(-n2nc(C(=O)NNC(=O)c3cccc(C(F)(F)F)c3)cc2-c2ccccc2)cc1,520.0,active,"{3, 3.280300000000002, 5, 6, 136.18, 529.5000000000002}",3.0,3.280300000000002,5.0,6.0,136.18,529.5000000000002
CHEMBL5279631,CCc1cc(OC)c(OC)c(OC)c1,180.0,active,"{0, 2.2748, 3, 196.24599999999998, 4, 27.69}",0.0,2.2748,3.0,196.24599999999998,4.0,27.69
CHEMBL3809922,COC(=O)[C@H](CC(C)C)NC(=O)CNC(=O)[C@@H](N)C(C)C,10000.0,inactive,"{-0.21019999999999728, 3, 5, 8, 301.38700000000006, 110.52}",-0.21019999999999728,3.0,5.0,8.0,301.38700000000006,110.52
CHEMBL3809760,CC(C)[C@H](NC(=O)[C@H](C)NC(=O)CNC(=O)OCc1ccccc1)C(=O)O,3000.0,active,"{0.6429000000000014, 4, 5, 133.83, 9, 379.41300000000007}",0.6429000000000014,4.0,5.0,133.83,9.0,379.41300000000007
CHEMBL4758581,Cc1c(Nc2ccc(S(=O)(=O)N3CCN(C)CC3)cc2F)nc2ccc(Nc3cnn(C4CC4)c3)cn2c1=O,800.0,active,"{2, 3.0967200000000012, 7, 552.6360000000002, 10, 116.87}",2.0,3.0967200000000012,7.0,552.6360000000002,10.0,116.87
CHEMBL3087872,Cc1ccc2c(c1)oc(=O)n2Cc1cn(-c2ccc(F)cc2)nn1,2400.0,active,"{0, 65.85, 2.6710200000000004, 3, 324.315, 6}",0.0,65.85,2.6710200000000004,3.0,324.315,6.0
CHEMBL3087873,Cc1ccc2oc(=O)n(Cc3cn(-c4ccc(Br)cc4)nn3)c2c1,2780.0,active,"{0, 385.22100000000006, 65.85, 3, 3.2944200000000015, 6}",0.0,385.22100000000006,65.85,3.0,3.2944200000000015,6.0
CHEMBL3087875,O=c1oc2ccc(Cl)cc2n1Cc1cn(-c2ccc(Cl)cc2)nn1,2700.0,active,"{0, 65.85, 3, 3.5303000000000013, 6, 361.188}",0.0,65.85,3.0,3.5303000000000013,6.0,361.188
CHEMBL225463,CS(=O)(=O)c1ccc(-n2nc(COc3ccc4c(c3)OCO4)cc2-c2ccccc2)cc1,450.0,active,"{448.50000000000017, 0, 4.250500000000003, 6, 7, 79.65}",448.50000000000017,0.0,4.250500000000003,6.0,7.0,79.65
CHEMBL4456497,CCOC(=O)CSc1nnc(-c2ccc(S(C)(=O)=O)cc2)c(-c2ccc(C)cc2)n1,10100.0,inactive,"{0, 99.11, 3.572720000000002, 7, 8, 443.5500000000002}",0.0,99.11,3.572720000000002,7.0,8.0,443.5500000000002
CHEMBL109030,CS(=O)(=O)c1ccc(C2=C(c3ccc(C(F)(F)F)cc3)CCC2)cc1,870.96,active,"{0, 2, 3, 34.14, 5.203600000000004, 366.4040000000001}",0.0,2.0,3.0,34.14,5.203600000000004,366.4040000000001
CHEMBL17064,CC(C)(C)c1nc(-c2ccc(F)cc2)c(-c2ccc(S(C)(=O)=O)cc2)s1,110.0,active,"{0, 3, 4, 389.51700000000005, 5.317200000000004, 47.03}",0.0,3.0,4.0,389.51700000000005,5.317200000000004,47.03
CHEMBL276052,O=c1c2ccccc2c(S(=O)(=O)c2ccccc2)c(O)n1Cc1ccccc1,140.0,active,"{1, 3.5882000000000023, 4, 5, 391.4480000000001, 76.37}",1.0,3.5882000000000023,4.0,5.0,391.4480000000001,76.37
CHEMBL156053,CC(C)(C)n1ncc(-c2ccc(S(C)(=O)=O)cc2)c(-c2ccccc2)c1=O,5000.0,active,"{0, 3, 3.735800000000003, 69.03, 5, 382.4850000000001}",0.0,3.0,3.735800000000003,69.03,5.0,382.4850000000001
CHEMBL316455,NS(=O)(=O)c1ccc(-n2nc(C(F)(F)F)c3c2-c2ccc(F)cc2CS3)cc1,40.0,active,"{1, 2, 3.950300000000002, 5, 77.98, 429.4200000000001}",1.0,2.0,3.950300000000002,5.0,77.98,429.4200000000001
CHEMBL1950017,Cc1ccnc(C(=O)c2[nH]c3ccc(F)cc3c2CC(=O)O)c1,5.68,active,"{2, 3, 4, 2.868520000000001, 83.05, 312.3}",2.0,3.0,4.0,2.868520000000001,83.05,312.3
CHEMBL39013,Cc1nc(Sc2cc3c(cc2NS(C)(=O)=O)CCC3=O)sc1C,1800.0,active,"{1, 3.4115400000000022, 4, 6, 76.13, 368.50500000000017}",1.0,3.4115400000000022,4.0,6.0,76.13,368.50500000000017
CHEMBL148157,CS(=O)(=O)Nc1cc2c(cc1Sc1cscn1)C(=O)CC2,10000.0,inactive,"{1, 2.7947000000000015, 4, 6, 76.13, 340.45100000000014}",1.0,2.7947000000000015,4.0,6.0,76.13,340.45100000000014
CHEMBL42121,CCS(=O)(=O)c1ccc(-n2cccc2-c2ccc(F)cc2)cc1,100000.0,inactive,"{0, 3, 4, 4.077000000000003, 39.07, 329.396}",0.0,3.0,4.0,4.077000000000003,39.07,329.396
CHEMBL70158,CS(=O)(=O)c1ccc(-c2coc(=O)n2-c2ccccc2F)cc1,660.0,active,"{0, 2.6401000000000012, 3, 5, 69.28, 333.34000000000003}",0.0,2.6401000000000012,3.0,5.0,69.28,333.34000000000003
CHEMBL304054,Cc1cccc(-n2c(-c3ccc(S(N)(=O)=O)cc3)coc2=O)c1,510.0,active,"{1, 2.05332, 3, 5, 330.36500000000007, 95.30000000000001}",1.0,2.05332,3.0,5.0,330.36500000000007,95.30000000000001
CHEMBL304560,NS(=O)(=O)c1ccc(-c2coc(=O)n2-c2ccc(Cl)c(Cl)c2)cc1,399.94,active,"{385.22800000000007, 1, 3, 3.051700000000001, 5, 95.30000000000001}",385.22800000000007,1.0,3.0,3.051700000000001,5.0,95.30000000000001
CHEMBL303023,Cc1cccc(-n2c(-c3ccc(S(N)(=O)=O)cc3)c(C)oc2=O)c1,930.0,active,"{1, 2.36174, 3, 5, 344.3920000000001, 95.30000000000001}",1.0,2.36174,3.0,5.0,344.3920000000001,95.30000000000001
CHEMBL432945,COc1ccc(C2=C(c3ccc(S(N)(=O)=O)cc3)CC3(CC3)C2)cc1,1.0,active,"{1, 3, 355.4590000000002, 4, 69.39, 3.8274000000000026}",1.0,3.0,355.4590000000002,4.0,69.39,3.8274000000000026
CHEMBL45192,NS(=O)(=O)c1ccc(-n2cc(C(F)(F)F)nc2-c2ccc(Cl)cc2)cc1,10.0,active,"{1, 3, 4, 3.858900000000002, 77.98, 401.797}",1.0,3.0,4.0,3.858900000000002,77.98,401.797
CHEMBL5189985,CC(C)=CCC/C(C)=C/CCC1=C[C@]2(OC1=O)c1cc(O)ccc1OC(=O)[C@@]2(CCC=C(C)C)CC(=O)c1cc(O)ccc1O,1290.0,active,"{130.36, 3, 614.7350000000005, 7.879600000000007, 8, 12}",130.36,3.0,614.7350000000005,7.879600000000007,8.0,12.0
CHEMBL5202074,CC(C)=CCCC1=C[C@]2(OC1=O)c1cc(O)ccc1OC(=O)[C@@]2(CC/C=C(\C)CCC=C(C)C)CC(=O)c1cc(O)ccc1O,1290.0,active,"{130.36, 3, 614.7350000000006, 7.879600000000005, 8, 12}",130.36,3.0,614.7350000000006,7.879600000000005,8.0,12.0
CHEMBL91258,CS(=O)(=O)c1ccc(C2=C(c3ccc(Cl)cc3Cl)CC3(CC3)C2)cc1,33.11,active,"{0, 2, 3, 34.14, 5.881700000000004, 393.3350000000002}",0.0,2.0,3.0,34.14,5.881700000000004,393.3350000000002
CHEMBL17069,CS(=O)(=O)c1ccc(-c2sc(-c3ccccc3Cl)nc2-c2cccs2)cc1,57.0,active,"{0, 4, 5, 6.262500000000004, 47.03, 431.99100000000016}",0.0,4.0,5.0,6.262500000000004,47.03,431.99100000000016
CHEMBL3402600,CCCNC(=O)Cc1cc(-c2ccc(S(N)(=O)=O)cc2)n(-c2cccc(F)c2)c1C,5780.0,active,"{2, 3.307920000000001, 4, 7, 429.5170000000001, 94.19}",2.0,3.307920000000001,4.0,7.0,429.5170000000001,94.19
CHEMBL49606,COc1ccc(N2CC(c3ccc(S(C)(=O)=O)cc3)=C(c3ccc(F)cc3)C2=O)cc1,1200.0,active,"{0, 4, 5, 4.195400000000003, 437.49200000000013, 63.68}",0.0,4.0,5.0,4.195400000000003,437.49200000000013,63.68
CHEMBL303870,COC(=O)c1cc(-c2ccc(S(N)(=O)=O)cc2)c(-c2ccc(F)cc2)s1,70.0,active,"{1, 3.6552000000000024, 4, 5, 391.44500000000005, 86.46000000000001}",1.0,3.6552000000000024,4.0,5.0,391.44500000000005,86.46000000000001
CHEMBL563262,O=S1(=O)CCCCCNc2nc(cc(C(F)(F)F)n2)-c2ccc1cc2,10000.0,inactive,"{0, 1, 3.531900000000002, 5, 71.95, 371.38400000000007}",0.0,1.0,3.531900000000002,5.0,71.95,371.38400000000007
CHEMBL538418,CCCCNc1nc(-c2ccc(S(N)(=O)=O)cc2)cc(C(F)(F)F)n1,1.4,active,"{97.96999999999998, 2, 3.0218000000000007, 5, 6, 374.38800000000003}",97.96999999999998,2.0,3.0218000000000007,5.0,6.0,374.38800000000003
CHEMBL560887,Cc1ccc(Nc2nc(-c3ccc(S(C)(=O)=O)cc3)cc(C(F)(F)F)n2)cc1,11.0,active,"{1, 4, 5, 4.6179200000000025, 71.95, 407.41700000000003}",1.0,4.0,5.0,4.6179200000000025,71.95,407.41700000000003
CHEMBL550069,CS(=O)(=O)c1ccc(-c2cnc(CC3CCCCC3)nc2-c2ccc(F)cc2)cc1,12.0,active,"{0, 4, 5, 5.476000000000005, 424.5410000000001, 59.92}",0.0,4.0,5.0,5.476000000000005,424.5410000000001,59.92
CHEMBL93372,CC(=O)Oc1ccc(C2=C(c3ccc(S(C)(=O)=O)cc3)COC2=O)cc1,1.26,active,"{0, 2.4830000000000005, 4, 6, 372.39800000000014, 86.74000000000001}",0.0,2.4830000000000005,4.0,6.0,372.39800000000014,86.74000000000001
CHEMBL110822,CC1(C)OC(=O)C(Oc2ccccn2)=C1c1ccc(S(C)(=O)=O)cc1,120.0,active,"{0, 2.6106000000000007, 4, 6, 359.4030000000001, 82.56}",0.0,2.6106000000000007,4.0,6.0,359.4030000000001,82.56
CHEMBL570773,CS(=O)(=O)c1ccc(-c2cc(C(=O)O)nc(NC3CCCCC3)n2)cc1,10000.0,inactive,"{2, 2.9899000000000013, 5, 6, 109.25, 375.4500000000002}",2.0,2.9899000000000013,5.0,6.0,109.25,375.4500000000002
CHEMBL338705,Cc1cc(=O)c(-c2ccc(F)cc2)c(-c2ccc(S(C)(=O)=O)cc2)o1,1070.0,active,"{0, 64.35, 3, 4, 3.8248200000000026, 358.3900000000001}",0.0,64.35,3.0,4.0,3.8248200000000026,358.3900000000001
CHEMBL3264690,CCc1ccc(-n2cc(CSc3nc4ccccc4o3)nn2)cc1,3800.0,active,"{0, 4.263200000000004, 5, 6, 336.4200000000001, 56.74}",0.0,4.263200000000004,5.0,6.0,336.4200000000001,56.74
CHEMBL1766293,CS(=O)(=O)c1ccc(-n2nc(CNC(=O)Nc3ccc(C(F)(F)F)cc3)cc2-c2ccccc2)cc1,10000.0,inactive,"{514.5290000000001, 2, 5, 6, 5.283300000000004, 93.09}",514.5290000000001,2.0,5.0,6.0,5.283300000000004,93.09
CHEMBL1766283,NS(=O)(=O)c1ccc(-n2nc(CCCNC(=O)Nc3ccccc3)cc2-c2ccccc2)cc1,10000.0,inactive,"{3, 3.9410000000000016, 5, 8, 119.11000000000001, 475.57400000000007}",3.0,3.9410000000000016,5.0,8.0,119.11000000000001,475.57400000000007
CHEMBL471104,CC/C(=C\c1cc(O)cc(O)c1)c1ccc(N(C)C)cc1,14800.0,inactive,"{2, 3, 4, 4.114400000000003, 43.7, 283.371}",2.0,3.0,4.0,4.114400000000003,43.7,283.371
CHEMBL470938,CC/C(=C\c1ccc(N(C)C)cc1)c1cc(O)cc(O)c1,2200.0,active,"{2, 3, 4, 4.114400000000004, 43.7, 283.371}",2.0,3.0,4.0,4.114400000000004,43.7,283.371
CHEMBL80405,NS(=O)(=O)c1ccc(C2=C(c3ccc(F)cc3)c3ccccc3C2)cc1,5.0,active,"{1, 2, 3, 3.9883000000000024, 365.4290000000001, 60.160000000000004}",1.0,2.0,3.0,3.9883000000000024,365.4290000000001,60.160000000000004
CHEMBL35992,CS(=O)(=O)Nc1cc2c(cc1Sc1ccccn1)C(=O)CC2,810.0,active,"{1, 2.733200000000001, 4, 5, 76.13, 334.42200000000014}",1.0,2.733200000000001,4.0,5.0,76.13,334.42200000000014
CHEMBL3885367,COc1ccc2c(c1)c(CC(=O)NCCCCCCC(=O)NO)c(C)n2C(=O)c1ccc(Cl)cc1,330.0,active,"{3, 4.414820000000003, 6, 11, 109.66, 499.9950000000001}",3.0,4.414820000000003,6.0,11.0,109.66,499.9950000000001
CHEMBL322132,CC1(C)OC(=O)C(Oc2cccc(F)c2)=C1c1ccc(S(C)(=O)=O)cc1,70.0,active,"{0, 3.354700000000002, 4, 5, 69.67, 376.4050000000001}",0.0,3.354700000000002,4.0,5.0,69.67,376.4050000000001
CHEMBL421259,Cc1cc(C)n2nc(-c3ccc(S(C)(=O)=O)cc3)c(-c3ccc(F)cc3)c2n1,154.0,active,"{0, 64.33000000000001, 3, 4.2227400000000035, 5, 395.4590000000001}",0.0,64.33000000000001,3.0,4.2227400000000035,5.0,395.4590000000001
CHEMBL489702,CS(=O)(=O)c1ccc(-c2ssc(=S)c2-c2ccc(F)cc2)cc1,50000.0,inactive,"{0, 34.14, 3, 5, 5.415690000000003, 382.5280000000001}",0.0,34.14,3.0,5.0,5.415690000000003,382.5280000000001
CHEMBL3735002,COc1cccc(C2CC(c3ccc(S(C)(=O)=O)cc3)=NN2c2ccc(S(N)(=O)=O)cc2)c1,1760.0,active,"{1, 3.101800000000001, 485.58700000000016, 6, 7, 119.13}",1.0,3.101800000000001,485.58700000000016,6.0,7.0,119.13
CHEMBL345018,CCCCC#CCSc1ccccc1OC(C)=O,800.0,active,"{0, 3, 3.8976000000000033, 5, 262.374, 26.3}",0.0,3.0,3.8976000000000033,5.0,262.374,26.3
CHEMBL3736416,COc1ccc(C2CC(c3ccc(S(C)(=O)=O)cc3)=NN2c2ccc(S(N)(=O)=O)cc2)cc1OC,1980.0,active,"{128.35999999999999, 1, 515.6130000000002, 3.110400000000001, 7, 8}",128.35999999999999,1.0,515.6130000000002,3.110400000000001,7.0,8.0
CHEMBL115410,CSc1ccc(-c2c(Cl)ncn2-c2ccc(S(C)(=O)=O)cc2)cc1,11.0,active,"{0, 4, 5, 4.318100000000003, 51.96, 378.90600000000006}",0.0,4.0,5.0,4.318100000000003,51.96,378.90600000000006
CHEMBL31060,COC(=O)c1cc2cc(S(C)(=O)=O)ccc2n1Cc1ccc(OC)cc1,780.0,active,"{0, 2.888300000000001, 5, 6, 74.60000000000001, 373.4300000000001}",0.0,2.888300000000001,5.0,6.0,74.60000000000001,373.4300000000001
CHEMBL109047,Cc1ccccc1OC1=C(c2ccc(S(C)(=O)=O)cc2)C(C)(C)OC1=O,20.0,active,"{0, 3.524020000000002, 4, 5, 69.67000000000002, 372.4420000000002}",0.0,3.524020000000002,4.0,5.0,69.67000000000002,372.4420000000002
CHEMBL110448,Cc1cn(-c2ccc(S(C)(=O)=O)cc2)c(-c2cccnc2)n1,79000.0,inactive,"{0, 64.85, 2.6462200000000005, 3, 5, 313.382}",0.0,64.85,2.6462200000000005,3.0,5.0,313.382
CHEMBL107938,CCSc1cccc(-c2ccc(C(C)C(=O)O)cc2)c1,330.0,active,"{1, 2, 4.653700000000003, 37.3, 5, 286.39599999999996}",1.0,2.0,4.653700000000003,37.3,5.0,286.39599999999996
CHEMBL104009,CCOc1cccc(-c2ccc(C(C)C(=O)O)cc2F)c1,14.0,active,"{288.318, 1, 2, 4.079500000000002, 5, 46.53}",288.318,1.0,2.0,4.079500000000002,5.0,46.53
CHEMBL155676,CS(=O)(=O)c1ccc(-c2cnnc(O)c2-c2ccccc2)cc1,5000.0,active,"{1, 2.9197000000000015, 3, 5, 326.377, 80.15}",1.0,2.9197000000000015,3.0,5.0,326.377,80.15
CHEMBL286756,N#CCc1cc(-c2ccc(Cl)cc2)n(-c2ccc(S(N)(=O)=O)cc2)n1,120.0,active,"{1, 2.90618, 4, 5, 101.77, 372.83700000000005}",1.0,2.90618,4.0,5.0,101.77,372.83700000000005
CHEMBL320318,CS(=O)(=O)c1ccc(-n2cc(C#N)nc2-c2cccnc2)cc1,24400.0,inactive,"{0, 2.20948, 3, 324.365, 6, 88.64}",0.0,2.20948,3.0,324.365,6.0,88.64
CHEMBL105766,Cc1cncc(-c2nc(C(F)(F)F)cn2-c2ccc(S(N)(=O)=O)cc2)c1,512.86,active,"{1, 2.9089199999999993, 3, 5, 90.87, 382.3670000000001}",1.0,2.9089199999999993,3.0,5.0,90.87,382.3670000000001
CHEMBL111786,NS(=O)(=O)c1ccc(C2=C(c3ccc(F)c(Cl)c3)CCC2)cc1,10.0,active,"{1, 2, 3, 4.221200000000002, 60.160000000000004, 351.8300000000001}",1.0,2.0,3.0,4.221200000000002,60.160000000000004,351.8300000000001
CHEMBL52888,COc1ccc(-c2cc(F)c(F)cc2-c2ccc(S(N)(=O)=O)cc2)cc1OC,65.0,active,"{1, 3.963400000000002, 4, 5, 78.62, 405.42200000000014}",1.0,3.963400000000002,4.0,5.0,78.62,405.42200000000014
CHEMBL287170,NC(=O)c1nn(-c2ccc(S(N)(=O)=O)cc2)c(-c2ccc(Cl)cc2)c1Cl,1090.0,active,"{2, 2.5924000000000014, 4, 5, 121.07, 411.2700000000001}",2.0,2.5924000000000014,4.0,5.0,121.07,411.2700000000001
CHEMBL14735,CC1(C)COc2ccc(C(=O)CCCC3CC3)cc21,8000.0,active,"{0, 258.36099999999993, 2, 4.119600000000004, 5, 26.3}",0.0,258.36099999999993,2.0,4.119600000000004,5.0,26.3
CHEMBL216986,COc1cccc(Cn2c3ccc(Cl)cc3c3ccc(C(C)C(=O)O)cc32)c1,100000.0,inactive,"{1, 3, 5, 5.692900000000005, 393.8700000000001, 51.46}",1.0,3.0,5.0,5.692900000000005,393.8700000000001,51.46
CHEMBL325790,Cc1ccc(-c2nc(C(F)(F)F)cn2-c2ccc(S(C)(=O)=O)cc2)cn1,1819.7,active,"{0, 64.85, 3, 3.665020000000003, 5, 381.3790000000001}",0.0,64.85,3.0,3.665020000000003,5.0,381.3790000000001
CHEMBL29533,NS(=O)(=O)c1ccc(-n2nc(C(F)(F)F)cc2-c2ccccc2Cl)cc1,56.23,active,"{1, 3, 4, 3.858900000000002, 77.98, 401.797}",1.0,3.0,4.0,3.858900000000002,77.98,401.797
CHEMBL298356,CS(=O)(=O)c1ccc(C2=C(c3ccc(F)cc3)C(=O)N(c3ccccc3)C2)cc1,310.0,active,"{0, 3, 4, 4.1868000000000025, 54.45, 407.4660000000001}",0.0,3.0,4.0,4.1868000000000025,54.45,407.4660000000001
CHEMBL328161,COc1ccc2c(c1)c(CC(=O)Nc1cc(OC)c(OC)c(OC)c1)c(C)n2C(=O)c1ccc(Cl)cc1,1000.0,active,"{1, 5.5072200000000056, 7, 8, 522.9850000000002, 88.02000000000001}",1.0,5.5072200000000056,7.0,8.0,522.9850000000002,88.02000000000001
CHEMBL282177,COC(=O)c1cc2cc(S(C)(=O)=O)ccc2n1C(=O)c1ccc([N+](=O)[O-])cc1,20000.0,inactive,"{0, 2.4281000000000006, 4, 8, 402.3840000000001, 125.58000000000001}",0.0,2.4281000000000006,4.0,8.0,402.3840000000001,125.58000000000001
CHEMBL323954,Cn1cc(-c2nc(C(F)(F)F)cn2-c2ccc(S(C)(=O)=O)cc2)c2ccccc21,1096.48,active,"{0, 3, 419.42800000000017, 5, 4.453300000000003, 56.89}",0.0,3.0,419.42800000000017,5.0,4.453300000000003,56.89
CHEMBL54649,COc1ccc(-c2cc(F)c(F)cc2-c2ccc(S(C)(=O)=O)cc2)cc1F,20.89,active,"{0, 3, 4, 4.850000000000003, 392.3980000000001, 43.370000000000005}",0.0,3.0,4.0,4.850000000000003,392.3980000000001,43.370000000000005
CHEMBL4456822,COc1ccc2[nH]cc(CCNC(=O)c3cc4cc(Cl)ccc4n3Cc3ccc(F)cc3)c2c1,23.3,active,"{2, 3, 5.944500000000004, 7, 475.95100000000014, 59.05}",2.0,3.0,5.944500000000004,7.0,475.95100000000014,59.05
CHEMBL115979,COc1ccc(-c2c(Cl)ncn2-c2ccc(S(N)(=O)=O)cc2)cc1Cl,5.0,active,"{1, 3.5021000000000013, 4, 5, 398.2710000000001, 87.21000000000001}",1.0,3.5021000000000013,4.0,5.0,398.2710000000001,87.21000000000001
CHEMBL3309953,O=C1/C(=C/c2ccc(N3CCCC3)cc2)CCC/C1=C\c1ccc(N2CCCC2)cc1,54320.0,inactive,"{0, 3, 4, 6.107000000000007, 23.550000000000004, 412.57700000000017}",0.0,3.0,4.0,6.107000000000007,23.550000000000004,412.57700000000017
CHEMBL108975,CS(=O)(=O)c1ccc(C2=C(c3ccc(Cl)cc3Cl)CCC2)cc1,52.48,active,"{0, 2, 3, 34.14, 5.491600000000004, 367.29700000000014}",0.0,2.0,3.0,34.14,5.491600000000004,367.29700000000014
CHEMBL158493,Cc1nc(-c2ccc(Cl)s2)c(-c2ccc(S(C)(=O)=O)cc2)o1,30.0,active,"{0, 353.8520000000001, 3, 4.435420000000003, 5, 60.17}",0.0,353.8520000000001,3.0,4.435420000000003,5.0,60.17
CHEMBL3747473,COc1ccc(S(=O)(=O)N(Nc2ccccc2)C(=O)Oc2ccc(OCc3ccccc3)cc2)cc1,1000.0,active,"{1, 5.491000000000004, 7, 9, 504.5640000000003, 94.17000000000002}",1.0,5.491000000000004,7.0,9.0,504.5640000000003,94.17000000000002
CHEMBL144547,CCCCC#CCSc1ccccc1OC(=O)CBr,26000.0,inactive,"{0, 3, 4.272600000000003, 6, 341.27000000000004, 26.3}",0.0,3.0,4.272600000000003,6.0,341.27000000000004,26.3
CHEMBL3912571,Cc1cc(C)c2c(=O)n(CN3CCN(c4ccccc4F)CC3)sc2n1,1258925.41,inactive,"{0, 2.993640000000002, 3, 6, 41.370000000000005, 372.4690000000001}",0.0,2.993640000000002,3.0,6.0,41.370000000000005,372.4690000000001
CHEMBL329716,Cc1noc(-c2ccc(S(C)(=O)=O)cc2)c1-c1ccc(F)cc1,100000.0,inactive,"{0, 3, 4, 3.8596200000000023, 331.368, 60.17}",0.0,3.0,4.0,3.8596200000000023,331.368,60.17
CHEMBL290739,CS(=O)(=O)Nc1cc2c(cc1Sc1ncc(Cl)cc1Cl)C(=O)CC2,120.0,active,"{1, 4, 5, 4.040000000000002, 76.13, 403.3120000000002}",1.0,4.0,5.0,4.040000000000002,76.13,403.3120000000002
CHEMBL3775973,CC(C(=O)O)c1ccc(-c2cccc(OC(=O)NCCc3ccccc3)c2)c(F)c1,100000.0,inactive,"{2, 3, 5.011900000000004, 7, 75.63, 407.44100000000014}",2.0,3.0,5.011900000000004,7.0,75.63,407.44100000000014
CHEMBL3775653,CCCCCCNC(=O)Nc1cccc(-c2ccc(C(C)C(=O)O)cc2F)c1,560.0,active,"{386.46700000000016, 3, 2, 5.382600000000004, 9, 78.43}",386.46700000000016,3.0,2.0,5.382600000000004,9.0,78.43
CHEMBL44516,CS(=O)(=O)c1ccc(-n2cc(C(F)(F)F)nc2-c2ccc(Cl)cc2)cc1,110.0,active,"{0, 3, 4, 4.615000000000003, 400.8090000000001, 51.96}",0.0,3.0,4.0,4.615000000000003,400.8090000000001,51.96
CHEMBL111356,CN(C)c1ccc(C2=C(c3ccc(S(N)(=O)=O)cc3)CCC2)cc1Cl,2.0,active,"{1, 3, 4, 4.148100000000003, 376.9090000000001, 63.4}",1.0,3.0,4.0,4.148100000000003,376.9090000000001,63.4
CHEMBL111314,COc1ccc(C2=C(c3ccc(S(C)(=O)=O)cc3)CCC2)cc1F,120.0,active,"{0, 3, 4, 4.332500000000004, 43.370000000000005, 346.4230000000001}",0.0,3.0,4.0,4.332500000000004,43.370000000000005,346.4230000000001
CHEMBL281978,NS(=O)(=O)c1ccc(-n2nc(C(F)(F)F)cc2-c2ccc(Cl)cc2Cl)cc1,56.0,active,"{1, 3, 4, 4.512300000000002, 77.98, 436.2420000000001}",1.0,3.0,4.0,4.512300000000002,77.98,436.2420000000001
CHEMBL29136,N#Cc1cc(-c2ccc(F)cc2)n(-c2ccc(S(N)(=O)=O)cc2)n1,340.0,active,"{1, 2.1974799999999997, 3, 101.77, 5, 342.3550000000001}",1.0,2.1974799999999997,3.0,101.77,5.0,342.3550000000001
CHEMBL55395,NS(=O)(=O)c1ccc(-c2cc(F)c(F)cc2-c2ccc3c(c2)OCCO3)cc1,32.0,active,"{1, 3, 4, 3.717400000000003, 78.62, 403.4060000000001}",1.0,3.0,4.0,3.717400000000003,78.62,403.4060000000001
CHEMBL151535,NS(=O)(=O)/C=C/c1cc(CO)cc(C(=O)c2ccccc2)c1,9700.0,active,"{97.46000000000001, 2, 1.6691000000000003, 4, 5, 317.366}",97.46000000000001,2.0,1.6691000000000003,4.0,5.0,317.366
CHEMBL30084,CNc1ccc(-c2cc(C(F)(F)F)nn2-c2ccc(S(N)(=O)=O)cc2)cc1Cl,27.0,active,"{2, 3.9006000000000007, 4, 5, 430.83900000000006, 90.00999999999999}",2.0,3.9006000000000007,4.0,5.0,430.83900000000006,90.00999999999999
CHEMBL88649,NS(=O)(=O)c1ccc(C2=C(c3ccc(OC(F)(F)F)cc3)CC3(CC3)C2)cc1,130.0,active,"{1, 3, 4, 69.39, 4.717400000000003, 409.42900000000014}",1.0,3.0,4.0,69.39,4.717400000000003,409.42900000000014
CHEMBL283633,NS(=O)(=O)c1ccc(-n2nc(-c3ccc(Cl)s3)cc2-c2ccc(Cl)cc2)cc1,52.0,active,"{1, 450.37200000000007, 4, 5, 5.222000000000003, 77.98}",1.0,450.37200000000007,4.0,5.0,5.222000000000003,77.98
CHEMBL3410342,COc1ccccc1C1C2CCc3ccccc3C2=NN1c1ccc(S(N)(=O)=O)cc1,2630.0,active,"{1, 3.8706000000000014, 4, 5, 433.53300000000013, 84.98999999999998}",1.0,3.8706000000000014,4.0,5.0,433.53300000000013,84.98999999999998
CHEMBL300601,Cc1ccc(-c2cc(F)c(F)cc2-c2ccc(S(C)(=O)=O)cc2)cc1C,23.0,active,"{0, 2, 3, 34.14, 5.319140000000004, 372.43600000000015}",0.0,2.0,3.0,34.14,5.319140000000004,372.43600000000015
CHEMBL420628,Cc1ccc(-c2ncc(Cl)cc2-c2ccc(S(N)(=O)=O)cc2)cn1,2400.0,active,"{1, 3, 4, 3.4198200000000014, 359.8380000000001, 85.94}",1.0,3.0,4.0,3.4198200000000014,359.8380000000001,85.94
CHEMBL129640,Cc1cc(=O)c(Oc2ccc(F)cc2C)c(-c2ccc(S(C)(=O)=O)cc2)o1,180.0,active,"{0, 388.4160000000001, 5, 4, 4.2585400000000035, 73.58000000000001}",0.0,388.4160000000001,5.0,4.0,4.2585400000000035,73.58000000000001
CHEMBL289169,CS(=O)(=O)c1ccc(-n2cc(C(F)(F)F)nc2-c2ccccc2Cl)cc1,900.0,active,"{0, 3, 4, 4.615000000000003, 400.8090000000001, 51.96}",0.0,3.0,4.0,4.615000000000003,400.8090000000001,51.96
CHEMBL200812,C[C@@H]1CN(c2c(C#N)c(C(F)F)nn2-c2ccc(S(C)(=O)=O)cn2)C[C@H](C)O1,28.0,active,"{0, 2.09368, 4, 101.11000000000001, 8, 411.43400000000014}",0.0,2.09368,4.0,101.11000000000001,8.0,411.43400000000014
CHEMBL3087876,O=c1oc2ccc(Cl)cc2n1Cc1cn(-c2ccccc2F)nn1,3100.0,active,"{0, 65.85, 3, 3.016, 6, 344.733}",0.0,65.85,3.0,3.016,6.0,344.733
CHEMBL158733,CCCCCCCCCCCCCCCc1cccc(OCC)c1CSc1nc2cc(C)ccc2[nH]1,10000.0,inactive,"{1, 3, 37.91, 10.196019999999995, 19, 508.81600000000026}",1.0,3.0,37.91,10.196019999999995,19.0,508.81600000000026
CHEMBL50198,CS(=O)(=O)c1ccc(C2=C(c3cccnc3)C(=O)OC2)cc1,33000.0,inactive,"{0, 1.9527000000000003, 3, 5, 73.33, 315.3500000000001}",0.0,1.9527000000000003,3.0,5.0,73.33,315.3500000000001
CHEMBL50198,CS(=O)(=O)c1ccc(C2=C(c3cccnc3)C(=O)OC2)cc1,5000.0,active,"{0, 1.9527000000000003, 3, 5, 73.33, 315.3500000000001}",0.0,1.9527000000000003,3.0,5.0,73.33,315.3500000000001
CHEMBL28527,NS(=O)(=O)c1ccc(-n2nc(C(F)(F)F)cc2-c2ccc(F)cc2)cc1,41.0,active,"{385.34200000000004, 1, 3, 4, 3.3446000000000016, 77.98}",385.34200000000004,1.0,3.0,4.0,3.3446000000000016,77.98
CHEMBL42709,Cc1cc(Cl)cc(-c2nc(C(F)(F)F)cn2-c2ccc(S(N)(=O)=O)cc2)c1,40.0,active,"{1, 3, 4, 4.167320000000003, 77.98, 415.8240000000001}",1.0,3.0,4.0,4.167320000000003,77.98,415.8240000000001
CHEMBL46667,CNc1cccc(-c2nc(C(F)(F)F)cn2-c2ccc(S(C)(=O)=O)cc2)c1,920.0,active,"{1, 4, 5, 4.003300000000002, 395.40600000000006, 63.99}",1.0,4.0,5.0,4.003300000000002,395.40600000000006,63.99
CHEMBL441236,CS(=O)(=O)c1ccc(-n2cc(COc3ccc(Cl)cc3)nc2-c2ccc(Cl)cc2)cc1,30.0,active,"{0, 5, 6, 5.828600000000004, 473.3810000000001, 61.19}",0.0,5.0,6.0,5.828600000000004,473.3810000000001,61.19
CHEMBL296447,CS(=O)(=O)c1ccc(-n2cc(C(F)(F)F)nc2-c2ccc3c(c2)OCO3)cc1,170.0,active,"{0, 3, 3.6903000000000024, 70.42, 6, 410.37300000000016}",0.0,3.0,3.6903000000000024,70.42,6.0,410.37300000000016
CHEMBL126392,Cc1cc(=O)c(-c2ccccc2F)c(-c2ccc(S(C)(=O)=O)cc2)o1,1530.0,active,"{0, 64.35, 3, 4, 3.8248200000000026, 358.3900000000001}",0.0,64.35,3.0,4.0,3.8248200000000026,358.3900000000001
CHEMBL5202840,CC1=NN(c2cccc(Cl)c2)C(=O)/C1=C\c1cn(-c2nc(N3CCOCC3)nc(N3CCOCC3)n2)c2ccccc12,3000000.0,inactive,"{0, 3.9482000000000026, 5, 101.21000000000001, 585.0680000000004, 10}",0.0,3.9482000000000026,5.0,101.21000000000001,585.0680000000004,10.0
CHEMBL108201,COc1ccc(C2=C(c3ccc(S(C)(=O)=O)cc3)CCC2)cc1,5.0,active,"{0, 3, 4, 4.193400000000004, 328.4330000000001, 43.370000000000005}",0.0,3.0,4.0,4.193400000000004,328.4330000000001,43.370000000000005
CHEMBL343853,CS(=O)(=O)Nc1cc2c(cc1Cc1ccc(F)cc1F)C(=O)CC2,200.0,active,"{1, 3, 4, 3.056000000000002, 351.37400000000014, 63.24}",1.0,3.0,4.0,3.056000000000002,351.37400000000014,63.24
CHEMBL66552,CC(C(=O)[O-])c1ccc(CC2CCCC2=O)cc1.[Na+],10100.0,inactive,"{0, 3, 4, 268.28799999999995, 57.199999999999996, -1.5442999999999971}",0.0,3.0,4.0,268.28799999999995,57.199999999999996,-1.5442999999999971
CHEMBL2398536,NS(=O)(=O)c1ccc(Cn2cc(-c3ccc(Cl)cc3)nn2)cc1,28000.0,inactive,"{1, 2.2942, 4, 5, 90.87, 348.815}",1.0,2.2942,4.0,5.0,90.87,348.815
CHEMBL1916955,O=C(NS(=O)(=O)c1ccc(Br)cc1)c1cncc(C(=O)NS(=O)(=O)c2ccc(Br)cc2)c1,2800.0,active,"{2, 2.8440000000000003, 6, 7, 139.36999999999998, 603.2700000000002}",2.0,2.8440000000000003,6.0,7.0,139.36999999999998,603.2700000000002
CHEMBL157720,CS(=O)(=O)c1ccc(-c2cnn(Cc3nccs3)c(=O)c2-c2ccc(F)cc2)cc1,600.0,active,"{0, 3.6247000000000025, 5, 7, 81.91999999999999, 441.5090000000001}",0.0,3.6247000000000025,5.0,7.0,81.91999999999999,441.5090000000001
CHEMBL330516,CC1(C)C(c2ccc(S(C)(=O)=O)cc2)=C(c2ccccc2)/C1=N/O,61.0,active,"{1, 66.73, 3, 4, 3.8709000000000024, 341.432}",1.0,66.73,3.0,4.0,3.8709000000000024,341.432
CHEMBL2105528,Cc1c(NCc2c(C(C)C)c(=O)n(-c3ccccc3)n2C)c(=O)n(-c2ccccc2)n1C,1000.0,active,"{65.89, 1, 3.7093200000000026, 6, 7, 431.54000000000013}",65.89,1.0,3.7093200000000026,6.0,7.0,431.54000000000013
CHEMBL3289103,CC(C)[C@@H]1CC[C@]2(C)[C@H](C(=O)C=C3[C@@H]4[C@@H](C)[C@H](C)CC[C@]4(C)CC[C@]32C)[C@@]1(C)CCC(=O)O,10000.0,inactive,"{1, 2, 4, 7.543700000000008, 456.71100000000047, 54.370000000000005}",1.0,2.0,4.0,7.543700000000008,456.71100000000047,54.370000000000005
CHEMBL304810,NS(=O)(=O)c1ccc(-c2coc(=O)n2-c2ccc(C(F)(F)F)cc2)cc1,1999.86,active,"{384.335, 1, 2.763700000000001, 3, 5, 95.30000000000001}",384.335,1.0,2.763700000000001,3.0,5.0,95.30000000000001
CHEMBL109143,Cc1nc(-c2nc(C(F)(F)F)cn2-c2ccc(S(N)(=O)=O)cc2)cs1,520.0,active,"{1, 2.97042, 3, 388.3960000000001, 6, 90.87}",1.0,2.97042,3.0,388.3960000000001,6.0,90.87
CHEMBL5290910,C=C1c2nc3ccccc3n2CC(c2ccc(S(C)(=O)=O)cc2)N1c1ccc(C)cc1,70.0,active,"{0, 3, 4.980420000000004, 5, 429.54500000000013, 55.2}",0.0,3.0,4.980420000000004,5.0,429.54500000000013,55.2
CHEMBL5282220,NS(=O)(=O)c1ccc(N/N=C/c2cn(-c3ccc(S(N)(=O)=O)cc3)nc2-c2ccc(Cl)cc2)cc1,390.0,active,"{162.52999999999997, 3, 2.933500000000002, 7, 8, 531.0190000000002}",162.52999999999997,3.0,2.933500000000002,7.0,8.0,531.0190000000002
CHEMBL357918,CCS(=O)(=O)Nc1cc2c(cc1Sc1ccc(F)cc1F)C(=O)CC2,10000.0,inactive,"{1, 4, 5, 4.006500000000003, 383.44100000000014, 63.24}",1.0,4.0,5.0,4.006500000000003,383.44100000000014,63.24
CHEMBL1684150,C=CCOc1cc2oc(C)cc(=O)c2c(O)c1OCC=C,13540.0,inactive,"{288.29900000000004, 1, 2.9366200000000013, 68.9, 5, 6}",288.29900000000004,1.0,2.9366200000000013,68.9,5.0,6.0
CHEMBL1684151,CC(C)=CCOc1cc2oc(C)cc(=O)c2c(O)c1OCC=C(C)C,10350.0,inactive,"{1, 68.9, 5, 6, 4.4970200000000045, 344.40700000000015}",1.0,68.9,5.0,6.0,4.4970200000000045,344.40700000000015
CHEMBL4561572,O=[N+]([O-])c1ccc(/C=N/Nc2nnc(-c3ccncc3)o2)cc1,41.0,active,"{1, 2.4858000000000002, 5, 8, 310.273, 119.34}",1.0,2.4858000000000002,5.0,8.0,310.273,119.34
CHEMBL4462267,O=C(Nc1ccccc1)Nc1nnc(-c2ccc(Cl)cc2)o1,290.0,active,"{2, 3, 4, 4.034000000000002, 80.05, 314.73199999999997}",2.0,3.0,4.0,4.034000000000002,80.05,314.73199999999997
CHEMBL4464158,N#CCC(=O)Nc1nnc(-c2ccc(Cl)cc2)o1,250.0,active,"{1, 2.2421799999999994, 3, 5, 262.656, 91.81}",1.0,2.2421799999999994,3.0,5.0,262.656,91.81
CHEMBL88549,CS(=O)(=O)c1ccc(C2=C(c3ccc4c(c3)OCO4)CC3(CC3)C2)cc1,2.512,active,"{0, 3, 4, 4.303600000000003, 368.45400000000024, 52.60000000000001}",0.0,3.0,4.0,4.303600000000003,368.45400000000024,52.60000000000001
CHEMBL125460,Cc1cc(=O)c(Oc2ccc(Br)cc2F)c(-c2ccc(S(C)(=O)=O)cc2)o1,150.0,active,"{0, 4, 5, 453.2850000000002, 4.712620000000004, 73.58000000000001}",0.0,4.0,5.0,453.2850000000002,4.712620000000004,73.58000000000001
CHEMBL324923,COc1cc(-c2c(Cl)ncn2-c2ccc(S(C)(=O)=O)cc2)ccc1F,16.0,active,"{0, 3.743900000000002, 4, 5, 380.8280000000001, 61.190000000000005}",0.0,3.743900000000002,4.0,5.0,380.8280000000001,61.190000000000005
CHEMBL43366,Cc1c(C#N)cc(-c2ccc(S(C)(=O)=O)cc2)n1-c1ccc(F)cc1,758.58,active,"{0, 354.406, 3, 4, 3.8670000000000027, 62.86}",0.0,354.406,3.0,4.0,3.8670000000000027,62.86
CHEMBL345620,CCc1ccc(-c2nc(C)oc2-c2ccc(S(C)(=O)=O)cc2)s1,140.0,active,"{0, 4, 5, 4.344420000000003, 347.461, 60.17}",0.0,4.0,5.0,4.344420000000003,347.461,60.17
CHEMBL89625,COc1ccc(C2=CC3(C=C2c2ccc(S(C)(=O)=O)cc2)CC3)cc1Cl,26.92,active,"{0, 386.9000000000002, 3, 4, 5.012900000000004, 43.370000000000005}",0.0,386.9000000000002,3.0,4.0,5.012900000000004,43.370000000000005
CHEMBL423638,COC1(c2cc(F)cc(OCc3cc(-c4ccccc4)n(-c4ccc(S(C)(=O)=O)cc4)n3)c2)CCOCC1,45.0,active,"{0, 5.313000000000005, 7, 8, 79.65, 536.6250000000001}",0.0,5.313000000000005,7.0,8.0,79.65,536.6250000000001
CHEMBL54326,Cc1ccc(-c2cc(F)c(F)cc2-c2ccc(S(N)(=O)=O)cc2)cc1C,5.012,active,"{1, 2, 3, 4.5630400000000035, 373.42400000000015, 60.160000000000004}",1.0,2.0,3.0,4.5630400000000035,373.42400000000015,60.160000000000004
CHEMBL28664,NS(=O)(=O)c1ccc(-n2nc(C(F)(F)F)cc2-c2ccc([N+](=O)[O-])cc2)cc1,2630.27,active,"{1, 3.1137000000000015, 4, 6, 121.12, 412.3490000000001}",1.0,3.1137000000000015,4.0,6.0,121.12,412.3490000000001
CHEMBL435381,COc1ccc(-c2c(Cl)ncn2-c2ccc(S(N)(=O)=O)cc2)cc1F,5.0,active,"{1, 2.9878, 4, 5, 87.21000000000001, 381.8160000000001}",1.0,2.9878,4.0,5.0,87.21000000000001,381.8160000000001
CHEMBL297409,CCCCn1c(C)ccc1-c1ccc(S(C)(=O)=O)cc1,100000.0,inactive,"{0, 3, 291.416, 5, 3.6671200000000024, 39.07}",0.0,3.0,291.416,5.0,3.6671200000000024,39.07
CHEMBL342799,CCCCCCC[Se]c1ccccc1OC(C)=O,12000.0,inactive,"{0, 2, 3.3301000000000025, 8, 313.2990000000001, 26.3}",0.0,2.0,3.3301000000000025,8.0,313.2990000000001,26.3
CHEMBL115905,CS(=O)(=O)c1ccc(-n2cnc(Cl)c2-c2cc(Br)co2)cc1,1000.0,active,"{0, 65.1, 3, 3.9517000000000024, 5, 401.66900000000004}",0.0,65.1,3.0,3.9517000000000024,5.0,401.66900000000004
CHEMBL347720,CS(=O)(=O)c1ccc(-c2cc3c(cc2C=C2CCCCC2)OCO3)cc1,70.0,active,"{0, 3, 4, 4.833300000000004, 370.4700000000002, 52.60000000000001}",0.0,3.0,4.0,4.833300000000004,370.4700000000002,52.60000000000001
CHEMBL80047,CS(=O)(=O)c1ccc(C2=C(c3ccc(F)cc3)c3ccccc3C2)cc1,11.0,active,"{0, 2, 3, 34.14, 4.744400000000004, 364.4410000000001}",0.0,2.0,3.0,34.14,4.744400000000004,364.4410000000001
CHEMBL2023847,Clc1ccc(-c2csc(Nc3ccc4c(c3)OCO4)n2)cc1,840.0,active,"{1, 3, 4.935800000000002, 5, 330.7960000000001, 43.379999999999995}",1.0,3.0,4.935800000000002,5.0,330.7960000000001,43.379999999999995
CHEMBL525246,CS(=O)(=O)c1ccc(-c2[nH]c3ccc(F)cc3c2-c2ccccc2)cc1,5.0,active,"{1, 2, 3, 5.044500000000004, 365.4290000000001, 49.93}",1.0,2.0,3.0,5.044500000000004,365.4290000000001,49.93
CHEMBL95022,N#Cc1nn(-c2ccc(S(N)(=O)=O)cc2)c2c1SCc1cc(F)ccc1-2,139.99,active,"{1, 386.43300000000005, 2, 2.803180000000001, 101.76999999999998, 6}",1.0,386.43300000000005,2.0,2.803180000000001,101.76999999999998,6.0
CHEMBL1916970,Cc1ccc(S(=O)(=O)NC(=O)c2cccc(C(=O)NS(=O)(=O)c3ccc(C)cc3)n2)cc1,5600.0,active,"{1.9358400000000002, 2, 6, 7, 139.37, 473.53200000000015}",1.9358400000000002,2.0,6.0,7.0,139.37,473.53200000000015
CHEMBL281847,COc1ccc2c(c1)c(CC(=O)N[C@@H](C)CO)c(C)n2C(=O)c1ccc(Cl)cc1,270.0,active,"{2, 3.3397200000000025, 5, 6, 80.56, 414.8890000000001}",2.0,3.3397200000000025,5.0,6.0,80.56,414.8890000000001
CHEMBL271549,COCCOc1cc(NCc2cccs2)nc(-c2ccc(S(C)(=O)=O)cc2)n1,416667858.0,inactive,"{1, 419.52800000000013, 3.2459000000000024, 8, 9, 90.41000000000001}",1.0,419.52800000000013,3.2459000000000024,8.0,9.0,90.41000000000001
CHEMBL257300,CS(=O)(=O)c1ccc(-c2nc(NCc3ccc(O)cc3)cc(C(F)(F)F)n2)cc1,1574816.66,inactive,"{2, 3.883600000000002, 5, 6, 423.41600000000005, 92.18}",2.0,3.883600000000002,5.0,6.0,423.41600000000005,92.18
CHEMBL270730,Cn1cccc1CNc1cc(C(F)(F)F)nc(-c2ccc(S(C)(=O)=O)cc2)n1,34722421.12,inactive,"{1, 3.5165000000000015, 5, 6, 76.88, 410.4210000000001}",1.0,3.5165000000000015,5.0,6.0,76.88,410.4210000000001
CHEMBL442706,NS(=O)(=O)c1ccc(-c2nc(NCc3cc4ccccc4s3)cc(C(F)(F)F)n2)cc1,7122623.69,inactive,"{97.97000000000001, 2, 4.636600000000002, 5, 6, 464.494}",97.97000000000001,2.0,4.636600000000002,5.0,6.0,464.494
CHEMBL271549,COCCOc1cc(NCc2cccs2)nc(-c2ccc(S(C)(=O)=O)cc2)n1,2.4,active,"{1, 419.52800000000013, 3.2459000000000024, 8, 9, 90.41000000000001}",1.0,419.52800000000013,3.2459000000000024,8.0,9.0,90.41000000000001
CHEMBL10042,CS(=O)(=O)c1ccc(-c2cc(Cl)cnc2-c2ccc(CO)nc2)cc1,33000.0,inactive,"{1, 3.3598000000000017, 4, 5, 80.15, 374.8490000000001}",1.0,3.3598000000000017,4.0,5.0,80.15,374.8490000000001
CHEMBL4750539,O=C(/C=C/c1ccc(O)c(O)c1)NNC(=O)COc1cccc2cccnc12,4900.0,active,"{1.8855999999999997, 4, 5, 6, 120.78, 379.37200000000007}",1.8855999999999997,4.0,5.0,6.0,120.78,379.37200000000007
CHEMBL346094,CS(=O)(=O)c1ccc(-c2c(-c3ccccc3)sc3ncnn23)cc1,32.0,active,"{0, 64.33, 3, 355.4440000000001, 3.5283000000000024, 6}",0.0,64.33,3.0,355.4440000000001,3.5283000000000024,6.0
CHEMBL279801,CCSc1nnc(-c2cc(C(C)(C)C)c(O)c(C(C)(C)C)c2)s1,140.0,active,"{1, 3, 5, 5.6177000000000055, 46.010000000000005, 350.5530000000001}",1.0,3.0,5.0,5.6177000000000055,46.010000000000005,350.5530000000001
CHEMBL5284968,C[C@H](NC(=O)c1nc2c(cnn2-c2ccccc2)c(=O)[nH]1)c1ccccc1,23800.0,inactive,"{2, 2.599800000000001, 4, 5, 359.38900000000007, 92.66999999999999}",2.0,2.599800000000001,4.0,5.0,359.38900000000007,92.66999999999999
CHEMBL4876862,COc1cc(Cc2n[nH]c(=S)n(/N=C/c3cc4cc(C)ccc4nc3O)c2=O)ccc1O,85.0,active,"{449.49200000000025, 3, 3.050310000000002, 5, 9, 125.62000000000002}",449.49200000000025,3.0,3.050310000000002,5.0,9.0,125.62000000000002
CHEMBL4862389,Cc1ccc2nc(O)c(/C=N/n3c(=S)[nH]nc(Cc4cccs4)c3=O)cc2c1,110.0,active,"{96.16, 2, 3.397610000000001, 4, 8, 409.4960000000002}",96.16,2.0,3.397610000000001,4.0,8.0,409.4960000000002
CHEMBL4847404,O=c1c(Cc2ccccc2)n[nH]c(=S)n1/N=C/c1cc2ccccc2nc1O,54.0,active,"{96.16000000000001, 2, 3.027690000000001, 4, 389.4400000000001, 7}",96.16000000000001,2.0,3.027690000000001,4.0,389.4400000000001,7.0
CHEMBL66856,C=CCn1nc(-c2ccc(S(C)(=O)=O)cc2)c(-c2ccc(F)cc2)c1C(F)(F)F,75.0,active,"{0, 4, 5, 4.964500000000003, 424.41900000000004, 51.96}",0.0,4.0,5.0,4.964500000000003,424.41900000000004,51.96
CHEMBL4465282,Clc1ccc(/C=N/c2nnc(-c3ccc(Cl)cc3)o2)cc1,59.0,active,"{0, 3, 4, 4.794000000000002, 51.28, 318.163}",0.0,3.0,4.0,4.794000000000002,51.28,318.163
CHEMBL313387,NS(=O)(=O)c1ccc(C2=C(c3ccc(Cl)c(Cl)c3)CC3(CC3)C2)cc1,1.0,active,"{1, 2, 3, 5.125600000000003, 394.32300000000015, 60.160000000000004}",1.0,2.0,3.0,5.125600000000003,394.32300000000015,60.160000000000004
CHEMBL3264693,Clc1ccc(-n2cc(CSc3nc4ccccc4o3)nn2)cc1,1900.0,active,"{0, 4, 4.354200000000002, 6, 342.81100000000004, 56.74}",0.0,4.0,4.354200000000002,6.0,342.81100000000004,56.74
CHEMBL417748,Cc1ccc(-c2cc(F)c(F)cc2-c2ccc(S(C)(=O)=O)cc2)cc1Cl,12.88,active,"{0, 2, 3, 34.14, 5.664120000000004, 392.85400000000016}",0.0,2.0,3.0,34.14,5.664120000000004,392.85400000000016
CHEMBL373819,CS(=O)(=O)c1ccc(-n2cnc(Cl)c2-c2ccc(OCCCO[N+](=O)[O-])c(F)c2)cc1,14000.0,inactive,"{0, 3.712500000000002, 8, 9, 113.56, 469.87800000000027}",0.0,3.712500000000002,8.0,9.0,113.56,469.87800000000027
CHEMBL219885,CS(=O)(=O)c1ccc(-n2cnc(Cl)c2-c2ccc(OCCCO)c(F)c2)cc1,100000.0,inactive,"{1, 3.496500000000002, 6, 7, 424.8810000000002, 81.42}",1.0,3.496500000000002,6.0,7.0,424.8810000000002,81.42
CHEMBL24429,CS(=O)(=O)c1ccc(C2=C(c3cccnc3)C(=O)CC2)cc1,640.0,active,"{0, 64.1, 2.7588000000000017, 3, 4, 313.3780000000001}",0.0,64.1,2.7588000000000017,3.0,4.0,313.3780000000001
CHEMBL149335,CCOC(=O)CNC(=O)c1ccccc1Nc1c(Cl)ccc(C)c1Cl,4000.0,active,"{2, 67.42999999999999, 4, 4.338320000000003, 6, 381.2590000000001}",2.0,67.42999999999999,4.0,4.338320000000003,6.0,381.2590000000001
CHEMBL330976,CS(=O)(=O)c1ccc(-c2nn3cccnc3c2-c2ccc(F)cc2)cc1,4201.0,active,"{0, 64.33, 3, 3.6059000000000028, 5, 367.4050000000001}",0.0,64.33,3.0,3.6059000000000028,5.0,367.4050000000001
CHEMBL26509,COc1ccc2c(c1)c(CC(=O)N[C@@H](CO)c1ccccc1)c(C)n2C(=O)c1ccc(Cl)cc1,440.0,active,"{2, 4.692520000000004, 5, 7, 80.56, 476.96000000000015}",2.0,4.692520000000004,5.0,7.0,80.56,476.96000000000015
CHEMBL358609,Cc1cn2c(-c3ccc(S(C)(=O)=O)cc3)c(-c3ccccc3)nc2s1,12.0,active,"{0, 3, 4.441720000000003, 5, 368.483, 51.44}",0.0,3.0,4.441720000000003,5.0,368.483,51.44
CHEMBL3289929,CCOC(OCC)c1ccc(/C=C/C(=O)/C=C/c2ccc(C(OCC)OCC)cc2)cc1,31450.0,inactive,"{0, 5, 6.125500000000007, 14, 53.99000000000001, 438.56400000000025}",0.0,5.0,6.125500000000007,14.0,53.99000000000001,438.56400000000025
CHEMBL3289932,CCOC(OCC)c1ccc(/C=C2\CCc3ccccc3C2=O)cc1,100000.0,inactive,"{0, 3, 35.53, 4.970700000000004, 6, 336.43100000000004}",0.0,3.0,35.53,4.970700000000004,6.0,336.43100000000004
CHEMBL4864874,O=c1cc(CSc2nnc(CSc3nc4cc(Cl)ccc4o3)o2)c2ccc3ccccc3c2o1,11.35,active,"{0, 6, 6.708400000000003, 9, 507.9800000000003, 95.16}",0.0,6.0,6.708400000000003,9.0,507.9800000000003,95.16
CHEMBL4862802,CCCOc1nc(OCC(C)(C)O)c(-c2ccc(S(C)(=O)=O)cc2)cc1CO,2341.0,active,"{2, 2.582900000000001, 7, 105.95, 9, 409.50400000000013}",2.0,2.582900000000001,7.0,105.95,9.0,409.50400000000013
CHEMBL4857474,CCCCOc1nc(OCC(C)(C)O)c(-c2ccc(S(N)(=O)=O)cn2)cc1CO,7232.0,active,"{1.6119, 3, 8, 425.5070000000002, 10, 144.85999999999999}",1.6119,3.0,8.0,425.5070000000002,10.0,144.85999999999999
CHEMBL3322394,CS(=O)(=O)c1ccc(N2CCN=C2c2ccc(F)cc2)cc1,10000.0,inactive,"{0, 2.4960000000000004, 3, 4, 49.74, 318.373}",0.0,2.4960000000000004,3.0,4.0,49.74,318.373
CHEMBL3322395,CC1CN(c2ccc(S(C)(=O)=O)cc2)C(c2ccc(F)cc2)=N1,10000.0,inactive,"{0, 2.884500000000002, 3, 4, 332.4, 49.74}",0.0,2.884500000000002,3.0,4.0,332.4,49.74
CHEMBL296384,NS(=O)(=O)c1ccc(-c2cc(F)c(F)cc2-c2ccc(F)cc2)cc1,4.0,active,"{1, 2, 3, 4.085300000000002, 363.35999999999996, 60.160000000000004}",1.0,2.0,3.0,4.085300000000002,363.35999999999996,60.160000000000004
CHEMBL237592,CCOC(=O)Cc1cc(-c2ccc(S(C)(=O)=O)cc2)n(-c2cccc(F)c2)c1C,2100.0,active,"{0, 65.37, 4.100920000000004, 5, 6, 415.4860000000001}",0.0,65.37,4.100920000000004,5.0,6.0,415.4860000000001
CHEMBL3735534,CS(=O)(=O)c1ccc(C2=NN(c3ccc(S(N)(=O)=O)cc3)C(c3ccccc3)C2)cc1,1620.0,active,"{1, 3.093200000000002, 5, 6, 455.5610000000002, 109.9}",1.0,3.093200000000002,5.0,6.0,455.5610000000002,109.9
CHEMBL323732,CS(=O)(=O)c1ccc(C2=C(c3ccc(C(F)(F)F)c(F)c3)CCC2)cc1,760.0,active,"{384.3940000000001, 0, 2, 3, 34.14, 5.342700000000003}",384.3940000000001,0.0,2.0,3.0,34.14,5.342700000000003
CHEMBL285975,COC(=O)c1cc2cc(S(C)(=O)=O)ccc2n1Cc1ccc(Cl)cc1,650.0,active,"{0, 65.37, 3.533100000000002, 4, 5, 377.84900000000005}",0.0,65.37,3.533100000000002,4.0,5.0,377.84900000000005
CHEMBL325894,CS(=O)(=O)c1ccc(-n2cnc(Cl)c2-c2ccc3c(c2)CCO3)cc1,9.0,active,"{0, 3, 3.531100000000002, 5, 374.84900000000016, 61.19}",0.0,3.0,3.531100000000002,5.0,374.84900000000016,61.19
CHEMBL358309,CC(=O)Oc1ccccc1SCCCCCBr,9500.0,active,"{0, 3, 4.269200000000003, 7, 26.3, 317.24799999999993}",0.0,3.0,4.269200000000003,7.0,26.3,317.24799999999993
CHEMBL110382,CS(=O)(=O)c1ccc(-n2cc(C(F)(F)F)nc2-c2cc(Br)cs2)cc1,26.0,active,"{0, 3, 451.28900000000004, 5, 4.785600000000002, 51.96}",0.0,3.0,451.28900000000004,5.0,4.785600000000002,51.96
CHEMBL54746,CS(=O)(=O)c1ccc(-c2cc(F)c(F)cc2-c2ccc3c(c2)OCCO3)cc1,338.84,active,"{0, 3, 4, 4.473500000000004, 402.4180000000002, 52.60000000000001}",0.0,3.0,4.0,4.473500000000004,402.4180000000002,52.60000000000001
CHEMBL294715,NS(=O)(=O)c1ccc(-c2ccccc2-c2ccc(F)cc2)cc1,61.66,active,"{1, 2, 3, 3.807100000000002, 327.38, 60.160000000000004}",1.0,2.0,3.0,3.807100000000002,327.38,60.160000000000004
CHEMBL28491,COC(=O)c1nn(-c2ccc(S(N)(=O)=O)cc2)c(-c2ccc(Cl)cc2)c1Cl,158.49,active,"{1, 3.280100000000001, 4, 6, 104.28, 426.2810000000002}",1.0,3.280100000000001,4.0,6.0,104.28,426.2810000000002
CHEMBL144913,CSc1ccccc1OC(=O)C(F)(F)F,260000.0,inactive,"{0, 2, 3, 2.8762000000000008, 236.2139999999999, 26.3}",0.0,2.0,3.0,2.8762000000000008,236.2139999999999,26.3
CHEMBL116199,Cc1nc(Cl)c(-c2ccc(F)cc2)n1-c1ccc(S(C)(=O)=O)cc1,10000.0,inactive,"{0, 3, 4, 4.043720000000003, 364.8290000000001, 51.96}",0.0,3.0,4.0,4.043720000000003,364.8290000000001,51.96
CHEMBL18148,CC(C)S(=O)(=O)c1c(O)n(Cc2ccc(F)cc2)c(=O)c2ccccc12,90.0,active,"{1, 3.0766000000000018, 4, 5, 76.37, 375.4210000000001}",1.0,3.0766000000000018,4.0,5.0,76.37,375.4210000000001
CHEMBL3425987,CC(=O)NCCc1ccc2c(c1)O[C@H](c1ccc(O)c(O)c1)[C@@H](NC(C)=O)O2,3600.0,active,"{1.7510999999999999, 386.4040000000001, 4, 5, 6, 117.12000000000002}",1.7510999999999999,386.4040000000001,4.0,5.0,6.0,117.12000000000002
CHEMBL229139,C1=C(c2ccc3c(c2)OCO3)Cc2ccccc21,100000.0,inactive,"{0, 1, 2, 3.5120000000000022, 236.26999999999998, 18.46}",0.0,1.0,2.0,3.5120000000000022,236.26999999999998,18.46
CHEMBL525020,CS(=O)(=O)c1ccc(-c2[nH]c3ccc(Cl)cc3c2-c2ccccc2Cl)cc1,10.0,active,"{416.3290000000002, 1, 2, 3, 6.212200000000004, 49.93}",416.3290000000002,1.0,2.0,3.0,6.212200000000004,49.93
CHEMBL144414,CC(=O)Oc1ccccc1SCCCCC#N,50000.0,inactive,"{0, 3.3978800000000025, 4, 6, 50.09, 249.33499999999992}",0.0,3.3978800000000025,4.0,6.0,50.09,249.33499999999992
CHEMBL347842,CS(=O)(=O)c1ccc(-c2cnn(Cc3ccccc3)c(=O)c2Oc2ccc(Cl)cn2)cc1,260.0,active,"{0, 4.202800000000003, 6, 7, 467.93400000000014, 91.15}",0.0,4.202800000000003,6.0,7.0,467.93400000000014,91.15
CHEMBL96110,COc1cc2c(cc1F)-c1c(c(C(F)(F)F)nn1-c1ccc(S(C)(=O)=O)cc1)SC2,75.0,active,"{0, 3, 4.715000000000003, 6, 458.45800000000014, 61.190000000000005}",0.0,3.0,4.715000000000003,6.0,458.45800000000014,61.190000000000005
CHEMBL94274,COc1cc2c(cc1F)-c1c(c(C(F)(F)F)nn1-c1ccc(S(N)(=O)=O)cc1)[S+]([O-])C2,1500.0,active,"{1, 2.9744, 3, 6, 110.27000000000001, 475.44500000000016}",1.0,2.9744,3.0,6.0,110.27000000000001,475.44500000000016
CHEMBL1210072,CO/N=[N+](/[O-])c1ccc(-c2cc(C(F)(F)F)nn2-c2ccc(S(N)(=O)=O)cc2)cc1,3900.0,active,"{1, 3.360900000000001, 5, 7, 441.3910000000001, 125.63999999999999}",1.0,3.360900000000001,5.0,7.0,441.3910000000001,125.63999999999999
CHEMBL29469,NS(=O)(=O)c1ccc(-n2nc(C(F)(F)F)cc2-c2ccc3c(c2)CCCS3)cc1,229.09,active,"{1, 3, 4.243800000000003, 5, 77.98, 439.4840000000002}",1.0,3.0,4.243800000000003,5.0,77.98,439.4840000000002
CHEMBL420869,CCN(CC)c1ccc(-c2c(Cl)ncn2-c2ccc(S(C)(=O)=O)cc2)cc1,80.0,active,"{0, 4.442400000000004, 5, 6, 403.9350000000001, 55.2}",0.0,4.442400000000004,5.0,6.0,403.9350000000001,55.2
CHEMBL4788569,COc1ccc(-c2noc(CC(=O)NCCCCCCNC(=O)Cc3onc(-c4ccc(OC)cc4)c3-c3ccc(OC)cc3)c2-c2ccc(OC)cc2)cc1,50000.0,inactive,"{2, 7.9430000000000085, 10, 19, 147.17999999999998, 758.8720000000002}",2.0,7.9430000000000085,10.0,19.0,147.17999999999998,758.8720000000002
CHEMBL300600,NS(=O)(=O)c1ccc(-c2cc(F)c(F)cc2-c2ccc3c(c2)OCO3)cc1,3.981,active,"{1, 3, 4, 389.3790000000001, 3.6749000000000027, 78.62}",1.0,3.0,4.0,389.3790000000001,3.6749000000000027,78.62
CHEMBL4793035,Brc1ccc(OCCOc2nc3ccccc3s2)c(Br)c1,360.0,active,"{0, 4, 5, 5.2791000000000015, 429.133, 31.35}",0.0,4.0,5.0,5.2791000000000015,429.133,31.35
CHEMBL4792565,COC(=O)CC1N(C(=O)Nc2nc3ccccc3s2)C(=O)c2ccccc2S1(=O)=O,167300.0,inactive,"{1, 2.647100000000001, 3, 8, 122.73999999999998, 445.4780000000002}",1.0,2.647100000000001,3.0,8.0,122.73999999999998,445.4780000000002
CHEMBL4763976,COC(=O)CC1N(C(=O)Nc2ccccn2)C(=O)c2ccccc2S1(=O)=O,217100.0,inactive,"{1, 1.4324, 3, 389.3890000000001, 7, 122.73999999999998}",1.0,1.4324,3.0,389.3890000000001,7.0,122.73999999999998
CHEMBL42223,COc1cc(-c2nc(C(F)(F)F)cn2-c2ccc(S(C)(=O)=O)cc2)ccc1Cl,251.19,active,"{0, 4, 5, 4.623600000000002, 430.83500000000015, 61.190000000000005}",0.0,4.0,5.0,4.623600000000002,430.83500000000015,61.190000000000005
CHEMBL106151,COc1ccc(-c2nc(C(F)(F)F)cn2-c2ccc(S(C)(=O)=O)cc2)cn1,1200.0,active,"{0, 3.3652000000000015, 4, 6, 74.08000000000001, 397.3780000000001}",0.0,3.3652000000000015,4.0,6.0,74.08000000000001,397.3780000000001
CHEMBL88550,COc1ccc(C2=C(c3ccc(S(C)(=O)=O)cc3)CC3(CC3)C2)cc1F,10.0,active,"{0, 3, 4, 4.722600000000004, 43.370000000000005, 372.4610000000002}",0.0,3.0,4.0,4.722600000000004,43.370000000000005,372.4610000000002
CHEMBL325492,CS(=O)(=O)c1ccc(-n2cncc2-c2ccc(F)cc2)cc1,10000.0,inactive,"{0, 3, 4, 3.081900000000001, 51.96, 316.357}",0.0,3.0,4.0,3.081900000000001,51.96,316.357
CHEMBL290192,Cc1nc(-c2ccc(F)cc2)c(-c2ccc(S(N)(=O)=O)cc2)o1,24.0,active,"{1, 3, 4, 3.1035200000000005, 332.3560000000001, 86.19}",1.0,3.0,4.0,3.1035200000000005,332.3560000000001,86.19
CHEMBL2160140,Cc1ccc(C2=NN(C3=NC(=O)CS3)C(c3ccccc3Cl)C2)cc1C,7200.0,active,"{0, 2, 4, 4.737340000000003, 45.03, 383.9040000000001}",0.0,2.0,4.0,4.737340000000003,45.03,383.9040000000001
CHEMBL122,CS(=O)(=O)c1ccc(C2=C(c3ccccc3)C(=O)OC2)cc1,300.0,active,"{0, 2.5577000000000005, 3, 4, 314.3620000000001, 60.44}",0.0,2.5577000000000005,3.0,4.0,314.3620000000001,60.44
CHEMBL2171275,CC(C(=O)NCCO)c1ccc2c(c1)[nH]c1ccc(Cl)cc12,100000.0,inactive,"{65.12, 2, 3, 4, 3.1865000000000014, 316.78800000000007}",65.12,2.0,3.0,4.0,3.1865000000000014,316.78800000000007
CHEMBL118,Cc1ccc(-c2cc(C(F)(F)F)nn2-c2ccc(S(N)(=O)=O)cc2)cc1,800.0,active,"{1, 3, 4, 3.5139200000000006, 77.98, 381.3790000000001}",1.0,3.0,4.0,3.5139200000000006,77.98,381.3790000000001
CHEMBL43461,CCc1csc(Sc2cc3c(cc2NS(C)(=O)=O)COC3=O)n1,1000.0,active,"{1, 2.898600000000001, 5, 7, 370.4770000000002, 85.36}",1.0,2.898600000000001,5.0,7.0,370.4770000000002,85.36
CHEMBL2380877,COC(=O)c1c(-c2ccc(Cl)o2)noc1-c1ccccc1,100000.0,inactive,"{0, 65.47, 3, 4.0416000000000025, 5, 303.70099999999996}",0.0,65.47,3.0,4.0416000000000025,5.0,303.70099999999996
CHEMBL2380869,COC(=O)c1onc(-c2ccc(Cl)o2)c1-c1ccccc1,100000.0,inactive,"{0, 65.47, 3, 4.0416000000000025, 5, 303.701}",0.0,65.47,3.0,4.0416000000000025,5.0,303.701
CHEMBL29942,COc1ccccc1-c1cc(C(F)(F)F)nn1-c1ccc(S(N)(=O)=O)cc1,290.0,active,"{1, 3.2141, 4, 5, 397.37800000000004, 87.21000000000001}",1.0,3.2141,4.0,5.0,397.37800000000004,87.21000000000001
CHEMBL1917100,COc1ccc(S2=NS(=O)(=O)c3cc([N+](=O)[O-])ccc32)cc1,880.0,active,"{0, 98.87, 3, 2.5256000000000007, 5, 338.3660000000001}",0.0,98.87,3.0,2.5256000000000007,5.0,338.3660000000001
CHEMBL300600,NS(=O)(=O)c1ccc(-c2cc(F)c(F)cc2-c2ccc3c(c2)OCO3)cc1,4.0,active,"{1, 3, 4, 389.3790000000001, 3.6749000000000027, 78.62}",1.0,3.0,4.0,389.3790000000001,3.6749000000000027,78.62
CHEMBL1916952,O=C(NS(=O)(=O)c1ccccc1)c1cncc(C(=O)NS(=O)(=O)c2ccccc2)c1,7900.0,active,"{1.319, 2, 6, 7, 139.36999999999998, 445.4780000000002}",1.319,2.0,6.0,7.0,139.36999999999998,445.4780000000002
CHEMBL1916954,O=C(NS(=O)(=O)c1ccc(Cl)cc1)c1cncc(C(=O)NS(=O)(=O)c2ccc(Cl)cc2)c1,3400.0,active,"{514.3680000000002, 2, 2.625800000000001, 6, 7, 139.36999999999998}",514.3680000000002,2.0,2.625800000000001,6.0,7.0,139.36999999999998
CHEMBL1950018,COc1ccc2[nH]c(C(=O)c3cc(C)ccn3)c(CC(=O)O)c2c1,128.0,active,"{2, 2.7380200000000006, 4, 324.33600000000007, 5, 92.28000000000002}",2.0,2.7380200000000006,4.0,324.33600000000007,5.0,92.28000000000002
CHEMBL1950010,COc1ccc2c(CC(=O)O)c(C(=O)c3cc(C)ccn3)[nH]c2c1,1900.0,active,"{2, 2.7380200000000006, 4, 324.336, 5, 92.28}",2.0,2.7380200000000006,4.0,324.336,5.0,92.28
CHEMBL1950018,COc1ccc2[nH]c(C(=O)c3cc(C)ccn3)c(CC(=O)O)c2c1,2200.0,active,"{2, 2.7380200000000006, 4, 324.33600000000007, 5, 92.28000000000002}",2.0,2.7380200000000006,4.0,324.33600000000007,5.0,92.28000000000002
CHEMBL1917103,O=[N+]([O-])c1ccc2c(c1)S(=O)(=O)N=S2c1ccc(C(F)(F)F)cc1,2990.0,active,"{0, 2, 3.535800000000002, 4, 376.337, 89.64}",0.0,2.0,3.535800000000002,4.0,376.337,89.64
CHEMBL1916953,O=C(NS(=O)(=O)c1ccc(F)cc1)c1cncc(C(=O)NS(=O)(=O)c2ccc(F)cc2)c1,5600.0,active,"{481.4580000000002, 2, 1.5971999999999997, 6, 7, 139.36999999999998}",481.4580000000002,2.0,1.5971999999999997,6.0,7.0,139.36999999999998
CHEMBL14420,CC(C)(Cl)CC(=O)c1cc(C(C)(C)C)c2c(c1)C(C)(C)CO2,100.0,active,"{0, 2, 322.8760000000001, 3, 5.244300000000005, 26.3}",0.0,2.0,322.8760000000001,3.0,5.244300000000005,26.3
CHEMBL92233,Cc1ccncc1-c1ncc(Cl)cc1-c1ccc(S(C)(=O)=O)cc1,830.0,active,"{0, 3, 4, 4.175920000000003, 358.8500000000001, 59.92}",0.0,3.0,4.0,4.175920000000003,358.8500000000001,59.92
CHEMBL92233,Cc1ccncc1-c1ncc(Cl)cc1-c1ccc(S(C)(=O)=O)cc1,2700.0,active,"{0, 3, 4, 4.175920000000003, 358.8500000000001, 59.92}",0.0,3.0,4.0,4.175920000000003,358.8500000000001,59.92
CHEMBL277519,CC1(O)OC(=O)C(c2cc3ccccc3s2)=C1c1ccc(S(C)(=O)=O)cc1,3200.0,active,"{1, 3, 3.4809000000000028, 6, 400.47700000000015, 80.67}",1.0,3.0,3.4809000000000028,6.0,400.47700000000015,80.67
CHEMBL280573,Cc1cnn(-c2ccc(S(N)(=O)=O)cc2)c1-c1ccccc1,47100.0,inactive,"{1, 2.495120000000001, 3, 4, 77.98, 313.382}",1.0,2.495120000000001,3.0,4.0,77.98,313.382
CHEMBL472721,CS(=O)(=O)c1ccc(-c2c(-c3ccccc3)ssc2=S)cc1,50000.0,inactive,"{0, 34.14, 3, 5, 5.276590000000002, 364.53800000000007}",0.0,34.14,3.0,5.0,5.276590000000002,364.53800000000007
CHEMBL71372,Cc1oc(=O)n(-c2ccc(F)cc2)c1-c1ccc(S(N)(=O)=O)cc1,510.0,active,"{1, 2.1924200000000003, 3, 5, 348.3550000000001, 95.29999999999998}",1.0,2.1924200000000003,3.0,5.0,348.3550000000001,95.29999999999998
CHEMBL70858,NS(=O)(=O)c1ccc(-c2coc(=O)n2-c2ccc(Cl)cc2)cc1,1200.0,active,"{1, 2.3983000000000008, 3, 5, 350.783, 95.30000000000001}",1.0,2.3983000000000008,3.0,5.0,350.783,95.30000000000001
CHEMBL4532831,Cc1ccc2[nH]cc(CCNC(=O)c3ccccc3O)c2c1,40000.0,inactive,"{65.12, 2, 3, 4, 3.154420000000001, 294.35400000000004}",65.12,2.0,3.0,4.0,3.154420000000001,294.35400000000004
CHEMBL5174327,COc1ccc2ccn(C)c2c1C(=O)OCC(F)(F)F,380000.0,inactive,"{0, 2.9060000000000015, 3, 4, 40.46, 287.2369999999999}",0.0,2.9060000000000015,3.0,4.0,40.46,287.2369999999999
CHEMBL3289933,CCOC(OCC)c1ccc(/C=C/C(=O)C2CCc3ccccc3C2=O)cc1,13320.0,inactive,"{0, 4, 4.7858000000000045, 8, 52.6, 378.4680000000001}",0.0,4.0,4.7858000000000045,8.0,52.6,378.4680000000001
CHEMBL1939680,Cc1c(CC(=O)OCCO)cc(-c2ccc(S(C)(=O)=O)cc2)n1-c1cccc(F)c1,1700.0,active,"{1, 3.0733200000000016, 6, 7, 431.4850000000001, 85.6}",1.0,3.0733200000000016,6.0,7.0,431.4850000000001,85.6
CHEMBL1939434,O=C(O)/C=C/C12C=C(O)C(=O)C=C1C(=O)C1=Cc3cc(O)c(O)cc3O[C@@H](c3ccc(O)c(O)c3)[C@@H]12,9800.0,active,"{2.803200000000002, 3, 6, 9, 490.4200000000002, 181.81999999999996}",2.803200000000002,3.0,6.0,9.0,490.4200000000002,181.81999999999996
CHEMBL3736140,COc1ccc(C2CC(c3ccc(S(C)(=O)=O)cc3)=NN2c2ccc(S(N)(=O)=O)cc2)cc1,2110.0,active,"{1, 3.101800000000001, 485.58700000000016, 6, 7, 119.13}",1.0,3.101800000000001,485.58700000000016,6.0,7.0,119.13
CHEMBL232615,C[C@@]1(CO)C=Cc2cc(O)ccc2O1,630.0,active,"{192.214, 1, 2, 3, 1.5488, 49.69}",192.214,1.0,2.0,3.0,1.5488,49.69
CHEMBL3775392,CC(C(=O)O)c1ccc(-c2cccc(OC(=O)NCc3ccccc3)c2)c(F)c1,100000.0,inactive,"{2, 3, 4.969400000000004, 6, 393.4140000000001, 75.63}",2.0,3.0,4.969400000000004,6.0,393.4140000000001,75.63
CHEMBL3775979,CCCCCCCNC(=O)Oc1cccc(-c2ccc(C(C)C(=O)O)cc2F)c1,320.0,active,"{2, 3, 5.739600000000006, 10, 75.63, 401.4780000000001}",2.0,3.0,5.739600000000006,10.0,75.63,401.4780000000001
CHEMBL3775280,CCCCCCNC(=O)Oc1cccc(-c2ccc(C(C)CO)cc2F)c1,100000.0,inactive,"{2, 3, 5.257200000000005, 9, 373.46800000000013, 58.56}",2.0,3.0,5.257200000000005,9.0,373.46800000000013,58.56
CHEMBL3774393,CCCCCCNC(=O)Oc1cccc(-c2ccc(C)cc2F)c1,100000.0,inactive,"{1, 2, 5.469820000000005, 38.33, 7, 329.4150000000001}",1.0,2.0,5.469820000000005,38.33,7.0,329.4150000000001
CHEMBL381680,CC1([O-])OC(=O)C(c2ccc(Cl)cc2)=C1c1ccc(S(C)(=O)=O)cc1.[Na+],1700.0,active,"{0, -0.708399999999999, 3, 5, 400.8150000000001, 83.5}",0.0,-0.708399999999999,3.0,5.0,400.8150000000001,83.5
CHEMBL507398,NS(=O)(=O)c1ccc(-n2nc(C(F)(F)F)cc2-c2ccnc(Cl)c2)cc1,730.0,active,"{1, 3, 3.2539000000000016, 5, 402.7850000000001, 90.87}",1.0,3.0,3.2539000000000016,5.0,402.7850000000001,90.87
CHEMBL460216,CC(Sc1nc2ccccc2c(=O)n1N)C(=O)O,5800.0,active,"{0.6754999999999995, 2, 3, 98.21, 6, 265.294}",0.6754999999999995,2.0,3.0,98.21,6.0,265.294
CHEMBL127125,Cc1cc(=O)c(Oc2ccccc2)c(-c2ccc(S(C)(=O)=O)cc2)o1,1000.0,active,"{0, 3.8110200000000027, 356.3990000000001, 5, 4, 73.58000000000001}",0.0,3.8110200000000027,356.3990000000001,5.0,4.0,73.58000000000001
CHEMBL1956387,NS(=O)(=O)c1ccc(-n2nnnc2-c2ccc([N+](=O)[O-])cc2)cc1,100000.0,inactive,"{0.8849000000000005, 1, 4, 8, 146.9, 346.32800000000003}",0.8849000000000005,1.0,4.0,8.0,146.9,346.32800000000003
CHEMBL2315327,CCN(CC)c1ccc2c(c1)Oc1cc(N(CC)CC)ccc1C21c2ccccc2C(=O)N1CCNS(=O)(=O)c1ccc(-n2nc(C(F)(F)F)cc2-c2ccc(C)cc2)cc1,3900.0,active,"{1, 100.01, 8, 9.39082, 13, 848.9920000000001}",1.0,100.01,8.0,9.39082,13.0,848.9920000000001
CHEMBL2315325,CN(C)c1cccc2c(S(=O)(=O)NCCNS(=O)(=O)c3ccc(C4=C(c5ccc(Cl)cc5)C(=O)OC4)cc3)cccc12,7200.0,active,"{2, 4.283600000000003, 7, 10, 626.1560000000001, 121.88000000000001}",2.0,4.283600000000003,7.0,10.0,626.1560000000001,121.88000000000001
CHEMBL2333738,COc1ccc(/C=C/c2cc(OC)cc(OC)c2/C=C/C(=O)N2CCOCC2)cc1,1880.0,active,"{0, 3.754800000000003, 5, 7, 409.4820000000002, 57.230000000000004}",0.0,3.754800000000003,5.0,7.0,409.4820000000002,57.230000000000004
CHEMBL497716,C/C(=C/Cc1c(O)ccc(C(=O)/C=C/c2ccc(O)cc2)c1O)COC(=O)/C=C/c1ccc(O)cc1,38400.0,inactive,"{4, 5.150500000000005, 486.5200000000002, 7, 9, 124.29}",4.0,5.150500000000005,486.5200000000002,7.0,9.0,124.29
CHEMBL416146,Cc1ccc(-c2ncc(Cl)cc2-c2ccc(S(C)(=O)=O)cc2)cn1,2000.0,active,"{0, 3, 4, 4.175920000000004, 358.8500000000001, 59.92}",0.0,3.0,4.0,4.175920000000004,358.8500000000001,59.92
CHEMBL1814710,CC(C(=O)[O-])c1ccc(CC2CCCC2=O)c(Br)c1.[Na+],23000.0,inactive,"{0, -0.7817999999999992, 3, 4, 57.199999999999996, 347.18399999999997}",0.0,-0.7817999999999992,3.0,4.0,57.199999999999996,347.18399999999997
CHEMBL1814712,CC(C(=O)[O-])c1ccc(CC2CCCC2=O)c(-c2ccccc2)c1.[Na+],290000.0,inactive,"{0, 0.12270000000000048, 3, 5, 344.38599999999997, 57.199999999999996}",0.0,0.12270000000000048,3.0,5.0,344.38599999999997,57.199999999999996
CHEMBL1814721,Cc1ccc(-c2cc(CC3CCCC3=O)ccc2C(C)C(=O)[O-])cc1.[Na+],540000.0,inactive,"{0, 0.43111999999999906, 3, 5, 358.41300000000007, 57.2}",0.0,0.43111999999999906,3.0,5.0,358.41300000000007,57.2
CHEMBL1814723,CSc1ccc(-c2cc(CC3CCCC3=O)ccc2C(C)C(=O)[O-])cc1.[Na+],150000.0,inactive,"{0, 0.8445999999999994, 4, 390.4800000000001, 6, 57.2}",0.0,0.8445999999999994,4.0,390.4800000000001,6.0,57.2
CHEMBL3747612,NS(=O)(=O)c1ccc(N2N=C(C(=O)O)CC2c2ccco2)cc1,3560.0,active,"{1.3189999999999997, 2, 4, 6, 335.341, 126.20000000000002}",1.3189999999999997,2.0,4.0,6.0,335.341,126.20000000000002
CHEMBL3810167,CC(C)C[C@H](NC(=O)[C@H](Cc1ccccc1)NC(=O)CNC(=O)CNC(=O)OCc1ccccc1)C(=O)O,500.0,active,"{1.372000000000002, 162.93, 5, 6, 526.5900000000004, 14}",1.372000000000002,162.93,5.0,6.0,526.5900000000004,14.0
CHEMBL3808774,COC(=O)[C@H](CC(C)C)NC(=O)CNC(=O)[C@@H](NC(=O)OCc1ccccc1)C(C)C,56000.0,inactive,"{1.7575000000000007, 3, 6, 11, 435.5210000000002, 122.83}",1.7575000000000007,3.0,6.0,11.0,435.5210000000002,122.83
CHEMBL3127307,COc1c(-c2cc(C(F)(F)F)nn2-c2ccc(S(N)(=O)=O)cc2)c(O)cc2occc12,7000.0,active,"{2, 3.6659000000000006, 4, 453.3980000000002, 7, 120.58000000000001}",2.0,3.6659000000000006,4.0,453.3980000000002,7.0,120.58000000000001
CHEMBL5266680,CCOc1cc(C)nn1C(=O)CNc1ncnc2c1c(C)nn2-c1ccccc1,160.0,active,"{1, 2.779840000000001, 99.75, 6, 391.4350000000001, 9}",1.0,2.779840000000001,99.75,6.0,391.4350000000001,9.0
CHEMBL5276691,Cc1c(-c2ccccc2)n(C(=O)c2ccccc2)c2ccc(S(C)(=O)=O)cc12,7980.0,active,"{0, 3, 4, 389.4760000000001, 4.708720000000003, 56.14}",0.0,3.0,4.0,389.4760000000001,4.708720000000003,56.14
CHEMBL2159924,Cc1ccc(C2=NN(C3=NC(=O)CS3)C(c3ccc(Br)cc3)C2)cc1C,1800.0,active,"{0, 2, 4, 4.846440000000004, 428.35500000000013, 45.03}",0.0,2.0,4.0,4.846440000000004,428.35500000000013,45.03
CHEMBL2160150,Cc1ccccc1C1CC(c2ccc(Cl)c(Cl)c2)=NN1C1=NC(=O)CS1,16300.0,inactive,"{0, 2, 4, 5.082320000000004, 45.03, 404.3220000000002}",0.0,2.0,4.0,5.082320000000004,45.03,404.3220000000002
CHEMBL513405,Cc1ccc(-c2cn[se]c2-c2ccc(Cl)cc2)cc1,0.0,active,"{0, 1, 2, 4.434420000000003, 332.692, 12.89}",0.0,1.0,2.0,4.434420000000003,332.692,12.89
CHEMBL4530072,O=C1NC(=S)S/C1=C\c1ccc(OCc2cn(-c3ccc(Cl)cc3)nn2)cc1,190.0,active,"{1, 3.988500000000003, 69.03999999999999, 5, 7, 428.92600000000004}",1.0,3.988500000000003,69.03999999999999,5.0,7.0,428.92600000000004
CHEMBL4439919,O=C1NC(=O)/C(=C/c2ccc(OCc3cn(-c4ccccc4)nn3)cc2)S1,380.0,active,"{1, 3.1702000000000012, 5, 7, 86.11, 378.413}",1.0,3.1702000000000012,5.0,7.0,86.11,378.413
CHEMBL5203505,Cc1ccc(-n2nc(C(F)(F)F)cc2-c2ccc(S(=O)(=O)Nc3ccc([18F])cc3)cc2)cc1,360.0,active,"{1, 4, 5, 5.806420000000004, 474.4699380000001, 63.99}",1.0,4.0,5.0,5.806420000000004,474.4699380000001,63.99
CHEMBL5208551,NS(=O)(=O)c1ccc(-n2nc(C(F)(F)F)c([18F])c2-c2ccccc2)cc1,1.7,active,"{384.344938, 1, 3, 4, 3.3446000000000016, 77.98}",384.344938,1.0,3.0,4.0,3.3446000000000016,77.98
CHEMBL1916957,O=C(NS(=O)(=O)c1ccc(F)cc1)c1ccncc1,12100.0,inactive,"{1, 1.3394, 3, 4, 76.13, 280.28000000000003}",1.0,1.3394,3.0,4.0,76.13,280.28000000000003
CHEMBL5178995,[11CH3]Oc1ccc(-c2cnc(Cl)n2-c2ccc(S(N)(=O)=O)cc2)cc1F,4.0,active,"{1, 2.987800000000001, 4, 5, 87.21000000000001, 380.8164336000001}",1.0,2.987800000000001,4.0,5.0,87.21000000000001,380.8164336000001
CHEMBL463624,CS(=O)(=O)c1ccc(-n2nc(C(F)(F)F)cc2-c2ccn(C(F)F)c(=O)c2)cc1,1820.0,active,"{0, 3.5184000000000015, 4, 6, 73.96000000000001, 433.35800000000006}",0.0,3.5184000000000015,4.0,6.0,73.96000000000001,433.35800000000006
CHEMBL4878265,O=C(NCCc1c[nH]c2ccccc12)c1ccccc1Nc1ccccc1Cl,40000.0,inactive,"{2, 3, 389.8860000000001, 6, 5.537400000000003, 56.92}",2.0,3.0,389.8860000000001,6.0,5.537400000000003,56.92
CHEMBL1171452,C[C@@H]1O[C@@H](O[C@H]2[C@H](O)[C@@H](O)[C@H](OC[C@H]3O[C@@H](OC(=O)[C@]45CCC(C)(C)C[C@H]4C4=CC[C@@H]6[C@@]7(C)CC[C@H](O[C@@H]8OC[C@H](O)[C@H](O)[C@H]8O[C@@H]8O[C@@H](C)[C@H](O)[C@@H](O[C@@H]9OC[C@@H](O[C@@H]%10O[C@H](CO)[C@@H](O)[C@H](O)[C@H]%10O)[C@@H](O)[C@H]9O)[C@H]8O)C(C)(C)[C@@H]7CC[C@@]6(C)[C@]4(C)CC5)[C@H](O)[C@@H](O)[C@@H]3O)O[C@@H]2CO)[C@H](O)[C@H](O)[C@H]1O,50000.0,inactive,"{34, -5.229300000000006, 17, 530.6600000000002, 19, 1499.648000000001}",34.0,-5.229300000000006,17.0,530.6600000000002,19.0,1499.648000000001
CHEMBL1950016,Cc1ccnc(C(=O)c2[nH]c3cc(Cl)c(F)cc3c2CC(=O)O)c1,100.0,active,"{2, 3, 4, 3.5219200000000015, 83.05, 346.7450000000001}",2.0,3.0,4.0,3.5219200000000015,83.05,346.7450000000001
CHEMBL1957450,N[C@@H](Cc1c[nH]c2ccccc12)C(=O)N[C@@H](CS)C(=O)N[C@@H](CO)C(=O)O,15.0,active,"{-0.9859999999999987, 6, 7, 9, 394.4530000000001, 157.54}",-0.9859999999999987,6.0,7.0,9.0,394.4530000000001,157.54
CHEMBL320790,CS(=O)(=O)c1ccc(-n2cc(C(F)(F)F)nc2-c2cccc3c2OCO3)cc1,470.0,active,"{0, 3, 3.6903000000000024, 70.42, 6, 410.37300000000016}",0.0,3.0,3.6903000000000024,70.42,6.0,410.37300000000016
CHEMBL158316,CS(=O)(=O)c1ccc(-c2sc3ncnn3c2-c2ccccc2)cc1,10.0,active,"{0, 64.33, 3, 355.4440000000001, 3.5283000000000024, 6}",0.0,64.33,3.0,355.4440000000001,3.5283000000000024,6.0
CHEMBL291912,CS(=O)(=O)c1ccc(-c2ccccc2-c2ccc(F)cc2)cc1,257.04,active,"{0, 2, 3, 34.14, 4.563200000000004, 326.39200000000005}",0.0,2.0,3.0,34.14,4.563200000000004,326.39200000000005
CHEMBL324093,CS(=O)(=O)c1ccc(-c2cnc(Br)n2-c2ccc(F)cc2)cc1,48.0,active,"{0, 3, 4, 3.844400000000002, 395.25300000000004, 51.96}",0.0,3.0,4.0,3.844400000000002,395.25300000000004,51.96
CHEMBL119002,CS(=O)(=O)c1ccc(-c2cnc(CO)n2-c2ccc(F)cc2)cc1,10000.0,inactive,"{1, 2.574200000000001, 4, 5, 72.19, 346.38300000000004}",1.0,2.574200000000001,4.0,5.0,72.19,346.38300000000004
CHEMBL2283148,CC/C(=C(\c1ccccc1)c1ccc(N=[N+]=[N-])cc1)c1ccccc1,280.0,active,"{0, 1, 5, 325.415, 6.997500000000005, 48.760000000000005}",0.0,1.0,5.0,325.415,6.997500000000005,48.760000000000005
CHEMBL2283180,CCCCCC/C(=C(\c1ccccc1)c1ccc(N=[N+]=[N-])cc1)c1ccccc1,110.0,active,"{0, 1, 8.557900000000004, 9, 48.760000000000005, 381.5230000000001}",0.0,1.0,8.557900000000004,9.0,48.760000000000005,381.5230000000001
CHEMBL1684136,COc1cc2oc(C)cc(=O)c2c(O)c1OC,19700.0,inactive,"{1, 2, 1.82422, 68.9, 5, 236.22299999999996}",1.0,2.0,1.82422,68.9,5.0,236.22299999999996
CHEMBL29472,NS(=O)(=O)c1ccc(-n2nc(C(F)(F)F)cc2-c2ccc(Br)s2)cc1,12.0,active,"{1, 3, 452.27700000000004, 5, 4.029500000000001, 77.98}",1.0,3.0,452.27700000000004,5.0,4.029500000000001,77.98
CHEMBL44142,CSc1ccc(C2=C3c4cc(C)ccc4CCC3OC2=O)cc1,971.0,active,"{0, 322.42900000000003, 3, 2, 4.4993200000000035, 26.3}",0.0,322.42900000000003,3.0,2.0,4.4993200000000035,26.3
CHEMBL432260,COc1ccc2c(c1)c(CC(=O)N[C@@H](CO)CCSC)c(C)n2C(=O)c1ccc(Cl)cc1,250.0,active,"{2, 4.0729200000000025, 6, 9, 80.56, 475.0100000000001}",2.0,4.0729200000000025,6.0,9.0,80.56,475.0100000000001
CHEMBL24288,COC[C@H](C)NC(=O)Cc1c(C)n(C(=O)c2ccc(Cl)cc2)c2ccc(OC)cc12,240.0,active,"{1, 3.993820000000003, 5, 69.56, 7, 428.91600000000017}",1.0,3.993820000000003,5.0,69.56,7.0,428.91600000000017
CHEMBL2160146,Cc1ccc(C2CC(c3ccc(Cl)c(Cl)c3)=NN2C2=NC(=O)CS2)cc1,4700.0,active,"{0, 2, 4, 5.082320000000005, 45.03, 404.3220000000002}",0.0,2.0,4.0,5.082320000000005,45.03,404.3220000000002
CHEMBL1916949,O=C(NS(=O)(=O)c1ccc(Cl)cc1)c1cccnc1,6600.0,active,"{1, 1.8537, 3, 4, 296.735, 76.13}",1.0,1.8537,3.0,4.0,296.735,76.13
CHEMBL4588699,O=C(O[C@@H]1[C@@H](c2c(O)cc(O)c3c2O[C@H](c2cc(O)c(O)c(O)c2)[C@H](OC(=O)c2cc(O)c(O)c(O)c2)C3)c2c(O)cc(O)c([C@H]3c4c(O)cc(O)cc4O[C@H](c4cc(O)c(O)c(O)c4)[C@@H]3OC(=O)c3cc(O)c(O)c(O)c3)c2O[C@@H]1c1cc(O)c(O)c(O)c1)c1cc(O)c(O)c(O)c1,4500.0,active,"{33, 6.505199999999995, 11, 592.1100000000002, 24, 1371.0930000000005}",33.0,6.505199999999995,11.0,592.1100000000002,24.0,1371.0930000000005
CHEMBL3747777,COc1ccc(C2CC(c3cccs3)=NN2c2ccc(S(N)(=O)=O)cc2)cc1,4330.0,active,"{1, 3.759800000000001, 5, 6, 84.98999999999998, 413.5240000000001}",1.0,3.759800000000001,5.0,6.0,84.98999999999998,413.5240000000001
CHEMBL3739528,C#Cc1cccc(Nc2ncnc3cc(OCCOC(=O)C(C)c4ccc(CC(C)C)cc4)c(OCCOC(=O)C(C)c4ccc(CC(C)C)cc4)cc23)c1,10000.0,inactive,"{1, 741.9290000000001, 9, 9.203100000000003, 108.87, 18}",1.0,741.9290000000001,9.0,9.203100000000003,108.87,18.0
CHEMBL3741304,C#Cc1cccc(Nc2ncnc3cc(OCCOC(=O)c4ccc(C(=O)Nc5ccc6c(c5)C(C)(C)CCC6(C)C)cc4)c(OCCOC)cc23)c1,10000.0,inactive,"{2, 712.847, 9, 8.217000000000008, 13, 120.9}",2.0,712.847,9.0,8.217000000000008,13.0,120.9
CHEMBL1814726,CC(C(=O)[O-])c1ccc(CC2CCCC2=O)cc1-c1ccc(O)cc1.[Na+],11000.0,inactive,"{-0.17169999999999946, 1, 4, 5, 360.385, 77.42999999999999}",-0.17169999999999946,1.0,4.0,5.0,360.385,77.42999999999999
CHEMBL1939438,O=C1O[C@@H](c2ccc(O)c(O)c2)[C@H](C(=O)O)/C1=C\c1ccc(O)c(O)c1,42600.0,inactive,"{1.8913, 3, 5, 358.3020000000001, 7, 144.52}",1.8913,3.0,5.0,358.3020000000001,7.0,144.52
CHEMBL3322414,NS(=O)(=O)c1ccc(N2CCN=C2c2cccc(F)c2)cc1,7200.0,active,"{1, 1.7399, 3, 4, 75.76, 319.361}",1.0,1.7399,3.0,4.0,75.76,319.361
CHEMBL3236777,CNC(=O)c1nc(-c2cc(OC)c(OC)c(OC)c2)n(-c2ccc(OC)cc2)n1,68200.0,inactive,"{96.73000000000002, 1, 2.3283000000000005, 7, 8, 398.4190000000001}",96.73000000000002,1.0,2.3283000000000005,7.0,8.0,398.4190000000001
CHEMBL3233598,NS(=O)(=O)c1ccc(C2=C(c3ccc(Cl)cc3)C(=O)NC2=O)cc1,26000.0,inactive,"{1.5545999999999998, 2, 3, 4, 362.79400000000004, 106.33000000000001}",1.5545999999999998,2.0,3.0,4.0,362.79400000000004,106.33000000000001
CHEMBL280636,NS(=O)(=O)c1ccc(-n2nc(C(F)(F)F)c(Cl)c2-c2ccc(Cl)cc2)cc1,5.3,active,"{1, 3, 4, 4.512300000000002, 77.98, 436.2420000000001}",1.0,3.0,4.0,4.512300000000002,77.98,436.2420000000001
CHEMBL18254,CC1(O)OC(=O)C(c2ccc(Cl)cc2Cl)=C1c1ccc(S(C)(=O)=O)cc1,7500.0,active,"{1, 3, 3.573000000000003, 5, 80.67, 413.27800000000013}",1.0,3.0,3.573000000000003,5.0,80.67,413.27800000000013
CHEMBL408216,CCS(=O)(=O)c1cc(NCc2cccs2)nc(-c2ccc(S(C)(=O)=O)cc2)n1,6920540.27,inactive,"{1, 3.0143000000000013, 7, 8, 106.08999999999999, 437.56800000000015}",1.0,3.0143000000000013,7.0,8.0,106.08999999999999,437.56800000000015
CHEMBL408788,CCSc1cc(NCc2ccccc2)nc(-c2ccc(S(C)(=O)=O)cc2)n1,24.1,active,"{1, 4.271200000000003, 6, 71.95, 7, 399.5410000000001}",1.0,4.271200000000003,6.0,71.95,7.0,399.5410000000001
CHEMBL257300,CS(=O)(=O)c1ccc(-c2nc(NCc3ccc(O)cc3)cc(C(F)(F)F)n2)cc1,635.0,active,"{2, 3.883600000000002, 5, 6, 423.41600000000005, 92.18}",2.0,3.883600000000002,5.0,6.0,423.41600000000005,92.18
CHEMBL257491,CCCCCNc1cc(C(F)(F)F)nc(-c2ccc(S(C)(=O)=O)cc2)n1,728.6,active,"{1, 387.4270000000001, 4.168000000000003, 5, 71.95, 7}",1.0,387.4270000000001,4.168000000000003,5.0,71.95,7.0
CHEMBL4591257,O=C(/C=C/C1=Cc2c(ccc3ccccc23)OC1)c1ccccc1F,310.0,active,"{0, 2, 3, 5.193800000000004, 330.358, 26.3}",0.0,2.0,3.0,5.193800000000004,330.358,26.3
CHEMBL743,NS(=O)(=O)c1ccc(-n2nc(C(F)(F)F)cc2-c2ccc(C(=O)O)cc2)cc1,11200.0,inactive,"{2, 2.9037000000000006, 4, 5, 115.28000000000002, 411.3610000000001}",2.0,2.9037000000000006,4.0,5.0,115.28000000000002,411.3610000000001
CHEMBL286282,COc1ccc2c(c1)c(CC(=O)NC[C@H](O)c1ccccc1)c(C)n2C(=O)c1ccc(Cl)cc1,210.0,active,"{2, 4.692520000000004, 5, 7, 80.56, 476.96000000000015}",2.0,4.692520000000004,5.0,7.0,80.56,476.96000000000015
CHEMBL3355611,[2H]C([2H])([2H])c1cc2c(c(C([2H])([2H])[2H])c1Cl)C=C(C(=O)O)[C@@H](C(F)(F)F)O2,16.0,active,"{1, 2, 3, 3.748140000000001, 46.53, 312.70361066799995}",1.0,2.0,3.0,3.748140000000001,46.53,312.70361066799995
CHEMBL3309957,O=C1/C(=C/c2ccc(N3CCCC3)cc2)CN(Cc2ccccc2)C/C1=C\c1ccc(N2CCCC2)cc1,57220.0,inactive,"{0, 4, 6, 6.438900000000007, 503.6900000000003, 26.790000000000006}",0.0,4.0,6.0,6.438900000000007,503.6900000000003,26.790000000000006
CHEMBL3289924,CCOC(OCC)c1ccc(/C=C2\CCC/C(=C\c3ccc(C(OCC)OCC)cc3)C2=O)cc1,17410.0,inactive,"{0, 5, 7.049800000000008, 12, 53.99, 478.62900000000025}",0.0,5.0,7.049800000000008,12.0,53.99,478.62900000000025
CHEMBL285831,NS(=O)(=O)c1ccc(-n2nc(C(F)(F)F)cc2-c2ccc(C(F)(F)F)cc2)cc1,8230.0,active,"{1, 3, 4, 4.224300000000002, 77.98, 435.34900000000005}",1.0,3.0,4.0,4.224300000000002,77.98,435.34900000000005
CHEMBL2333736,COc1ccc(/C=C/c2cc(OC)cc(OC)c2/C=C/C(=O)N2CCC(c3ccccc3)CC2)cc1,8570.0,active,"{0, 483.60800000000023, 4, 6.302200000000007, 8, 48.00000000000001}",0.0,483.60800000000023,4.0,6.302200000000007,8.0,48.00000000000001
CHEMBL129299,Cc1cc(=O)c(Oc2ccc(C(=O)O)cc2)c(-c2ccc(S(C)(=O)=O)cc2)o1,10000.0,inactive,"{1, 3.509220000000002, 5, 6, 110.88000000000001, 400.40800000000013}",1.0,3.509220000000002,5.0,6.0,110.88000000000001,400.40800000000013
CHEMBL2087939,NS(=O)(=O)c1ccc(NN2C(=O)CSC2c2ccc(C(F)(F)F)cc2)cc1,51800.0,inactive,"{417.434, 2, 2.9539000000000017, 4, 5, 92.5}",417.434,2.0,2.9539000000000017,4.0,5.0,92.5
CHEMBL2087944,CS(=O)(=O)c1ccc(NN2C(=O)CSC2c2ccc(C(F)(F)F)cc2)cc1,37800.0,inactive,"{416.4460000000001, 1, 66.48, 3.7100000000000017, 4, 5}",416.4460000000001,1.0,66.48,3.7100000000000017,4.0,5.0
CHEMBL3978955,CC(=O)NC1=NN(C(C)=O)C(c2cn(-c3ccccc3)nc2-c2ccc(O)cc2)S1,14000.0,inactive,"{2, 99.82000000000001, 3, 421.48200000000014, 3.2459000000000016, 7}",2.0,99.82000000000001,3.0,421.48200000000014,3.2459000000000016,7.0
CHEMBL73997,CC1(C)OC(=O)C(OC2CC2)=C1c1ccc(S(C)(=O)=O)cc1,5200.0,active,"{0, 322.38200000000006, 2.3156000000000008, 4, 5, 69.67}",0.0,322.38200000000006,2.3156000000000008,4.0,5.0,69.67
CHEMBL2018569,CCNc1nnc(Cn2nc(Cc3ccc(OC)cc3)c3onc(C)c3c2=O)s1,100000.0,inactive,"{1, 2.623920000000001, 7, 10, 107.96000000000001, 412.47500000000014}",1.0,2.623920000000001,7.0,10.0,107.96000000000001,412.47500000000014
CHEMBL94939,CS(=O)(=O)c1ccc(-c2cc(Cl)cnc2-c2ccccn2)cc1,5800.0,active,"{0, 3, 4, 3.8675000000000033, 344.82300000000004, 59.92}",0.0,3.0,4.0,3.8675000000000033,344.82300000000004,59.92
CHEMBL51434,CS(=O)(=O)c1ccc(C2=C(c3ccc(F)cc3)C(=O)OC2)cc1,600.0,active,"{0, 2.6968000000000005, 3, 4, 332.3520000000001, 60.44}",0.0,2.6968000000000005,3.0,4.0,332.3520000000001,60.44
CHEMBL491477,Cc1ccc(-c2c(-c3ccc(S(C)(=O)=O)cc3)ssc2=S)cc1,9000.0,active,"{0, 34.14, 3, 5, 5.585010000000003, 378.56500000000005}",0.0,34.14,3.0,5.0,5.585010000000003,378.56500000000005
CHEMBL475347,CS(=O)(=O)c1ccc(-c2ssc(=O)c2-c2ccccc2)cc1,1100.0,active,"{0, 3, 3.907300000000003, 5, 51.21, 348.47}",0.0,3.0,3.907300000000003,5.0,51.21,348.47
CHEMBL174009,CS(=O)(=O)c1ccc(-c2c(-c3ccc(F)cc3)csc2CC(=O)O)cc1,10000.0,inactive,"{1, 4, 5, 390.4570000000001, 71.44, 4.251800000000003}",1.0,4.0,5.0,390.4570000000001,71.44,4.251800000000003
CHEMBL347187,COc1ccc(NNC(=O)c2ccc(Cl)cc2)cc1,130.0,active,"{2, 3, 4, 3.105500000000001, 50.36, 276.723}",2.0,3.0,4.0,3.105500000000001,50.36,276.723
CHEMBL321898,CS(=O)(=O)c1ccc(-n2cc(C(F)(F)F)nc2-c2ccsc2)cc1,51000.0,inactive,"{0, 3, 4.023100000000002, 5, 51.96, 372.39300000000003}",0.0,3.0,4.023100000000002,5.0,51.96,372.39300000000003
CHEMBL3775954,CC(C(=O)O)c1ccc(-c2cccc(OC(=O)NC3CCC3)c2)c(F)c1,100000.0,inactive,"{2, 3, 4.321700000000003, 5, 357.38100000000014, 75.63}",2.0,3.0,4.321700000000003,5.0,357.38100000000014,75.63
CHEMBL3774754,CC(C(=O)O)c1ccc(-c2cccc(OC(=O)Nc3ccccc3)c2)c(F)c1,2700.0,active,"{2, 3, 5, 5.291700000000003, 75.63, 379.38700000000006}",2.0,3.0,5.0,5.291700000000003,75.63,379.38700000000006
CHEMBL3774805,CC(C(=O)O)c1ccc(-c2cccc(OC(=O)NCCCCc3ccccc3)c2)c(F)c1,100000.0,inactive,"{2, 3, 5.792100000000005, 9, 75.63, 435.49500000000023}",2.0,3.0,5.792100000000005,9.0,75.63,435.49500000000023
CHEMBL424063,NS(=O)(=O)c1ccc(C2=C(c3ccc4c(c3)OCO4)CCC2)cc1,1.995,active,"{1, 3, 4, 3.1574000000000018, 78.62, 343.40400000000017}",1.0,3.0,4.0,3.1574000000000018,78.62,343.40400000000017
CHEMBL45197,CSc1ccc(-c2nc(C(F)(F)F)cn2-c2ccc(S(C)(=O)=O)cc2)cc1,158.49,active,"{0, 4, 5, 4.683500000000004, 51.96, 412.4580000000001}",0.0,4.0,5.0,4.683500000000004,51.96,412.4580000000001
CHEMBL43317,COc1c(F)cc(-c2nc(C(F)(F)F)cn2-c2ccc(S(N)(=O)=O)cc2)cc1F,30.2,active,"{1, 3.492300000000001, 4, 5, 433.3580000000001, 87.21000000000001}",1.0,3.492300000000001,4.0,5.0,433.3580000000001,87.21000000000001
CHEMBL111057,NS(=O)(=O)c1ccc(C2=C(c3ccc(C(F)(F)F)cc3)CCC2)cc1,151.36,active,"{1, 2, 3, 4.4475000000000025, 367.3920000000001, 60.160000000000004}",1.0,2.0,3.0,4.4475000000000025,367.3920000000001,60.160000000000004
CHEMBL326270,NS(=O)(=O)c1ccc(-n2cnc(Cl)c2-c2ccc(F)cc2)cc1,18.0,active,"{1, 2.9792000000000014, 3, 4, 77.98, 351.79}",1.0,2.9792000000000014,3.0,4.0,77.98,351.79
CHEMBL417170,Cc1cc(F)cc(-c2nc(C(F)(F)F)cn2-c2ccc(S(N)(=O)=O)cc2)c1,30.2,active,"{1, 3, 4, 3.6530200000000024, 77.98, 399.3690000000001}",1.0,3.0,4.0,3.6530200000000024,77.98,399.3690000000001
CHEMBL324042,Cc1nc(Cl)n(-c2ccc(F)cc2)c1-c1ccc(S(C)(=O)=O)cc1,10000.0,inactive,"{0, 3, 4, 4.043720000000003, 364.8290000000001, 51.96}",0.0,3.0,4.0,4.043720000000003,364.8290000000001,51.96
CHEMBL1917097,CCc1ccc(S2=NS(=O)(=O)c3cc([N+](=O)[O-])ccc32)cc1,1700.0,active,"{0, 3, 4, 3.0794000000000015, 336.39400000000006, 89.64}",0.0,3.0,4.0,3.0794000000000015,336.39400000000006,89.64
CHEMBL1917098,CC(C)c1ccc(S2=NS(=O)(=O)c3cc([N+](=O)[O-])ccc32)cc1,730.0,active,"{0, 3, 4, 3.640400000000003, 89.64, 350.42100000000005}",0.0,3.0,4.0,3.640400000000003,89.64,350.42100000000005
CHEMBL98311,CS(=O)(=O)c1ccc(-c2cc(S(C)(=O)=O)sc2-c2ccc(F)cc2)cc1,200000.0,inactive,"{0, 4, 5, 68.28, 4.0282000000000036, 410.5130000000001}",0.0,4.0,5.0,68.28,4.0282000000000036,410.5130000000001
CHEMBL3104551,Cc1c(C(N)C(=O)NCCO)cc(-c2ccc(S(C)(=O)=O)cc2)n1-c1cccc(F)c1,13700.0,inactive,"{2.1036200000000003, 3, 6, 7, 114.42000000000002, 445.51600000000013}",2.1036200000000003,3.0,6.0,7.0,114.42000000000002,445.51600000000013
CHEMBL1775104,Brc1ccc(Oc2ccc(OCCN3CCCC3)cc2)cc1,100000.0,inactive,"{0, 3, 4.716000000000004, 6, 362.2670000000001, 21.700000000000003}",0.0,3.0,4.716000000000004,6.0,362.2670000000001,21.700000000000003
CHEMBL1775104,Brc1ccc(Oc2ccc(OCCN3CCCC3)cc2)cc1,5100.0,active,"{0, 3, 4.716000000000004, 6, 362.2670000000001, 21.700000000000003}",0.0,3.0,4.716000000000004,6.0,362.2670000000001,21.700000000000003
CHEMBL1957882,FC(F)(F)c1ccc(/N=C/c2cn(Cc3ccccc3)c3ccccc23)cc1,840.0,active,"{0, 2, 4, 6.459000000000005, 17.29, 378.39700000000005}",0.0,2.0,4.0,6.459000000000005,17.29,378.39700000000005
CHEMBL1917087,NS(=O)(=O)c1cc2c(cc1Cl)S(c1ccc(Br)cc1)=NS2(=O)=O,2300.0,active,"{1, 2, 2.6721000000000013, 4, 455.76400000000007, 106.66}",1.0,2.0,2.6721000000000013,4.0,455.76400000000007,106.66
CHEMBL5278033,Cc1sc(/C=C2\CN(C)CC3C2=NN(c2ccccc2)C3c2cc(F)c(C)s2)cc1F,2.0,active,"{0, 3, 5, 6.267140000000005, 455.5990000000001, 18.84}",0.0,3.0,5.0,6.267140000000005,455.5990000000001,18.84
CHEMBL5270094,O=C(c1cccs1)c1sc(N(c2ccccc2)c2ccccc2)nc1-c1ccccc1,90.0,active,"{0, 33.2, 5, 6, 7.572400000000006, 438.5770000000001}",0.0,33.2,5.0,6.0,7.572400000000006,438.5770000000001
CHEMBL5266132,CCOP(=O)(OCC)C(NC(=O)c1cc(-c2ccsc2)n(-c2ccc(S(N)(=O)=O)cc2)n1)c1ccccc1OC,220.0,active,"{2, 4.951500000000003, 10, 12, 151.84, 604.6470000000002}",2.0,4.951500000000003,10.0,12.0,151.84,604.6470000000002
CHEMBL5271091,CCOP(=O)(OCC)C(C)NC(=O)c1cc(-c2ccc(C)cc2)n(-c2ccc(S(N)(=O)=O)cc2)n1,280.0,active,"{2, 3.8370200000000017, 520.5480000000002, 8, 10, 142.61}",2.0,3.8370200000000017,520.5480000000002,8.0,10.0,142.61
CHEMBL5282152,COc1ccc(C2CC(c3cccc(-n4cnnn4)c3)=NN2C(C)=O)cc1OC,39.0,active,"{0, 2.3771000000000004, 5, 392.41900000000015, 8, 94.73}",0.0,2.3771000000000004,5.0,392.41900000000015,8.0,94.73
CHEMBL5266705,COc1ccc(-c2cc(-c3cccc(-n4cnnn4)c3)no2)cc1OC,41.0,active,"{0, 3.001500000000001, 5, 8, 88.09, 349.35000000000014}",0.0,3.001500000000001,5.0,8.0,88.09,349.35000000000014
CHEMBL328906,Cc1ccc2c(c1)CSc1c(C(F)(F)F)nn(-c3ccc(S(N)(=O)=O)cc3)c1-2,22.0,active,"{1, 2, 4.119620000000002, 5, 425.4570000000001, 77.98}",1.0,2.0,4.119620000000002,5.0,425.4570000000001,77.98
CHEMBL72093,NS(=O)(=O)c1ccc(-c2coc(=O)n2-c2cccc(C(=O)O)c2)cc1,100000.0,inactive,"{1.4431, 2, 132.6, 4, 6, 360.34700000000004}",1.4431,2.0,132.6,4.0,6.0,360.34700000000004
CHEMBL171360,CS(=O)(=O)c1ccc(-c2ocnc2-c2ccc(F)cc2)cc1,30000.0,inactive,"{0, 3, 4, 3.5512000000000024, 60.17, 317.341}",0.0,3.0,4.0,3.5512000000000024,60.17,317.341
CHEMBL127268,Cc1cc(=O)c(-c2ccccc2)c(-c2ccc(S(C)(=O)=O)cc2)o1,1840.0,active,"{0, 64.35, 3, 4, 3.6857200000000025, 340.4000000000001}",0.0,64.35,3.0,4.0,3.6857200000000025,340.4000000000001
CHEMBL126629,Cc1cc(=O)c(-c2ccc(Cl)cc2)c(-c2ccc(S(C)(=O)=O)cc2)o1,2150.0,active,"{0, 64.35, 3, 4, 4.339120000000004, 374.8450000000001}",0.0,64.35,3.0,4.0,4.339120000000004,374.8450000000001
CHEMBL99199,CCCCCOC(=O)Cc1c(C)n(C(=O)c2ccc(Cl)cc2)c2ccc(OC)cc12,50.0,active,"{0, 5, 5.576120000000005, 8, 427.9280000000001, 57.53}",0.0,5.0,5.576120000000005,8.0,427.9280000000001,57.53
CHEMBL1830338,CC(C)(C)c1ccc(CN2CCN(C(=O)CCc3cc(-c4ccc(F)cc4)n(-c4ccc(Cl)nn4)n3)CC2)cc1,10000.0,inactive,"{0, 67.15, 5.696300000000005, 6, 7, 561.105}",0.0,67.15,5.696300000000005,6.0,7.0,561.105
CHEMBL111321,NS(=O)(=O)c1ccc(C2=C(c3ccc(Cl)c(Cl)c3)CCC2)cc1,2.0,active,"{1, 2, 3, 4.735500000000003, 368.2850000000001, 60.160000000000004}",1.0,2.0,3.0,4.735500000000003,368.2850000000001,60.160000000000004
CHEMBL24349,COC[C@@H](C)NC(=O)Cc1c(C)n(C(=O)c2ccc(Cl)cc2)c2ccc(OC)cc12,140.0,active,"{1, 3.993820000000003, 5, 69.56, 7, 428.91600000000017}",1.0,3.993820000000003,5.0,69.56,7.0,428.91600000000017
CHEMBL70478,COc1ccc(-n2c(-c3ccc(S(N)(=O)=O)cc3)coc2=O)cc1,210.0,active,"{1, 1.7535, 4, 6, 104.53, 346.3640000000001}",1.0,1.7535,4.0,6.0,104.53,346.3640000000001
CHEMBL3113228,O=S(=O)(Nc1ccncc1Nc1ccccc1)C1CC1,35090.0,inactive,"{289.36000000000007, 2, 2.729300000000001, 4, 5, 71.09}",289.36000000000007,2.0,2.729300000000001,4.0,5.0,71.09
CHEMBL1775103,Clc1ccc(Oc2ccc(OCCN3CCCC3)cc2)cc1,22000.0,inactive,"{0, 3, 4.606900000000004, 6, 21.700000000000003, 317.816}",0.0,3.0,4.606900000000004,6.0,21.700000000000003,317.816
CHEMBL52019,COc1ccc(-c2cc(F)c(F)cc2-c2ccc(S(C)(=O)=O)cc2)cc1Cl,19.0,active,"{0, 3, 4, 5.364300000000004, 43.370000000000005, 408.85300000000007}",0.0,3.0,4.0,5.364300000000004,43.370000000000005,408.85300000000007
CHEMBL44977,CN(C)c1ccc(-c2nc(C(F)(F)F)cn2-c2ccc(S(C)(=O)=O)cc2)cc1F,330.0,active,"{0, 4, 5, 4.166700000000002, 427.42300000000006, 55.2}",0.0,4.0,5.0,4.166700000000002,427.42300000000006,55.2
CHEMBL43493,Cc1ccc(-c2nc(C(F)(F)F)cn2-c2ccc(S(C)(=O)=O)cc2)cc1C,330.0,active,"{0, 3, 4, 4.578440000000004, 394.4180000000001, 51.96}",0.0,3.0,4.0,4.578440000000004,394.4180000000001,51.96
CHEMBL3355612,[2H]C([2H])([2H])c1cc2c(c(C([2H])([2H])[2H])c1Br)C=C(C(=O)O)[C@@H](C(F)(F)F)O2,9.0,active,"{1, 2, 3, 3.857240000000001, 357.154610668, 46.53}",1.0,2.0,3.0,3.857240000000001,357.154610668,46.53
CHEMBL16753,CC(C)(C)c1cc(-c2nnc(SCCC(=O)O)s2)cc(C(C)(C)C)c1O,20000.0,inactive,"{2, 5, 6, 5.072500000000005, 394.5620000000001, 83.31}",2.0,5.0,6.0,5.072500000000005,394.5620000000001,83.31
CHEMBL4780951,COc1ccc(/C=N/Nc2nc(-c3ccc(S(C)(=O)=O)cc3)cs2)cc1OC,195.0,active,"{417.5120000000001, 1, 3.6768000000000027, 7, 8, 89.88000000000001}",417.5120000000001,1.0,3.6768000000000027,7.0,8.0,89.88000000000001
CHEMBL362779,NS(=O)(=O)c1ccc(-c2ccc(F)c(F)c2-c2ccc(F)c(Cl)c2)cc1,1.995,active,"{1, 2, 3, 4.738700000000002, 397.80499999999995, 60.160000000000004}",1.0,2.0,3.0,4.738700000000002,397.80499999999995,60.160000000000004
CHEMBL1682231,COc1ccc(-n2nnnc2-c2ccc(S(C)(=O)=O)cc2)cc1,2000.0,active,"{0, 1.7413999999999998, 4, 7, 330.3690000000001, 86.97}",0.0,1.7413999999999998,4.0,7.0,330.3690000000001,86.97
CHEMBL303728,COc1ccc(-n2c(-c3ccc(S(N)(=O)=O)cc3)coc2=O)cc1F,1130.0,active,"{1, 1.8926, 4, 6, 104.53, 364.3540000000001}",1.0,1.8926,4.0,6.0,104.53,364.3540000000001
CHEMBL1775109,CS(=O)(=O)N(c1cccc(Oc2ccc(OCCN3CCCC3)cc2)c1)S(C)(=O)=O,100000.0,inactive,"{0, 2.679100000000001, 454.5700000000003, 7, 9, 93.22}",0.0,2.679100000000001,454.5700000000003,7.0,9.0,93.22
CHEMBL1775089,O=[N+]([O-])c1ccc(Oc2ccc(OCCN3CCCC3)cc2)cc1,100000.0,inactive,"{0, 64.84, 3.8617000000000026, 5, 7, 328.36800000000005}",0.0,64.84,3.8617000000000026,5.0,7.0,328.36800000000005
CHEMBL1775090,O=[N+]([O-])c1ccc(Oc2ccc(OCCN3CCCC3)cc2)c([N+](=O)[O-])c1,100000.0,inactive,"{0, 3.7699000000000025, 7, 8, 107.98000000000002, 373.3650000000001}",0.0,3.7699000000000025,7.0,8.0,107.98000000000002,373.3650000000001
CHEMBL1775102,Fc1ccc(Oc2ccc(OCCN3CCCC3)cc2)cc1,100000.0,inactive,"{0, 3, 4.092600000000003, 6, 301.36099999999993, 21.700000000000003}",0.0,3.0,4.092600000000003,6.0,301.36099999999993,21.700000000000003
CHEMBL1775111,CN(c1ccccc1Oc1ccc(OCCN2CCCC2)cc1)S(C)(=O)=O,100000.0,inactive,"{0, 3.3493000000000013, 5, 390.5050000000001, 8, 59.080000000000005}",0.0,3.3493000000000013,5.0,390.5050000000001,8.0,59.080000000000005
CHEMBL3289930,CCOC(OCC)c1ccc(/C=C2\CC/C(=C\c3ccc(C(OCC)OCC)cc3)C2=O)cc1,14760.0,inactive,"{0, 5, 6.659700000000007, 12, 464.60200000000026, 53.99}",0.0,5.0,6.659700000000007,12.0,464.60200000000026,53.99
CHEMBL3322418,COc1cc(C2=NCCN2c2ccc(S(N)(=O)=O)cc2)ccc1F,10000.0,inactive,"{1, 1.7485, 4, 5, 84.98999999999998, 349.38700000000006}",1.0,1.7485,4.0,5.0,84.98999999999998,349.38700000000006
CHEMBL4091890,N#Cc1c(N=Cc2ccco2)c(C(=O)Nc2ccccc2)n2c1CCC2,780.0,active,"{1, 3.901880000000001, 4, 5, 83.32, 344.37400000000014}",1.0,3.901880000000001,4.0,5.0,83.32,344.37400000000014
CHEMBL1766301,Cc1ccc(-c2cc(CCCNC(=O)Nc3cccc(C(F)(F)F)c3)nn2-c2ccc(S(N)(=O)=O)cc2)cc1,2800.0,active,"{3, 5, 5.268220000000003, 8, 557.5980000000002, 119.10999999999999}",3.0,5.0,5.268220000000003,8.0,557.5980000000002,119.10999999999999
CHEMBL249995,CS(=O)(=O)c1ccc(C2SCC(=O)N2c2ccc(F)cc2)cc1,120.0,active,"{0, 3, 4, 3.0078000000000014, 54.45, 351.42400000000004}",0.0,3.0,4.0,3.0078000000000014,54.45,351.42400000000004
CHEMBL497859,CC(C(=O)OCC(CO[N+](=O)[O-])O[N+](=O)[O-])c1cccc(C(=O)c2ccccc2)c1,740.0,active,"{0, 418.3580000000001, 2.349500000000001, 9, 11, 148.11}",0.0,418.3580000000001,2.349500000000001,9.0,11.0,148.11
CHEMBL512917,Cc1ccc(-c2cnnn2-c2ccc(S(C)(=O)=O)cc2)cc1,120.0,active,"{0, 64.85, 2.6462200000000013, 3, 5, 313.38200000000006}",0.0,64.85,2.6462200000000013,3.0,5.0,313.38200000000006
CHEMBL66552,CC(C(=O)[O-])c1ccc(CC2CCCC2=O)cc1.[Na+],10000.0,inactive,"{0, 3, 4, 268.28799999999995, 57.199999999999996, -1.5442999999999971}",0.0,3.0,4.0,268.28799999999995,57.199999999999996,-1.5442999999999971
CHEMBL1814716,CC(C(=O)[O-])c1ccc(CC2CCCC2=O)c(-c2ccc(F)cc2)c1.[Na+],36000.0,inactive,"{0, 0.26180000000000025, 3, 5, 362.376, 57.199999999999996}",0.0,0.26180000000000025,3.0,5.0,362.376,57.199999999999996
CHEMBL1814718,CC(C(=O)[O-])c1ccc(CC2CCCC2=O)c(-c2ccc(C(=O)[O-])cc2)c1.[Na+].[Na+],1000000.0,inactive,"{0, 97.33, 5, 6, 410.37700000000007, -4.509799999999996}",0.0,97.33,5.0,6.0,410.37700000000007,-4.509799999999996
CHEMBL1814706,CC(C(=O)[O-])c1ccc(CC2CCCC2=O)cc1-c1ccc(OC(F)(F)F)cc1.[Na+],1000000.0,inactive,"{0, 1.0212999999999997, 66.42999999999999, 4, 6, 428.382}",0.0,1.0212999999999997,66.42999999999999,4.0,6.0,428.382
CHEMBL1163243,COc1ccc2c(c1)c1c(n2C(=O)c2ccc(F)cc2)CCN(CCCOc2cc(F)cc(C3(OC)CCOCC3)c2)C1.Cl,53600.0,inactive,"{0, 6.517700000000008, 7, 9, 627.1280000000002, 62.16000000000001}",0.0,6.517700000000008,7.0,9.0,627.1280000000002,62.16000000000001
CHEMBL1080404,CCc1ccccc1Nc1cnccc1NS(=O)(=O)C(F)(F)F,7240.0,active,"{2, 3.6491000000000016, 4, 5, 71.09, 345.34600000000006}",2.0,3.6491000000000016,4.0,5.0,71.09,345.34600000000006
CHEMBL104147,CCOc1cc(OCC)cc(-c2ccc(C(C)C(=O)O)cc2)c1,320.0,active,"{1, 3, 4.339100000000003, 7, 55.760000000000005, 314.38100000000003}",1.0,3.0,4.339100000000003,7.0,55.760000000000005,314.38100000000003
CHEMBL23241,COc1ccncc1C1=C(c2ccc(S(C)(=O)=O)cc2)CCC1=O,150.0,active,"{0, 2.767400000000001, 4, 5, 73.33, 343.40400000000017}",0.0,2.767400000000001,4.0,5.0,73.33,343.40400000000017
CHEMBL289731,CCc1csc(Sc2cc3c(cc2NS(C)(=O)=O)CCC3=O)n1,280.0,active,"{1, 3.3571000000000017, 5, 6, 76.13, 368.5050000000002}",1.0,3.3571000000000017,5.0,6.0,76.13,368.5050000000002
CHEMBL289731,CCc1csc(Sc2cc3c(cc2NS(C)(=O)=O)CCC3=O)n1,49.0,active,"{1, 3.3571000000000017, 5, 6, 76.13, 368.5050000000002}",1.0,3.3571000000000017,5.0,6.0,76.13,368.5050000000002
CHEMBL319764,COc1ccc2c(c1)c(CC(=O)NCCCCl)c(C)n2C(=O)c1ccc(Cl)cc1,50.0,active,"{1, 4, 4.587820000000003, 7, 433.33500000000015, 60.33}",1.0,4.0,4.587820000000003,7.0,433.33500000000015,60.33
CHEMBL1171454,C[C@@H]1O[C@@H](O[C@H]2[C@H](O)[C@@H](O)[C@H](OC[C@H]3O[C@@H](OC(=O)[C@]45CCC(C)(C)C[C@H]4C4=CC[C@@H]6[C@@]7(C)CC[C@H](O[C@@H]8OC[C@H](O)[C@H](O)[C@H]8O[C@@H]8O[C@@H](C)[C@H](O)[C@@H](O[C@@H]9OC[C@@H](O[C@@H]%10O[C@H](CO)[C@@H](O[C@@H]%11O[C@H](CO)[C@@H](O)[C@H](O)[C@H]%11O)[C@H](O)[C@H]%10O)[C@@H](O)[C@H]9O)[C@H]8O)C(C)(C)[C@@H]7CC[C@@]6(C)[C@]4(C)CC5)[C@H](O)[C@@H](O)[C@@H]3O)O[C@@H]2CO)[C@H](O)[C@H](O)[C@H]1O,50000.0,inactive,"{609.8100000000003, 39, 20, 22, -7.405100000000044, 1661.7890000000014}",609.8100000000003,39.0,20.0,22.0,-7.405100000000044,1661.7890000000014
CHEMBL43402,Cc1cnc(Sc2cc3c(cc2NS(C)(=O)=O)CCC3=O)s1,1500.0,active,"{1, 354.4780000000002, 3.1031200000000014, 4, 6, 76.13}",1.0,354.4780000000002,3.1031200000000014,4.0,6.0,76.13
CHEMBL13920,C#CCCCC(=O)c1cc(C(C)(C)C)c2c(c1)C(C)(C)CO2,15.0,active,"{0, 2, 4, 4.640300000000004, 298.42600000000004, 26.3}",0.0,2.0,4.0,4.640300000000004,298.42600000000004,26.3
CHEMBL280601,NS(=O)(=O)c1ccc(-n2ncc([N+](=O)[O-])c2-c2ccccc2)cc1,290.0,active,"{1, 2.0949, 4, 6, 344.352, 121.12}",1.0,2.0949,4.0,6.0,344.352,121.12
CHEMBL306716,CCc1ccc(-n2c(-c3ccc(S(C)(=O)=O)cc3)coc2=O)cc1,690.0,active,"{0, 3.0634000000000015, 4, 69.28, 5, 343.40400000000005}",0.0,3.0634000000000015,4.0,69.28,5.0,343.40400000000005
CHEMBL272678,Cc1c(NCc2cccs2)nc(-c2ccc(S(C)(=O)=O)cc2)nc1C(F)(F)F,38.2,active,"{1, 4.547920000000002, 5, 6, 71.95, 427.47300000000007}",1.0,4.547920000000002,5.0,6.0,71.95,427.47300000000007
CHEMBL408216,CCS(=O)(=O)c1cc(NCc2cccs2)nc(-c2ccc(S(C)(=O)=O)cc2)n1,144.5,active,"{1, 3.0143000000000013, 7, 8, 106.08999999999999, 437.56800000000015}",1.0,3.0143000000000013,7.0,8.0,106.08999999999999,437.56800000000015
CHEMBL403827,CS(=O)(=O)c1ccc(-c2nc(NCc3ccc(N)cc3)cc(C(F)(F)F)n2)cc1,211.3,active,"{97.97, 2, 3.760200000000002, 5, 422.4320000000001, 6}",97.97,2.0,3.760200000000002,5.0,422.4320000000001,6.0
CHEMBL71423,Cc1ccc(-c2c(-c3ccc(S(C)(=O)=O)cc3)occ(Cl)c2=O)cc1,1760759.34,inactive,"{0, 64.35, 3, 4, 4.339120000000003, 374.8450000000001}",0.0,64.35,3.0,4.0,4.339120000000003,374.8450000000001
CHEMBL69030,CS(=O)(=O)c1ccc(-c2occ(Cl)c(=O)c2-c2cccnc2)cc1,7048553.49,inactive,"{0, 3, 3.4257000000000017, 5, 361.80600000000004, 77.24}",0.0,3.0,3.4257000000000017,5.0,361.80600000000004,77.24
CHEMBL1684146,COc1cc2oc(C)cc(=O)c2c(O)c1O,15350.0,inactive,"{1, 2, 1.52122, 5, 79.9, 222.19599999999997}",1.0,2.0,1.52122,5.0,79.9,222.19599999999997
CHEMBL151128,CCc1cc(/C=C/S(N)(=O)=O)cc(C(=O)c2ccccc2)c1,12000.0,inactive,"{1, 2.739200000000001, 3, 5, 77.23, 315.39399999999995}",1.0,2.739200000000001,3.0,5.0,77.23,315.39399999999995
CHEMBL275650,CC1(O)OC(=O)C(c2cccs2)=C1c1ccc(S(C)(=O)=O)cc1,1900.0,active,"{1, 2.3277, 3, 6, 80.67, 350.4170000000001}",1.0,2.3277,3.0,6.0,80.67,350.4170000000001
CHEMBL270243,NS(=O)(=O)c1ccc(/N=C/c2cccc(O)c2)cc1,2780.0,active,"{1.7902, 2, 3, 4, 276.317, 92.75000000000001}",1.7902,2.0,3.0,4.0,276.317,92.75000000000001
CHEMBL70158,CS(=O)(=O)c1ccc(-c2coc(=O)n2-c2ccccc2F)cc1,660.69,active,"{0, 2.6401000000000012, 3, 5, 69.28, 333.34000000000003}",0.0,2.6401000000000012,3.0,5.0,69.28,333.34000000000003
CHEMBL1630257,CC(C)CCc1cc2c(cc1Cl)C=C(C(=O)O)[C@H](C(F)(F)F)O2,68.0,active,"{1, 2, 4, 4.7199000000000035, 46.53, 348.748}",1.0,2.0,4.0,4.7199000000000035,46.53,348.748
CHEMBL2334129,CCCN(CCC)C(=O)/C=C/c1c(/C=C/c2ccc(OC)cc2)cc(OC)cc1OC,8060.0,active,"{0, 4, 5.544600000000005, 423.5530000000002, 11, 48.0}",0.0,4.0,5.544600000000005,423.5530000000002,11.0,48.0
CHEMBL2333744,C#CCNC(=O)/C=C/c1c(/C=C/c2ccc(OC)cc2)cc(OC)cc1OC,9080.0,active,"{1, 3.645400000000003, 4, 8, 56.790000000000006, 377.4400000000001}",1.0,3.645400000000003,4.0,8.0,56.790000000000006,377.4400000000001
CHEMBL3775430,CCCCCCNC(=O)Oc1cccc(-c2ccc(C(C)C(=O)O)cc2[N+](=O)[O-])c1,930.0,active,"{2, 5, 5.118600000000003, 10, 118.77000000000001, 414.4580000000002}",2.0,5.0,5.118600000000003,10.0,118.77000000000001,414.4580000000002
CHEMBL30084,CNc1ccc(-c2cc(C(F)(F)F)nn2-c2ccc(S(N)(=O)=O)cc2)cc1Cl,27.0,active,"{2, 3.9006000000000007, 4, 5, 430.83900000000006, 90.00999999999999}",2.0,3.9006000000000007,4.0,5.0,430.83900000000006,90.00999999999999
CHEMBL341298,CSc1cc(-c2ccc(F)cc2)c(-c2ccc(S(C)(=O)=O)cc2)[nH]1,34500.0,inactive,"{1, 3, 4, 4.6132000000000035, 361.463, 49.93}",1.0,3.0,4.0,4.6132000000000035,361.463,49.93
CHEMBL25,CC(=O)Oc1ccccc1C(=O)O,2400.0,active,"{1, 2, 3, 1.3101, 180.15899999999996, 63.60000000000001}",1.0,2.0,3.0,1.3101,180.15899999999996,63.60000000000001
CHEMBL1684147,Cc1cc(=O)c2c(O)c(O)c(O)cc2o1,8870.0,active,"{0, 1.2182199999999996, 3, 5, 208.16899999999998, 90.9}",0.0,1.2182199999999996,3.0,5.0,208.16899999999998,90.9
CHEMBL358210,CCc1cc(C(=O)c2ccccc2)ccc1/C=C/S(N)(=O)=O,5600.0,active,"{1, 2.7391999999999994, 3, 5, 77.23, 315.39400000000006}",1.0,2.7391999999999994,3.0,5.0,77.23,315.39400000000006
CHEMBL1689433,CC(C)Cc1ccc(C(C)C(=O)OCCS(=O)(=O)NO)cc1,15800.0,inactive,"{1.8403999999999996, 2, 5, 8, 329.41799999999995, 92.7}",1.8403999999999996,2.0,5.0,8.0,329.41799999999995,92.7
CHEMBL362149,Cc1cc(=O)c(Oc2ccc(Cl)cc2Cl)c(-c2ccc(S(C)(=O)=O)cc2)o1,3380.65,active,"{0, 4, 5, 5.117820000000004, 425.28900000000016, 73.58000000000001}",0.0,4.0,5.0,5.117820000000004,425.28900000000016,73.58000000000001
CHEMBL15014,CCC1(C)COc2ccc(C(=O)CCCC3CC3)cc21,5000.0,active,"{0, 2, 4.509700000000004, 6, 272.3879999999999, 26.3}",0.0,2.0,4.509700000000004,6.0,272.3879999999999,26.3
CHEMBL306232,Cc1ccc(-n2c(-c3ccc(S(C)(=O)=O)cc3)coc2=O)cc1,479.73,active,"{0, 2.809420000000001, 3, 69.28, 5, 329.37700000000007}",0.0,2.809420000000001,3.0,69.28,5.0,329.37700000000007
CHEMBL54945,CS(=O)(=O)c1ccc(-c2cc(Cl)c(Cl)cc2-c2ccc(F)cc2)cc1,239.88,active,"{0, 2, 3, 34.14, 5.870000000000004, 395.2820000000001}",0.0,2.0,3.0,34.14,5.870000000000004,395.2820000000001
CHEMBL1669037,CCSc1ccc(-c2cc(Cl)cc3c2OC(C(F)(F)F)C(C(=O)O)=C3)cc1,242.0,active,"{1, 3, 4, 5.910300000000003, 46.53, 414.83200000000005}",1.0,3.0,4.0,5.910300000000003,46.53,414.83200000000005
CHEMBL2171254,C[C@@H](C(=O)O)c1ccc2c3cc(Cl)ccc3n(C(=O)c3cocn3)c2c1,100000.0,inactive,"{1, 3, 4.312500000000003, 5, 368.7760000000001, 85.33}",1.0,3.0,4.312500000000003,5.0,368.7760000000001,85.33
CHEMBL118,Cc1ccc(-c2cc(C(F)(F)F)nn2-c2ccc(S(N)(=O)=O)cc2)cc1,40.0,active,"{1, 3, 4, 3.5139200000000006, 77.98, 381.3790000000001}",1.0,3.0,4.0,3.5139200000000006,77.98,381.3790000000001
CHEMBL1689431,COc1ccc2cc([C@H](C)C(=O)OCCS(=O)(=O)NO)ccc2c1,2300.0,active,"{353.39599999999996, 2, 1.8036999999999996, 101.93, 6, 7}",353.39599999999996,2.0,1.8036999999999996,101.93,6.0,7.0
CHEMBL4869763,COc1ccc2cc(/C=N/n3c(=S)[nH]nc(Cc4cc(OC)c(OC)c(OC)c4)c3=O)c(O)nc2c1,97.0,active,"{2, 3.0620900000000013, 133.08, 8, 11, 509.5440000000003}",2.0,3.0620900000000013,133.08,8.0,11.0,509.5440000000003
CHEMBL96947,Cc1cncc(-c2ncc(Cl)cc2-c2ccc(S(C)(=O)=O)cc2)c1,3800.0,active,"{0, 3, 4, 4.175920000000003, 358.8500000000001, 59.92}",0.0,3.0,4.0,4.175920000000003,358.8500000000001,59.92
CHEMBL4590829,C=Cc1onc(-c2ccc(OC)cc2)c1-c1ccc(OC)cc1,50000.0,inactive,"{0, 4, 5, 4.668800000000004, 44.49000000000001, 307.34900000000005}",0.0,4.0,5.0,4.668800000000004,44.49000000000001,307.34900000000005
CHEMBL2303697,CS(=O)(=O)c1ccc(C2=C(c3ccc(O[C@@H]4O[C@@H](C(=O)O)[C@@H](O)[C@H](O)[C@@H]4O)cc3)C(=O)OC2)cc1,33000.0,inactive,"{-0.17130000000000023, 4, 6, 10, 176.89, 506.4850000000002}",-0.17130000000000023,4.0,6.0,10.0,176.89,506.4850000000002
CHEMBL1684153,COc1c(OC)c(O)c2c(=O)cc(C)oc2c1Br,25420.0,inactive,"{1, 2, 2.5867200000000006, 68.9, 5, 315.1189999999999}",1.0,2.0,2.5867200000000006,68.9,5.0,315.1189999999999
CHEMBL278738,CC1(O)OC(=O)C(c2ccc(O)cc2)=C1c1ccc(S(C)(=O)=O)cc1,5000.0,active,"{1.9718, 2, 3, 100.9, 6, 360.38700000000006}",1.9718,2.0,3.0,100.9,6.0,360.38700000000006
CHEMBL106192,CS(=O)(=O)c1ccc(-n2cc(C(F)(F)F)nc2-c2nccc3ccccc23)cc1,1700.0,active,"{0, 417.4120000000001, 64.85, 3, 4.509800000000003, 5}",0.0,417.4120000000001,64.85,3.0,4.509800000000003,5.0
CHEMBL344089,CCCCC#CCSc1ccccc1OC(=O)CN,40000.0,inactive,"{1, 2.8364000000000003, 4, 6, 52.32, 277.38900000000007}",1.0,2.8364000000000003,4.0,6.0,52.32,277.38900000000007
CHEMBL297799,Cc1cc(-c2nc(C(F)(F)F)cn2-c2ccc(S(C)(=O)=O)cc2)ccc1F,169.82,active,"{0, 3, 4, 4.409120000000003, 398.3810000000001, 51.96}",0.0,3.0,4.0,4.409120000000003,398.3810000000001,51.96
CHEMBL52820,NS(=O)(=O)c1ccc(-c2cc(F)c(F)cc2-c2ccc(F)c(Cl)c2)cc1,1.995,active,"{1, 2, 3, 4.738700000000002, 397.80499999999995, 60.160000000000004}",1.0,2.0,3.0,4.738700000000002,397.80499999999995,60.160000000000004
CHEMBL296078,CN(C)c1ccc(-c2nc(C(F)(F)F)cn2-c2ccc(S(C)(=O)=O)cc2)cc1Cl,323.59,active,"{0, 4, 5, 4.681000000000003, 55.2, 443.87800000000004}",0.0,4.0,5.0,4.681000000000003,55.2,443.87800000000004
CHEMBL5282180,O=C(/N=c1\scc(-c2ccc(C(F)(F)F)cc2)n1-c1ccccc1)c1cccs1,90.0,active,"{0, 34.36, 3, 4, 6.027200000000004, 430.47600000000006}",0.0,34.36,3.0,4.0,6.027200000000004,430.47600000000006
CHEMBL5282385,CS(=O)(=O)c1ccc(C(=O)/C=C/c2cccc(F)c2F)cc1,180.0,active,"{0, 322.33200000000005, 3, 4, 3.264400000000002, 51.21}",0.0,322.33200000000005,3.0,4.0,3.264400000000002,51.21
CHEMBL322136,Cc1cncc(-c2nc(C(F)(F)F)cn2-c2ccc(S(C)(=O)=O)cc2)c1,1800.0,active,"{0, 64.85, 3, 3.665020000000002, 5, 381.3790000000001}",0.0,64.85,3.0,3.665020000000002,5.0,381.3790000000001
CHEMBL287909,CS(=O)(=O)Nc1cc2c(cc1Sc1nccs1)C(=O)OC2,610.0,active,"{1, 2.3362, 4, 7, 85.36, 342.4230000000001}",1.0,2.3362,4.0,7.0,85.36,342.4230000000001
CHEMBL4531165,N#Cc1cnn(-c2ccc(S(N)(=O)=O)cc2)c1NC(=O)CCl,19.87,active,"{0.5686799999999999, 2, 130.86999999999998, 4, 6, 339.764}",0.5686799999999999,2.0,130.86999999999998,4.0,6.0,339.764
CHEMBL4465079,CC(=O)Nc1c(C#N)cnn1-c1ccc(S(=O)(=O)NC(C)=O)cc1,61.24,active,"{0.5271799999999993, 2, 4, 133.95, 7, 347.35600000000005}",0.5271799999999993,2.0,4.0,133.95,7.0,347.35600000000005
CHEMBL3264519,CCOC(=O)c1c(-c2ccccc2)oc2ccc(Oc3ccccc3C)cc12,20100.0,inactive,"{0, 4, 5, 6.377220000000004, 48.67, 372.42000000000013}",0.0,4.0,5.0,6.377220000000004,48.67,372.42000000000013
CHEMBL321643,COc1c(Cl)cc(C2=C(c3ccc(S(N)(=O)=O)cc3)CCC2)cc1Cl,8.913,active,"{1, 3, 4, 69.39, 4.744100000000002, 398.31100000000015}",1.0,3.0,4.0,69.39,4.744100000000002,398.31100000000015
CHEMBL14767,CCCC(=O)c1cc(C(C)(C)C)c2c(c1)C(C)(C)CS2,150.0,active,"{0, 2, 290.472, 3, 5.350200000000005, 17.07}",0.0,2.0,290.472,3.0,5.350200000000005,17.07
CHEMBL1241823,Cc1ccc(S(=O)(=O)N/N=C/c2coc3ccccc3c2=O)cc1,203690.0,inactive,"{1, 2.4138200000000003, 4, 5, 342.3760000000001, 88.74000000000001}",1.0,2.4138200000000003,4.0,5.0,342.3760000000001,88.74000000000001
CHEMBL497678,CC(C(=O)OCCO[N+](=O)[O-])c1ccc2c(c1)[nH]c1ccc(Cl)cc12,65000.0,inactive,"{1, 3.829500000000003, 5, 6, 362.76900000000006, 94.46000000000001}",1.0,3.829500000000003,5.0,6.0,362.76900000000006,94.46000000000001
CHEMBL1221728,CCCC/C(=C(\c1ccccc1)c1ccc(OC)cc1)c1ccc(S(C)(=O)=O)cc1,7700.0,active,"{0, 3, 420.5740000000001, 6.248000000000007, 8, 43.370000000000005}",0.0,3.0,420.5740000000001,6.248000000000007,8.0,43.370000000000005
CHEMBL275650,CC1(O)OC(=O)C(c2cccs2)=C1c1ccc(S(C)(=O)=O)cc1,33000.0,inactive,"{1, 2.3277, 3, 6, 80.67, 350.4170000000001}",1.0,2.3277,3.0,6.0,80.67,350.4170000000001
CHEMBL595596,O=C1NC(=O)C(c2ccc(O)c(O)c2)=C1c1ccccc1,16040.0,inactive,"{1.6649999999999994, 2, 3, 4, 86.63000000000001, 281.267}",1.6649999999999994,2.0,3.0,4.0,86.63000000000001,281.267
CHEMBL461409,Cc1cccc(Nc2cc(Cl)nc(SC(C(=O)O)c3ccccc3)n2)c1C,10.0,active,"{2, 5, 6, 5.408440000000003, 75.11, 399.90300000000013}",2.0,5.0,6.0,5.408440000000003,75.11,399.90300000000013
CHEMBL47540,C[C@]1(O)CCC[C@H]1Oc1ncc(C(F)(F)F)cc1-c1ccc(S(C)(=O)=O)cc1,200.0,active,"{1, 3.853200000000003, 4, 5, 76.49000000000001, 415.4330000000001}",1.0,3.853200000000003,4.0,5.0,76.49000000000001,415.4330000000001
CHEMBL307983,COC(=O)c1cc(-c2ccc(F)cc2)c(-c2ccc(S(N)(=O)=O)cc2)s1,30000.0,inactive,"{1, 3.6552000000000016, 4, 5, 391.44500000000005, 86.46000000000001}",1.0,3.6552000000000016,4.0,5.0,391.44500000000005,86.46000000000001
CHEMBL2315877,O=C(NC1CCCC1)C1CCN(c2nc3cc(Cl)ccc3o2)CC1,1010.0,active,"{1, 3, 4, 3.756400000000003, 58.370000000000005, 347.8460000000002}",1.0,3.0,4.0,3.756400000000003,58.370000000000005,347.8460000000002
CHEMBL2315855,O=C(N[C@H]1CCC[C@H]1OCc1ccccc1)C1CCN(c2nc3cc(Cl)ccc3o2)CC1,76600.0,inactive,"{1, 67.6, 4.951700000000004, 5, 453.9700000000003, 6}",1.0,67.6,4.951700000000004,5.0,453.9700000000003,6.0
CHEMBL42651,COc1ccc(-c2nc(C(F)(F)F)cn2-c2ccc(S(C)(=O)=O)cc2)cc1F,150.0,active,"{0, 4, 5, 4.109300000000003, 61.190000000000005, 414.3800000000001}",0.0,4.0,5.0,4.109300000000003,61.190000000000005,414.3800000000001
CHEMBL340458,CS(=O)(=O)c1ccc(C2=C(c3ccccc3)CCC2)cc1,2250.0,active,"{0, 2, 3, 34.14, 4.184800000000004, 298.4070000000001}",0.0,2.0,3.0,34.14,4.184800000000004,298.4070000000001
CHEMBL5275257,Cc1nn(-c2ccccc2)c2c1C(c1ccccc1[N+](=O)[O-])C(C#N)=C(/N=C/c1ccccc1)O2,193820629.6,inactive,"{0, 5, 5.467500000000006, 7, 106.34, 461.48100000000017}",0.0,5.0,5.467500000000006,7.0,106.34,461.48100000000017
CHEMBL43640,CS(=O)(=O)c1ccc(-n2cc(C(F)(F)F)nc2-c2cc(F)cc(C(F)(F)F)c2)cc1,100000.0,inactive,"{0, 3, 452.35100000000006, 4, 5.119500000000002, 51.96}",0.0,3.0,452.35100000000006,4.0,5.119500000000002,51.96
CHEMBL5276174,Nc1cc(-c2ccccc2)nn1-c1nc2c(cnn2-c2ccccc2)c(=O)n1-c1ccccc1,540.0,active,"{96.55000000000001, 1, 4, 4.006300000000003, 8, 445.48600000000016}",96.55000000000001,1.0,4.0,4.006300000000003,8.0,445.48600000000016
CHEMBL5279011,O=C1NC(=O)C(=NNc2cccc(-c3nc4ccccc4[nH]3)c2)C(=O)N1,7470.0,active,"{128.34, 1.3638, 3, 4, 6, 348.32200000000006}",128.34,1.3638,3.0,4.0,6.0,348.32200000000006
CHEMBL42710,C=CCc1ccc(O)c(OC)c1,129000.0,inactive,"{1, 2, 3, 164.20399999999995, 2.1292999999999997, 29.46}",1.0,2.0,3.0,164.20399999999995,2.1292999999999997,29.46
CHEMBL100331,CCCCCCCCNC(=O)Cc1c(C)n(C(=O)c2ccc(Cl)cc2)c2ccc(OC)cc12,40.0,active,"{1, 4, 6.319420000000006, 11, 469.0250000000002, 60.33}",1.0,4.0,6.319420000000006,11.0,469.0250000000002,60.33
CHEMBL504541,Cc1ccc(-c2ssc(=O)c2-c2ccc(Cl)cc2)cc1,50000.0,inactive,"{0, 2, 3, 5.465620000000003, 17.07, 318.85}",0.0,2.0,3.0,5.465620000000003,17.07,318.85
CHEMBL2283160,CS(=O)(=O)c1ccc(/C=C(/C(=O)O)c2ccc(-c3ccc(F)cc3F)cc2)cc1,320.0,active,"{1, 3, 4.660500000000003, 5, 71.44, 414.4290000000001}",1.0,3.0,4.660500000000003,5.0,71.44,414.4290000000001
CHEMBL2283149,CCCCCC(=C(c1ccccc1)c1ccccc1)c1ccc(S(C)(=O)=O)cc1,2000.0,active,"{0, 2, 34.14, 6.629500000000007, 8, 404.57500000000016}",0.0,2.0,34.14,6.629500000000007,8.0,404.57500000000016
CHEMBL455827,C[C@@H]1OC(O[C@@H]2[C@@H](O)[C@H](OCCc3ccc(O)c(O)c3)O[C@H](CO[C@@H]3OC[C@@H](O)[C@H](O)[C@H]3O)[C@H]2OC(=O)/C=C/c2ccc(O)c(O)c2)[C@H](O)[C@H](O)[C@H]1O,600000.0,inactive,"{11, 12, 304.21, 19, 756.7070000000004, -2.552599999999996}",11.0,12.0,304.21,19.0,756.7070000000004,-2.552599999999996
CHEMBL2283175,CCCCCC/C(=C(\c1ccccc1)c1ccc(NS(C)(=O)=O)cc1)c1ccccc1,30.0,active,"{1, 2, 6.987600000000008, 10, 46.17, 433.6170000000002}",1.0,2.0,6.987600000000008,10.0,46.17,433.6170000000002
CHEMBL92759,CS(=O)(=O)c1ccc(-c2cc(C(F)(F)F)cnc2-c2cccnc2)cc1,1800.0,active,"{0, 3, 4, 4.232900000000003, 378.37500000000006, 59.92}",0.0,3.0,4.0,4.232900000000003,378.37500000000006,59.92
CHEMBL5269829,COc1cc(/C=c2\sc3nc(C45CC6CC(CC(C6)C4)C5)nn3c2=O)ccc1O,50000.0,inactive,"{1, 2.8807000000000014, 3, 7, 76.72, 409.5110000000002}",1.0,2.8807000000000014,3.0,7.0,76.72,409.5110000000002
CHEMBL5287186,CCOP(=O)(OCC)C(NC(=O)c1cc(-c2ccccc2F)n(-c2ccc(S(N)(=O)=O)cc2)n1)c1ccc(Br)cc1,280.0,active,"{2, 5.783000000000005, 8, 11, 142.61, 665.4780000000002}",2.0,5.783000000000005,8.0,11.0,142.61,665.4780000000002
CHEMBL5279490,COc1ccc(/C=C2\S/C(=N/c3nnc(C)s3)NC2=O)cc1,100.0,active,"{1, 2.74672, 3, 7, 332.41, 76.47}",1.0,2.74672,3.0,7.0,332.41,76.47
CHEMBL5279336,CCOc1ccc(-c2cc(-c3ccc(F)cc3)n(-c3ccc(S(N)(=O)=O)cc3)n2)cc1,43.0,active,"{1, 4.391500000000002, 5, 6, 437.4960000000001, 87.21}",1.0,4.391500000000002,5.0,6.0,437.4960000000001,87.21
CHEMBL5276782,CCOc1ccc(-c2cc(-c3ccc(Br)cc3)n(-c3ccc(S(N)(=O)=O)cc3)n2)cc1,43.0,active,"{1, 5, 6, 5.014900000000004, 498.40200000000016, 87.21}",1.0,5.0,6.0,5.014900000000004,498.40200000000016,87.21
CHEMBL5265784,CC(=O)N1N=C(c2nnn(-c3ccc(S(N)(=O)=O)cc3)c2C)CC1c1ccccc1,2610.0,active,"{1, 1.9207200000000004, 4, 7, 424.48600000000016, 123.53999999999999}",1.0,1.9207200000000004,4.0,7.0,424.48600000000016,123.53999999999999
CHEMBL5269945,CC1=NN(c2ccc(S(N)(=O)=O)cc2)C(=O)/C1=C\c1sccc1C,150.0,active,"{1, 2.510020000000001, 3, 5, 361.44800000000004, 92.82999999999998}",1.0,2.510020000000001,3.0,5.0,361.44800000000004,92.82999999999998
CHEMBL5267001,COc1cc(-c2nnc(/N=C3\NC(=O)CS3)s2)cc(OC)c1OC,190.0,active,"{1, 2.0814, 5, 9, 366.42400000000015, 94.93}",1.0,2.0814,5.0,9.0,366.42400000000015,94.93
CHEMBL5289598,Cc1ccc(/C=C2\S/C(=N/c3nnc(C)s3)NC2=O)cc1,100.0,active,"{1, 2, 67.24000000000001, 3.0465400000000002, 6, 316.41100000000006}",1.0,2.0,67.24000000000001,3.0465400000000002,6.0,316.41100000000006
CHEMBL5285514,Cc1nnc(/N=C2\NC(=O)/C(=C/C3CCCCC3)S2)s1,250.0,active,"{1, 2, 67.24000000000001, 3.161220000000002, 6, 308.43199999999996}",1.0,2.0,67.24000000000001,3.161220000000002,6.0,308.43199999999996
CHEMBL328009,COc1cc2c(cc1F)-c1c(c(C(F)(F)F)nn1-c1ccc(S(N)(=O)=O)cc1)SC2,8.999,active,"{1, 3, 3.9589000000000016, 6, 459.44600000000014, 87.21000000000001}",1.0,3.0,3.9589000000000016,6.0,459.44600000000014,87.21000000000001
CHEMBL319512,COc1ccc2c(c1)CSc1c(C(F)(F)F)nn(-c3ccc(S(N)(=O)=O)cc3)c1-2,13.0,active,"{1, 3, 3.8198000000000025, 6, 87.21000000000001, 441.45600000000013}",1.0,3.0,3.8198000000000025,6.0,87.21000000000001,441.45600000000013
CHEMBL122,CS(=O)(=O)c1ccc(C2=C(c3ccccc3)C(=O)OC2)cc1,830.0,active,"{0, 2.5577000000000005, 3, 4, 314.3620000000001, 60.44}",0.0,2.5577000000000005,3.0,4.0,314.3620000000001,60.44
CHEMBL54412,NS(=O)(=O)c1ccc(-c2ccccc2-c2ccc(F)c(Cl)c2)cc1,17.0,active,"{1, 2, 3, 4.460500000000003, 361.82500000000005, 60.160000000000004}",1.0,2.0,3.0,4.460500000000003,361.82500000000005,60.160000000000004
CHEMBL97042,COc1ccc2c(c1)c(CC(=O)N(C)CCc1ccccc1)c(C)n2C(=O)c1ccc(Cl)cc1,17000.0,inactive,"{0, 4, 5.5438200000000055, 7, 51.54, 474.98800000000017}",0.0,4.0,5.5438200000000055,7.0,51.54,474.98800000000017
CHEMBL29766,NS(=O)(=O)c1ccc(-n2nc(C(F)(F)F)c(F)c2-c2ccccc2)cc1,1.7,active,"{385.34200000000004, 1, 3, 4, 3.3446000000000016, 77.98}",385.34200000000004,1.0,3.0,4.0,3.3446000000000016,77.98
CHEMBL421608,CC1(C)CC(c2cc(C(C)(C)C)c3c(c2)C(C)(C)CO3)=NO1,200.0,active,"{0, 1, 3, 4.557100000000004, 301.43, 30.82}",0.0,1.0,3.0,4.557100000000004,301.43,30.82
CHEMBL127211,Cc1cc(=O)c(Oc2ccc(F)cc2F)c(-c2ccc(S(C)(=O)=O)cc2)o1,80.0,active,"{0, 4, 5, 4.089220000000004, 392.3790000000001, 73.58000000000001}",0.0,4.0,5.0,4.089220000000004,392.3790000000001,73.58000000000001
CHEMBL524686,Cc1cccc(/N=C/c2coc3ccccc3c2=O)c1,25430.0,inactive,"{0, 2, 3, 3.852020000000003, 263.296, 42.57}",0.0,2.0,3.0,3.852020000000003,263.296,42.57
CHEMBL446198,COC(=O)c1cc(/N=C/c2ccc(S(N)(=O)=O)cc2)ccc1O,3130.0,active,"{1.5768000000000002, 2, 4, 6, 334.353, 119.05}",1.5768000000000002,2.0,4.0,6.0,334.353,119.05
CHEMBL373434,COc1cc(OCc2cc(-c3ccccc3)n(-c3ccc(S(C)(=O)=O)cc3)n2)cc(OC)c1OC,220.0,active,"{0, 4.547600000000004, 8, 9, 494.5690000000003, 88.88000000000001}",0.0,4.547600000000004,8.0,9.0,494.5690000000003,88.88000000000001
CHEMBL524304,CS(=O)(=O)c1ccc(-c2[nH]c3ccccc3c2-c2ccc(Cl)cc2)cc1,146.0,active,"{1, 2, 3, 5.558800000000004, 49.93, 381.8840000000001}",1.0,2.0,3.0,5.558800000000004,49.93,381.8840000000001
CHEMBL24874,COc1ccc2c(c1)c(CC(=O)N[C@H](C)CO)c(C)n2C(=O)c1ccc(Cl)cc1,170.0,active,"{2, 3.3397200000000025, 5, 6, 80.56, 414.8890000000001}",2.0,3.3397200000000025,5.0,6.0,80.56,414.8890000000001
CHEMBL4647794,CSc1nc2ccccc2n1-c1csc(NC/C(C)=N/N=c2\scc(-c3ccc(Cl)cc3)n2-c2ccccc2)n1,45.0,active,"{1, 7.765200000000006, 8, 72.39, 10, 602.2140000000003}",1.0,7.765200000000006,8.0,72.39,10.0,602.2140000000003
CHEMBL525021,Cc1ccc(-c2c(-c3ccc(S(C)(=O)=O)cc3)[nH]c3ccccc23)cc1C,0.17,active,"{1, 2, 3, 5.5222400000000045, 49.93, 375.4930000000001}",1.0,2.0,3.0,5.5222400000000045,49.93,375.4930000000001
CHEMBL4633586,CSc1nc2ccccc2n1-c1csc(NC(=O)c2ccccc2)n1,190.0,active,"{1, 4, 4.456200000000003, 6, 366.4710000000001, 59.81}",1.0,4.0,4.456200000000003,6.0,366.4710000000001,59.81
CHEMBL4637009,Br.CSc1nc2ccccc2n1-c1csc(=N)n1CC(=O)c1ccccc1,180.0,active,"{1, 4.550670000000004, 5, 7, 461.4100000000002, 63.67}",1.0,4.550670000000004,5.0,7.0,461.4100000000002,63.67
CHEMBL183653,Cc1[nH]c2cc(S(C)(=O)=O)ccc2c1Sc1ccccn1,5200.0,active,"{318.423, 1, 3, 4, 3.426020000000001, 62.82}",318.423,1.0,3.0,4.0,3.426020000000001,62.82
CHEMBL364598,CN(C)c1ccc(-c2c(-c3ccc(S(C)(=O)=O)cc3)ccc(F)c2F)cc1Cl,7.943,active,"{0, 3, 4, 37.38, 421.8960000000001, 5.421700000000004}",0.0,3.0,4.0,37.38,421.8960000000001,5.421700000000004
CHEMBL2087940,CS(=O)(=O)c1ccc(NN2C(=O)CSC2c2ccccc2)cc1,20000.0,inactive,"{1, 66.48, 2.691200000000001, 4, 5, 348.44900000000007}",1.0,66.48,2.691200000000001,4.0,5.0,348.44900000000007
CHEMBL2087943,Cc1ccc(C2SCC(=O)N2Nc2ccc(S(C)(=O)=O)cc2)cc1,14400.0,inactive,"{1, 66.48, 2.999620000000002, 4, 5, 362.4760000000001}",1.0,66.48,2.999620000000002,4.0,5.0,362.4760000000001
CHEMBL5289008,Cc1ccc(/C=N/NC(=O)c2sc3nc(-c4ccc(Cl)cc4)cc(-c4cccs4)c3c2N)cc1,104.0,active,"{2, 5, 6, 6.999720000000004, 80.37, 503.05200000000025}",2.0,5.0,6.0,6.999720000000004,80.37,503.05200000000025
CHEMBL50,O=c1c(O)c(-c2ccc(O)c(O)c2)oc2cc(O)cc(O)c12,28600.0,inactive,"{1, 1.988, 131.36, 5, 7, 302.23800000000006}",1.0,1.988,131.36,5.0,7.0,302.23800000000006
CHEMBL4089272,Cc1c(C(=O)NCCc2ccc(N3CCCC3C)cc2)nc2ccc(Cl)cc2c1O,1910.0,active,"{65.46000000000001, 2, 4, 5, 4.863420000000005, 423.94400000000013}",65.46000000000001,2.0,4.0,5.0,4.863420000000005,423.94400000000013
CHEMBL4095272,CCOC(=O)C(Cc1ccccc1)NC(=O)c1nc2ccc(Cl)cc2c(O)c1C,1910.0,active,"{2, 3.806420000000003, 5, 6, 88.52, 412.8730000000002}",2.0,3.806420000000003,5.0,6.0,88.52,412.8730000000002
CHEMBL44244,Cc1c(S(=O)(=O)C(F)(F)F)cc(-c2ccc(S(C)(=O)=O)cc2)n1-c1ccc(F)cc1,60.0,active,"{0, 4, 5, 4.288820000000003, 73.21000000000001, 461.4580000000001}",0.0,4.0,5.0,4.288820000000003,73.21000000000001,461.4580000000001
CHEMBL1173685,O=S(=O)([O-])Oc1cc(O)cc(/C=C/c2ccc(O)cc2)c1.[K+],7530.0,active,"{-0.8888000000000003, 2, 4, 6, 106.89000000000001, 346.401}",-0.8888000000000003,2.0,4.0,6.0,106.89000000000001,346.401
CHEMBL296571,NS(=O)(=O)c1ccc(-n2cc(C(F)(F)F)nc2-c2ccc(F)c(F)c2)cc1,30.2,active,"{1, 3, 4, 3.4837000000000016, 77.98, 403.33200000000005}",1.0,3.0,4.0,3.4837000000000016,77.98,403.33200000000005
CHEMBL88286,CS(=O)(=O)c1ccc(C2=C(c3ccc(F)c(Cl)c3)CC3(CC3)C2)cc1,7.079,active,"{0, 2, 3, 34.14, 5.367400000000004, 376.88000000000017}",0.0,2.0,3.0,34.14,5.367400000000004,376.88000000000017
CHEMBL418859,CS(=O)(=O)c1ccc(-n2cnc(Cl)c2-c2ccc(F)cc2)cc1,14.0,active,"{0, 3, 4, 3.7353000000000023, 51.96, 350.802}",0.0,3.0,4.0,3.7353000000000023,51.96,350.802
CHEMBL5274509,COc1ccc(/C=c2\c(=O)[nH]n3c(=O)c4ccccc4nc23)cc1OC,47.0,active,"{1, 1.1008999999999995, 3, 6, 85.69000000000001, 349.3460000000001}",1.0,1.1008999999999995,3.0,6.0,85.69000000000001,349.3460000000001
CHEMBL2171257,CC(C(=O)O)c1ccc2c3cc(Cl)ccc3n(Cc3ccc(C#N)cc3)c2c1,100000.0,inactive,"{1, 66.02, 3, 388.85400000000016, 4, 5.555980000000004}",1.0,66.02,3.0,388.85400000000016,4.0,5.555980000000004
CHEMBL2171261,CCCCCCS(=O)(=O)n1c2ccc(Cl)cc2c2ccc(C(C)C(=O)O)cc21,100000.0,inactive,"{1, 4, 421.9460000000002, 5.394200000000004, 8, 76.37}",1.0,4.0,421.9460000000002,5.394200000000004,8.0,76.37
CHEMBL329919,NS(=O)(=O)c1ccc(-n2nc(C(F)(F)F)c3c2-c2ccccc2CS3)cc1,20.0,active,"{1, 2, 3.811200000000002, 5, 77.98, 411.43000000000006}",1.0,2.0,3.811200000000002,5.0,77.98,411.43000000000006
CHEMBL363574,NS(=O)(=O)c1ccc(-n2nc(C(F)(F)F)c3c2-c2ccc(F)c(F)c2CS3)cc1,6.026,active,"{1, 2, 4.089400000000002, 5, 77.98, 447.4100000000001}",1.0,2.0,4.089400000000002,5.0,77.98,447.4100000000001
CHEMBL365603,COc1ccc2c(c1F)CSc1c(C(F)F)nn(-c3ccc(S(N)(=O)=O)cc3)c1-2,32.36,active,"{1, 3.8777000000000017, 4, 6, 87.21000000000001, 441.45600000000013}",1.0,3.8777000000000017,4.0,6.0,87.21000000000001,441.45600000000013
CHEMBL411894,NS(=O)(=O)c1ccc(-n2nc(C(F)(F)F)c3c2-c2cc(F)ccc2CS3)cc1,21.0,active,"{1, 2, 3.950300000000002, 5, 77.98, 429.4200000000001}",1.0,2.0,3.950300000000002,5.0,77.98,429.4200000000001
CHEMBL433585,CS(=O)(=O)c1ccc2c(Sc3ccc(F)cc3)c(C#N)[nH]c2c1,2300.0,active,"{1, 3, 4, 3.733380000000002, 73.72, 346.4080000000001}",1.0,3.0,4.0,3.733380000000002,73.72,346.4080000000001
CHEMBL184764,CS(=O)(=O)c1ccc2c(Sc3ccc(F)cc3F)c(C#N)[nH]c2c1,1270.0,active,"{1, 3, 4, 3.872480000000002, 73.72, 364.3980000000001}",1.0,3.0,4.0,3.872480000000002,73.72,364.3980000000001
CHEMBL24381,CS(=O)(=O)c1ccc(C2=C(c3cncc(Br)c3)C(=O)CC2)cc1,300.0,active,"{0, 64.1, 3, 4, 3.521300000000002, 392.27400000000017}",0.0,64.1,3.0,4.0,3.521300000000002,392.27400000000017
CHEMBL35685,Cc1nc(C2CCCCC2)c(-c2ccc(S(N)(=O)=O)c(O)c2)o1,19700.0,inactive,"{2, 3, 3.050720000000001, 5, 106.42, 336.41300000000007}",2.0,3.0,3.050720000000001,5.0,106.42,336.41300000000007
CHEMBL286490,CS(=O)(=O)c1ccc(C2=C(c3cncc(Cl)c3)C(=O)CC2)cc1,1500.0,active,"{0, 64.1, 3, 4, 3.412200000000002, 347.82300000000015}",0.0,64.1,3.0,4.0,3.412200000000002,347.82300000000015
CHEMBL330162,COc1ccc2c(c1)c(CC(=O)NCc1ccc(C(C)=O)cc1)c(C)n2C(=O)c1ccc(Cl)cc1,80.0,active,"{1, 5, 5.361720000000005, 7, 488.97100000000023, 77.4}",1.0,5.0,5.361720000000005,7.0,488.97100000000023,77.4
CHEMBL290945,Cc1cc(-c2nc(C(F)(F)F)cn2-c2ccc(S(C)(=O)=O)cc2)ccc1Cl,90.0,active,"{0, 3, 4, 4.923420000000004, 51.96, 414.8360000000001}",0.0,3.0,4.0,4.923420000000004,51.96,414.8360000000001
CHEMBL1170264,CCCCC(Sc1nc(OCCc2ccc(C(F)(F)F)cc2)cc(OCCc2ccc(C(F)(F)F)cc2)n1)C(=O)O,40000.0,inactive,"{1, 6, 7.492700000000007, 14, 81.54, 602.5970000000002}",1.0,6.0,7.492700000000007,14.0,81.54,602.5970000000002
CHEMBL4636792,N[C@@H](Cc1cn(-c2nc(Cl)nc(N3CCOCC3)n2)c2ccccc12)C(=O)O,100.0,active,"{1.2598999999999996, 2, 5, 8, 402.8420000000001, 119.39}",1.2598999999999996,2.0,5.0,8.0,402.8420000000001,119.39
CHEMBL213267,COc1ccc(/N=N/c2ccc(S(N)(=O)=O)cc2)cc1,14630.0,inactive,"{1, 2.758, 291.332, 4, 5, 94.10999999999999}",1.0,2.758,291.332,4.0,5.0,94.10999999999999
CHEMBL127210,Cc1cc(=O)c(Oc2ccc(F)c(F)c2)c(-c2ccc(S(C)(=O)=O)cc2)o1,4429.96,active,"{0, 4, 5, 4.089220000000004, 392.3790000000001, 73.58000000000001}",0.0,4.0,5.0,4.089220000000004,392.3790000000001,73.58000000000001
CHEMBL126369,COc1ccc(Oc2c(-c3ccc(S(C)(=O)=O)cc3)oc(C)cc2=O)c(Cl)c1,180.01,active,"{0, 420.8700000000001, 5, 6, 4.4730200000000035, 82.81}",0.0,420.8700000000001,5.0,6.0,4.4730200000000035,82.81
CHEMBL160295,CCCCCCCCCCCCCCCc1cccc(OCC)c1CSc1nc2cc(OC(F)F)ccc2[nH]1,10000.0,inactive,"{1, 4, 10.488999999999994, 47.14, 560.7950000000002, 21}",1.0,4.0,10.488999999999994,47.14,560.7950000000002,21.0
CHEMBL265585,CS(=O)(=O)c1ccc(-c2sc(C(F)(F)F)nc2-c2ccc(F)cc2)cc1,23.0,active,"{0, 3, 4, 5.038500000000003, 47.03, 401.40600000000006}",0.0,3.0,4.0,5.038500000000003,47.03,401.40600000000006
CHEMBL339301,CS(=O)(=O)c1ccc(-c2[nH]ccc2-c2ccc(F)cc2)cc1,12670.0,inactive,"{1, 2, 3, 3.891300000000002, 49.93, 315.369}",1.0,2.0,3.0,3.891300000000002,49.93,315.369
CHEMBL186709,CCOc1ccc(-c2nn3nc(SC)ccc3c2-c2ccc(S(N)(=O)=O)cc2)cc1,13.0,active,"{1, 99.57999999999998, 3.8313000000000015, 6, 7, 440.5500000000002}",1.0,99.57999999999998,3.8313000000000015,6.0,7.0,440.5500000000002
CHEMBL319512,COc1ccc2c(c1)CSc1c(C(F)(F)F)nn(-c3ccc(S(N)(=O)=O)cc3)c1-2,13.0,active,"{1, 3, 3.8198000000000025, 6, 87.21000000000001, 441.45600000000013}",1.0,3.0,3.8198000000000025,6.0,87.21000000000001,441.45600000000013
CHEMBL5271850,CS(=O)(=O)c1ccc(-n2cc(/C=C3\NC(=S)N(c4ccccc4)C3=O)c(-c3ccccc3)n2)cc1,600.0,active,"{1, 4.205000000000003, 5, 6, 500.6050000000002, 84.3}",1.0,4.205000000000003,5.0,6.0,500.6050000000002,84.3
CHEMBL1631308,Cc1ccc(-c2nn(-c3ccccc3)cc2C2N[C@H](C(=O)O)CS2)cc1,940.0,active,"{2, 67.15, 4, 5, 3.6359200000000014, 365.4580000000002}",2.0,67.15,4.0,5.0,3.6359200000000014,365.4580000000002
CHEMBL5075348,CCOC(=O)[C@H](OCc1cnnn1[C@H](Cc1ccc(O)cc1)C(=O)OC)[C@@H](OCc1cnnn1[C@@H](Cc1ccc(O)cc1)C(=O)OC)C(=O)OCC,700.0,active,"{225.54, 2, 1.7911999999999981, 18, 19, 724.7240000000003}",225.54,2.0,1.7911999999999981,18.0,19.0,724.7240000000003
CHEMBL1164950,COc1ccc2c(c1)c1c(n2C(=O)c2cccc(F)c2)CCN(CCCOc2cc(F)cc(C3(OC)CCOCC3)c2)C1.Cl,357200.0,inactive,"{0, 6.517700000000008, 7, 9, 627.1280000000002, 62.16000000000001}",0.0,6.517700000000008,7.0,9.0,627.1280000000002,62.16000000000001
CHEMBL5273387,CCOP(=O)(OCC)C(NC(=O)c1cc(-c2cccc3ccccc23)n(-c2ccc(Br)cc2)n1)c1ccc(Br)cc1,220.0,active,"{1, 6, 8.9122, 10, 82.45, 697.364}",1.0,6.0,8.9122,10.0,82.45,697.364
CHEMBL5270111,CCOP(=O)(OCC)C(NC(=O)c1cc(-c2cccs2)n(-c2ccc(S(N)(=O)=O)cc2)n1)c1ccccc1,220.0,active,"{2, 4.942900000000003, 9, 11, 142.61, 574.6210000000002}",2.0,4.942900000000003,9.0,11.0,142.61,574.6210000000002
CHEMBL5281317,CCOP(=O)(OCC)C(C)NC(=O)c1cc(-c2ccc(Br)cc2)n(-c2ccc(S(N)(=O)=O)cc2)n1,280.0,active,"{2, 4.291100000000002, 8, 585.4170000000001, 10, 142.61}",2.0,4.291100000000002,8.0,585.4170000000001,10.0,142.61
CHEMBL5275245,CCOP(=O)(OCC)C(NC(=O)c1cc(-c2ccc(C)cc2)n(-c2ccc(S(N)(=O)=O)cc2)n1)c1ccccc1,280.0,active,"{2, 5.189820000000004, 582.6190000000003, 8, 11, 142.61}",2.0,5.189820000000004,582.6190000000003,8.0,11.0,142.61
CHEMBL5272354,CCOP(=O)(OCC)C(NC(=O)c1cc(-c2ccccc2Cl)n(-c2ccc(S(N)(=O)=O)cc2)n1)c1ccccc1,280.0,active,"{2, 5.534800000000004, 8, 11, 142.61, 603.0370000000001}",2.0,5.534800000000004,8.0,11.0,142.61,603.0370000000001
CHEMBL5291369,Bc1ccc(C(NC(=O)c2cc(-c3ccccc3Cl)n(-c3ccc(S(N)(=O)=O)cc3)n2)P(=O)(OCC)OCC)cc1,280.0,active,"{2, 3.7932000000000023, 614.857, 8, 11, 142.60999999999999}",2.0,3.7932000000000023,614.857,8.0,11.0,142.60999999999999
CHEMBL156493,CS(=O)(=O)c1ccc(-c2sc3ncnn3c2-c2ccc(F)cc2)cc1,36.0,active,"{0, 64.33, 3, 3.6674000000000024, 6, 373.4340000000001}",0.0,64.33,3.0,3.6674000000000024,6.0,373.4340000000001
CHEMBL421381,CS(=O)(=O)c1ccc(C2=C(c3ccccc3O)C(=O)OC2)cc1,1832.0,active,"{1, 2.263300000000001, 3, 5, 330.3610000000001, 80.67}",1.0,2.263300000000001,3.0,5.0,330.3610000000001,80.67
CHEMBL1232083,CC(C)COc1c(Cl)cc2c(c1Cl)O[C@@H](C(F)(F)F)C(C(=O)O)=C2,28.0,active,"{385.165, 1, 3, 4, 4.819500000000002, 55.760000000000005}",385.165,1.0,3.0,4.0,4.819500000000002,55.760000000000005
CHEMBL1080406,CCc1ccc(Nc2cnccc2NS(=O)(=O)C(F)(F)F)cc1,910.0,active,"{2, 3.6491000000000016, 4, 5, 71.09, 345.346}",2.0,3.6491000000000016,4.0,5.0,71.09,345.346
CHEMBL325804,CC1(C)OC(=O)C(Oc2ccc(Cl)cc2)=C1c1ccc(S(C)(=O)=O)cc1,10.0,active,"{0, 3.8690000000000024, 4, 5, 69.67, 392.8600000000001}",0.0,3.8690000000000024,4.0,5.0,69.67,392.8600000000001
CHEMBL5284073,O=c1/c(=C/c2cccc(O)c2)sc2nc(C34CC5CC(CC(C5)C3)C4)nn12,50000.0,inactive,"{1, 2, 67.49, 2.8721000000000014, 6, 379.4850000000002}",1.0,2.0,67.49,2.8721000000000014,6.0,379.4850000000002
CHEMBL228126,COc1cc(O)cc(CCc2ccccc2O)c1,40900.0,inactive,"{2, 3, 4, 2.8916000000000013, 49.69, 244.29}",2.0,3.0,4.0,2.8916000000000013,49.69,244.29
CHEMBL123700,Cc1ccn2nc(-c3ccc(S(C)(=O)=O)cc3)c(-c3ccc(F)cc3)c2n1,504.0,active,"{0, 64.33000000000001, 3, 3.9143200000000027, 5, 381.43200000000013}",0.0,64.33000000000001,3.0,3.9143200000000027,5.0,381.43200000000013
CHEMBL610196,O=C1NC(=O)C(c2cc(O)c(O)c(O)c2)=C1c1ccccc1,17510.0,inactive,"{1.3705999999999994, 2, 4, 5, 297.266, 106.86000000000001}",1.3705999999999994,2.0,4.0,5.0,297.266,106.86000000000001
CHEMBL346697,COc1ccc(-n2nc(-c3ccc(Cl)cc3)c3c2CCC(N(O)C(C)=O)C3)cc1,2400.0,active,"{1, 67.59, 4, 5, 4.296300000000003, 411.88900000000024}",1.0,67.59,4.0,5.0,4.296300000000003,411.88900000000024
CHEMBL313313,COc1ccc(C2=C(c3ccc(S(N)(=O)=O)cc3)CC3(CC3)C2)cc1Br,1.995,active,"{1, 3, 4, 69.39, 4.589900000000004, 434.3550000000002}",1.0,3.0,4.0,69.39,4.589900000000004,434.3550000000002
CHEMBL269818,Cc1ccc(CNc2cc(C(F)(F)F)nc(-c3ccc(S(C)(=O)=O)cc3)n2)s1,85471239.08,inactive,"{1, 4.547920000000003, 5, 6, 71.95, 427.47300000000007}",1.0,4.547920000000003,5.0,6.0,71.95,427.47300000000007
CHEMBL273420,NS(=O)(=O)c1ccc(-n2nc(C(F)(F)F)c3c2-c2ccccc2SC3)cc1,460.04,active,"{1, 2, 3.811200000000002, 5, 77.98, 411.43000000000006}",1.0,2.0,3.811200000000002,5.0,77.98,411.43000000000006
CHEMBL414162,CS(=O)(=O)c1ccc(-n2cc(C=O)nc2-c2ccc(Cl)cc2)cc1,1584.89,active,"{0, 3.4087000000000023, 4, 5, 69.03, 360.822}",0.0,3.4087000000000023,4.0,5.0,69.03,360.822
CHEMBL441275,Cc1ccc(-c2cc(C(F)(F)F)nn2-c2ccc(S(N)(=O)=O)cc2)s1,3311.31,active,"{1, 3, 387.4080000000001, 5, 3.575420000000001, 77.98}",1.0,3.0,387.4080000000001,5.0,3.575420000000001,77.98
CHEMBL116365,CS(=O)(=O)c1ccc(-n2cnc(Cl)c2-c2ccncc2)cc1,10000.0,inactive,"{0, 64.85, 2.991200000000001, 3, 5, 333.8}",0.0,64.85,2.991200000000001,3.0,5.0,333.8
CHEMBL5400914,N=c1c2c(Nc3n[nH]c(=S)s3)csc2[nH]c(=S)n1-c1ccc(S(=O)(=O)Nc2cnc3ccccc3n2)cc1,90.0,active,"{5, 6, 5.230750000000003, 12, 597.7580000000002, 157.22999999999996}",5.0,6.0,5.230750000000003,12.0,597.7580000000002,157.22999999999996
CHEMBL5396836,O=C(CNc1ncnc2sc3c(c12)CCCC3)NN=Cc1ccc(Br)cc1,100.0,active,"{2, 3.8948000000000027, 5, 6, 79.27, 444.358}",2.0,3.8948000000000027,5.0,6.0,79.27,444.358
CHEMBL96950,Cc1ncccc1-c1ncc(Cl)cc1-c1ccc(S(C)(=O)=O)cc1,2600.0,active,"{0, 3, 4, 4.175920000000003, 358.8500000000001, 59.92}",0.0,3.0,4.0,4.175920000000003,358.8500000000001,59.92
CHEMBL24874,COc1ccc2c(c1)c(CC(=O)N[C@H](C)CO)c(C)n2C(=O)c1ccc(Cl)cc1,170.0,active,"{2, 3.3397200000000025, 5, 6, 80.56, 414.8890000000001}",2.0,3.3397200000000025,5.0,6.0,80.56,414.8890000000001
CHEMBL24957,CC[C@H](CO)NC(=O)Cc1c(C)n(C(=O)c2ccc(Cl)cc2)c2ccc(OC)cc12,100.0,active,"{2, 3.729820000000003, 5, 7, 428.91600000000017, 80.56}",2.0,3.729820000000003,5.0,7.0,428.91600000000017,80.56
CHEMBL4572657,COc1ccc(/C=N/c2c(C#N)cnn2-c2ccc(S(N)(=O)=O)cc2)cc1OC,43.74,active,"{1, 2.15918, 132.58999999999997, 6, 8, 411.44300000000015}",1.0,2.15918,132.58999999999997,6.0,8.0,411.44300000000015
CHEMBL5432941,COc1ccc(/C=C/C(=O)c2nn(-c3ccc(Br)cc3)c(C)c2C(=O)/C=C/c2ccc(OC)cc2)cc1,700.0,active,"{0, 70.42, 6, 6.7526200000000065, 9, 557.4440000000003}",0.0,70.42,6.0,6.7526200000000065,9.0,557.4440000000003
CHEMBL1682230,Cc1ccc(-n2nnnc2-c2ccc(S(C)(=O)=O)cc2)cc1,45000.0,inactive,"{0, 2.04122, 3, 6, 77.74000000000001, 314.37000000000006}",0.0,2.04122,3.0,6.0,77.74000000000001,314.37000000000006
CHEMBL116438,COc1cc(/C=C/C(=O)/C=C(O)/C=C/c2ccc(O)c(OC)c2)ccc1O,79200.0,inactive,"{96.22000000000001, 3, 3.852600000000003, 6, 7, 368.3850000000001}",96.22000000000001,3.0,3.852600000000003,6.0,7.0,368.3850000000001
CHEMBL2171265,CCCCCCCCNC(=O)n1c2ccc(Cl)cc2c2ccc(C(C)C(=O)O)cc21,100000.0,inactive,"{2, 3, 6.554200000000007, 71.33, 9, 428.9600000000002}",2.0,3.0,6.554200000000007,71.33,9.0,428.9600000000002
CHEMBL2171259,COc1ccc(Cn2c3ccc(Cl)cc3c3ccc(C(C)C(=O)O)cc32)cc1,100000.0,inactive,"{1, 3, 5, 5.692900000000005, 393.8700000000002, 51.46}",1.0,3.0,5.0,5.692900000000005,393.8700000000002,51.46
CHEMBL2171276,CC(C(=O)Nc1ccccc1)c1ccc2c(c1)[nH]c1ccc(Cl)cc12,100000.0,inactive,"{1, 2, 3, 5.716700000000003, 44.89, 348.833}",1.0,2.0,3.0,5.716700000000003,44.89,348.833
CHEMBL2171269,CCCCCCOC(=O)n1c2ccc(Cl)cc2c2ccc(C(C)C(=O)O)cc21,100000.0,inactive,"{1, 4, 68.53, 6.201000000000006, 7, 401.89000000000016}",1.0,4.0,68.53,6.201000000000006,7.0,401.89000000000016
CHEMBL3264520,CCOC(=O)c1c(-c2ccccc2)oc2ccc(Oc3ccc(C)cc3)cc12,19200.0,inactive,"{0, 4, 5, 6.377220000000004, 48.67, 372.42000000000013}",0.0,4.0,5.0,6.377220000000004,48.67,372.42000000000013
CHEMBL4277993,O=c1c2ccccc2nc(SCc2cn(-c3ccc(Br)cc3)nn2)n1-c1ccccc1,540.0,active,"{0, 65.6, 5, 5.021200000000004, 7, 490.3860000000001}",0.0,65.6,5.0,5.021200000000004,7.0,490.3860000000001
CHEMBL4279346,O=c1c2ccccc2nc(SCc2cn(-c3ccc(Br)cc3)nn2)n1-c1ccc(Br)cc1,170.0,active,"{0, 65.6, 5, 5.783700000000003, 7, 569.2820000000002}",0.0,65.6,5.0,5.783700000000003,7.0,569.2820000000002
CHEMBL158842,CCCCCCCCCCCCCCCc1cccc(OCC)c1CSc1nc2cc([N+](=O)[O-])ccc2[nH]1,384000.0,inactive,"{1, 5, 9.795799999999998, 81.05000000000001, 20, 539.7860000000003}",1.0,5.0,9.795799999999998,81.05000000000001,20.0,539.7860000000003
CHEMBL100092,CCCCCCOC(=O)Cc1c(C)n(C(=O)c2ccc(Cl)cc2)c2ccc(OC)cc12,60.0,active,"{0, 5, 5.966220000000005, 9, 441.95500000000015, 57.53}",0.0,5.0,5.966220000000005,9.0,441.95500000000015,57.53
CHEMBL348041,Cc1nc(-c2ccc(C)s2)c(-c2ccc(S(C)(=O)=O)cc2)o1,40.0,active,"{0, 3, 4.090440000000004, 5, 333.4340000000001, 60.17}",0.0,3.0,4.090440000000004,5.0,333.4340000000001,60.17
CHEMBL4462245,NS(=O)(=O)c1ccc(-n2nc(C(=O)N3CCSCC3)cc2-c2ccc(C(F)(F)F)cc2)cc1,190.0,active,"{1, 98.29, 3.3945000000000025, 4, 6, 496.5360000000001}",1.0,98.29,3.3945000000000025,4.0,6.0,496.5360000000001
CHEMBL4545277,NS(=O)(=O)c1ccc(-n2nc(C(=O)N3CCOCC3)cc2-c2ccc(C(F)(F)F)cc2)cc1,390.0,active,"{480.46800000000013, 1, 2.677900000000002, 4, 6, 107.52000000000001}",480.46800000000013,1.0,2.677900000000002,4.0,6.0,107.52000000000001
CHEMBL27733,CN(C)c1ccccc1-c1cc(C(F)(F)F)nn1-c1ccc(S(N)(=O)=O)cc1,14300.0,inactive,"{1, 3.2715000000000005, 4, 5, 81.22, 410.42100000000005}",1.0,3.2715000000000005,4.0,5.0,81.22,410.42100000000005
CHEMBL1916963,O=C(NS(=O)(=O)c1ccc(Cl)cc1)c1ccccn1,6000.0,active,"{1, 1.8537, 3, 4, 296.735, 76.13}",1.0,1.8537,3.0,4.0,296.735,76.13
CHEMBL1916968,O=C(NS(=O)(=O)c1ccc(Cl)cc1)c1cccc(C(=O)NS(=O)(=O)c2ccc(Cl)cc2)n1,1900.0,active,"{514.3680000000002, 2, 2.6258, 6, 7, 139.37}",514.3680000000002,2.0,2.6258,6.0,7.0,139.37
CHEMBL184498,COc1ccc(-c2c(-c3ccc(S(C)(=O)=O)cc3)ccc(F)c2F)cc1C,12.88,active,"{0, 3, 388.43500000000006, 4, 5.019320000000003, 43.370000000000005}",0.0,3.0,388.43500000000006,4.0,5.019320000000003,43.370000000000005
CHEMBL72859,Cc1oc(=O)n(-c2ccccc2)c1-c1ccc(S(N)(=O)=O)cc1,1800.0,active,"{1, 2.0533200000000003, 3, 5, 330.36500000000007, 95.29999999999998}",1.0,2.0533200000000003,3.0,5.0,330.36500000000007,95.29999999999998
CHEMBL4648858,CSc1nc2ccccc2n1-c1csc(NC/C(C)=N/NC(=S)Nc2ccccc2)n1,75.0,active,"{3, 4.9783000000000035, 7, 8, 79.16, 467.64900000000017}",3.0,4.9783000000000035,7.0,8.0,79.16,467.64900000000017
CHEMBL185163,NS(=O)(=O)c1ccc(-c2ccc(F)c(F)c2-c2ccc(F)cc2)cc1,3.981,active,"{1, 2, 3, 4.085300000000002, 363.35999999999996, 60.160000000000004}",1.0,2.0,3.0,4.085300000000002,363.35999999999996,60.160000000000004
CHEMBL365301,Cc1cc(-c2c(-c3ccc(S(N)(=O)=O)cc3)ccc(F)c2F)ccc1F,1.995,active,"{1, 2, 3, 4.393720000000002, 377.387, 60.160000000000004}",1.0,2.0,3.0,4.393720000000002,377.387,60.160000000000004
CHEMBL2315861,O=C(N[C@H]1CC[C@@H](CO)CC1)C1CCN(c2nc3cc(Cl)ccc3o2)CC1,11100.0,inactive,"{2, 3.3649000000000013, 4, 5, 391.89900000000017, 78.60000000000001}",2.0,3.3649000000000013,4.0,5.0,391.89900000000017,78.60000000000001
CHEMBL2315853,O=C(N[C@H]1CCC[C@@H]1OCc1ccccc1)C1CCN(c2nc3cc(Cl)ccc3o2)CC1,34.7,active,"{1, 67.6, 4.951700000000004, 5, 453.9700000000003, 6}",1.0,67.6,4.951700000000004,5.0,453.9700000000003,6.0
CHEMBL2315855,O=C(N[C@H]1CCC[C@H]1OCc1ccccc1)C1CCN(c2nc3cc(Cl)ccc3o2)CC1,618.0,active,"{1, 67.6, 4.951700000000004, 5, 453.9700000000003, 6}",1.0,67.6,4.951700000000004,5.0,453.9700000000003,6.0
CHEMBL2315860,O=C(N[C@H]1CC[C@H](CO)CC1)C1CCN(c2nc3cc(Cl)ccc3o2)CC1,10000.0,inactive,"{2, 3.3649000000000013, 4, 5, 391.89900000000017, 78.60000000000001}",2.0,3.3649000000000013,4.0,5.0,391.89900000000017,78.60000000000001
CHEMBL156493,CS(=O)(=O)c1ccc(-c2sc3ncnn3c2-c2ccc(F)cc2)cc1,36307805.48,inactive,"{0, 64.33, 3, 3.6674000000000024, 6, 373.4340000000001}",0.0,64.33,3.0,3.6674000000000024,6.0,373.4340000000001
CHEMBL360182,NS(=O)(=O)c1ccc(-c2c(-c3ccc(OC(F)(F)F)cc3)nn3ncccc23)cc1,388.0,active,"{1, 99.58, 4, 3.609300000000002, 6, 434.399}",1.0,99.58,4.0,3.609300000000002,6.0,434.399
CHEMBL374169,CCCS(=O)(=O)Nc1ccncc1Oc1ccc(Cl)cc1,9690.0,active,"{1, 3.679000000000002, 68.29, 4, 326.80500000000006, 6}",1.0,3.679000000000002,68.29,4.0,326.80500000000006,6.0
CHEMBL55188,CS(=O)(=O)c1ccc(-c2ccccc2-c2ccc(Cl)cc2)cc1,140.0,active,"{0, 2, 3, 34.14, 5.077500000000004, 342.84700000000004}",0.0,2.0,3.0,34.14,5.077500000000004,342.84700000000004
CHEMBL338457,Cc1cc(=O)c(Oc2ccc(Br)cc2Cl)c(-c2ccc(S(C)(=O)=O)cc2)o1,310.03,active,"{0, 4, 5, 5.226920000000003, 73.58000000000001, 469.7400000000002}",0.0,4.0,5.0,5.226920000000003,73.58000000000001,469.7400000000002
CHEMBL274457,CSc1nnc(-c2cc(C(C)(C)C)c(O)c(C(C)(C)C)c2)o1,4100.0,active,"{320.4580000000001, 1, 2, 4.7591000000000045, 5, 59.150000000000006}",320.4580000000001,1.0,2.0,4.7591000000000045,5.0,59.150000000000006
CHEMBL16733,CCOc1nnc(-c2cc(C(C)(C)C)c(O)c(C(C)(C)C)c2)s1,6100.0,active,"{1, 3, 4.904400000000004, 5, 334.48500000000007, 55.24000000000001}",1.0,3.0,4.904400000000004,5.0,334.48500000000007,55.24000000000001
CHEMBL1520238,Brc1ccc(CSc2nccn2-c2ccccc2)cc1,100000.0,inactive,"{0, 3, 4, 4.927100000000004, 17.82, 345.265}",0.0,3.0,4.0,4.927100000000004,17.82,345.265
CHEMBL1352020,CCc1ccc(CSc2nccn2-c2ccccc2)cc1,100000.0,inactive,"{0, 3, 4.727000000000003, 5, 294.423, 17.82}",0.0,3.0,4.727000000000003,5.0,294.423,17.82
CHEMBL4856727,O=C1N/C(=N\c2nnc(-c3ccc(O)cc3)s2)S/C1=C\c1ccccc1,85.0,active,"{2, 3, 3.8023000000000016, 7, 87.47000000000001, 380.4540000000001}",2.0,3.0,3.8023000000000016,7.0,87.47000000000001,380.4540000000001
CHEMBL1956381,NS(=O)(=O)c1ccc(-n2nnnc2-c2ccccc2)cc1,15000.0,inactive,"{0.9767000000000001, 1, 3, 6, 103.76, 301.331}",0.9767000000000001,1.0,3.0,6.0,103.76,301.331
CHEMBL2063852,CC(C(=O)O)c1ccc(Cc2ccco2)cc1F,4100.0,active,"{1, 2, 3.1976000000000013, 4, 50.44, 248.25299999999996}",1.0,2.0,3.1976000000000013,4.0,50.44,248.25299999999996
CHEMBL2333735,COc1ccc(/C=C/c2cc(OC)cc(OC)c2/C=C/C(=O)N2CCC(Cl)CC2)cc1,1450.0,active,"{0, 4, 5.125800000000005, 7, 48.00000000000001, 441.95500000000015}",0.0,4.0,5.125800000000005,7.0,48.00000000000001,441.95500000000015
CHEMBL405972,O=C1N/C(=N\c2nccs2)S/C1=C/c1cccc(Cl)c1,262000.0,inactive,"{321.8140000000001, 2, 1, 3.6881000000000013, 5, 54.35}",321.8140000000001,2.0,1.0,3.6881000000000013,5.0,54.35
CHEMBL4876413,Cc1nc2oc(-c3ccccc3)nn2c(=O)c1CCN1CCCCC1,99.0,active,"{0, 2.6863200000000003, 4, 6, 338.4110000000002, 63.64}",0.0,2.6863200000000003,4.0,6.0,338.4110000000002,63.64
CHEMBL257103,CS(=O)(=O)c1ccc(-c2nc(NC3CCCC3)cc(C(F)(F)F)n2)cc1,191.6,active,"{385.411, 1, 3.9204000000000025, 4, 5, 71.95}",385.411,1.0,3.9204000000000025,4.0,5.0,71.95
CHEMBL406528,NS(=O)(=O)c1ccc(-c2nc(NCc3ccncc3)cc(C(F)(F)F)n2)cc1,1890.0,active,"{2, 2.8169000000000013, 5, 6, 110.86000000000001, 409.39300000000003}",2.0,2.8169000000000013,5.0,6.0,110.86000000000001,409.39300000000003
CHEMBL257300,CS(=O)(=O)c1ccc(-c2nc(NCc3ccc(O)cc3)cc(C(F)(F)F)n2)cc1,635.0,active,"{2, 3.883600000000002, 5, 6, 423.41600000000005, 92.18}",2.0,3.883600000000002,5.0,6.0,423.41600000000005,92.18
CHEMBL273118,CS(=O)(=O)c1ccc(-c2nc(NCc3cc4ccccc4s3)cc(C(F)(F)F)n2)cc1,293.4,active,"{1, 5, 6, 71.95, 5.392700000000003, 463.5060000000001}",1.0,5.0,6.0,71.95,5.392700000000003,463.5060000000001
CHEMBL55805,Cc1cc(-c2cc(F)c(F)cc2-c2ccc(S(N)(=O)=O)cc2)ccc1Cl,3.0,active,"{1, 2, 3, 4.908020000000002, 393.8420000000001, 60.160000000000004}",1.0,2.0,3.0,4.908020000000002,393.8420000000001,60.160000000000004
CHEMBL46171,CS(=O)(=O)c1ccc(-c2cc(C(F)(F)F)cnc2OCc2ccc(Cl)cc2)cc1,33000.0,inactive,"{0, 4, 5, 5.403300000000003, 56.260000000000005, 441.8580000000002}",0.0,4.0,5.0,5.403300000000003,56.260000000000005,441.8580000000002
CHEMBL319446,CC1(C)OC(=O)C(Oc2ncnc3ccccc23)=C1c1ccc(S(C)(=O)=O)cc1,1700.0,active,"{0, 3.158800000000002, 4, 7, 410.45100000000014, 95.44999999999999}",0.0,3.158800000000002,4.0,7.0,410.45100000000014,95.44999999999999
CHEMBL2087937,NS(=O)(=O)c1ccc(NN2C(=O)CSC2c2ccc(F)cc2)cc1,63000.0,inactive,"{2, 2.0742000000000003, 4, 5, 367.427, 92.5}",2.0,2.0742000000000003,4.0,5.0,367.427,92.5
CHEMBL2087938,Cc1ccc(C2SCC(=O)N2Nc2ccc(S(N)(=O)=O)cc2)cc1,24500.0,inactive,"{2, 2.24352, 4, 5, 363.4640000000001, 92.5}",2.0,2.24352,4.0,5.0,363.4640000000001,92.5
CHEMBL4448450,N#Cc1ccc(/C=N/NC(=O)c2cn(Cc3ccc(Cl)cc3)c3ccccc23)cc1,7590.0,active,"{1, 4, 5, 70.18, 4.978580000000004, 412.8800000000001}",1.0,4.0,5.0,70.18,4.978580000000004,412.8800000000001
CHEMBL300021,COc1ccc(C2=C(c3ccc(S(C)(=O)=O)cc3)CN(c3ccccc3)C2=O)cc1,340.0,active,"{0, 419.5020000000001, 4, 5, 4.056300000000003, 63.68000000000001}",0.0,419.5020000000001,4.0,5.0,4.056300000000003,63.68000000000001
CHEMBL442760,CN1CC(c2ccccc2)=C(c2ccc(S(C)(=O)=O)cc2)O1,100000.0,inactive,"{0, 2.835400000000001, 3, 4, 46.61, 315.39400000000006}",0.0,2.835400000000001,3.0,4.0,46.61,315.39400000000006
CHEMBL166156,CS(=O)(=O)c1ccc(-n2nc(CO)cc2-c2ccccc2)cc1,10000.0,inactive,"{1, 2.4351000000000003, 4, 5, 328.39300000000003, 72.19}",1.0,2.4351000000000003,4.0,5.0,328.39300000000003,72.19
CHEMBL126808,CC(=O)n1c(Br)cc(-c2ccc(F)cc2)c1-c1ccc(S(C)(=O)=O)cc1,300000.0,inactive,"{0, 3, 4, 4.787300000000004, 436.30200000000013, 56.14}",0.0,3.0,4.0,4.787300000000004,436.30200000000013,56.14
CHEMBL296515,CS(=O)(=O)c1ccc(-c2nc(C(F)(F)F)cn2-c2ccc(S(C)(=O)=O)cc2)cc1,5700.0,active,"{0, 3.3651000000000018, 4, 6, 86.1, 444.45600000000013}",0.0,3.3651000000000018,4.0,6.0,86.1,444.45600000000013
CHEMBL95572,COc1ccc2c(c1)c(CC(=O)NCc1ccccc1C)c(C)n2C(=O)c1ccc(Cl)cc1,150.0,active,"{1, 4, 5.467540000000005, 6, 460.96100000000024, 60.33}",1.0,4.0,5.467540000000005,6.0,460.96100000000024,60.33
CHEMBL97219,COc1ccc2c(c1)c(CC(=O)Nc1cc(C)c(C(=O)Nc3ccccc3)cc1OC)c(C)n2C(=O)c1ccc(Cl)cc1,600.0,active,"{2, 98.66, 6, 7.050740000000006, 8, 596.0830000000002}",2.0,98.66,6.0,7.050740000000006,8.0,596.0830000000002
CHEMBL424063,NS(=O)(=O)c1ccc(C2=C(c3ccc4c(c3)OCO4)CCC2)cc1,2.0,active,"{1, 3, 4, 3.1574000000000018, 78.62, 343.40400000000017}",1.0,3.0,4.0,3.1574000000000018,78.62,343.40400000000017
CHEMBL322949,CS(=O)(=O)c1ccc(C2=C(c3ccc(F)c(Cl)c3)CCC2)cc1,30.0,active,"{0, 2, 3, 34.14, 4.977300000000004, 350.8420000000001}",0.0,2.0,3.0,34.14,4.977300000000004,350.8420000000001
CHEMBL322045,CS(=O)(=O)c1ccc(C2=C(c3ccc(F)cc3)CC(CF)(CF)C2)cc1,51.0,active,"{0, 2, 34.14, 4.859200000000004, 5, 380.43100000000015}",0.0,2.0,34.14,4.859200000000004,5.0,380.43100000000015
CHEMBL147704,NS(=O)(=O)c1ccc(-n2nc(C(F)(F)F)cc2-c2cccc(F)c2)cc1CO,7050.0,active,"{2, 98.21000000000001, 4, 5, 2.8369000000000013, 415.3680000000001}",2.0,98.21000000000001,4.0,5.0,2.8369000000000013,415.3680000000001
CHEMBL174314,CS(=O)(=O)c1ccc(-c2ccccc2Cc2ccccc2)cc1,300000.0,inactive,"{0, 322.42900000000003, 2, 4, 34.14, 4.347900000000004}",0.0,322.42900000000003,2.0,4.0,34.14,4.347900000000004
CHEMBL400080,COc1ccc(N2C(=O)CSC2c2ccc(S(C)(=O)=O)cc2)cc1,160.0,active,"{0, 2.8773000000000017, 4, 5, 363.4600000000001, 63.68}",0.0,2.8773000000000017,4.0,5.0,363.4600000000001,63.68
CHEMBL27784,CC[C@@H](CO)NC(=O)Cc1c(C)n(C(=O)c2ccc(Cl)cc2)c2ccc(OC)cc12,280.0,active,"{2, 3.729820000000003, 5, 7, 428.91600000000017, 80.56}",2.0,3.729820000000003,5.0,7.0,428.91600000000017,80.56
CHEMBL4069891,NS(=O)(=O)c1ccc(-n2nc(C(=O)OCCOc3ccc4ccc(=O)oc4c3)cc2-c2cccc(Cl)c2)cc1,490.0,active,"{1, 4.182300000000003, 8, 9, 143.72000000000003, 565.9910000000002}",1.0,4.182300000000003,8.0,9.0,143.72000000000003,565.9910000000002
CHEMBL280326,COc1c(C(C)(C)C)cc(-c2nnc(SC)s2)cc1C(C)(C)C,340.0,active,"{0, 35.010000000000005, 3, 5, 5.530600000000005, 350.5530000000001}",0.0,35.010000000000005,3.0,5.0,5.530600000000005,350.5530000000001
CHEMBL111039,CSc1ccc(C2=C(c3ccc(S(C)(=O)=O)cc3)CCC2)cc1,221.0,active,"{0, 34.14, 3, 4, 4.906700000000003, 344.5010000000001}",0.0,34.14,3.0,4.0,4.906700000000003,344.5010000000001
CHEMBL330194,CCCCCCCOC(=O)Cc1c(C)n(C(=O)c2ccc(Cl)cc2)c2ccc(OC)cc12,40.0,active,"{0, 5, 6.356320000000006, 455.9820000000001, 10, 57.53}",0.0,5.0,6.356320000000006,455.9820000000001,10.0,57.53
CHEMBL317332,COc1ccc2c(c1)c(CC(=O)NCc1ccc(C)cc1)c(C)n2C(=O)c1ccc(Cl)cc1,60.0,active,"{1, 4, 5.467540000000005, 6, 460.9610000000001, 60.33}",1.0,4.0,5.467540000000005,6.0,460.9610000000001,60.33
CHEMBL470866,C=C(CC[C@@H](C)[C@H]1CC[C@H]2[C@@H]3CC=C4C(=O)[C@](O)(C(=O)OCC)C[C@]4(C)[C@H]3CC[C@]12C)C(C)C,10.0,active,"{1, 4, 6.277000000000007, 7, 470.6940000000004, 63.599999999999994}",1.0,4.0,6.277000000000007,7.0,470.6940000000004,63.599999999999994
CHEMBL49011,CS(=O)(=O)c1ccc(C2=C(c3ccc(F)cc3)C(=O)N(c3ccc(C(F)(F)F)cc3)C2)cc1,950.0,active,"{0, 3, 4, 5.205600000000004, 54.45, 475.46300000000014}",0.0,3.0,4.0,5.205600000000004,54.45,475.46300000000014
CHEMBL366886,CS(=O)(=O)c1ccc(-n2nnnc2-c2ccc(F)c(F)c2)cc1,30000.0,inactive,"{0, 2.011, 3, 6, 77.74, 336.32300000000004}",0.0,2.011,3.0,6.0,77.74,336.32300000000004
CHEMBL30084,CNc1ccc(-c2cc(C(F)(F)F)nn2-c2ccc(S(N)(=O)=O)cc2)cc1Cl,26.92,active,"{2, 3.9006000000000007, 4, 5, 430.83900000000006, 90.00999999999999}",2.0,3.9006000000000007,4.0,5.0,430.83900000000006,90.00999999999999
CHEMBL29397,NS(=O)(=O)c1ccc(-n2nc(C(F)(F)F)cc2-c2csc3ccccc23)cc1,346.74,active,"{1, 3, 4.420200000000002, 5, 423.4410000000001, 77.98}",1.0,3.0,4.420200000000002,5.0,423.4410000000001,77.98
CHEMBL442166,COc1ccc(-c2ccccc2-c2ccc(S(N)(=O)=O)cc2)cc1F,33.11,active,"{1, 3, 4, 69.39, 357.40600000000006, 3.8157000000000023}",1.0,3.0,4.0,69.39,357.40600000000006,3.8157000000000023
CHEMBL499070,CS(=O)(=O)c1ccc(-c2[nH]c3ccccc3c2-c2ccccc2)cc1,0.6,active,"{1, 2, 3, 4.905400000000004, 49.93, 347.4390000000001}",1.0,2.0,3.0,4.905400000000004,49.93,347.4390000000001
CHEMBL524304,CS(=O)(=O)c1ccc(-c2[nH]c3ccccc3c2-c2ccc(Cl)cc2)cc1,145.88,active,"{1, 2, 3, 5.558800000000004, 49.93, 381.8840000000001}",1.0,2.0,3.0,5.558800000000004,49.93,381.8840000000001
CHEMBL4071957,Cc1c(-c2nc3ccccn3c2N=O)cnn1-c1ccccc1,1750.0,active,"{0, 64.55000000000001, 3, 3.893320000000002, 6, 303.325}",0.0,64.55000000000001,3.0,3.893320000000002,6.0,303.325
CHEMBL2334140,CCCNC(=O)/C=C/c1c(/C=C/c2ccc(OC)cc2)cc(OC)cc1OC,6750.0,active,"{1, 4, 4.422200000000004, 9, 56.790000000000006, 381.47200000000015}",1.0,4.0,4.422200000000004,9.0,56.790000000000006,381.47200000000015
CHEMBL4871081,Cc1ccc(-c2cc(C)n(S(=O)(=O)Oc3ccc(I)cc3)n2)cc1,9.2,active,"{0, 3.9434400000000025, 4, 5, 454.28900000000004, 61.19}",0.0,3.9434400000000025,4.0,5.0,454.28900000000004,61.19
CHEMBL296662,COc1ccc(-c2nc(C(F)(F)F)cn2-c2ccc(S(N)(=O)=O)cc2)cc1F,30.0,active,"{1, 3.353200000000001, 4, 5, 87.21000000000001, 415.3680000000001}",1.0,3.353200000000001,4.0,5.0,87.21000000000001,415.3680000000001
CHEMBL355771,CS(=O)(=O)c1ccc(C2=C(c3ccc(F)cc3)C3CCC2C3)cc1,30000.0,inactive,"{0, 2, 3, 34.14, 4.569900000000004, 342.4350000000001}",0.0,2.0,3.0,34.14,4.569900000000004,342.4350000000001
CHEMBL294969,CS(=O)(=O)c1ccc(-n2cc(CN)nc2-c2ccc(Cl)cc2)cc1,100000.0,inactive,"{1, 3.0549000000000017, 4, 5, 361.85400000000004, 77.98}",1.0,3.0549000000000017,4.0,5.0,361.85400000000004,77.98
CHEMBL272626,CS(=O)(=O)c1ccc(-c2nc(NCc3ccccn3)cc(C(F)(F)F)n2)cc1,10000.0,inactive,"{1, 3.573000000000002, 5, 6, 84.84, 408.40500000000003}",1.0,3.573000000000002,5.0,6.0,84.84,408.40500000000003
CHEMBL408215,NS(=O)(=O)c1ccc(-c2nc(NCc3ccsc3)cc(C(F)(F)F)n2)cc1,72.0,active,"{97.97000000000001, 2, 3.4834000000000014, 5, 6, 414.434}",97.97000000000001,2.0,3.4834000000000014,5.0,6.0,414.434
CHEMBL271337,NS(=O)(=O)c1ccc(-c2nc(NCc3cccs3)cc(C(F)(F)F)n2)cc1,22.3,active,"{97.97000000000001, 2, 3.4834000000000014, 5, 6, 414.434}",97.97000000000001,2.0,3.4834000000000014,5.0,6.0,414.434
CHEMBL184187,COc1ccc2c(-c3ccc(S(C)(=O)=O)cc3)c(-c3ccc(C)cc3)nn2n1,50.0,active,"{0, 3.783820000000003, 4, 6, 393.46800000000013, 73.56}",0.0,3.783820000000003,4.0,6.0,393.46800000000013,73.56
CHEMBL4588711,COc1ccc(/C=N/c2c(C#N)cnn2-c2ccc(S(N)(=O)=O)cc2)cc1,39.14,active,"{1, 2.1505799999999997, 5, 7, 123.35999999999999, 381.4170000000001}",1.0,2.1505799999999997,5.0,7.0,123.35999999999999,381.4170000000001
CHEMBL289447,Cc1ccc2c(c1)C1=C(c3ccc(S(C)(=O)=O)cc3)C(=O)OC1CC2,500.0,active,"{0, 354.42700000000013, 2, 4, 3.1809200000000013, 60.44}",0.0,354.42700000000013,2.0,4.0,3.1809200000000013,60.44
CHEMBL4562695,N#Cc1cnn(-c2ccc(S(N)(=O)=O)cc2)c1NC(=O)CCCl,58.04,active,"{0.9587799999999997, 353.79100000000005, 2, 130.86999999999998, 5, 6}",0.9587799999999997,353.79100000000005,2.0,130.86999999999998,5.0,6.0
CHEMBL270043,COc1ccc(/C=N/c2ccc(S(N)(=O)=O)cc2)cc1O,3500.0,active,"{1.7988000000000004, 2, 4, 101.98, 5, 306.343}",1.7988000000000004,2.0,4.0,101.98,5.0,306.343
CHEMBL404921,NS(=O)(=O)c1ccc(/N=C/c2cccc([N+](=O)[O-])c2)cc1,6750.0,active,"{1, 1.9928000000000001, 4, 5, 305.315, 115.66000000000003}",1.0,1.9928000000000001,4.0,5.0,305.315,115.66000000000003
CHEMBL173961,CS(=O)(=O)c1ccc(-c2[nH]nnc2-c2ccccc2)cc1,30000.0,inactive,"{1, 2.542200000000001, 3, 4, 75.71000000000001, 299.355}",1.0,2.542200000000001,3.0,4.0,75.71000000000001,299.355
CHEMBL18316,CC1(O)OC(=O)C(c2ccccc2)=C1c1ccc(S(C)(=O)=O)cc1,1200.0,active,"{1, 2.2662000000000004, 3, 5, 80.67, 344.3880000000001}",1.0,2.2662000000000004,3.0,5.0,80.67,344.3880000000001
CHEMBL273815,CC1(O)OC(=O)C(c2ccc(Br)cc2)=C1c1ccc(S(C)(=O)=O)cc1,1700.0,active,"{1, 3, 3.0287000000000006, 5, 423.28400000000016, 80.67}",1.0,3.0,3.0287000000000006,5.0,423.28400000000016,80.67
CHEMBL4449905,CC(=O)n1nc(-c2ccccc2)cc1-c1cn(-c2ccccc2)nc1-c1ccc(OCc2ccccc2)cc1,1930.0,active,"{0, 6, 7, 7.308900000000006, 61.94, 510.5970000000002}",0.0,6.0,7.0,7.308900000000006,61.94,510.5970000000002
CHEMBL16797,CS(=O)(=O)c1ccc(-c2sc(CCCc3ccccc3)nc2-c2ccc(F)cc2)cc1,520.0,active,"{0, 451.5880000000001, 4, 6.195000000000005, 7, 47.03}",0.0,451.5880000000001,4.0,6.195000000000005,7.0,47.03
CHEMBL259468,CCN(CC)c1cc(NCc2cccs2)nc(-c2ccc(S(C)(=O)=O)cc2)n1,6.1,active,"{416.5720000000001, 1, 4.066900000000003, 7, 8, 75.19}",416.5720000000001,1.0,4.066900000000003,7.0,8.0,75.19
CHEMBL272393,CS(=O)(=O)c1ccc(-c2nc(O)cc(NCc3cccs3)n2)cc1,79.4,active,"{2, 2.9263000000000012, 5, 7, 361.44800000000004, 92.18}",2.0,2.9263000000000012,5.0,7.0,361.44800000000004,92.18
CHEMBL287447,NS(=O)(=O)c1ccc(-n2nc(CO)c(Cl)c2-c2ccc(Cl)cc2)cc1,338.84,active,"{2, 98.21000000000001, 4, 5, 2.985800000000001, 398.2710000000001}",2.0,98.21000000000001,4.0,5.0,2.985800000000001,398.2710000000001
CHEMBL418448,COc1ccc(-c2cc(F)c(F)cc2-c2ccc(S(C)(=O)=O)cc2)cc1C,12.88,active,"{0, 3, 388.4350000000001, 4, 5.019320000000004, 43.370000000000005}",0.0,3.0,388.4350000000001,4.0,5.019320000000004,43.370000000000005
CHEMBL185528,Cc1[nH]c2cc(S(C)(=O)=O)ccc2c1Cc1ccc(Cl)cc1,5600.0,active,"{1, 2, 3, 4.124020000000003, 333.84000000000003, 49.93}",1.0,2.0,3.0,4.124020000000003,333.84000000000003,49.93
CHEMBL416126,CS(=O)(=O)c1ccc(-c2cc(F)c(F)cc2-c2ccc3c(c2)OCO3)cc1,12.02,active,"{0, 3, 388.39100000000013, 4, 4.431000000000004, 52.60000000000001}",0.0,3.0,388.39100000000013,4.0,4.431000000000004,52.60000000000001
CHEMBL435381,COc1ccc(-c2c(Cl)ncn2-c2ccc(S(N)(=O)=O)cc2)cc1F,66.0,active,"{1, 2.9878, 4, 5, 87.21000000000001, 381.8160000000001}",1.0,2.9878,4.0,5.0,87.21000000000001,381.8160000000001
CHEMBL331135,CS(=O)(=O)c1ccc(-n2cnc(Cl)c2-c2ccccc2)cc1,123.0,active,"{0, 3, 4, 3.5962000000000023, 332.812, 51.96}",0.0,3.0,4.0,3.5962000000000023,332.812,51.96
CHEMBL89429,CS(=O)(=O)c1ccc(C2=CC3(C=C2c2ccc(F)cc2)CC3)cc1,2.6,active,"{0, 2, 3, 34.14, 4.490000000000004, 340.4190000000001}",0.0,2.0,3.0,34.14,4.490000000000004,340.4190000000001
CHEMBL28527,NS(=O)(=O)c1ccc(-n2nc(C(F)(F)F)cc2-c2ccc(F)cc2)cc1,40.74,active,"{385.34200000000004, 1, 3, 4, 3.3446000000000016, 77.98}",385.34200000000004,1.0,3.0,4.0,3.3446000000000016,77.98
CHEMBL42174,CN(C)c1cc(-c2nc(C(F)(F)F)cn2-c2ccc(S(C)(=O)=O)cc2)ccc1Cl,1047.13,active,"{0, 4, 5, 4.681000000000004, 55.2, 443.87800000000016}",0.0,4.0,5.0,4.681000000000004,55.2,443.87800000000016
CHEMBL421826,Cc1cccc(-c2c(-c3ccc(S(C)(=O)=O)cc3)sc3nc(C(F)(F)F)nn23)c1,3.0,active,"{0, 64.33, 3, 4.855520000000002, 6, 437.4680000000001}",0.0,64.33,3.0,4.855520000000002,6.0,437.4680000000001
CHEMBL92102,Cc1ccc(C2=C(c3ccc(S(C)(=O)=O)cc3)CC3(CC3)C2)cc1,1.514,active,"{0, 2, 3, 34.14, 4.883320000000005, 338.4720000000002}",0.0,2.0,3.0,34.14,4.883320000000005,338.4720000000002
CHEMBL54412,NS(=O)(=O)c1ccc(-c2ccccc2-c2ccc(F)c(Cl)c2)cc1,16.98,active,"{1, 2, 3, 4.460500000000003, 361.82500000000005, 60.160000000000004}",1.0,2.0,3.0,4.460500000000003,361.82500000000005,60.160000000000004
CHEMBL116933,CS(=O)(=O)c1ccc(-n2c(Cl)nc(Cl)c2-c2ccc(F)cc2)cc1,10000.0,inactive,"{0, 385.24700000000007, 3, 4, 4.388700000000003, 51.96}",0.0,385.24700000000007,3.0,4.0,4.388700000000003,51.96
CHEMBL359113,CC(C)(Oc1ccc(Cl)cc1)C(=O)NCCCN1c2ccccc2Sc2ccccc21,1300.0,active,"{1, 4, 453.0070000000001, 6.306600000000005, 7, 41.57}",1.0,4.0,453.0070000000001,6.306600000000005,7.0,41.57
CHEMBL5279078,O=C(c1cccs1)c1sc(N2CCOCC2)nc1-c1ccc([N+](=O)[O-])cc1,90.0,active,"{0, 3.847400000000003, 5, 8, 401.46900000000005, 85.57000000000001}",0.0,3.847400000000003,5.0,8.0,401.46900000000005,85.57000000000001
CHEMBL5281704,O=C(c1cccs1)c1sc(N(c2ccccc2)c2ccccc2)nc1-c1ccc(F)cc1,90.0,active,"{0, 33.2, 5, 6, 7.711500000000006, 456.5670000000001}",0.0,33.2,5.0,6.0,7.711500000000006,456.5670000000001
CHEMBL108452,NS(=O)(=O)c1ccc(-n2cc(C(F)(F)F)nc2-c2cccnc2)cc1,440.0,active,"{1, 2.600500000000001, 3, 5, 368.34000000000003, 90.87}",1.0,2.600500000000001,3.0,5.0,368.34000000000003,90.87
CHEMBL42225,CS(=O)(=O)c1ccc(-n2cc(C(F)(F)F)nc2-c2ccccc2)cc1,120.23,active,"{0, 3, 4, 3.9616000000000025, 366.36400000000003, 51.96}",0.0,3.0,4.0,3.9616000000000025,366.36400000000003,51.96
CHEMBL295032,Cc1cc(Cl)cc(-c2nc(C(F)(F)F)cn2-c2ccc(S(C)(=O)=O)cc2)c1,80.0,active,"{0, 3, 4, 4.923420000000004, 51.96, 414.8360000000001}",0.0,3.0,4.0,4.923420000000004,51.96,414.8360000000001
CHEMBL5271772,COc1ccc2ccc(F)c(CC(=O)N/N=C/c3cccc(C(F)(F)F)c3)c2n1,130.0,active,"{1, 4, 5, 4.094100000000003, 405.351, 63.58}",1.0,4.0,5.0,4.094100000000003,405.351,63.58
CHEMBL589812,Cc1c(CC(=O)OC(C)C)cc(-c2ccc(S(C)(=O)=O)cc2)n1-c1cccc(F)c1,2000.0,active,"{0, 65.37, 4.489420000000004, 5, 6, 429.51300000000015}",0.0,65.37,4.489420000000004,5.0,6.0,429.51300000000015
CHEMBL325804,CC1(C)OC(=O)C(Oc2ccc(Cl)cc2)=C1c1ccc(S(C)(=O)=O)cc1,20.0,active,"{0, 3.8690000000000024, 4, 5, 69.67, 392.8600000000001}",0.0,3.8690000000000024,4.0,5.0,69.67,392.8600000000001
CHEMBL388756,CS(=O)(=O)c1ccc([C@H]2O[C@@H](CO)C[C@]2(O)c2ccc(S(C)(=O)=O)cc2)cc1,6500.0,active,"{1.2037000000000002, 2, 5, 7, 426.5120000000001, 117.97}",1.2037000000000002,2.0,5.0,7.0,426.5120000000001,117.97
CHEMBL24381,CS(=O)(=O)c1ccc(C2=C(c3cncc(Br)c3)C(=O)CC2)cc1,1700.0,active,"{0, 64.1, 3, 4, 3.521300000000002, 392.27400000000017}",0.0,64.1,3.0,4.0,3.521300000000002,392.27400000000017
CHEMBL324957,Cc1ncn(-c2ccc(S(C)(=O)=O)cc2)c1-c1ccc(F)cc1,144.0,active,"{0, 3, 4, 3.3903200000000018, 330.38399999999996, 51.96}",0.0,3.0,4.0,3.3903200000000018,330.38399999999996,51.96
CHEMBL156533,CS(=O)(=O)c1ccc(-n2nc(-c3ccc(Cl)cc3)c3c2CCCC3)cc1,10000.0,inactive,"{0, 386.9040000000002, 3, 4, 4.475000000000003, 51.96}",0.0,386.9040000000002,3.0,4.0,4.475000000000003,51.96
CHEMBL52872,CN(C)c1ccc(-c2cc(F)c(F)cc2-c2ccc(S(N)(=O)=O)cc2)cc1Cl,6.026,active,"{1, 3, 4, 4.665600000000002, 422.8840000000001, 63.4}",1.0,3.0,4.0,4.665600000000002,422.8840000000001,63.4
CHEMBL282360,COc1ccc(-c2cc(C(F)(F)F)nn2-c2ccc(S(N)(=O)=O)cc2)cc1OC,600.0,active,"{96.44000000000001, 1, 3.2227000000000006, 5, 6, 427.40400000000017}",96.44000000000001,1.0,3.2227000000000006,5.0,6.0,427.40400000000017
CHEMBL86363,COc1ccc(C2=C(c3ccc(S(C)(=O)=O)cc3)CC3(CC3)C2)cc1Br,13.0,active,"{0, 3, 4, 5.3460000000000045, 43.370000000000005, 433.3670000000002}",0.0,3.0,4.0,5.3460000000000045,43.370000000000005,433.3670000000002
CHEMBL5272126,O=C(c1cccs1)c1sc(N2CCOCC2)nc1-c1ccc(C(F)(F)F)cc1,90.0,active,"{0, 4, 4.958000000000003, 6, 424.469, 42.43000000000001}",0.0,4.0,4.958000000000003,6.0,424.469,42.43000000000001
CHEMBL5283995,O=C(c1cccs1)c1sc(N(c2ccccc2)c2ccccc2)nc1-c1ccc(C(F)(F)F)cc1,90.0,active,"{0, 33.2, 5, 6, 8.591200000000002, 506.5740000000001}",0.0,33.2,5.0,6.0,8.591200000000002,506.5740000000001
CHEMBL5267656,Cc1ccc(-c2cs/c(=N\C(=O)c3cccs3)n2-c2ccccc2)cc1,90.0,active,"{0, 34.36, 3, 4, 5.316820000000004, 376.5060000000001}",0.0,34.36,3.0,4.0,5.316820000000004,376.5060000000001
CHEMBL5277545,CCOP(=O)(OCC)C(NC(=O)c1cc(-c2cccc3ccccc23)n(-c2ccccc2F)n1)c1ccc(Br)cc1,220.0,active,"{1, 6, 8.288800000000004, 10, 82.45, 636.4580000000002}",1.0,6.0,8.288800000000004,10.0,82.45,636.4580000000002
CHEMBL5265917,CCOP(=O)(OCC)C(NC(=O)c1cc(-c2ccc(Cl)cc2)n(-c2ccc(S(N)(=O)=O)cc2)n1)c1ccccc1,280.0,active,"{2, 5.534800000000004, 8, 11, 142.61, 603.0370000000001}",2.0,5.534800000000004,8.0,11.0,142.61,603.0370000000001
CHEMBL89089,COc1ccc(C2=C(c3ccc(S(C)(=O)=O)cc3)CC3(CC3)C2)cc1,5.0,active,"{0, 354.4710000000002, 3, 4, 4.583500000000004, 43.370000000000005}",0.0,354.4710000000002,3.0,4.0,4.583500000000004,43.370000000000005
CHEMBL94494,Cc1cc2c(cc1F)-c1c(c(C(F)(F)F)nn1-c1ccc(S(N)(=O)=O)cc1)SC2,16.0,active,"{1, 2, 4.258720000000002, 5, 77.98, 443.4470000000001}",1.0,2.0,4.258720000000002,5.0,77.98,443.4470000000001
CHEMBL1210018,CO/N=[N+](/[O-])c1ccc(-c2cc(C(F)(F)F)nn2-c2ccc(S(C)(=O)=O)cc2)cc1,1600.0,active,"{0, 99.61999999999998, 4.1170000000000035, 5, 7, 440.4030000000001}",0.0,99.61999999999998,4.1170000000000035,5.0,7.0,440.4030000000001
CHEMBL347697,CCCCCCCCCCCCCCCc1cccc(OCC)c1CSc1nc2ccccc2o1,10000.0,inactive,"{0, 35.260000000000005, 4, 10.152499999999993, 495.77300000000025, 19}",0.0,35.260000000000005,4.0,10.152499999999993,495.77300000000025,19.0
CHEMBL26829,COc1ccc2c(c1)c(Cc1nc(-c3ccc([N+](=O)[O-])cc3)cs1)c(C)n2C(=O)c1ccc(Br)cc1,7.0,active,"{0, 6, 7, 7.031820000000005, 562.4450000000002, 87.25999999999999}",0.0,6.0,7.0,7.031820000000005,562.4450000000002,87.25999999999999
CHEMBL1916958,O=C(NS(=O)(=O)c1ccc(Cl)cc1)c1ccncc1,12600.0,inactive,"{1, 1.8537, 3, 4, 296.735, 76.13}",1.0,1.8537,3.0,4.0,296.735,76.13
CHEMBL1916959,O=C(NS(=O)(=O)c1ccc(Br)cc1)c1ccncc1,7800.0,active,"{1, 1.9627999999999999, 3, 4, 76.13, 341.18600000000004}",1.0,1.9627999999999999,3.0,4.0,76.13,341.18600000000004
CHEMBL1916960,Cc1ccc(S(=O)(=O)NC(=O)c2ccncc2)cc1,19400.0,inactive,"{1, 1.50872, 3, 4, 76.13, 276.317}",1.0,1.50872,3.0,4.0,76.13,276.317
CHEMBL1916962,O=C(NS(=O)(=O)c1ccc(F)cc1)c1ccccn1,6300.0,active,"{1, 1.3394, 3, 4, 76.13, 280.28000000000003}",1.0,1.3394,3.0,4.0,76.13,280.28000000000003
CHEMBL43654,Cc1cccc(Cl)c1-c1nc(C(F)(F)F)cn1-c1ccc(S(C)(=O)=O)cc1,100000.0,inactive,"{0, 3, 4, 4.923420000000004, 51.96, 414.8360000000001}",0.0,3.0,4.0,4.923420000000004,51.96,414.8360000000001
CHEMBL157714,C=Cc1nc2sc(-c3ccc(S(C)(=O)=O)cc3)c(-c3ccccc3)n2n1,6.0,active,"{0, 64.33, 4, 4.171300000000003, 6, 381.4820000000001}",0.0,64.33,4.0,4.171300000000003,6.0,381.4820000000001
CHEMBL127084,Cc1cc(=O)c(Oc2ccc(F)cc2)c(-c2ccc(S(C)(=O)=O)cc2)o1,980.0,active,"{0, 3.9501200000000027, 4, 5, 73.58000000000001, 374.38900000000007}",0.0,3.9501200000000027,4.0,5.0,73.58000000000001,374.38900000000007
CHEMBL42175,CS(=O)(=O)c1ccc(-n2cc(C(F)(F)F)nc2-c2cccc(Cl)c2)cc1,60.0,active,"{0, 3, 4, 4.615000000000003, 400.8090000000001, 51.96}",0.0,3.0,4.0,4.615000000000003,400.8090000000001,51.96
CHEMBL46712,Cc1cccc(-c2nc(C(F)(F)F)cn2-c2ccc(S(C)(=O)=O)cc2)c1,60.0,active,"{0, 3, 4, 4.270020000000003, 51.96, 380.3910000000001}",0.0,3.0,4.0,4.270020000000003,51.96,380.3910000000001
CHEMBL516680,NS(=O)(=O)c1ccc(-n2nc(C(F)(F)F)cc2-c2ccn(C(F)F)c(=O)c2)cc1,690.0,active,"{1, 2.7623000000000015, 99.97999999999999, 4, 6, 434.34600000000006}",1.0,2.7623000000000015,99.97999999999999,4.0,6.0,434.34600000000006
CHEMBL118,Cc1ccc(-c2cc(C(F)(F)F)nn2-c2ccc(S(N)(=O)=O)cc2)cc1,120.0,active,"{1, 3, 4, 3.5139200000000006, 77.98, 381.3790000000001}",1.0,3.0,4.0,3.5139200000000006,77.98,381.3790000000001
CHEMBL302771,CS(=O)(=O)c1ccc(-c2coc(=O)n2-c2ccc(F)cc2)cc1,510.0,active,"{0, 2.6401000000000012, 3, 5, 69.28, 333.34000000000003}",0.0,2.6401000000000012,3.0,5.0,69.28,333.34000000000003
CHEMBL430783,NS(=O)(=O)c1ccc(-c2coc(=O)n2-c2ccccc2F)cc1,2200.0,active,"{1, 1.8840000000000001, 3, 5, 334.328, 95.30000000000001}",1.0,1.8840000000000001,3.0,5.0,334.328,95.30000000000001
CHEMBL322276,CC1(C)OC(=O)C(Oc2ccc3[nH]ccc3c2)=C1c1ccc(S(C)(=O)=O)cc1,30.0,active,"{1, 3.696900000000002, 4, 5, 397.4520000000001, 85.46000000000001}",1.0,3.696900000000002,4.0,5.0,397.4520000000001,85.46000000000001
CHEMBL405623,CS(=O)(=O)c1ccc(C2=C(c3ccc4c(c3)OCO4)CCC2)cc1,20.89,active,"{0, 3, 4, 3.9135000000000026, 52.60000000000001, 342.41600000000017}",0.0,3.0,4.0,3.9135000000000026,52.60000000000001,342.41600000000017
CHEMBL118081,COc1ccc(-c2c(Cl)ncn2-c2ccc(S(C)(=O)=O)cc2)cc1C,13.0,active,"{0, 3.9132200000000017, 4, 5, 376.8650000000001, 61.190000000000005}",0.0,3.9132200000000017,4.0,5.0,376.8650000000001,61.190000000000005
CHEMBL109623,CN(C)c1ccc(C2=C(c3ccc(S(C)(=O)=O)cc3)CCC2)cc1Cl,5.012,active,"{0, 3, 4, 37.38, 4.904200000000005, 375.92100000000016}",0.0,3.0,4.0,37.38,4.904200000000005,375.92100000000016
CHEMBL347198,COc1ccc(NNC(=O)c2ccccc2)cc1,180.0,active,"{2, 3, 4, 2.4521000000000006, 242.27800000000002, 50.36}",2.0,3.0,4.0,2.4521000000000006,242.27800000000002,50.36
CHEMBL108975,CS(=O)(=O)c1ccc(C2=C(c3ccc(Cl)cc3Cl)CCC2)cc1,53.0,active,"{0, 2, 3, 34.14, 5.491600000000004, 367.29700000000014}",0.0,2.0,3.0,34.14,5.491600000000004,367.29700000000014
CHEMBL71022,CS(=O)(=O)c1ccc(-c2coc(=O)n2-c2ccccc2)cc1,1599.56,active,"{0, 2.5010000000000012, 3, 69.28, 5, 315.35}",0.0,2.5010000000000012,3.0,69.28,5.0,315.35
CHEMBL321160,COc1c(Cl)cc(C2=C(c3ccc(S(C)(=O)=O)cc3)CCC2)cc1Cl,17.0,active,"{0, 3, 4, 5.500200000000003, 43.370000000000005, 397.3230000000002}",0.0,3.0,4.0,5.500200000000003,43.370000000000005,397.3230000000002
CHEMBL282839,NS(=O)(=O)c1ccc(-n2nc(C(F)(F)F)cc2-c2ccc3c(c2)CCO3)cc1,21.0,active,"{1, 3, 3.1404000000000014, 5, 87.21000000000001, 409.3890000000002}",1.0,3.0,3.1404000000000014,5.0,87.21000000000001,409.3890000000002
CHEMBL110574,Cc1ncccc1-c1nc(C(F)(F)F)cn1-c1ccc(S(C)(=O)=O)cc1,9549.93,active,"{0, 64.85, 3, 3.665020000000003, 5, 381.3790000000001}",0.0,64.85,3.0,3.665020000000003,5.0,381.3790000000001
CHEMBL93803,CS(=O)(=O)c1ccc(C2=C(c3ccccc3)CC2)cc1,5000.0,active,"{0, 2, 3, 34.14, 3.7947000000000024, 284.38000000000005}",0.0,2.0,3.0,34.14,3.7947000000000024,284.38000000000005
CHEMBL348104,Cc1nc2sc(-c3ccc(S(C)(=O)=O)cc3)c(-c3cccc(F)c3)n2n1,14000.0,inactive,"{0, 64.33, 3, 387.46100000000007, 3.9758200000000032, 6}",0.0,64.33,3.0,387.46100000000007,3.9758200000000032,6.0
CHEMBL172364,CS(=O)(=O)c1ccc(-c2ccccc2Oc2ccccc2)cc1,33000.0,inactive,"{0, 3, 324.401, 4, 4.549400000000004, 43.370000000000005}",0.0,3.0,324.401,4.0,4.549400000000004,43.370000000000005
CHEMBL3265358,O=[N+]([O-])c1ccc(-c2nn(-c3ccccc3)cc2-c2nnc(-c3ccncc3)o2)cc1,500.0,active,"{0, 4.559500000000003, 5, 8, 112.77, 410.3930000000001}",0.0,4.559500000000003,5.0,8.0,112.77,410.3930000000001
CHEMBL1242365,Brc1ccc(-c2nn(-c3ccccc3)cc2-c2nnc(-c3ccccc3)o2)cc1,100000.0,inactive,"{0, 4, 5, 6.018800000000005, 56.74, 443.30400000000014}",0.0,4.0,5.0,6.018800000000005,56.74,443.30400000000014
CHEMBL285975,COC(=O)c1cc2cc(S(C)(=O)=O)ccc2n1Cc1ccc(Cl)cc1,4300.0,active,"{0, 65.37, 3.533100000000002, 4, 5, 377.84900000000005}",0.0,65.37,3.533100000000002,4.0,5.0,377.84900000000005
CHEMBL5411339,O=C(CNc1ncnc2sc3c(c12)CCCC3)NN=Cc1ccc(F)cc1,21990.0,inactive,"{2, 3.2714000000000016, 5, 6, 79.27, 383.452}",2.0,3.2714000000000016,5.0,6.0,79.27,383.452
CHEMBL358609,Cc1cn2c(-c3ccc(S(C)(=O)=O)cc3)c(-c3ccccc3)nc2s1,17500.0,inactive,"{0, 3, 4.441720000000003, 5, 368.483, 51.44}",0.0,3.0,4.441720000000003,5.0,368.483,51.44
CHEMBL44141,CS(=O)(=O)c1ccc(C2=C3c4ccccc4CCC3OC2=O)cc1,562.0,active,"{0, 2, 2.8725000000000014, 4, 340.4000000000001, 60.440000000000005}",0.0,2.0,2.8725000000000014,4.0,340.4000000000001,60.440000000000005
CHEMBL326097,COc1cc(-c2c(Cl)ncn2-c2ccc(S(C)(=O)=O)cc2)ccc1C,15.0,active,"{0, 3.9132200000000026, 4, 5, 376.8650000000001, 61.190000000000005}",0.0,3.9132200000000026,4.0,5.0,376.8650000000001,61.190000000000005
CHEMBL29562,NS(=O)(=O)c1ccc(-n2nc(C(F)(F)F)cc2-c2cc3ccccc3o2)cc1,891.25,active,"{1, 3, 3.9517000000000015, 5, 407.3730000000001, 91.12}",1.0,3.0,3.9517000000000015,5.0,407.3730000000001,91.12
CHEMBL2160149,O=C1CSC(N2N=C(c3ccc(Cl)c(Cl)c3)CC2c2ccccc2Cl)=N1,18400.0,inactive,"{0, 2, 4, 5.427300000000003, 424.7400000000002, 45.03}",0.0,2.0,4.0,5.427300000000003,424.7400000000002,45.03
CHEMBL2160143,O=C1CSC(N2N=C(c3ccc(Cl)c(Cl)c3)CC2c2ccc(F)cc2)=N1,19400.0,inactive,"{0, 2, 4, 4.913000000000003, 45.03, 408.28500000000014}",0.0,2.0,4.0,4.913000000000003,45.03,408.28500000000014
CHEMBL2398533,NS(=O)(=O)c1ccc(-n2cc(-c3ccc(Cl)cc3)nn2)cc1,1300.0,active,"{1, 2.2351, 3, 5, 334.788, 90.87}",1.0,2.2351,3.0,5.0,334.788,90.87
CHEMBL118,Cc1ccc(-c2cc(C(F)(F)F)nn2-c2ccc(S(N)(=O)=O)cc2)cc1,60.0,active,"{1, 3, 4, 3.5139200000000006, 77.98, 381.3790000000001}",1.0,3.0,4.0,3.5139200000000006,77.98,381.3790000000001
CHEMBL365252,COc1ccc(-c2c(-c3ccc(S(C)(=O)=O)cc3)ccc(F)c2F)cc1F,20.89,active,"{0, 3, 4, 4.850000000000002, 392.398, 43.370000000000005}",0.0,3.0,4.0,4.850000000000002,392.398,43.370000000000005
CHEMBL187468,CCc1ccc2c(-c3ccc(S(C)(=O)=O)cc3)c(-c3ccc(F)cc3)nn2n1,48.0,active,"{0, 64.33, 4, 5, 4.168300000000004, 395.45900000000006}",0.0,64.33,4.0,5.0,4.168300000000004,395.45900000000006
CHEMBL571658,O=C(O)c1ccc(-c2ccn(C(F)F)c(=O)c2)cc1O,4400.0,active,"{2, 3, 4, 2.314200000000001, 79.53, 281.214}",2.0,3.0,4.0,2.314200000000001,79.53,281.214
CHEMBL289262,CS(=O)(=O)Nc1cc2c(cc1Sc1nccs1)C(=O)CC2,480.0,active,"{1, 2.7947000000000015, 4, 6, 76.13, 340.45100000000014}",1.0,2.7947000000000015,4.0,6.0,76.13,340.45100000000014
CHEMBL4761194,COc1ccc(OC)c(/C=N/Nc2nc(-c3ccc(S(C)(=O)=O)cc3)cs2)c1,239.0,active,"{417.5120000000001, 1, 3.676800000000002, 7, 8, 89.88}",417.5120000000001,1.0,3.676800000000002,7.0,8.0,89.88
CHEMBL436116,NS(=O)(=O)c1ccc(-c2nc3ccccc3n2-c2ccc(Cl)cc2)cc1,200.0,active,"{1, 3, 4, 3.9933000000000023, 77.98000000000002, 383.86}",1.0,3.0,4.0,3.9933000000000023,77.98000000000002,383.86
CHEMBL129640,Cc1cc(=O)c(Oc2ccc(F)cc2C)c(-c2ccc(S(C)(=O)=O)cc2)o1,180.01,active,"{0, 388.4160000000001, 5, 4, 4.2585400000000035, 73.58000000000001}",0.0,388.4160000000001,5.0,4.0,4.2585400000000035,73.58000000000001
CHEMBL3885011,COC(=O)Cc1c(C)n(Cc2ccc(-c3cn(CCCCCCCC(=O)NO)nn3)cc2)c2ccc(OC)cc12,4580.0,active,"{2, 547.6560000000003, 4.826620000000004, 9, 14, 120.5}",2.0,547.6560000000003,4.826620000000004,9.0,14.0,120.5
CHEMBL287447,NS(=O)(=O)c1ccc(-n2nc(CO)c(Cl)c2-c2ccc(Cl)cc2)cc1,340.0,active,"{2, 98.21000000000001, 4, 5, 2.985800000000001, 398.2710000000001}",2.0,98.21000000000001,4.0,5.0,2.985800000000001,398.2710000000001
CHEMBL4755060,Fc1ccc(CNc2nc(/C=C/c3ccccc3)nc3cc(-c4cccs4)ccc23)cc1F,50000.0,inactive,"{1, 4, 37.81, 6, 455.5330000000002, 7.419000000000005}",1.0,4.0,37.81,6.0,455.5330000000002,7.419000000000005
CHEMBL4753324,Fc1ccc(Nc2nc(/C=C/c3ccccc3)nc3cc(Br)ccc23)cc1F,50000.0,inactive,"{1, 3, 4, 37.81, 6.584500000000004, 438.2750000000001}",1.0,3.0,4.0,37.81,6.584500000000004,438.2750000000001
CHEMBL52454,CS(=O)(=O)c1ccc(-c2ccccc2-c2ccc(F)c(Cl)c2)cc1,360.0,active,"{0, 2, 3, 34.14, 5.216600000000003, 360.8370000000001}",0.0,2.0,3.0,34.14,5.216600000000003,360.8370000000001
CHEMBL54746,CS(=O)(=O)c1ccc(-c2cc(F)c(F)cc2-c2ccc3c(c2)OCCO3)cc1,340.0,active,"{0, 3, 4, 4.473500000000004, 402.4180000000002, 52.60000000000001}",0.0,3.0,4.0,4.473500000000004,402.4180000000002,52.60000000000001
CHEMBL265078,COc1ccc2c(c1)c(CC(=O)Nc1ccc(Cl)cc1)c(C)n2C(=O)c1ccc(Cl)cc1,55.0,active,"{1, 4, 5, 6.134820000000005, 467.3520000000002, 60.33}",1.0,4.0,5.0,6.134820000000005,467.3520000000002,60.33
CHEMBL171646,CS(=O)(=O)c1ccc(-c2sncc2-c2ccc(F)cc2)cc1,5100.0,active,"{0, 3, 4, 4.019700000000003, 333.40900000000005, 47.03}",0.0,3.0,4.0,4.019700000000003,333.40900000000005,47.03
CHEMBL3238416,Cc1ccc(C2=C(c3ccc(S(N)(=O)=O)cc3)COC2=O)cc1,110.0,active,"{1, 2.11002, 3, 4, 329.3770000000001, 86.46000000000001}",1.0,2.11002,3.0,4.0,329.3770000000001,86.46000000000001
CHEMBL150340,CCN(CC)Cc1cc(/C=C/S(N)(=O)=O)cc(C(=O)c2ccccc2)c1,7100.0,active,"{1, 3.018600000000001, 4, 8, 80.47, 372.49000000000007}",1.0,3.018600000000001,4.0,8.0,80.47,372.49000000000007
CHEMBL222482,COC1(c2cc(F)cc(OCc3cc(-c4ccccc4)n(-c4ccc(OC(F)(F)F)cc4)n3)c2)CCOCC1,820.0,active,"{0, 6, 6.808100000000006, 8, 54.74000000000001, 542.529}",0.0,6.0,6.808100000000006,8.0,54.74000000000001,542.529
CHEMBL321216,Cc1ccnc(-c2nc(C(F)(F)F)cn2-c2ccc(S(C)(=O)=O)cc2)c1,530.0,active,"{0, 64.85, 3, 3.665020000000002, 5, 381.3790000000001}",0.0,64.85,3.0,3.665020000000002,5.0,381.3790000000001
CHEMBL108961,Cc1ccnc(-c2nc(C(F)(F)F)cn2-c2ccc(S(N)(=O)=O)cc2)c1,436.52,active,"{1, 2.9089199999999993, 3, 5, 90.87, 382.3670000000001}",1.0,2.9089199999999993,3.0,5.0,90.87,382.3670000000001
CHEMBL282838,NS(=O)(=O)c1ccc(-n2nc(CO)cc2-c2ccc(Cl)cc2)cc1,831.76,active,"{2, 98.21000000000001, 4, 5, 2.3324000000000007, 363.826}",2.0,98.21000000000001,4.0,5.0,2.3324000000000007,363.826
CHEMBL4086580,NS(=O)(=O)c1ccc(OC(=O)c2c(-c3ccccc3)sc3c2CCCC3)cc1,670.0,active,"{1, 4, 5, 4.160500000000003, 86.46000000000001, 413.5200000000002}",1.0,4.0,5.0,4.160500000000003,86.46000000000001,413.5200000000002
CHEMBL321881,Cc1ccc(-c2nc(C(F)(F)F)cn2-c2ccc(S(C)(=O)=O)cc2)nc1,1300.0,active,"{0, 64.85, 3, 3.665020000000003, 5, 381.3790000000001}",0.0,64.85,3.0,3.665020000000003,5.0,381.3790000000001
CHEMBL321016,Cc1cccnc1-c1nc(C(F)(F)F)cn1-c1ccc(S(N)(=O)=O)cc1,1540.0,active,"{1, 2.90892, 3, 5, 90.87, 382.3670000000001}",1.0,2.90892,3.0,5.0,90.87,382.3670000000001
CHEMBL320585,CC1(C)OC(=O)C(Oc2ccc(Cl)cn2)=C1c1ccc(S(C)(=O)=O)cc1,10.0,active,"{0, 3.264000000000002, 4, 6, 393.8480000000001, 82.56}",0.0,3.264000000000002,4.0,6.0,393.8480000000001,82.56
CHEMBL19299,CC(C(=O)O)c1ccc(CC2CCCC2=O)cc1,100000.0,inactive,"{1, 2, 2.7864000000000013, 4, 54.37, 246.30599999999993}",1.0,2.0,2.7864000000000013,4.0,54.37,246.30599999999993
CHEMBL416989,CSc1cccc(-c2nc(C(F)(F)F)cn2-c2ccc(S(C)(=O)=O)cc2)c1,346.74,active,"{0, 4, 5, 4.683500000000004, 51.96, 412.4580000000001}",0.0,4.0,5.0,4.683500000000004,51.96,412.4580000000001
CHEMBL52019,COc1ccc(-c2cc(F)c(F)cc2-c2ccc(S(C)(=O)=O)cc2)cc1Cl,19.05,active,"{0, 3, 4, 5.364300000000004, 43.370000000000005, 408.85300000000007}",0.0,3.0,4.0,5.364300000000004,43.370000000000005,408.85300000000007
CHEMBL107706,CC1(C)OC(=O)C(Oc2ccc(F)cn2)=C1c1ccc(S(C)(=O)=O)cc1,80.0,active,"{0, 2.7497000000000016, 4, 6, 82.56, 377.3930000000001}",0.0,2.7497000000000016,4.0,6.0,82.56,377.3930000000001
CHEMBL154422,CS(=O)(=O)c1ccc(-c2cnn(Cc3cccnc3)c(=O)c2-c2ccccc2)cc1,1300.0,active,"{0, 417.4900000000001, 3.424100000000002, 5, 6, 81.91999999999999}",0.0,417.4900000000001,3.424100000000002,5.0,6.0,81.91999999999999
CHEMBL44152,Cc1c(COc2ccc(Cl)cc2)cc(-c2ccc(S(C)(=O)=O)cc2)n1-c1ccc(F)cc1,30.0,active,"{0, 4, 6, 6.227720000000005, 48.300000000000004, 469.96500000000015}",0.0,4.0,6.0,6.227720000000005,48.300000000000004,469.96500000000015
CHEMBL571852,CC(=O)NS(=O)(=O)c1ccc(-c2ccn(C(F)F)c(=O)c2)cc1C(=O)O,17600.0,inactive,"{1.4334, 386.33200000000016, 2, 5, 6, 122.54}",1.4334,386.33200000000016,2.0,5.0,6.0,122.54
CHEMBL155806,COc1ccc(-n2nc(-c3ccc(Cl)cc3)c3c2CCC(NOC(C)=O)C3)cc1,10000.0,inactive,"{65.38, 1, 4.126300000000002, 5, 6, 411.88900000000024}",65.38,1.0,4.126300000000002,5.0,6.0,411.88900000000024
CHEMBL108452,NS(=O)(=O)c1ccc(-n2cc(C(F)(F)F)nc2-c2cccnc2)cc1,436.52,active,"{1, 2.600500000000001, 3, 5, 368.34000000000003, 90.87}",1.0,2.600500000000001,3.0,5.0,368.34000000000003,90.87
CHEMBL110446,CS(=O)(=O)c1ccc(-n2cc(C(F)(F)F)nc2-c2cnc3ccccc3c2)cc1,630.96,active,"{0, 417.4120000000001, 64.85, 3, 4.509800000000003, 5}",0.0,417.4120000000001,64.85,3.0,4.509800000000003,5.0
CHEMBL419407,NS(=O)(=O)c1ccc(-n2cnc(Cl)c2-c2cc(Cl)cc(Cl)c2)cc1,2.0,active,"{1, 3, 4, 4.146900000000002, 77.98, 402.69000000000005}",1.0,3.0,4.0,4.146900000000002,77.98,402.69000000000005
CHEMBL340573,CS(=O)(=O)c1ccc(C2=C(c3ccc(Cl)cc3)CCC2)cc1,3.0,active,"{0, 2, 3, 34.14, 4.838200000000003, 332.85200000000015}",0.0,2.0,3.0,34.14,4.838200000000003,332.85200000000015
CHEMBL497858,CC(COC(=O)C(C)c1cccc(C(=O)c2ccccc2)c1)O[N+](=O)[O-],730.0,active,"{0, 3.161100000000001, 357.3620000000001, 6, 8, 95.74000000000001}",0.0,3.161100000000001,357.3620000000001,6.0,8.0,95.74000000000001
CHEMBL502285,CS(=O)(=O)c1ccc(-c2[nH]c3ccc(Cl)cc3c2-c2ccccc2)cc1,0.36,active,"{1, 2, 3, 5.558800000000004, 49.93, 381.8840000000001}",1.0,2.0,3.0,5.558800000000004,49.93,381.8840000000001
CHEMBL327384,CS(=O)(=O)c1ccc(C2=C(c3ccc(Cl)cc3)CC3(CC3)C2)cc1,1.0,active,"{0, 2, 3, 34.14, 5.2283000000000035, 358.8900000000002}",0.0,2.0,3.0,34.14,5.2283000000000035,358.8900000000002
CHEMBL315585,COc1ccc(C2=C(c3ccc(S(N)(=O)=O)cc3)CC3(CC3)C2)cc1Cl,2.0,active,"{1, 3, 4, 69.39, 389.9040000000002, 4.480800000000004}",1.0,3.0,4.0,69.39,389.9040000000002,4.480800000000004
CHEMBL4786548,C/C(=N\NC(N)=O)c1nnn(-c2ccc(F)cc2)c1C,270.0,active,"{1.1071199999999994, 2, 3, 98.19, 5, 276.27500000000003}",1.1071199999999994,2.0,3.0,98.19,5.0,276.27500000000003
CHEMBL4792785,C/C(=N\NC(N)=S)c1nnn(-c2ccc(C(=O)O)cc2)c1C,50.0,active,"{0.8311199999999999, 3, 4, 6, 118.42, 318.3620000000001}",0.8311199999999999,3.0,4.0,6.0,118.42,318.3620000000001
CHEMBL4761227,CCCCCCCCCCCc1cc(O)cc(OC)c1O,550.0,active,"{2, 3, 5.179700000000007, 294.435, 11, 49.69}",2.0,3.0,5.179700000000007,294.435,11.0,49.69
CHEMBL4798135,CCCCCCCCCCCCCc1cc(O)cc(OC)c1O,1550.0,active,"{2, 322.48900000000003, 3, 5.959900000000007, 13, 49.69}",2.0,322.48900000000003,3.0,5.959900000000007,13.0,49.69
CHEMBL4750752,CCCCCCCCCCCCCCCc1cc(O)cc(OC)c1O,2710.0,active,"{2, 3, 6.740100000000008, 15, 49.69, 350.543}",2.0,3.0,6.740100000000008,15.0,49.69,350.543
CHEMBL4739960,CCCCCc1cccc(OC)c1O,4650.0,active,"{1, 194.27399999999997, 2, 3.133500000000002, 5, 29.46}",1.0,194.27399999999997,2.0,3.133500000000002,5.0,29.46
CHEMBL4764453,CCCCCC1=CC(=O)C=C(OC)C1=N,5820.0,active,"{1, 2.62587, 3, 5, 207.273, 50.150000000000006}",1.0,2.62587,3.0,5.0,207.273,50.150000000000006
CHEMBL1669036,CCOc1ccc(-c2cc(Cl)cc3c2OC(C(F)(F)F)C(C(=O)O)=C3)cc1,355.0,active,"{1, 3, 4, 5.197000000000003, 398.76400000000007, 55.760000000000005}",1.0,3.0,4.0,5.197000000000003,398.76400000000007,55.760000000000005
CHEMBL1630253,CC(C)CSc1cc2c(cc1Cl)C=C(C(=O)O)[C@H](C(F)(F)F)O2,8.0,active,"{1, 3, 4, 4.879400000000003, 46.53, 366.788}",1.0,3.0,4.0,4.879400000000003,46.53,366.788
CHEMBL4777820,COC(=O)CC1N(C(=O)Nc2nccs2)C(=O)c2ccccc2S1(=O)=O,459700.0,inactive,"{1, 1.4938999999999998, 3, 8, 395.4180000000001, 122.73999999999998}",1.0,1.4938999999999998,3.0,8.0,395.4180000000001,122.73999999999998
CHEMBL320273,CC1(C)OC(=O)C(Oc2cnccn2)=C1c1ccc(S(C)(=O)=O)cc1,550.0,active,"{0, 2.0056, 4, 7, 360.3910000000001, 95.44999999999999}",0.0,2.0056,4.0,7.0,360.3910000000001,95.44999999999999
CHEMBL307606,NS(=O)(=O)c1ccc(-c2coc(=O)n2-c2ccc(C(=O)O)cc2)cc1,59000.0,inactive,"{1.4431, 2, 132.6, 4, 6, 360.34700000000004}",1.4431,2.0,132.6,4.0,6.0,360.34700000000004
CHEMBL4848265,CC(C)Oc1nc(OCC(C)(C)O)c(-c2ccc(S(C)(=O)=O)cc2)cc1CO,50000.0,inactive,"{2, 2.581300000000001, 7, 8, 105.95, 409.50400000000013}",2.0,2.581300000000001,7.0,8.0,105.95,409.50400000000013
CHEMBL4865464,CCCCOc1nc(OCC(C)(C)O)c(-c2ccc(S(C)(=O)=O)cc2)cc1CO,47.0,active,"{2, 2.973000000000002, 7, 423.5310000000002, 105.95, 10}",2.0,2.973000000000002,7.0,423.5310000000002,105.95,10.0
CHEMBL157714,C=Cc1nc2sc(-c3ccc(S(C)(=O)=O)cc3)c(-c3ccccc3)n2n1,6025595.86,inactive,"{0, 64.33, 4, 4.171300000000003, 6, 381.4820000000001}",0.0,64.33,4.0,4.171300000000003,6.0,381.4820000000001
CHEMBL348087,Cc1nc2sc(-c3ccc(S(C)(=O)=O)cc3)c(-c3ccccc3)n2n1,19952623.15,inactive,"{0, 64.33, 3, 3.836720000000004, 6, 369.47100000000006}",0.0,64.33,3.0,3.836720000000004,6.0,369.47100000000006
CHEMBL2159923,Cc1ccc(C2=NN(C3=NC(=O)CS3)C(c3ccc(Cl)cc3)C2)cc1C,4500.0,active,"{0, 2, 4, 4.737340000000004, 45.03, 383.9040000000001}",0.0,2.0,4.0,4.737340000000004,45.03,383.9040000000001
CHEMBL442441,C/C(=N/OCc1ccccc1Nc1c(Cl)cccc1Cl)C(=O)O,100.0,active,"{353.20500000000004, 2, 4, 4.714100000000003, 70.92, 6}",353.20500000000004,2.0,4.0,4.714100000000003,70.92,6.0
CHEMBL405071,CC(C)(C)c1cc(NCc2cccs2)nc(-c2ccc(S(C)(=O)=O)cc2)n1,31.1,active,"{1, 4.518200000000004, 5, 6, 71.95, 401.55700000000013}",1.0,4.518200000000004,5.0,6.0,71.95,401.55700000000013
CHEMBL403957,CS(=O)(=O)c1ccc(-c2nc(NCc3ccc(Cl)s3)cc(C(F)(F)F)n2)cc1,5.4,active,"{1, 4.892900000000003, 5, 6, 71.95, 447.8910000000001}",1.0,4.892900000000003,5.0,6.0,71.95,447.8910000000001
CHEMBL3775699,CC(C(=O)O)c1ccc(-c2cccc(OC(=O)NC3CCCC3)c2)c(F)c1,100000.0,inactive,"{2, 3, 4.711800000000004, 5, 75.63, 371.4080000000002}",2.0,3.0,4.711800000000004,5.0,75.63,371.4080000000002
CHEMBL3774586,CC(C(=O)O)c1ccc(-c2cccc(OC(=O)NCCCc3ccccc3)c2)c(F)c1,6200.0,active,"{2, 3, 421.4680000000002, 5.402000000000005, 8, 75.63}",2.0,3.0,421.4680000000002,5.402000000000005,8.0,75.63
CHEMBL3774833,CCCCCCNC(=O)Oc1cccc(-c2ccc(C(C)C(=O)O)cc2C)c1,1400.0,active,"{2, 3, 5.518820000000004, 9, 75.63, 383.48800000000017}",2.0,3.0,5.518820000000004,9.0,75.63,383.48800000000017
CHEMBL462709,COc1c(C(C)(C)C)cc(-c2cc(=S)ss2)cc1C(C)(C)C,47.2,active,"{352.5900000000001, 0, 2, 4, 6.809690000000005, 9.23}",352.5900000000001,0.0,2.0,4.0,6.809690000000005,9.23
CHEMBL512916,CN(C)c1ccc(-c2cn(-c3ccc(S(C)(=O)=O)cc3)nn2)cc1,10000.0,inactive,"{0, 2.4038000000000004, 68.09, 4, 6, 342.424}",0.0,2.4038000000000004,68.09,4.0,6.0,342.424
CHEMBL609572,CSc1ccc(C2=C(c3ccccc3)C(=O)OC2=O)cc1,18450.0,inactive,"{0, 3, 4, 3.402700000000002, 296.347, 43.370000000000005}",0.0,3.0,4.0,3.402700000000002,296.347,43.370000000000005
CHEMBL1080553,O=C(CNS(=O)(=O)c1ccccc1C(=O)O)Nc1ccc(-c2ccc(Cl)c(Cl)c2)cc1,100000.0,inactive,"{3, 4, 4.275600000000002, 7, 112.57000000000001, 479.3410000000001}",3.0,4.0,4.275600000000002,7.0,112.57000000000001,479.3410000000001
CHEMBL579022,CC(=O)NS(=O)(=O)c1cc(-c2ccn(C(F)F)c(=O)c2)ccc1C(=O)O,2600.0,active,"{1.4334000000000002, 386.33200000000016, 2, 5, 6, 122.54}",1.4334000000000002,386.33200000000016,2.0,5.0,6.0,122.54
CHEMBL1163223,COc1ccc2c(c1)c1c(n2Cc2ccc(S(C)(=O)=O)cc2)CCN(CCCOc2cc(F)cc(C3(OC)CCOCC3)c2)C1.Cl,109200.0,inactive,"{0, 673.2470000000001, 6.141900000000008, 8, 11, 79.23}",0.0,673.2470000000001,6.141900000000008,8.0,11.0,79.23
CHEMBL126244,Cc1cc(=O)c(-c2cccc(F)c2)c(-c2ccc(S(C)(=O)=O)cc2)o1,3370.0,active,"{0, 64.35, 3, 4, 3.8248200000000026, 358.3900000000001}",0.0,64.35,3.0,4.0,3.8248200000000026,358.3900000000001
CHEMBL18251,CC1(O)OC(=O)C(c2ccc(Cl)c(Cl)c2)=C1c1ccc(S(C)(=O)=O)cc1,850.0,active,"{1, 3, 3.573000000000003, 5, 80.67, 413.27800000000013}",1.0,3.0,3.573000000000003,5.0,80.67,413.27800000000013
CHEMBL18254,CC1(O)OC(=O)C(c2ccc(Cl)cc2Cl)=C1c1ccc(S(C)(=O)=O)cc1,1200.0,active,"{1, 3, 3.573000000000003, 5, 80.67, 413.27800000000013}",1.0,3.0,3.573000000000003,5.0,80.67,413.27800000000013
CHEMBL277519,CC1(O)OC(=O)C(c2cc3ccccc3s2)=C1c1ccc(S(C)(=O)=O)cc1,650.0,active,"{1, 3, 3.4809000000000028, 6, 400.47700000000015, 80.67}",1.0,3.0,3.4809000000000028,6.0,400.47700000000015,80.67
CHEMBL1163238,COc1ccc2c(c1)c1c(n2C(=O)c2ccccc2F)CCN(CCCOc2cc(F)cc(C3(OC)CCOCC3)c2)C1.Cl,126000.0,inactive,"{0, 6.517700000000008, 7, 9, 627.1280000000003, 62.16000000000001}",0.0,6.517700000000008,7.0,9.0,627.1280000000003,62.16000000000001
CHEMBL1164949,COC1(c2cc(F)cc(OCCCN3CCc4c(c5ccccc5n4C(=O)c4ccccc4)C3)c2)CCOCC1.Cl,101900.0,inactive,"{0, 579.1120000000001, 6, 6.370000000000007, 8, 52.93000000000001}",0.0,579.1120000000001,6.0,6.370000000000007,8.0,52.93000000000001
CHEMBL322720,CS(=O)(=O)c1ccc(-n2cc(C(F)F)nc2-c2cccnc2)cc1,20700.0,inactive,"{0, 64.85, 3.275400000000001, 4, 5, 349.362}",0.0,64.85,3.275400000000001,4.0,5.0,349.362
CHEMBL110446,CS(=O)(=O)c1ccc(-n2cc(C(F)(F)F)nc2-c2cnc3ccccc3c2)cc1,630.0,active,"{0, 417.4120000000001, 64.85, 3, 4.509800000000003, 5}",0.0,417.4120000000001,64.85,3.0,4.509800000000003,5.0
CHEMBL290945,Cc1cc(-c2nc(C(F)(F)F)cn2-c2ccc(S(C)(=O)=O)cc2)ccc1Cl,89.13,active,"{0, 3, 4, 4.923420000000004, 51.96, 414.8360000000001}",0.0,3.0,4.0,4.923420000000004,51.96,414.8360000000001
CHEMBL17276,CS(=O)(=O)c1ccc(-c2sc(Cc3ccccc3)nc2-c2ccc(F)cc2)cc1,18.0,active,"{0, 4, 5, 5.6105000000000045, 423.5340000000001, 47.03}",0.0,4.0,5.0,5.6105000000000045,423.5340000000001,47.03
CHEMBL295752,COc1cc(F)cc(-c2nc(C(F)(F)F)cn2-c2ccc(S(C)(=O)=O)cc2)c1,960.0,active,"{0, 4, 5, 4.109300000000004, 61.190000000000005, 414.3800000000001}",0.0,4.0,5.0,4.109300000000004,61.190000000000005,414.3800000000001
CHEMBL423004,CS(=O)(=O)c1ccc(C2=C(c3ccc(F)c(C(F)(F)F)c3)CCC2)cc1,100000.0,inactive,"{384.3940000000001, 0, 2, 3, 34.14, 5.342700000000003}",384.3940000000001,0.0,2.0,3.0,34.14,5.342700000000003
CHEMBL471171,Cc1ccc(-c2[se]ncc2-c2ccc(Cl)cc2)cc1,0.0,active,"{0, 1, 2, 4.434420000000003, 332.692, 12.89}",0.0,1.0,2.0,4.434420000000003,332.692,12.89
CHEMBL525020,CS(=O)(=O)c1ccc(-c2[nH]c3ccc(Cl)cc3c2-c2ccccc2Cl)cc1,10.0,active,"{416.3290000000002, 1, 2, 3, 6.212200000000004, 49.93}",416.3290000000002,1.0,2.0,3.0,6.212200000000004,49.93
CHEMBL527107,CS(=O)(=O)c1ccc(-c2[nH]c3ccc(Br)cc3c2-c2ccccc2)cc1,1.409,active,"{1, 2, 3, 5.667900000000004, 426.3350000000001, 49.93}",1.0,2.0,3.0,5.667900000000004,426.3350000000001,49.93
CHEMBL109623,CN(C)c1ccc(C2=C(c3ccc(S(C)(=O)=O)cc3)CCC2)cc1Cl,5.0,active,"{0, 3, 4, 37.38, 4.904200000000005, 375.92100000000016}",0.0,3.0,4.0,37.38,4.904200000000005,375.92100000000016
CHEMBL321643,COc1c(Cl)cc(C2=C(c3ccc(S(N)(=O)=O)cc3)CCC2)cc1Cl,9.0,active,"{1, 3, 4, 69.39, 4.744100000000002, 398.31100000000015}",1.0,3.0,4.0,69.39,4.744100000000002,398.31100000000015
CHEMBL92154,CS(=O)(=O)c1ccc(C2=C(c3ccc(F)cc3)CC3(CC3)C2)cc1,7.5,active,"{0, 2, 3, 34.14, 4.714000000000004, 342.4350000000002}",0.0,2.0,3.0,34.14,4.714000000000004,342.4350000000002
CHEMBL291912,CS(=O)(=O)c1ccc(-c2ccccc2-c2ccc(F)cc2)cc1,260.0,active,"{0, 2, 3, 34.14, 4.563200000000004, 326.39200000000005}",0.0,2.0,3.0,34.14,4.563200000000004,326.39200000000005
CHEMBL52020,Cc1cc(-c2cc(F)c(F)cc2-c2ccc(S(N)(=O)=O)cc2)ccc1F,2.0,active,"{1, 2, 3, 4.393720000000002, 377.3870000000001, 60.160000000000004}",1.0,2.0,3.0,4.393720000000002,377.3870000000001,60.160000000000004
CHEMBL421385,COc1ccc2c(c1)c(CC(=O)NOCc1ccccc1)c(C)n2C(=O)c1ccc(Cl)cc1,50.0,active,"{1, 69.56, 5, 7, 5.090720000000005, 462.9330000000001}",1.0,69.56,5.0,7.0,5.090720000000005,462.9330000000001
CHEMBL318464,COc1cc2c(cc1F)-c1c(c(C(F)F)nn1-c1ccc(S(N)(=O)=O)cc1)SC2,32.0,active,"{1, 3.8777000000000017, 4, 6, 87.21000000000001, 441.45600000000013}",1.0,3.8777000000000017,4.0,6.0,87.21000000000001,441.45600000000013
CHEMBL316455,NS(=O)(=O)c1ccc(-n2nc(C(F)(F)F)c3c2-c2ccc(F)cc2CS3)cc1,40.0,active,"{1, 2, 3.950300000000002, 5, 77.98, 429.4200000000001}",1.0,2.0,3.950300000000002,5.0,77.98,429.4200000000001
CHEMBL95021,NS(=O)(=O)c1ccc(-n2nc(C(F)(F)F)c3c2-c2ccccc2OC3)cc1,1330.15,active,"{1, 2, 3.097900000000002, 5, 395.3620000000001, 87.21000000000001}",1.0,2.0,3.097900000000002,5.0,395.3620000000001,87.21000000000001
CHEMBL119618,CCCN(C(=O)c1cc(C(C)(C)C)c2c(c1)C(C)(C)CO2)C1CC1,4000.0,active,"{0, 2, 4, 4.668700000000005, 329.4840000000001, 29.540000000000003}",0.0,2.0,4.0,4.668700000000005,329.4840000000001,29.540000000000003
CHEMBL4557315,N#Cc1c(/N=C/c2ccc(O)cc2)c(C(=O)Nc2ccc(Br)cc2)n2c1CCC2,640.0,active,"{449.30800000000016, 2, 4, 5, 4.776980000000003, 90.41}",449.30800000000016,2.0,4.0,5.0,4.776980000000003,90.41
CHEMBL4531924,N#Cc1c(/N=C/c2cccnc2)c(C(=O)Nc2ccc(Br)cc2)n2c1CCC2,9840.0,active,"{1, 4, 5, 4.466380000000003, 434.29700000000014, 83.07}",1.0,4.0,5.0,4.466380000000003,434.29700000000014,83.07
CHEMBL297527,CS(=O)(=O)Nc1ccc(-c2cc(C(F)(F)F)nn2-c2ccc(N)cc2)cc1,2640.0,active,"{2, 3.511800000000001, 4, 5, 396.39400000000006, 90.01}",2.0,3.511800000000001,4.0,5.0,396.39400000000006,90.01
CHEMBL353353,CCCCCCCCCCCCCCCc1cccc(OCC)c1CSc1nc2cc(OC)ccc2[nH]1,6250.0,active,"{1, 4, 9.896199999999997, 524.8150000000003, 47.14, 20}",1.0,4.0,9.896199999999997,524.8150000000003,47.14,20.0
CHEMBL282084,Nc1ccc(-c2cc(C(F)(F)F)nn2-c2ccc(S(N)(=O)=O)cc2)cc1,340.0,active,"{2, 3, 2.787700000000001, 5, 104.0, 382.3670000000001}",2.0,3.0,2.787700000000001,5.0,104.0,382.3670000000001
CHEMBL16952,CS(=O)(=O)c1ccc(-c2sc(-c3ccncc3)nc2-c2ccc(F)cc2)cc1,1600.0,active,"{0, 4, 5, 5.081700000000003, 410.4950000000001, 59.92}",0.0,4.0,5.0,5.081700000000003,410.4950000000001,59.92
CHEMBL29840,N#Cc1nn(-c2ccc(S(N)(=O)=O)cc2)c(-c2ccc(Cl)cc2)c1Cl,10.0,active,"{1, 3, 3.3651800000000014, 101.76999999999998, 5, 393.255}",1.0,3.0,3.3651800000000014,101.76999999999998,5.0,393.255
CHEMBL2112567,CC(C)(C)c1cc(/C=C2\CCOC2=O)cc2c1OCC2(C)C,3.5,active,"{0, 1, 3, 35.53, 3.9844000000000035, 300.398}",0.0,1.0,3.0,35.53,3.9844000000000035,300.398
CHEMBL25035,CC[C@@H](C)NC(=O)Cc1c(C)n(C(=O)c2ccc(Cl)cc2)c2ccc(OC)cc12,130.0,active,"{1, 4, 4.757420000000004, 6, 60.33, 412.91700000000014}",1.0,4.0,4.757420000000004,6.0,60.33,412.91700000000014
CHEMBL111562,COc1ccc(C2=C(c3ccc(S(N)(=O)=O)cc3)CCC2)cc1,2.0,active,"{1, 3, 4, 69.39, 3.4373000000000022, 329.4210000000001}",1.0,3.0,4.0,69.39,3.4373000000000022,329.4210000000001
CHEMBL336011,NS(=O)(=O)c1ccc(C2=C(c3cc(F)c(F)c(F)c3)CCC2)cc1,2900.0,active,"{353.36500000000007, 2, 3, 1, 3.846000000000002, 60.160000000000004}",353.36500000000007,2.0,3.0,1.0,3.846000000000002,60.160000000000004
CHEMBL97130,COc1ccc2c(c1)c(CC(=O)NCCc1ccccc1)cn2C(=O)c1ccc(Cl)cc1,66000.0,inactive,"{1, 4, 4.893200000000004, 7, 60.33, 446.9340000000001}",1.0,4.0,4.893200000000004,7.0,60.33,446.9340000000001
CHEMBL4799478,COc1ccc(-c2noc(CC(=O)NCc3ccc(CNC(=O)Cc4onc(-c5ccc(OC)cc5)c4-c4ccc(OC)cc4)cc3)c2-c2ccc(OC)cc2)cc1,50000.0,inactive,"{2, 8.08280000000001, 778.8620000000002, 10, 16, 147.17999999999998}",2.0,8.08280000000001,778.8620000000002,10.0,16.0,147.17999999999998
CHEMBL183088,CS(=O)(=O)c1ccc(-c2ccc(F)c(F)c2-c2ccc(F)cc2)cc1,14.13,active,"{0, 2, 3, 34.14, 4.841400000000004, 362.372}",0.0,2.0,3.0,34.14,4.841400000000004,362.372
CHEMBL118,Cc1ccc(-c2cc(C(F)(F)F)nn2-c2ccc(S(N)(=O)=O)cc2)cc1,1200.0,active,"{1, 3, 4, 3.5139200000000006, 77.98, 381.3790000000001}",1.0,3.0,4.0,3.5139200000000006,77.98,381.3790000000001
CHEMBL5219227,C[C@H](C(=O)N(C)CC(O)(Cn1ccnc1)c1ccc(Cl)cc1Cl)c1cccc(C(=O)c2ccccc2)c1,1930.0,active,"{1, 5, 5.570800000000005, 9, 75.43, 536.4590000000003}",1.0,5.0,5.570800000000005,9.0,75.43,536.4590000000003
CHEMBL5275709,Nc1c(C(=O)N/N=C/c2ccc(C(=O)Oc3ccccc3)cc2)sc2nc(-c3ccc(Cl)cc3)cc(-c3cccs3)c12,104.0,active,"{609.1320000000001, 2, 7, 8, 7.910500000000005, 106.67000000000002}",609.1320000000001,2.0,7.0,8.0,7.910500000000005,106.67000000000002
CHEMBL5287611,CCCCCC1C(C)=c2c(OCc3nnc(SCC(=O)N4CCN(c5ncccn5)CC4)o3)nn(C)c(=O)c2=C1C,6800.0,active,"{0, 1.5245000000000013, 132.37, 580.7150000000003, 11, 12}",0.0,1.5245000000000013,132.37,580.7150000000003,11.0,12.0
CHEMBL1630254,CC(C)CSc1cc2c(cc1Cl)C=C(C(=O)O)[C@@H](C(F)(F)F)O2,150.0,active,"{1, 3, 4, 4.879400000000003, 46.53, 366.788}",1.0,3.0,4.0,4.879400000000003,46.53,366.788
CHEMBL1630252,CC(C)Cc1cc2c(cc1Cl)C=C(C(=O)O)[C@@H](C(F)(F)F)O2,910.0,active,"{1, 2, 3, 4.329800000000003, 46.53, 334.721}",1.0,2.0,3.0,4.329800000000003,46.53,334.721
CHEMBL338705,Cc1cc(=O)c(-c2ccc(F)cc2)c(-c2ccc(S(C)(=O)=O)cc2)o1,1069.05,active,"{0, 64.35, 3, 4, 3.8248200000000026, 358.3900000000001}",0.0,64.35,3.0,4.0,3.8248200000000026,358.3900000000001
CHEMBL183101,COC(=O)c1[nH]c2cc(S(C)(=O)=O)ccc2c1Sc1ccc(F)cc1F,380.0,active,"{1, 3.7874000000000025, 4, 5, 76.23, 397.42400000000004}",1.0,3.7874000000000025,4.0,5.0,76.23,397.42400000000004
CHEMBL154,COc1ccc2cc([C@H](C)C(=O)O)ccc2c1,24300.0,inactive,"{1, 2, 3, 3.036500000000001, 230.26299999999998, 46.53}",1.0,2.0,3.0,3.036500000000001,230.26299999999998,46.53
CHEMBL54326,Cc1ccc(-c2cc(F)c(F)cc2-c2ccc(S(N)(=O)=O)cc2)cc1C,5.0,active,"{1, 2, 3, 4.5630400000000035, 373.42400000000015, 60.160000000000004}",1.0,2.0,3.0,4.5630400000000035,373.42400000000015,60.160000000000004
CHEMBL347378,COc1cccc(-c2c(-c3ccc(S(C)(=O)=O)cc3)sc3ncnn23)c1,260.0,active,"{0, 385.47, 3.536900000000002, 4, 7, 73.56}",0.0,385.47,3.536900000000002,4.0,7.0,73.56
CHEMBL279608,CC(C)(C)c1cc(-c2nsc(NS(C)(=O)=O)n2)cc(C(C)(C)C)c1O,20000.0,inactive,"{2, 3, 3.8772000000000024, 6, 92.18, 383.53900000000016}",2.0,3.0,3.8772000000000024,6.0,92.18,383.53900000000016
CHEMBL49056,COc1ccc(C2=C(c3ccc(S(C)(=O)=O)cc3)CN(c3ccccc3Cl)C2=O)cc1,220.0,active,"{0, 4, 5, 453.9470000000002, 4.709700000000004, 63.68000000000001}",0.0,4.0,5.0,453.9470000000002,4.709700000000004,63.68000000000001
CHEMBL42595,CS(=O)(=O)c1ccc(-n2cc(C(F)(F)F)nc2-c2ccc(F)c(F)c2)cc1,120.0,active,"{0, 3, 4, 4.2398000000000025, 402.34400000000005, 51.96}",0.0,3.0,4.0,4.2398000000000025,402.34400000000005,51.96
CHEMBL320111,Cc1ccc(OC2=C(c3ccc(S(C)(=O)=O)cc3)C(C)(C)OC2=O)nc1,380.0,active,"{0, 2.9190200000000006, 4, 6, 82.56000000000002, 373.4300000000002}",0.0,2.9190200000000006,4.0,6.0,82.56000000000002,373.4300000000002
CHEMBL327510,CCN(CC)C(=O)Cc1c(C)n(C(=O)c2ccc(Cl)cc2)c2ccc(OC)cc12,25000.0,inactive,"{0, 4, 4.711120000000005, 6, 51.540000000000006, 412.91700000000014}",0.0,4.0,4.711120000000005,6.0,51.540000000000006,412.91700000000014
CHEMBL147016,Cc1ccc(Cl)c(Nc2ccccc2C(=O)NOCc2ccc([N+](=O)[O-])cc2)c1Cl,66000.0,inactive,"{2, 5, 5.8152200000000045, 7, 93.5, 446.2900000000002}",2.0,5.0,5.8152200000000045,7.0,93.5,446.2900000000002
CHEMBL282185,COC(=O)c1cc2cc(S(C)(=O)=O)ccc2n1C(=O)c1ccc(Cl)cc1,730.0,active,"{0, 3, 3.173300000000002, 6, 391.8320000000001, 82.44}",0.0,3.0,3.173300000000002,6.0,391.8320000000001,82.44
CHEMBL298313,COc1ccc(-c2nc(C(F)(F)F)cn2-c2ccc(S(N)(=O)=O)cc2)cc1Cl,19.95,active,"{1, 3.8675000000000024, 4, 5, 431.8230000000001, 87.21000000000001}",1.0,3.8675000000000024,4.0,5.0,431.8230000000001,87.21000000000001
CHEMBL184122,COc1ccc(-c2c(-c3ccc(S(N)(=O)=O)cc3)ccc(F)c2F)cc1Cl,12.88,active,"{1, 3, 4, 69.39, 4.608200000000002, 409.841}",1.0,3.0,4.0,69.39,4.608200000000002,409.841
CHEMBL126303,Cc1cc(=O)c(Oc2ccccc2C)c(-c2ccc(S(C)(=O)=O)cc2)o1,170.0,active,"{0, 4, 5, 4.119440000000003, 73.58000000000001, 370.4260000000001}",0.0,4.0,5.0,4.119440000000003,73.58000000000001,370.4260000000001
CHEMBL596692,O=C(O)Cc1ccc(-c2ccn(C(F)F)c(=O)c2)cc1,890.0,active,"{1, 2.5375000000000014, 3, 4, 279.24199999999996, 59.3}",1.0,2.5375000000000014,3.0,4.0,279.24199999999996,59.3
CHEMBL127642,CS(=O)(=O)c1ccc(-c2[nH]c(C(=O)C(F)(F)F)cc2-c2ccc(F)cc2)cc1,298200.0,inactive,"{1, 3, 67.0, 4, 4.636300000000003, 411.3760000000001}",1.0,3.0,67.0,4.0,4.636300000000003,411.3760000000001
CHEMBL110824,CC1(C)OC(=O)C(Oc2ncc(Cl)cc2Cl)=C1c1ccc(S(C)(=O)=O)cc1,40.0,active,"{0, 3.9174000000000033, 4, 6, 428.2930000000002, 82.56}",0.0,3.9174000000000033,4.0,6.0,428.2930000000002,82.56
CHEMBL111427,COc1ccc(C2=C(c3ccc(S(N)(=O)=O)cc3)CCC2)cc1F,16.0,active,"{1, 3, 4, 69.39, 3.5764000000000022, 347.4110000000001}",1.0,3.0,4.0,69.39,3.5764000000000022,347.4110000000001
CHEMBL127190,Cc1cc(=O)c(-c2ccc(Cl)c(Cl)c2)c(-c2ccc(S(C)(=O)=O)cc2)o1,680.77,active,"{0, 64.35, 3, 4, 4.992520000000003, 409.29000000000013}",0.0,64.35,3.0,4.0,4.992520000000003,409.29000000000013
CHEMBL265562,NS(=O)(=O)c1ccc(C2=C(c3ccc(F)cc3)CCC2)cc1,7.0,active,"{1, 2, 3, 3.5678000000000027, 60.160000000000004, 317.3850000000001}",1.0,2.0,3.0,3.5678000000000027,60.160000000000004,317.3850000000001
CHEMBL331921,Cc1cnc2c(-c3ccc(F)cc3)c(-c3ccc(S(C)(=O)=O)cc3)nn2c1C,12.0,active,"{0, 64.33, 3, 4.2227400000000035, 5, 395.4590000000001}",0.0,64.33,3.0,4.2227400000000035,5.0,395.4590000000001
CHEMBL237204,Cc1c(CC(=O)NCCCO[N+](=O)[O-])c2cc(O)ccc2n1C(=O)c1ccc(Cl)cc1,3500.0,active,"{2, 3.2543200000000025, 7, 8, 123.69999999999999, 445.85900000000015}",2.0,3.2543200000000025,7.0,8.0,123.69999999999999,445.85900000000015
CHEMBL149597,CS(=O)(=O)c1ccc(-c2c(-c3ccc(Cl)cc3)nc3sc(Cl)c(Cl)n23)cc1,3600.0,active,"{0, 3, 5, 6.093500000000002, 457.7910000000001, 51.44}",0.0,3.0,5.0,6.093500000000002,457.7910000000001,51.44
CHEMBL91258,CS(=O)(=O)c1ccc(C2=C(c3ccc(Cl)cc3Cl)CC3(CC3)C2)cc1,33.0,active,"{0, 2, 3, 34.14, 5.881700000000004, 393.3350000000002}",0.0,2.0,3.0,34.14,5.881700000000004,393.3350000000002
CHEMBL456235,CCCCCCc1ccc(-c2ccc(O)c(OC)c2)o1,8400.0,active,"{1, 3, 4.783600000000004, 7, 42.6, 274.36}",1.0,3.0,4.783600000000004,7.0,42.6,274.36
CHEMBL237400,COc1cc2c(CC(=O)NCCCO[N+](=O)[O-])c(C)n(C(=O)c3ccc(Cl)cc3)c2cc1Cl,5800.0,active,"{1, 4.210720000000003, 7, 9, 494.33100000000013, 112.69999999999999}",1.0,4.210720000000003,7.0,9.0,494.33100000000013,112.69999999999999
CHEMBL16878,CC(C)(C)c1cc(-c2nnc(N=C(N)N)o2)cc(C(C)(C)C)c1O,23000.0,inactive,"{2, 3, 2.9421000000000013, 5, 331.4200000000001, 123.55}",2.0,3.0,2.9421000000000013,5.0,331.4200000000001,123.55
CHEMBL329419,CS(=O)(=O)c1ccc(-c2cccnc2-c2cccnc2)cc1,610.0,active,"{0, 3, 4, 3.214100000000001, 310.37800000000004, 59.92}",0.0,3.0,4.0,3.214100000000001,310.37800000000004,59.92
CHEMBL329419,CS(=O)(=O)c1ccc(-c2cccnc2-c2cccnc2)cc1,33000.0,inactive,"{0, 3, 4, 3.214100000000001, 310.37800000000004, 59.92}",0.0,3.0,4.0,3.214100000000001,310.37800000000004,59.92
CHEMBL157820,CS(=O)(=O)c1ccc(-c2sc3ncnn3c2-c2cccc(F)c2)cc1,22.0,active,"{0, 64.33, 3, 3.6674000000000024, 6, 373.4340000000001}",0.0,64.33,3.0,3.6674000000000024,6.0,373.4340000000001
CHEMBL43149,COc1ccc(-c2nc(C(F)(F)F)cn2-c2ccc(S(C)(=O)=O)cc2)cc1Cl,130.0,active,"{0, 4, 5, 4.623600000000002, 430.83500000000015, 61.190000000000005}",0.0,4.0,5.0,4.623600000000002,430.83500000000015,61.190000000000005
CHEMBL48332,CS(=O)(=O)c1ccc(C2=C(c3ccccc3)C(=O)N(c3ccc(F)cc3)C2)cc1,350.0,active,"{0, 3, 4, 4.186800000000003, 54.45, 407.4660000000001}",0.0,3.0,4.0,4.186800000000003,54.45,407.4660000000001
CHEMBL54945,CS(=O)(=O)c1ccc(-c2cc(Cl)c(Cl)cc2-c2ccc(F)cc2)cc1,240.0,active,"{0, 2, 3, 34.14, 5.870000000000004, 395.2820000000001}",0.0,2.0,3.0,34.14,5.870000000000004,395.2820000000001
CHEMBL165946,CCCCc1cc(-c2ccccc2)n(-c2ccc(S(C)(=O)=O)cc2)n1,10000.0,inactive,"{0, 354.4750000000001, 4, 4.285400000000004, 6, 51.96}",0.0,354.4750000000001,4.0,4.285400000000004,6.0,51.96
CHEMBL73572,COC(=O)Cc1c(C)n(C(=O)c2ccc(Cl)cc2)c2ccc(OC)cc12,250.0,active,"{0, 4, 5, 4.015720000000003, 371.82000000000016, 57.53}",0.0,4.0,5.0,4.015720000000003,371.82000000000016,57.53
CHEMBL17101,Cc1nc(-c2ccccc2)c(-c2ccc(S(N)(=O)=O)cc2)s1,38.0,active,"{1, 3, 4, 3.432920000000001, 73.05, 330.434}",1.0,3.0,4.0,3.432920000000001,73.05,330.434
CHEMBL316484,COc1ccc2c(c1)c(CC(=O)OCCc1ccccc1)c(C)n2Cc1ccc(Br)cc1,66000.0,inactive,"{0, 4, 6.097520000000006, 8, 40.46, 492.4130000000001}",0.0,4.0,6.097520000000006,8.0,40.46,492.4130000000001
CHEMBL111786,NS(=O)(=O)c1ccc(C2=C(c3ccc(F)c(Cl)c3)CCC2)cc1,10.0,active,"{1, 2, 3, 4.221200000000002, 60.160000000000004, 351.8300000000001}",1.0,2.0,3.0,4.221200000000002,60.160000000000004,351.8300000000001
CHEMBL110401,CC1(C)OC(=O)C(Oc2ccc(F)c(F)c2)=C1c1ccc(S(C)(=O)=O)cc1,60.0,active,"{0, 3.493800000000002, 4, 5, 69.67, 394.3950000000001}",0.0,3.493800000000002,4.0,5.0,69.67,394.3950000000001
CHEMBL95659,COc1ccc2c(c1)c(CC(=O)NNCc1ccccc1)c(C)n2C(=O)c1ccc(Cl)cc1,2500.0,active,"{2, 4.663720000000003, 5, 7, 72.36, 461.9490000000002}",2.0,4.663720000000003,5.0,7.0,72.36,461.9490000000002
CHEMBL95643,COc1ccc2c(c1)c(CC(=O)OCCc1ccccc1)c(C)n2C(=O)c1ccc(Cl)cc1,40.0,active,"{0, 5, 5.628620000000005, 7, 461.94500000000016, 57.53}",0.0,5.0,5.628620000000005,7.0,461.94500000000016,57.53
CHEMBL110574,Cc1ncccc1-c1nc(C(F)(F)F)cn1-c1ccc(S(C)(=O)=O)cc1,9600.0,active,"{0, 64.85, 3, 3.665020000000003, 5, 381.3790000000001}",0.0,64.85,3.0,3.665020000000003,5.0,381.3790000000001
CHEMBL108961,Cc1ccnc(-c2nc(C(F)(F)F)cn2-c2ccc(S(N)(=O)=O)cc2)c1,440.0,active,"{1, 2.9089199999999993, 3, 5, 90.87, 382.3670000000001}",1.0,2.9089199999999993,3.0,5.0,90.87,382.3670000000001
CHEMBL338914,CS(=O)(=O)c1ccc(-c2[nH]c(Cl)c(Cl)c2-c2ccc(F)cc2)cc1,69000.0,inactive,"{384.25900000000007, 1, 2, 3, 5.198100000000003, 49.93}",384.25900000000007,1.0,2.0,3.0,5.198100000000003,49.93
CHEMBL71022,CS(=O)(=O)c1ccc(-c2coc(=O)n2-c2ccccc2)cc1,1600.0,active,"{0, 2.5010000000000012, 3, 69.28, 5, 315.35}",0.0,2.5010000000000012,3.0,69.28,5.0,315.35
CHEMBL420479,CS(=O)(=O)c1ccc(-n2cc(C(F)(F)F)nc2-c2ccncc2)cc1,100000.0,inactive,"{0, 64.85, 3, 3.356600000000002, 5, 367.35200000000003}",0.0,64.85,3.0,3.356600000000002,5.0,367.35200000000003
CHEMBL17047,CS(=O)(=O)c1ccc(-c2nc(C(F)(F)F)sc2-c2ccc(F)cc2)cc1,6.0,active,"{0, 3, 4, 5.0385000000000035, 47.03, 401.40600000000006}",0.0,3.0,4.0,5.0385000000000035,47.03,401.40600000000006
CHEMBL29887,COc1ccc(-c2cc(C(F)(F)F)nn2-c2ccc(S(N)(=O)=O)cc2)cc1C,9.3,active,"{1, 3.522520000000001, 4, 5, 87.21000000000001, 411.40500000000014}",1.0,3.522520000000001,4.0,5.0,87.21000000000001,411.40500000000014
CHEMBL28664,NS(=O)(=O)c1ccc(-n2nc(C(F)(F)F)cc2-c2ccc([N+](=O)[O-])cc2)cc1,2630.0,active,"{1, 3.1137000000000015, 4, 6, 121.12, 412.3490000000001}",1.0,3.1137000000000015,4.0,6.0,121.12,412.3490000000001
CHEMBL92102,Cc1ccc(C2=C(c3ccc(S(C)(=O)=O)cc3)CC3(CC3)C2)cc1,1.5,active,"{0, 2, 3, 34.14, 4.883320000000005, 338.4720000000002}",0.0,2.0,3.0,34.14,4.883320000000005,338.4720000000002
CHEMBL28913,CSc1ccc(-c2cc(C(F)(F)F)nn2-c2ccc(S(N)(=O)=O)cc2)cc1C,3.7,active,"{1, 4, 5, 4.235820000000002, 427.4730000000001, 77.98}",1.0,4.0,5.0,4.235820000000002,427.4730000000001,77.98
CHEMBL43672,NS(=O)(=O)c1ccc(-n2cc(C(F)(F)F)nc2-c2cccc(F)c2)cc1,30.0,active,"{385.34200000000004, 1, 3, 4, 3.3446000000000016, 77.98}",385.34200000000004,1.0,3.0,4.0,3.3446000000000016,77.98
CHEMBL43089,COc1cc(F)cc(-c2nc(C(F)(F)F)cn2-c2ccc(S(N)(=O)=O)cc2)c1,460.0,active,"{1, 3.353200000000001, 4, 5, 87.21000000000001, 415.3680000000001}",1.0,3.353200000000001,4.0,5.0,87.21000000000001,415.3680000000001
CHEMBL2391054,Cc1c(C#N)cc(-c2ccc(S(C)(=O)=O)cc2)n1-c1cccc(F)c1,1300.0,active,"{0, 354.406, 3, 4, 3.8670000000000027, 62.86}",0.0,354.406,3.0,4.0,3.8670000000000027,62.86
CHEMBL95558,COC(=O)Cc1ccc(NC(=O)Cc2c(C)n(C(=O)c3ccc(Cl)cc3)c3ccc(OC)cc23)cc1,58.0,active,"{1, 5.196920000000005, 6, 7, 86.63000000000001, 504.97000000000014}",1.0,5.196920000000005,6.0,7.0,86.63000000000001,504.97000000000014
CHEMBL88286,CS(=O)(=O)c1ccc(C2=C(c3ccc(F)c(Cl)c3)CC3(CC3)C2)cc1,7.0,active,"{0, 2, 3, 34.14, 5.367400000000004, 376.88000000000017}",0.0,2.0,3.0,34.14,5.367400000000004,376.88000000000017
CHEMBL42225,CS(=O)(=O)c1ccc(-n2cc(C(F)(F)F)nc2-c2ccccc2)cc1,120.0,active,"{0, 3, 4, 3.9616000000000025, 366.36400000000003, 51.96}",0.0,3.0,4.0,3.9616000000000025,366.36400000000003,51.96
CHEMBL319578,COc1ccc2c(c1)c(CC(=O)N[C@@H](C)c1ccc(C)cc1)c(C)n2C(=O)c1ccc(Cl)cc1,200.0,active,"{1, 4, 6, 6.028540000000006, 474.98800000000017, 60.33}",1.0,4.0,6.0,6.028540000000006,474.98800000000017,60.33
CHEMBL24415,COc1ccc2c(c1)c(CC(=O)NCCO)c(C)n2C(=O)c1ccc(Cl)cc1,250.0,active,"{2, 2.951220000000001, 5, 6, 400.8620000000001, 80.56}",2.0,2.951220000000001,5.0,6.0,400.8620000000001,80.56
CHEMBL611203,COc1ccc2c(c1F)C[S+]([O-])c1c(C(F)(F)F)nn(-c3ccc(S(N)(=O)=O)cc3)c1-2,1513.56,active,"{1, 2.9744, 3, 6, 110.26999999999998, 475.44500000000016}",1.0,2.9744,3.0,6.0,110.26999999999998,475.44500000000016
CHEMBL118,Cc1ccc(-c2cc(C(F)(F)F)nn2-c2ccc(S(N)(=O)=O)cc2)cc1,1200.0,active,"{1, 3, 4, 3.5139200000000006, 77.98, 381.3790000000001}",1.0,3.0,4.0,3.5139200000000006,77.98,381.3790000000001
CHEMBL5078291,COc1ccc(CCCNC(=O)c2ccccc2Nc2ccccc2)cc1,150000.0,inactive,"{2, 3, 4.801400000000004, 360.45700000000005, 8, 50.36}",2.0,3.0,4.801400000000004,360.45700000000005,8.0,50.36
CHEMBL5082822,COc1ccc(NC(=O)c2ccccc2Nc2cccc(C)c2C)cc1,150000.0,inactive,"{2, 3, 5, 5.307940000000004, 50.36, 346.4300000000001}",2.0,3.0,5.0,5.307940000000004,50.36,346.4300000000001
CHEMBL5075058,CCOC(=O)Cn1nncc1COc1ccc2ccccc2c1-c1c(OCc2cnnn2CC(=O)OCC)ccc2ccccc12,23000.0,inactive,"{0, 132.48, 5.127200000000005, 12, 620.6660000000003, 13}",0.0,132.48,5.127200000000005,12.0,620.6660000000003,13.0
CHEMBL4096972,Cc1c(C(=O)N(C)c2ccccc2)nc2ccc(Cl)cc2c1O,1740.0,active,"{1, 2, 3, 4.1788200000000035, 326.7830000000001, 53.43000000000001}",1.0,2.0,3.0,4.1788200000000035,326.7830000000001,53.43000000000001
CHEMBL527107,CS(=O)(=O)c1ccc(-c2[nH]c3ccc(Br)cc3c2-c2ccccc2)cc1,1.41,active,"{1, 2, 3, 5.667900000000004, 426.3350000000001, 49.93}",1.0,2.0,3.0,5.667900000000004,426.3350000000001,49.93
CHEMBL499069,COc1ccc(-c2c(-c3ccc(S(C)(=O)=O)cc3)[nH]c3ccccc23)cc1,0.02,active,"{1, 3, 4, 4.914000000000003, 377.46500000000003, 59.160000000000004}",1.0,3.0,4.0,4.914000000000003,377.46500000000003,59.160000000000004
CHEMBL500943,CC(=O)NS(=O)(=O)c1ccc(-c2[nH]c3ccccc3c2-c2ccccc2)cc1,0.1799,active,"{2, 3, 4, 4.326700000000002, 390.4640000000001, 79.03}",2.0,3.0,4.0,4.326700000000002,390.4640000000001,79.03
CHEMBL460396,CCCCCCC(Sc1nc(Cl)cc(NCCOc2ccccc2)n1)C(=O)O,10.0,active,"{2, 5.136600000000005, 6, 423.9660000000002, 13, 84.34000000000002}",2.0,5.136600000000005,6.0,423.9660000000002,13.0,84.34000000000002
CHEMBL1632406,Cc1ccc(C2CC(c3ccc(S(C)(=O)=O)cc3)=NN2C(N)=S)cc1,31850.0,inactive,"{1, 2.7932200000000007, 3, 4, 75.76, 373.5030000000001}",1.0,2.7932200000000007,3.0,4.0,75.76,373.5030000000001
CHEMBL51860,COc1ccc(-c2cc(F)c(F)cc2-c2ccc(S(N)(=O)=O)cc2)cc1C,5.0,active,"{1, 3, 4, 69.39, 389.4230000000001, 4.263220000000002}",1.0,3.0,4.0,69.39,389.4230000000001,4.263220000000002
CHEMBL509159,C=C1C(=O)O[C@@H]2C[C@H](C)[C@@H]3[C@@H](O)CC(=O)[C@@]3(C)C[C@H]12,3800.0,active,"{0, 1, 1.4703, 4, 264.32099999999997, 63.6}",0.0,1.0,1.4703,4.0,264.32099999999997,63.6
CHEMBL206765,C=C1C(=O)O[C@H]2[C@H]1[C@H](OC(=O)[C@@]1(C)O[C@H]1C)[C@@H](OC(C)=O)/C(C(=O)OC)=C\CC[C@@]1(C)O[C@H]21,600.0,active,"{0, 1.1557999999999997, 130.26, 4, 10, 464.4670000000003}",0.0,1.1557999999999997,130.26,4.0,10.0,464.4670000000003
CHEMBL502799,CC(=O)O[C@@]12[C@H](OC(=O)[C@@H](C(C)C)N(C)C)[C@@H](C)[C@@]3(O)[C@@H](C=C(CO)C[C@@]4(O)C(=O)C(C)=C[C@@H]34)[C@@H]1C2(C)C,2200.0,active,"{1.6379999999999995, 3, 133.60000000000002, 6, 9, 533.6620000000003}",1.6379999999999995,3.0,133.60000000000002,6.0,9.0,533.6620000000003
CHEMBL319999,COc1ccc2c(c1)c(CC(=O)NCCc1ccccc1)c(C)n2Cc1ccc(Br)cc1,66000.0,inactive,"{1, 3, 5.670520000000005, 8, 491.42900000000014, 43.26}",1.0,3.0,5.670520000000005,8.0,491.42900000000014,43.26
CHEMBL5092058,Cc1cn([C@H](C)CC#N)c(=O)c2cc(Cn3nc(C(F)F)cc3Cl)nn12,10000.0,inactive,"{0, 3.1149000000000013, 5, 7, 80.91, 380.78600000000006}",0.0,3.1149000000000013,5.0,7.0,80.91,380.78600000000006
CHEMBL3410354,NS(=O)(=O)c1ccc(N2N=C3c4ccccc4CCC3C2c2c(F)cccc2Cl)cc1,3660.0,active,"{1, 3, 4, 4.654500000000004, 455.9420000000001, 75.76}",1.0,3.0,4.0,4.654500000000004,455.9420000000001,75.76
CHEMBL3410356,COc1ccccc1C1C2COc3ccccc3C2=NN1c1ccc(S(N)(=O)=O)cc1,330.0,active,"{1, 3.3168000000000006, 4, 6, 435.5050000000001, 94.22}",1.0,3.3168000000000006,4.0,6.0,435.5050000000001,94.22
CHEMBL3410363,NS(=O)(=O)c1ccc(N2N=C3c4ccccc4OCC3C2c2ccc(Cl)cc2Cl)cc1,2740.0,active,"{1, 3, 4.615000000000004, 5, 84.99000000000001, 474.36900000000014}",1.0,3.0,4.615000000000004,5.0,84.99000000000001,474.36900000000014
CHEMBL4876637,COc1cc(Cc2n[nH]c(=S)n(/N=C/c3cc4cccc(C)c4nc3Cl)c2=O)cc(OC)c1OC,160.0,active,"{1, 4.3097100000000035, 7, 103.62, 9, 511.9910000000004}",1.0,4.3097100000000035,7.0,103.62,9.0,511.9910000000004
CHEMBL3238415,Cc1ccc(C2=C(c3ccc(S(C)(=O)=O)cc3)COC2=O)cc1,300.0,active,"{0, 2.8661200000000013, 3, 4, 328.3890000000001, 60.440000000000005}",0.0,2.8661200000000013,3.0,4.0,328.3890000000001,60.440000000000005
CHEMBL3234234,CCOC(=O)/C(=C/c1cccc(Cl)c1)CSc1nc(C)cc(C)n1,5880.0,active,"{0, 4.485640000000004, 5, 6, 362.8820000000001, 52.08}",0.0,4.485640000000004,5.0,6.0,362.8820000000001,52.08
CHEMBL456800,CCCCCC[C@H](Sc1nc(Cl)cc(Nc2ccc(-c3ccc(C#N)cc3)cc2)n1)C(=O)O,10.0,active,"{481.0210000000002, 2, 98.9, 6, 6.927980000000006, 11}",481.0210000000002,2.0,98.9,6.0,6.927980000000006,11.0
CHEMBL456575,CCCCCCC(Sc1nc(Cl)cc(NCc2ccc(-c3ccccc3)cc2)n1)C(=O)OCC,10.0,active,"{64.11, 1, 6, 7.403300000000008, 13, 498.09200000000027}",64.11,1.0,6.0,7.403300000000008,13.0,498.09200000000027
CHEMBL460616,CCCCCCC(Sc1nc(Cl)cc(Nc2ccc(-c3ccccc3)cc2)n1)C(=O)O,10.0,active,"{2, 5, 7.056300000000006, 456.01100000000014, 11, 75.11}",2.0,5.0,7.056300000000006,456.01100000000014,11.0,75.11
CHEMBL4873184,CCCCOc1nc(OCC2(C)COC2)c(-c2ccc(S(C)(=O)=O)cc2)cc1CO,210.0,active,"{1, 3.238600000000002, 7, 10, 435.54200000000014, 94.95}",1.0,3.238600000000002,7.0,10.0,435.54200000000014,94.95
CHEMBL4865464,CCCCOc1nc(OCC(C)(C)O)c(-c2ccc(S(C)(=O)=O)cc2)cc1CO,226.0,active,"{2, 2.973000000000002, 7, 423.5310000000002, 105.95, 10}",2.0,2.973000000000002,7.0,423.5310000000002,105.95,10.0
CHEMBL551418,CS(=O)(=O)c1ccc(-c2cc(C(F)(F)F)nc(OC3CCCC3)n2)cc1,10.0,active,"{0, 386.3950000000002, 3.8873000000000024, 4, 69.15, 5}",0.0,386.3950000000002,3.8873000000000024,4.0,69.15,5.0
CHEMBL550737,Cc1cccc(Oc2nc(-c3ccc(S(C)(=O)=O)cc3)cc(C(F)(F)F)n2)c1,10.0,active,"{0, 4, 69.15, 5, 4.666620000000003, 408.40100000000007}",0.0,4.0,69.15,5.0,4.666620000000003,408.40100000000007
CHEMBL549927,CS(=O)(=O)c1ccc(-c2cc(N)nc(NC3CCCCC3)n2)cc1,10000.0,inactive,"{97.97, 2, 2.8739000000000017, 4, 6, 346.4560000000002}",97.97,2.0,2.8739000000000017,4.0,6.0,346.4560000000002
CHEMBL286277,NS(=O)(=O)c1ccc(-n2ncc(F)c2-c2ccccc2)cc1,4660.0,active,"{1, 2.3258, 3, 4, 77.98, 317.34499999999997}",1.0,2.3258,3.0,4.0,77.98,317.34499999999997
CHEMBL4871207,COc1ccc(/C=C\C(=O)c2cc(-n3cc(CN4C(=O)C(=O)c5ccccc54)nn3)ccc2O)cc1,37.0,active,"{480.48000000000013, 1, 3.6071000000000026, 7, 8, 114.62}",480.48000000000013,1.0,3.6071000000000026,7.0,8.0,114.62
CHEMBL4852569,Cc1ccc(-c2cc(C)n(S(=O)(=O)Oc3ccccc3Cl)n2)cc1,530.0,active,"{0, 3.9922400000000025, 4, 5, 362.838, 61.19}",0.0,3.9922400000000025,4.0,5.0,362.838,61.19
CHEMBL4868049,Cc1cc(-c2ccccc2)nn1S(=O)(=O)Oc1ccccc1C(F)(F)F,100000.0,inactive,"{0, 4, 5, 4.049220000000002, 61.19, 382.363}",0.0,4.0,5.0,4.049220000000002,61.19,382.363
CHEMBL515547,Cc1ccc(-c2ssc(=S)c2-c2ccc(S(C)(=O)=O)cc2)cc1,50000.0,inactive,"{0, 34.14, 3, 5, 5.585010000000005, 378.5650000000001}",0.0,34.14,3.0,5.0,5.585010000000005,378.5650000000001
CHEMBL28216,COc1ccc2c(c1)c(CC(=O)N[C@@H](CO)CC(C)C)c(C)n2C(=O)c1ccc(Cl)cc1,500.0,active,"{2, 4.365920000000004, 5, 456.97000000000014, 8, 80.56}",2.0,4.365920000000004,5.0,456.97000000000014,8.0,80.56
CHEMBL596888,Cc1c(CC(=O)O)cccc1-c1ccn(C(F)F)c(=O)c1,1200.0,active,"{1, 2.8459200000000013, 3, 4, 293.269, 59.3}",1.0,2.8459200000000013,3.0,4.0,293.269,59.3
CHEMBL153,Cc1c(C)c2c(c(C)c1O)CCC(C)(C(=O)O)O2,150.0,active,"{1, 2, 3, 66.76, 2.48576, 250.29399999999995}",1.0,2.0,3.0,66.76,2.48576,250.29399999999995
CHEMBL407712,NS(=O)(=O)c1ccc(-c2nc(NCc3ccccn3)cc(C(F)(F)F)n2)cc1,10000.0,inactive,"{2, 2.8169000000000013, 5, 6, 110.86000000000001, 409.39300000000003}",2.0,2.8169000000000013,5.0,6.0,110.86000000000001,409.39300000000003
CHEMBL408788,CCSc1cc(NCc2ccccc2)nc(-c2ccc(S(C)(=O)=O)cc2)n1,24.1,active,"{1, 4.271200000000003, 6, 71.95, 7, 399.5410000000001}",1.0,4.271200000000003,6.0,71.95,7.0,399.5410000000001
CHEMBL223655,CCS(=O)(=O)Nc1ccncc1Oc1ccc(Cl)cc1,3280.0,active,"{1, 3.2889000000000017, 4, 5, 68.29, 312.778}",1.0,3.2889000000000017,4.0,5.0,68.29,312.778
CHEMBL365769,COc1ccc2c(c1F)CSc1c(C(F)(F)F)nn(-c3ccc(S(N)(=O)=O)cc3)c1-2,8.913,active,"{1, 3, 3.9589000000000016, 6, 459.44600000000014, 87.21000000000001}",1.0,3.0,3.9589000000000016,6.0,459.44600000000014,87.21000000000001
CHEMBL561609,NS(=O)(=O)c1ccc(-c2cc(C(F)(F)F)nc(NC3CCCCC3)n2)cc1,2.4,active,"{97.97000000000001, 2, 3.554400000000003, 4, 5, 400.42600000000016}",97.97000000000001,2.0,3.554400000000003,4.0,5.0,400.42600000000016
CHEMBL501676,Clc1ccc(-c2cn[se]c2-c2ccc(Cl)cc2)cc1,0.0,active,"{0, 353.11, 2, 1, 4.7794000000000025, 12.89}",0.0,353.11,2.0,1.0,4.7794000000000025,12.89
CHEMBL475545,Cc1ccc(-c2c(-c3ccc(Cl)cc3)ssc2=O)cc1,50000.0,inactive,"{0, 2, 3, 5.465620000000003, 17.07, 318.8500000000001}",0.0,2.0,3.0,5.465620000000003,17.07,318.8500000000001
CHEMBL222732,COC1(c2cc(F)cc(OCc3cc(-c4ccccc4)n(-c4ccc(C)c(C)c4)n3)c2)CCOCC1,410.0,active,"{0, 5, 486.58700000000033, 7, 6.5263400000000065, 45.510000000000005}",0.0,5.0,486.58700000000033,7.0,6.5263400000000065,45.510000000000005
CHEMBL276800,CCCCC(=O)c1cc(C(C)(C)C)c2c(c1)C(C)(C)CCS2,400.0,active,"{0, 2, 4, 6.130400000000006, 17.07, 318.526}",0.0,2.0,4.0,6.130400000000006,17.07,318.526
CHEMBL154839,COc1ccc(C(=O)NNc2ccc(Cl)cc2)cc1,470.0,active,"{2, 3, 4, 3.105500000000001, 50.36, 276.723}",2.0,3.0,4.0,3.105500000000001,50.36,276.723
CHEMBL358097,CCCSc1ccccc1OC(C)=O,66000.0,inactive,"{0, 3, 4, 3.1140000000000017, 210.29799999999994, 26.3}",0.0,3.0,4.0,3.1140000000000017,210.29799999999994,26.3
CHEMBL29257,NS(=O)(=O)c1ccc(-c2cc(C(F)(F)F)nn2-c2ccc(F)cc2)cc1,10.0,active,"{385.342, 1, 3, 4, 3.3446000000000016, 77.98000000000002}",385.342,1.0,3.0,4.0,3.3446000000000016,77.98000000000002
CHEMBL115458,COC(=O)c1ncc(-c2ccc(S(C)(=O)=O)cc2)n1-c1ccc(F)cc1,10000.0,inactive,"{0, 2.868500000000002, 4, 6, 78.25999999999999, 374.3930000000001}",0.0,2.868500000000002,4.0,6.0,78.25999999999999,374.3930000000001
CHEMBL325298,Cc1ccc(-c2c(Cl)ncn2-c2ccc(S(C)(=O)=O)cc2)cc1F,6.0,active,"{0, 3, 4, 4.043720000000002, 364.8290000000001, 51.96}",0.0,3.0,4.0,4.043720000000002,364.8290000000001,51.96
CHEMBL281014,COC(=O)c1cc2cc(S(C)(=O)=O)ccc2n1Cc1ccc([N+](=O)[O-])cc1,20000.0,inactive,"{0, 2.7879000000000014, 388.4010000000001, 5, 7, 108.51000000000002}",0.0,2.7879000000000014,388.4010000000001,5.0,7.0,108.51000000000002
CHEMBL16516,CS(=O)(=O)c1ccc(-c2sc(CCCc3ccc(Br)cc3)nc2-c2ccc(F)cc2)cc1,7.0,active,"{0, 4, 6.957500000000006, 7, 47.03, 530.4840000000002}",0.0,4.0,6.957500000000006,7.0,47.03,530.4840000000002
CHEMBL171471,CS(=O)(=O)c1ccc(-c2ccccc2C2CCCCC2)cc1,31000.0,inactive,"{0, 2, 3, 34.14, 4.804800000000005, 314.4500000000001}",0.0,2.0,3.0,34.14,4.804800000000005,314.4500000000001
CHEMBL2234864,CS(=O)(=O)c1ccc(-c2nc(NC3CC=CCC3)cc(C(F)(F)F)n2)cc1,30395549.56,inactive,"{1, 4, 5, 4.086500000000003, 71.95, 397.4220000000001}",1.0,4.0,5.0,4.086500000000003,71.95,397.4220000000001
CHEMBL271337,NS(=O)(=O)c1ccc(-c2nc(NCc3cccs3)cc(C(F)(F)F)n2)cc1,6345268.44,inactive,"{97.97000000000001, 2, 3.4834000000000014, 5, 6, 414.434}",97.97000000000001,2.0,3.4834000000000014,5.0,6.0,414.434
CHEMBL518643,CCCCCCC(Sc1nc(Cl)cc(NCc2ccc3ncccc3c2)n1)C(=O)O,10.0,active,"{2, 5.806000000000005, 6, 11, 88.00000000000001, 444.98800000000017}",2.0,5.806000000000005,6.0,11.0,88.00000000000001,444.98800000000017
CHEMBL118067,CCOc1cc(OCC)cc(-c2c(Cl)ncn2-c2ccc(S(C)(=O)=O)cc2)c1,10000.0,inactive,"{0, 420.9180000000001, 4.393600000000004, 70.42, 6, 7}",0.0,420.9180000000001,4.393600000000004,70.42,6.0,7.0
CHEMBL3238414,CS(=O)(=O)c1ccc(-n2nc(C(F)(F)F)cc2-c2ccccc2)cc1,6840.0,active,"{0, 3, 4, 3.9616000000000025, 366.36400000000003, 51.96}",0.0,3.0,4.0,3.9616000000000025,366.36400000000003,51.96
CHEMBL329120,Cc1cnc(-c2cccnc2)c(-c2ccc(S(C)(=O)=O)cc2)c1,2100.0,active,"{0, 3, 324.40500000000003, 4, 3.522520000000002, 59.92}",0.0,3.0,324.40500000000003,4.0,3.522520000000002,59.92
CHEMBL18377,CC1(O)OC(=O)C(Sc2ccccc2)=C1c1ccc(S(C)(=O)=O)cc1,10000.0,inactive,"{1, 2.8588000000000013, 4, 6, 80.67, 376.4550000000001}",1.0,2.8588000000000013,4.0,6.0,80.67,376.4550000000001
CHEMBL146920,Cc1ccc(Cl)c(Nc2ccccc2C(=O)NOC(C)(C)C)c1Cl,66000.0,inactive,"{2, 3, 4, 5.505320000000005, 367.2760000000002, 50.36}",2.0,3.0,4.0,5.505320000000005,367.2760000000002,50.36
CHEMBL106445,Cc1cc2cc(-c3ccc(C(C)C(=O)O)cc3)ccc2[nH]1,230.0,active,"{1, 2, 3, 4.331420000000002, 53.089999999999996, 279.339}",1.0,2.0,3.0,4.331420000000002,53.089999999999996,279.339
CHEMBL3309824,O=S(=O)(c1ccccc1)N1N=C(C(F)(F)F)CC1c1ccc2c(c1)OCO2,5650.0,active,"{0, 3, 68.2, 5, 3.4693000000000023, 398.36200000000014}",0.0,3.0,68.2,5.0,3.4693000000000023,398.36200000000014
CHEMBL3087874,Cc1ccc2c(c1)oc(=O)n2Cc1cn(-c2ccccc2Cl)nn1,3600.0,active,"{0, 65.85, 3, 3.1853200000000017, 6, 340.77}",0.0,65.85,3.0,3.1853200000000017,6.0,340.77
CHEMBL2105528,Cc1c(NCc2c(C(C)C)c(=O)n(-c3ccccc3)n2C)c(=O)n(-c2ccccc2)n1C,1000.0,active,"{65.89, 1, 3.7093200000000026, 6, 7, 431.54000000000013}",65.89,1.0,3.7093200000000026,6.0,7.0,431.54000000000013
CHEMBL24687,COc1ccc2c(c1)c(Cc1csc(N)n1)c(C)n2C(=O)c1ccc(Cl)cc1,390.0,active,"{1, 4, 4.929720000000003, 70.14, 6, 411.9140000000001}",1.0,4.0,4.929720000000003,70.14,6.0,411.9140000000001
CHEMBL160178,CCCCCCCCCCCCCCCc1cccc(OC)c1CSc1nc2cc(OC(F)F)ccc2[nH]1,10000.0,inactive,"{1, 546.7680000000001, 4, 10.098899999999995, 47.14, 20}",1.0,546.7680000000001,4.0,10.098899999999995,47.14,20.0
CHEMBL282301,NS(=O)(=O)c1ccc(-n2ncc(Cl)c2-c2ccccc2)cc1,49.0,active,"{1, 2.8401000000000014, 3, 4, 333.8, 77.98}",1.0,2.8401000000000014,3.0,4.0,333.8,77.98
CHEMBL227187,Oc1ccc([C@@H]2OC[C@@H]3[C@H]2CO[C@H]3c2ccc(O)c(O)c2)cc1O,100000.0,inactive,"{2, 99.38000000000001, 4, 2.5842000000000023, 6, 330.33600000000007}",2.0,99.38000000000001,4.0,2.5842000000000023,6.0,330.33600000000007
CHEMBL279550,CC1(C)COc2c(C3CCCC3)cc(C(=O)CCCC3CC3)cc21,20000.0,inactive,"{0, 2, 5.777200000000006, 326.4800000000001, 6, 26.3}",0.0,2.0,5.777200000000006,326.4800000000001,6.0,26.3
CHEMBL1630243,CCN(C)Cc1cc2c(cc1Cl)C=C(C(=O)O)C(C(F)(F)F)O2,21300.0,inactive,"{1, 3, 4, 3.583000000000002, 49.77000000000001, 349.736}",1.0,3.0,4.0,3.583000000000002,49.77000000000001,349.736
CHEMBL1630244,CC(C)N(C)Cc1cc2c(cc1Cl)C=C(C(=O)O)C(C(F)(F)F)O2,100000.0,inactive,"{1, 3, 4, 3.9715000000000025, 363.763, 49.77000000000001}",1.0,3.0,4.0,3.9715000000000025,363.763,49.77000000000001
CHEMBL4757602,Nc1cc(-c2ccco2)nn1-c1ccccc1,100000.0,inactive,"{225.251, 2, 1, 4, 2.714500000000001, 56.98}",225.251,2.0,1.0,4.0,2.714500000000001,56.98
CHEMBL4784073,COC(=O)c1ccc(-n2nc(-c3ccco3)cc2N)cc1,100000.0,inactive,"{1, 2.5011, 3, 6, 83.28, 283.28700000000003}",1.0,2.5011,3.0,6.0,83.28,283.28700000000003
CHEMBL16674,CC(C)Sc1nnc(-c2cc(C(C)(C)C)c(O)c(C(C)(C)C)c2)s1,20000.0,inactive,"{1, 3, 5, 6.006200000000006, 364.5800000000001, 46.010000000000005}",1.0,3.0,5.0,6.006200000000006,364.5800000000001,46.010000000000005
CHEMBL276739,COc1nc(-c2cc(C(C)(C)C)c(O)c(C(C)(C)C)c2)ns1,100000.0,inactive,"{320.45799999999997, 1, 2, 4.514300000000004, 5, 55.24}",320.45799999999997,1.0,2.0,4.514300000000004,5.0,55.24
CHEMBL357262,CCc1cc(/C=C/C(=O)O)cc(C(=O)c2ccccc2)c1,2600.0,active,"{1, 2, 3.5778000000000016, 5, 54.37, 280.323}",1.0,2.0,3.5778000000000016,5.0,54.37,280.323
CHEMBL184341,COc1ccc(-c2c(-c3ccc(S(N)(=O)=O)cc3)ccc(F)c2F)cc1C,5.012,active,"{1, 3, 4, 69.39, 389.42300000000006, 4.263220000000002}",1.0,3.0,4.0,69.39,389.42300000000006,4.263220000000002
CHEMBL156482,CS(=O)(=O)c1ccc(-c2sc3nc(C(F)(F)F)nn3c2-c2ccccc2)cc1,3.0,active,"{0, 64.33, 3, 4.547100000000003, 6, 423.4410000000001}",0.0,64.33,3.0,4.547100000000003,6.0,423.4410000000001
CHEMBL18264,CS(=O)(=O)c1ccc(C2=C(c3ccc(F)c(F)c3)C(=O)OC2)cc1,900.0,active,"{0, 2.8359000000000005, 3, 4, 60.44, 350.3420000000001}",0.0,2.8359000000000005,3.0,4.0,60.44,350.3420000000001
CHEMBL347705,CCCCCCCCCCCCCCCc1cccc(O)c1CSc1nc2cc(OC)ccc2[nH]1,1000.0,active,"{2, 4, 9.2031, 496.7610000000002, 18, 58.14000000000001}",2.0,4.0,9.2031,496.7610000000002,18.0,58.14000000000001
CHEMBL1775088,O=[N+]([O-])c1cccc(Oc2ccc(OCCN3CCCC3)cc2)c1,13000.0,inactive,"{0, 64.84, 3.8617000000000026, 5, 7, 328.36800000000005}",0.0,64.84,3.8617000000000026,5.0,7.0,328.36800000000005
CHEMBL1775095,CS(=O)(=O)c1ccc(Oc2ccc(OCCN3CCCC3)cc2)cc1,100000.0,inactive,"{0, 3.357000000000003, 5, 7, 361.46300000000014, 55.84000000000001}",0.0,3.357000000000003,5.0,7.0,361.46300000000014,55.84000000000001
CHEMBL1775100,FC(F)(F)c1cccc(Oc2ccc(OCCN3CCCC3)cc2)c1,100000.0,inactive,"{0, 3, 4.972300000000005, 6, 21.700000000000003, 351.3680000000001}",0.0,3.0,4.972300000000005,6.0,21.700000000000003,351.3680000000001
CHEMBL1775105,Nc1ccccc1Oc1ccc(OCCN2CCCC2)cc1,100000.0,inactive,"{1, 3.535700000000002, 4, 6, 298.386, 47.720000000000006}",1.0,3.535700000000002,4.0,6.0,298.386,47.720000000000006
CHEMBL29257,NS(=O)(=O)c1ccc(-c2cc(C(F)(F)F)nn2-c2ccc(F)cc2)cc1,10.0,active,"{385.342, 1, 3, 4, 3.3446000000000016, 77.98000000000002}",385.342,1.0,3.0,4.0,3.3446000000000016,77.98000000000002
CHEMBL278336,CS(=O)(=O)c1ccc(C2=C(C#Cc3ccccc3)C(=O)CC2)cc1,6.0,active,"{0, 2, 3, 3.258300000000002, 336.41200000000015, 51.21}",0.0,2.0,3.0,3.258300000000002,336.41200000000015,51.21
CHEMBL526643,CC(COC(=O)C(C)c1ccc(C(=O)c2cccs2)cc1)O[N+](=O)[O-],4560.0,active,"{0, 3.2226000000000017, 7, 8, 363.3910000000001, 95.74000000000001}",0.0,3.2226000000000017,7.0,8.0,363.3910000000001,95.74000000000001
CHEMBL71916,CC1(C)OC(=O)C(OC2CCC2)=C1c1ccc(S(C)(=O)=O)cc1,400.0,active,"{0, 2.705700000000001, 4, 5, 69.67, 336.40900000000005}",0.0,2.705700000000001,4.0,5.0,69.67,336.40900000000005
CHEMBL375309,COc1ccc(OCc2cc(-c3ccccc3)n(-c3ccc(S(C)(=O)=O)cc3)n2)cc1OC,700.0,active,"{0, 4.539000000000003, 7, 8, 79.65, 464.54300000000023}",0.0,4.539000000000003,7.0,8.0,79.65,464.54300000000023
CHEMBL356206,CS(=O)(=O)c1ccc(-c2nc3sc4ccccc4n3c2-c2ccccc2)cc1,5000.0,active,"{0, 3, 5, 5.286500000000004, 51.44, 404.51600000000013}",0.0,3.0,5.0,5.286500000000004,51.44,404.51600000000013
CHEMBL146742,CS(=O)(=O)c1ccc(-c2c(-c3ccccc3)nc3sccn23)cc1,16.0,active,"{0, 354.4560000000001, 3, 4.133300000000003, 5, 51.44}",0.0,354.4560000000001,3.0,4.133300000000003,5.0,51.44
CHEMBL238240,COc1ccc2c(c1)c(CCNC(=O)c1ccc(O[N+](=O)[O-])cc1)c(C)n2C(=O)c1ccc(Cl)cc1,1500.0,active,"{1, 4.843220000000004, 7, 8, 112.69999999999999, 507.9300000000002}",1.0,4.843220000000004,7.0,8.0,112.69999999999999,507.9300000000002
CHEMBL150969,CC(=O)Nc1ccc(OC(=O)c2ccccc2Nc2c(Cl)ccc(C)c2Cl)cc1,20000.0,inactive,"{2, 67.42999999999999, 4, 5, 6.223020000000004, 429.3030000000001}",2.0,67.42999999999999,4.0,5.0,6.223020000000004,429.3030000000001
CHEMBL171416,COc1ccc2cc(-c3ccccc3-c3ccc(S(C)(=O)=O)cc3)ccc2c1,30000.0,inactive,"{0, 3, 388.4880000000001, 4, 5.585900000000005, 43.370000000000005}",0.0,3.0,388.4880000000001,4.0,5.585900000000005,43.370000000000005
CHEMBL148666,CSc1ccc(-c2nc3sccn3c2-c2ccccc2)cc1,5000.0,active,"{0, 322.458, 3, 4, 5.451700000000004, 17.3}",0.0,322.458,3.0,4.0,5.451700000000004,17.3
CHEMBL1830477,CCOC(=O)C1CCN(C(=O)CCc2cc(-c3ccc(C)cc3)n(-c3ccccc3)n2)CC1,10000.0,inactive,"{0, 64.43, 4.582020000000004, 5, 7, 445.56300000000016}",0.0,64.43,4.582020000000004,5.0,7.0,445.56300000000016
CHEMBL4170011,O=C(NCc1ccccc1)c1sc2ccccc2c1Br,12210.0,inactive,"{1, 2, 3, 4.593800000000002, 346.249, 29.1}",1.0,2.0,3.0,4.593800000000002,346.249,29.1
CHEMBL2063853,CC(C(=O)O)c1ccc(Cc2cccs2)cc1F,13000.0,inactive,"{1, 2, 3.666100000000003, 4, 37.3, 264.32099999999997}",1.0,2.0,3.666100000000003,4.0,37.3,264.32099999999997
CHEMBL1630229,CC(C)CSc1cc2c(cc1Cl)C=C(C(=O)O)C(C(F)(F)F)O2,19.0,active,"{1, 3, 4, 4.879400000000003, 46.53, 366.788}",1.0,3.0,4.0,4.879400000000003,46.53,366.788
CHEMBL1956390,Cc1ccc(-c2nnnn2-c2ccc(S(C)(=O)=O)cc2)cc1,87000.0,inactive,"{0, 2.04122, 3, 6, 77.74000000000001, 314.37000000000006}",0.0,2.04122,3.0,6.0,77.74000000000001,314.37000000000006
CHEMBL1956395,CS(=O)(=O)c1ccc(-n2nnnc2-c2ccc([N+](=O)[O-])cc2)cc1,69000.0,inactive,"{0, 1.6409999999999998, 4, 8, 120.88, 345.3400000000001}",0.0,1.6409999999999998,4.0,8.0,120.88,345.3400000000001
CHEMBL1956396,CN(C)c1ccc(-c2nnnn2-c2ccc(S(C)(=O)=O)cc2)cc1,6000.0,active,"{0, 1.7988, 4, 7, 80.98, 343.4120000000001}",0.0,1.7988,4.0,7.0,80.98,343.4120000000001
CHEMBL2334131,COc1ccc(/C=C/c2cc(OC)cc(OC)c2/C=C/C(=O)N(CC(C)C)CC(C)C)cc1,6840.0,active,"{0, 451.6070000000002, 4, 6.036600000000006, 11, 48.00000000000001}",0.0,451.6070000000002,4.0,6.036600000000006,11.0,48.00000000000001
CHEMBL2333752,COc1ccc(/C=C/c2cc(OC)cc(OC)c2/C=C/C(=O)NCCCN2CCOCC2)cc1,8920.0,active,"{1, 3.7345000000000024, 69.26, 6, 11, 466.5780000000003}",1.0,3.7345000000000024,69.26,6.0,11.0,466.5780000000003
CHEMBL2333743,COc1ccc(/C=C/c2cc(OC)cc(OC)c2/C=C/C(=O)NCCCCl)cc1,1270.0,active,"{1, 4, 4.641100000000003, 10, 56.790000000000006, 415.91700000000014}",1.0,4.0,4.641100000000003,10.0,56.790000000000006,415.91700000000014
CHEMBL3400658,CC(=O)O[C@@H]1[C@@H](C)[C@@]2(O)[C@@H](C=C(CO)C[C@]3(O)C(=O)C(C)=C[C@@H]23)[C@@H]2C(C)(C)[C@]12OC(=O)C(C)C,50000.0,inactive,"{1.7077999999999995, 130.36, 3, 4, 8, 476.56600000000026}",1.7077999999999995,130.36,3.0,4.0,8.0,476.56600000000026
CHEMBL3322416,Cc1cccc(C2=NCCN2c2ccc(S(N)(=O)=O)cc2)c1,10000.0,inactive,"{1, 1.9092200000000001, 3, 4, 75.75999999999999, 315.3980000000001}",1.0,1.9092200000000001,3.0,4.0,75.75999999999999,315.3980000000001
CHEMBL3289928,CCOC(OCC)c1ccc(/C=C2\CN(Cc3ccccc3)C/C(=C\c3ccc(C(OCC)OCC)cc3)C2=O)cc1,100000.0,inactive,"{0, 6, 7.381700000000009, 14, 569.7420000000003, 57.230000000000004}",0.0,6.0,7.381700000000009,14.0,569.7420000000003,57.230000000000004
CHEMBL1682232,CS(=O)(=O)c1ccc(-c2nnnn2-c2ccc(F)cc2)cc1,2700.0,active,"{0, 1.8719, 3, 6, 77.74000000000001, 318.333}",0.0,1.8719,3.0,6.0,77.74000000000001,318.333
CHEMBL2334139,CCNC(=O)/C=C/c1c(/C=C/c2ccc(OC)cc2)cc(OC)cc1OC,12360.0,inactive,"{1, 4, 4.032100000000003, 8, 367.4450000000001, 56.790000000000006}",1.0,4.0,4.032100000000003,8.0,367.4450000000001,56.790000000000006
CHEMBL1632398,CC(=O)N1N=C(c2ccc(S(C)(=O)=O)cc2)CC1c1ccc(C)cc1,6770.0,active,"{0, 66.81, 3, 356.44700000000006, 4, 3.0961200000000018}",0.0,66.81,3.0,356.44700000000006,4.0,3.0961200000000018
CHEMBL3289931,CCOC(OCC)c1ccc(/C=C2\Cc3ccccc3C2=O)cc1,19320.0,inactive,"{0, 322.40400000000005, 35.53, 3, 4.580600000000004, 6}",0.0,322.40400000000005,35.53,3.0,4.580600000000004,6.0
CHEMBL3289941,CN(C)c1ccc(/C=C2\Cc3ccccc3C2=O)c([N+](=O)[O-])c1,14850.0,inactive,"{0, 3, 4, 3.4832000000000027, 308.337, 63.45}",0.0,3.0,4.0,3.4832000000000027,308.337,63.45
CHEMBL3331343,CC(C)Cc1ccc(C(C)C(=O)OCc2c(C(C)C)c(=O)n(-c3ccccc3)n2C)cc1,1300.0,active,"{0, 5, 5.3448000000000055, 8, 434.5800000000001, 53.230000000000004}",0.0,5.0,5.3448000000000055,8.0,434.5800000000001,53.230000000000004
CHEMBL3314084,O=C1/C(=C/c2coc3ccccc3c2=O)c2ccccc2N1c1c(Cl)cccc1Cl,1.3,active,"{0, 2, 3, 6.318700000000002, 434.27800000000013, 50.52}",0.0,2.0,3.0,6.318700000000002,434.27800000000013,50.52
CHEMBL3314085,O=C1/C(=C/c2coc3ccc(Br)cc3c2=O)c2ccccc2N1c1c(Cl)cccc1Cl,7600.0,active,"{0, 513.1740000000002, 2, 3, 7.0812000000000035, 50.52}",0.0,513.1740000000002,2.0,3.0,7.0812000000000035,50.52
CHEMBL3823689,NS(=O)(=O)c1ccc(-n2nc(C(=O)N/N=C/c3c(Cl)c4ccccc4oc3=O)cc2-c2ccc(O)cc2)cc1,9970.0,active,"{3, 3.416000000000002, 6, 9, 169.88, 563.9790000000003}",3.0,3.416000000000002,6.0,9.0,169.88,563.9790000000003
CHEMBL3824049,NS(=O)(=O)c1ccc(-n2nc(C(=O)N/N=C/c3c(Cl)c4ccccc4oc3=O)cc2-c2ccc(Cl)c(Cl)c2)cc1,300.0,active,"{2, 5.017200000000003, 6, 616.8700000000001, 8, 149.65}",2.0,5.017200000000003,6.0,616.8700000000001,8.0,149.65
CHEMBL4448997,O=C(/C=C/C1=Cc2ccccc2OC1)c1ccc(Br)cc1,420.0,active,"{0, 2, 3, 4.664000000000002, 341.20399999999995, 26.3}",0.0,2.0,3.0,4.664000000000002,341.20399999999995,26.3
CHEMBL4562121,COc1ccc(C(=O)/C=C/C2=Cc3ccccc3OC2)cc1OC,460.0,active,"{0, 322.3600000000001, 3.918700000000002, 4, 5, 44.760000000000005}",0.0,322.3600000000001,3.918700000000002,4.0,5.0,44.760000000000005
CHEMBL4574215,O=C(/C=C/C1=Cc2c(ccc3ccccc23)OC1)c1ccc(Cl)cc1Cl,290.0,active,"{0, 2, 3, 6.361500000000004, 26.3, 381.25800000000004}",0.0,2.0,3.0,6.361500000000004,26.3,381.25800000000004
CHEMBL12131,Cc1cc(C(C#N)c2ccc(Cl)cc2)c(Cl)cc1NC(=O)c1cc(I)cc(I)c1O,1839.0,active,"{2, 3, 4, 7.124400000000003, 73.12, 663.0800000000002}",2.0,3.0,4.0,7.124400000000003,73.12,663.0800000000002
CHEMBL94939,CS(=O)(=O)c1ccc(-c2cc(Cl)cnc2-c2ccccn2)cc1,68.0,active,"{0, 3, 4, 3.8675000000000033, 344.82300000000004, 59.92}",0.0,3.0,4.0,3.8675000000000033,344.82300000000004,59.92
CHEMBL2171247,CC(C(=O)O)c1ccc2c3cc(Cl)ccc3n(C(=O)c3c[nH]cn3)c2c1,100000.0,inactive,"{2, 3, 4, 4.047600000000002, 367.7920000000001, 87.98}",2.0,3.0,4.0,4.047600000000002,367.7920000000001,87.98
CHEMBL70588,Cc1ccc(-n2c(-c3ccc(S(N)(=O)=O)cc3)coc2=O)cc1,790.68,active,"{1, 2.0533200000000003, 3, 5, 330.36500000000007, 95.30000000000001}",1.0,2.0533200000000003,3.0,5.0,330.36500000000007,95.30000000000001
CHEMBL29662,NS(=O)(=O)c1ccc(-n2nccc2-c2ccc(F)cc2)cc1,100000.0,inactive,"{1, 2.3258, 3, 4, 77.98, 317.345}",1.0,2.3258,3.0,4.0,77.98,317.345
CHEMBL282838,NS(=O)(=O)c1ccc(-n2nc(CO)cc2-c2ccc(Cl)cc2)cc1,830.0,active,"{2, 98.21000000000001, 4, 5, 2.3324000000000007, 363.826}",2.0,98.21000000000001,4.0,5.0,2.3324000000000007,363.826
CHEMBL147189,CCc1ccc(/C=C/S(N)(=O)=O)cc1C(=O)c1ccccc1,770.0,active,"{1, 2.739200000000001, 3, 5, 77.23, 315.39399999999995}",1.0,2.739200000000001,3.0,5.0,77.23,315.39399999999995
CHEMBL150006,CS(=O)(=O)c1ccc(-c2nc3sccn3c2-c2ccccc2)cc1,3210.0,active,"{0, 354.4560000000001, 3, 4.133300000000003, 5, 51.44}",0.0,354.4560000000001,3.0,4.133300000000003,5.0,51.44
CHEMBL4851236,CCCCOc1nc(OCC2COC2)c(-c2ccc(S(C)(=O)=O)cc2)cc1CO,36.0,active,"{1, 2.848500000000002, 421.51500000000016, 7, 10, 94.95}",1.0,2.848500000000002,421.51500000000016,7.0,10.0,94.95
CHEMBL4471015,CS(=O)(=O)Nc1cc(Cc2ccc(Cl)cc2)c2ccccc2c1,10000.0,inactive,"{1, 2, 4, 4.4555000000000025, 46.17, 345.85100000000006}",1.0,2.0,4.0,4.4555000000000025,46.17,345.85100000000006
CHEMBL610493,O=C(O)Cc1cccc(-c2ccn(C(F)F)c(=O)c2)c1,11100.0,inactive,"{1, 2.5375000000000005, 3, 4, 279.24199999999996, 59.3}",1.0,2.5375000000000005,3.0,4.0,279.24199999999996,59.3
CHEMBL1164245,COc1ccc2c(c1)c1c(n2C(=O)c2ccccc2)CCNC1.Cl,87600.0,inactive,"{1, 2, 3.4059000000000013, 4, 43.26, 342.8260000000001}",1.0,2.0,3.4059000000000013,4.0,43.26,342.8260000000001
CHEMBL4098802,O=C(COc1ccc(Cl)cc1Cl)N/N=C1/SCC(=O)N1Cc1ccccc1,3290.0,active,"{1, 3.535000000000002, 5, 6, 70.99999999999999, 424.3090000000002}",1.0,3.535000000000002,5.0,6.0,70.99999999999999,424.3090000000002
CHEMBL458025,Cc1ccc(-c2cn(-c3ccc(S(C)(=O)=O)cc3)nn2)cc1,2500.0,active,"{0, 64.85, 2.6462200000000005, 3, 5, 313.382}",0.0,64.85,2.6462200000000005,3.0,5.0,313.382
CHEMBL91923,CS(=O)(=O)c1ccc(C2=C(c3cccc(O)c3)C(=O)OC2)cc1,3960.0,active,"{1, 2.2633, 3, 5, 330.3610000000001, 80.67}",1.0,2.2633,3.0,5.0,330.3610000000001,80.67
CHEMBL348087,Cc1nc2sc(-c3ccc(S(C)(=O)=O)cc3)c(-c3ccccc3)n2n1,10000.0,inactive,"{0, 64.33, 3, 3.836720000000004, 6, 369.47100000000006}",0.0,64.33,3.0,3.836720000000004,6.0,369.47100000000006
CHEMBL3289100,CC(=O)O[C@@H]1CC[C@]2(C)[C@H]3CC[C@@]4(C)[C@H]([C@H](CCC=C(C)C)C(=O)O)CC[C@]4(C)C3=CC[C@H]2C1(C)C,10000.0,inactive,"{1, 3, 6, 7.97050000000001, 498.7480000000004, 63.60000000000001}",1.0,3.0,6.0,7.97050000000001,498.7480000000004,63.60000000000001
CHEMBL3290204,NS(=O)(=O)c1ccc(-n2nc(C(=O)NC3CCCCC3)nc2-c2ccccc2)cc1,660.0,active,"{2, 2.6442000000000005, 5, 6, 425.5140000000002, 119.97000000000001}",2.0,2.6442000000000005,5.0,6.0,425.5140000000002,119.97000000000001
CHEMBL466243,CC(C)Cc1ccc(C(C)C(=O)OC(CO[N+](=O)[O-])CO[N+](=O)[O-])cc1,1700.0,active,"{0, 2.317, 131.04000000000002, 8, 11, 370.35800000000006}",0.0,2.317,131.04000000000002,8.0,11.0,370.35800000000006
CHEMBL4754867,COC(=O)CC1N(C(=O)Nc2cccc(Cl)c2)C(=O)c2ccccc2S1(=O)=O,105900.0,inactive,"{1, 2.690800000000001, 3, 422.8460000000002, 6, 109.85}",1.0,2.690800000000001,3.0,422.8460000000002,6.0,109.85
CHEMBL346094,CS(=O)(=O)c1ccc(-c2c(-c3ccccc3)sc3ncnn23)cc1,30000.0,inactive,"{0, 64.33, 3, 355.4440000000001, 3.5283000000000024, 6}",0.0,64.33,3.0,355.4440000000001,3.5283000000000024,6.0
CHEMBL28491,COC(=O)c1nn(-c2ccc(S(N)(=O)=O)cc2)c(-c2ccc(Cl)cc2)c1Cl,160.0,active,"{1, 3.280100000000001, 4, 6, 104.28, 426.2810000000002}",1.0,3.280100000000001,4.0,6.0,104.28,426.2810000000002
CHEMBL3113226,N#Cc1cccc(Nc2cnccc2NS(=O)(=O)C(F)(F)F)c1,36230.0,inactive,"{2, 2.95838, 4, 5, 342.302, 94.88}",2.0,2.95838,4.0,5.0,342.302,94.88
CHEMBL348645,CS(=O)(=O)c1ccc(-c2sc3ncnn3c2-c2ccc(F)c(F)c2)cc1,48.0,active,"{0, 64.33, 3, 3.8065000000000024, 6, 391.4240000000001}",0.0,64.33,3.0,3.8065000000000024,6.0,391.4240000000001
CHEMBL348645,CS(=O)(=O)c1ccc(-c2sc3ncnn3c2-c2ccc(F)c(F)c2)cc1,30000.0,inactive,"{0, 64.33, 3, 3.8065000000000024, 6, 391.4240000000001}",0.0,64.33,3.0,3.8065000000000024,6.0,391.4240000000001
CHEMBL118,Cc1ccc(-c2cc(C(F)(F)F)nn2-c2ccc(S(N)(=O)=O)cc2)cc1,100.0,active,"{1, 3, 4, 3.5139200000000006, 77.98, 381.3790000000001}",1.0,3.0,4.0,3.5139200000000006,77.98,381.3790000000001
CHEMBL557874,CS(=O)(=O)c1ccc(-c2ccnc(NC3CCCCC3)n2)cc1,10000.0,inactive,"{1, 3.2917000000000023, 4, 5, 71.95, 331.44100000000014}",1.0,3.2917000000000023,4.0,5.0,71.95,331.44100000000014
CHEMBL560285,Cc1cnc(NC2CCCCC2)nc1-c1ccc(S(C)(=O)=O)cc1,10000.0,inactive,"{1, 3.600120000000002, 4, 5, 71.95, 345.468}",1.0,3.600120000000002,4.0,5.0,71.95,345.468
CHEMBL561891,CS(=O)(=O)c1ccc(-c2cc(C(F)(F)F)nc(NC3CCCCC3)n2)cc1,62.0,active,"{1, 4, 5, 4.310500000000003, 71.95, 399.4380000000002}",1.0,4.0,5.0,4.310500000000003,71.95,399.4380000000002
CHEMBL118839,CC(C)(C)c1cc(-c2cccs2)cc2c1OCC2(C)C,70.0,active,"{0, 1, 2, 5.3826000000000045, 9.23, 286.44000000000005}",0.0,1.0,2.0,5.3826000000000045,9.23,286.44000000000005
CHEMBL42011,CSc1ccc(C2=C3c4ccccc4CCC3OC2=O)cc1,827.0,active,"{0, 2, 3, 4.190900000000004, 308.402, 26.3}",0.0,2.0,3.0,4.190900000000004,308.402,26.3
CHEMBL47687,COc1ccc(-n2nc(C(F)(F)F)cc2-c2ccc(N)cc2)cc1,129.0,active,"{1, 3, 4, 4.148900000000002, 333.31300000000005, 53.07}",1.0,3.0,4.0,4.148900000000002,333.31300000000005,53.07
CHEMBL304810,NS(=O)(=O)c1ccc(-c2coc(=O)n2-c2ccc(C(F)(F)F)cc2)cc1,2000.0,active,"{384.335, 1, 2.763700000000001, 3, 5, 95.30000000000001}",384.335,1.0,2.763700000000001,3.0,5.0,95.30000000000001
CHEMBL2087941,CS(=O)(=O)c1ccc(NN2C(=O)CSC2c2ccc(Cl)cc2)cc1,121700.0,inactive,"{1, 66.48, 3.3446000000000016, 4, 5, 382.8940000000001}",1.0,66.48,3.3446000000000016,4.0,5.0,382.8940000000001
CHEMBL1632400,COc1ccc(C2CC(c3ccc(S(C)(=O)=O)cc3)=NN2C(C)=O)cc1,7610.0,active,"{0, 2.7963000000000013, 4, 5, 76.04, 372.4460000000001}",0.0,2.7963000000000013,4.0,5.0,76.04,372.4460000000001
CHEMBL224201,O=S(=O)(c1ccccc1)c1cnccc1NS(=O)(=O)C(F)(F)F,100000.0,inactive,"{1, 2.1759000000000004, 4, 5, 366.34200000000004, 93.19999999999999}",1.0,2.1759000000000004,4.0,5.0,366.34200000000004,93.19999999999999
CHEMBL469785,CCCN1CC(c2ccc(S(C)(=O)=O)cc2)=C(c2ccc(CO)cc2)C1=O,87.0,active,"{385.4850000000001, 1, 2.745400000000001, 4, 6, 74.68}",385.4850000000001,1.0,2.745400000000001,4.0,6.0,74.68
CHEMBL491272,CS(=O)(=O)c1ccc(-c2c(-c3ccccc3)ssc2=O)cc1,50000.0,inactive,"{0, 3, 3.907300000000002, 5, 51.21, 348.4700000000001}",0.0,3.0,3.907300000000002,5.0,51.21,348.4700000000001
CHEMBL4757667,O=C(NCCc1c[nH]c2ccccc12)c1ccccc1Nc1ccccc1,470.0,active,"{2, 3, 355.4410000000001, 4.884000000000003, 6, 56.92}",2.0,3.0,355.4410000000001,4.884000000000003,6.0,56.92
CHEMBL212918,NS(=O)(=O)c1ccc(/N=N/c2ccc(OC(=O)Nc3ccccc3)c(OC(=O)Nc3ccccc3)c2)cc1,11070.0,inactive,"{161.54, 3, 5.971200000000004, 7, 8, 531.5500000000002}",161.54,3.0,5.971200000000004,7.0,8.0,531.5500000000002
CHEMBL4438795,COc1ccc(CN2CCN(C(=O)c3cc4cc(Cl)ccc4n3Cc3ccc(F)cc3)CC2)cc1,23.21,active,"{0, 4, 37.71, 6, 5.448700000000006, 491.9940000000002}",0.0,4.0,37.71,6.0,5.448700000000006,491.9940000000002
CHEMBL279268,CC1(O)OC(=O)C(c2ccc(F)c(Cl)c2)=C1c1ccc(S(C)(=O)=O)cc1,2200.0,active,"{1, 3, 3.058700000000001, 5, 396.8230000000001, 80.67}",1.0,3.0,3.058700000000001,5.0,396.8230000000001,80.67
CHEMBL54649,COc1ccc(-c2cc(F)c(F)cc2-c2ccc(S(C)(=O)=O)cc2)cc1F,21.0,active,"{0, 3, 4, 4.850000000000003, 392.3980000000001, 43.370000000000005}",0.0,3.0,4.0,4.850000000000003,392.3980000000001,43.370000000000005
CHEMBL55348,COc1ccc(-c2cc(F)c(F)cc2-c2ccc(S(N)(=O)=O)cc2)cc1Cl,13.0,active,"{1, 3, 4, 69.39, 4.608200000000002, 409.8410000000001}",1.0,3.0,4.0,69.39,4.608200000000002,409.8410000000001
CHEMBL158421,CCCCCCCCCCCCCCCc1cccc(OCC)c1CSc1nc2ccccc2[nH]1,1470.0,active,"{1, 3, 37.91, 9.887599999999997, 494.7890000000002, 19}",1.0,3.0,37.91,9.887599999999997,494.7890000000002,19.0
CHEMBL55224,COc1c(Cl)cc(-c2cc(F)c(F)cc2-c2ccc(S(C)(=O)=O)cc2)cc1Cl,100000.0,inactive,"{0, 3, 4, 6.017700000000004, 43.370000000000005, 443.2980000000001}",0.0,3.0,4.0,6.017700000000004,43.370000000000005,443.2980000000001
CHEMBL418448,COc1ccc(-c2cc(F)c(F)cc2-c2ccc(S(C)(=O)=O)cc2)cc1C,13.0,active,"{0, 3, 388.4350000000001, 4, 5.019320000000004, 43.370000000000005}",0.0,3.0,388.4350000000001,4.0,5.019320000000004,43.370000000000005
CHEMBL170522,CS(=O)(=O)c1ccc(-c2ccccc2-c2cncnc2)cc1,300000.0,inactive,"{0, 3, 4, 3.214100000000001, 310.37800000000004, 59.92}",0.0,3.0,4.0,3.214100000000001,310.37800000000004,59.92
CHEMBL17104,CC(C)(C)c1cc(-c2nsc(N=C(N)N)n2)cc(C(C)(C)C)c1O,27000.0,inactive,"{2, 3, 3.410600000000002, 5, 110.41, 347.4880000000001}",2.0,3.0,3.410600000000002,5.0,110.41,347.4880000000001
CHEMBL70921,NS(=O)(=O)c1ccc(-c2coc(=O)n2-c2ccc(F)cc2)cc1,1500.0,active,"{1, 1.884, 3, 5, 334.328, 95.30000000000001}",1.0,1.884,3.0,5.0,334.328,95.30000000000001
CHEMBL295640,CSc1ccc(C2=C3c4ccccc4CCC3(O)OC2=O)cc1,850.0,active,"{1, 2, 3.510900000000002, 324.401, 4, 46.53}",1.0,2.0,3.510900000000002,324.401,4.0,46.53
CHEMBL4285368,COc1ccc(-c2cc(CSc3nc4ccccc4c(=O)n3-c3ccc(Cl)cc3)on2)cc1OC,1330.0,active,"{0, 6.003600000000005, 7, 8, 79.38000000000001, 505.98300000000023}",0.0,6.003600000000005,7.0,8.0,79.38000000000001,505.98300000000023
CHEMBL4447638,NS(=O)(=O)c1ccc(-n2nc(C(=O)N3CCOCC3)cc2-c2ccc(F)cc2)cc1,230.0,active,"{1, 1.7982, 4, 6, 107.52000000000001, 430.4610000000001}",1.0,1.7982,4.0,6.0,107.52000000000001,430.4610000000001
CHEMBL4458369,COc1cccc(-c2cc(C(=O)N3CCSCC3)nn2-c2ccc(S(N)(=O)=O)cc2)c1,1950.0,active,"{1, 2.3843000000000005, 5, 7, 458.5650000000001, 107.51999999999998}",1.0,2.3843000000000005,5.0,7.0,458.5650000000001,107.51999999999998
CHEMBL4458211,NS(=O)(=O)c1ccc(-n2nc(C(=O)N3CCOCC3)cc2-c2ccccc2)cc1,690.0,active,"{1, 1.6591, 4, 6, 107.52000000000001, 412.4710000000001}",1.0,1.6591,4.0,6.0,107.52000000000001,412.4710000000001
CHEMBL4520676,COc1ccc(-c2cc(C(=O)NCCCN3CCOCC3)nn2-c2ccc(S(N)(=O)=O)cc2)cc1,710.0,active,"{128.78, 1.6474000000000009, 2, 8, 9, 499.5930000000002}",128.78,1.6474000000000009,2.0,8.0,9.0,499.5930000000002
CHEMBL340101,Cc1cc(=O)c(-c2ccc(F)cc2)c(-c2ccc(S(N)(=O)=O)cc2)o1,10000.0,inactive,"{1, 3, 4, 3.068720000000001, 359.3780000000001, 90.37}",1.0,3.0,4.0,3.068720000000001,359.3780000000001,90.37
CHEMBL3265349,Clc1ccc(-c2nnc(-c3cn(-c4ccccc4)nc3-c3ccc(Br)cc3)o2)cc1,50000.0,inactive,"{0, 4, 5, 6.672200000000004, 56.74, 477.74900000000014}",0.0,4.0,5.0,6.672200000000004,56.74,477.74900000000014
CHEMBL3265353,Cc1ccc(-c2nn(-c3ccccc3)cc2-c2nnc(-c3ccncc3)o2)cc1,53000.0,inactive,"{0, 4, 69.63, 6, 4.959720000000004, 379.4230000000002}",0.0,4.0,69.63,6.0,4.959720000000004,379.4230000000002
CHEMBL4467569,NS(=O)(=O)c1ccc(-n2nc(C(=O)N3CCOCC3)cc2-c2ccc(Br)cc2)cc1,310.0,active,"{1, 2.4216000000000006, 4, 6, 107.52000000000001, 491.36700000000013}",1.0,2.4216000000000006,4.0,6.0,107.52000000000001,491.36700000000013
CHEMBL4516009,COc1ccc(-c2cc(C(=O)N3CCSCC3)nn2-c2ccc(S(N)(=O)=O)cc2)cc1,1210.0,active,"{1, 2.3843000000000005, 5, 7, 458.5650000000001, 107.51999999999998}",1.0,2.3843000000000005,5.0,7.0,458.5650000000001,107.51999999999998
CHEMBL4439374,NS(=O)(=O)c1ccc(-n2nc(C(=O)OCCN3CCOCC3)cc2-c2ccc(F)cc2)cc1,210.0,active,"{1, 1.8147999999999997, 7, 8, 116.75000000000001, 474.51400000000024}",1.0,1.8147999999999997,7.0,8.0,116.75000000000001,474.51400000000024
CHEMBL4476757,NS(=O)(=O)c1ccc(-n2nc(C(=O)OCCN3CCOCC3)cc2-c2ccc(C(F)(F)F)cc2)cc1,190.0,active,"{1, 2.6945000000000014, 7, 8, 524.5210000000003, 116.75000000000001}",1.0,2.6945000000000014,7.0,8.0,524.5210000000003,116.75000000000001
CHEMBL4552843,COOC[C@@]1(C)CC[C@]2(C)CC[C@]3(C)[C@@H]4CC(=O)c5cc(OC)c(O)cc5[C@]4(C)CC[C@@]3(C)C2C1,660000.0,inactive,"{64.99000000000001, 1, 484.6770000000003, 5, 4, 6.852000000000009}",64.99000000000001,1.0,484.6770000000003,5.0,4.0,6.852000000000009
CHEMBL4645275,Clc1nc(OCc2cn(Cc3ccccc3)nn2)nc(N2CCCC2)n1,5000.0,active,"{0, 2.3440000000000003, 6, 8, 81.85, 371.8320000000002}",0.0,2.3440000000000003,6.0,8.0,81.85,371.8320000000002
CHEMBL4278472,COc1ccc(-c2cc(CSc3nc4ccccc4c(=O)n3-c3ccccc3)on2)cc1,370.0,active,"{0, 5.341600000000005, 70.15, 6, 7, 441.51200000000017}",0.0,5.341600000000005,70.15,6.0,7.0,441.51200000000017
CHEMBL4291293,COc1ccc(-c2cc(CSc3nc4ccccc4c(=O)n3-c3ccc(Br)cc3)on2)cc1OC,340.0,active,"{0, 550.4340000000002, 7, 8, 6.112700000000005, 79.38000000000001}",0.0,550.4340000000002,7.0,8.0,6.112700000000005,79.38000000000001
CHEMBL3100124,CC1=NN(c2cccc(Cl)c2)C(=O)/C1=C\c1cn(CCCCOc2cc(O)c3c(=O)cc(-c4ccccc4)oc3c2)c2ccccc12,6200.0,active,"{97.27, 1, 644.1270000000004, 7, 8.439000000000005, 9}",97.27,1.0,644.1270000000004,7.0,8.439000000000005,9.0
CHEMBL2380875,Cc1onc(C2CCCO2)c1-c1ccccc1,100000.0,inactive,"{0, 2, 35.260000000000005, 3, 229.27900000000002, 3.501520000000002}",0.0,2.0,35.260000000000005,3.0,229.27900000000002,3.501520000000002
CHEMBL2380868,O=C(O)c1onc(-c2ccc(Cl)o2)c1-c1ccccc1,100000.0,inactive,"{289.674, 1, 3, 4, 3.9532000000000016, 76.47}",289.674,1.0,3.0,4.0,3.9532000000000016,76.47
CHEMBL561950,CS(=O)(=O)c1ccc(-c2cc(C(F)(F)F)nc(Nc3ccccc3)n2)cc1,5.6,active,"{1, 4, 5, 4.3095000000000026, 71.95, 393.39000000000004}",1.0,4.0,5.0,4.3095000000000026,71.95,393.39000000000004
CHEMBL51434,CS(=O)(=O)c1ccc(C2=C(c3ccc(F)cc3)C(=O)OC2)cc1,10.0,active,"{0, 2.6968000000000005, 3, 4, 332.3520000000001, 60.44}",0.0,2.6968000000000005,3.0,4.0,332.3520000000001,60.44
CHEMBL320111,Cc1ccc(OC2=C(c3ccc(S(C)(=O)=O)cc3)C(C)(C)OC2=O)nc1,150.0,active,"{0, 2.9190200000000006, 4, 6, 82.56000000000002, 373.4300000000002}",0.0,2.9190200000000006,4.0,6.0,82.56000000000002,373.4300000000002
CHEMBL3427203,COc1ccc(-c2nc(OC)nn2-c2ccc(OC)cc2)cc1,3200.0,active,"{0, 2.9601000000000015, 5, 6, 311.341, 58.400000000000006}",0.0,2.9601000000000015,5.0,6.0,311.341,58.400000000000006
CHEMBL29576,COC(=O)c1cc(-c2ccc(F)cc2)n(-c2ccc(S(N)(=O)=O)cc2)n1,100000.0,inactive,"{1, 2.1124, 4, 6, 104.27999999999999, 375.3810000000001}",1.0,2.1124,4.0,6.0,104.27999999999999,375.3810000000001
CHEMBL286256,NS(=O)(=O)c1ccc(-n2nc(C(F)(F)F)cc2-c2cc(Cl)ccc2Cl)cc1,100000.0,inactive,"{1, 3, 4, 4.512300000000002, 77.98, 436.2420000000001}",1.0,3.0,4.0,4.512300000000002,77.98,436.2420000000001
CHEMBL3322406,CS(=O)(=O)c1ccc(N2CCN=C2c2ccc(Cl)c(Cl)c2)cc1,2100.0,active,"{0, 3, 4, 3.663700000000002, 369.273, 49.74}",0.0,3.0,4.0,3.663700000000002,369.273,49.74
CHEMBL289484,CCOC(=O)c1cn(-c2ccc(S(C)(=O)=O)cc2)c(-c2ccc(Cl)cc2)n1,5700.0,active,"{0, 3.7729000000000035, 5, 6, 78.26, 404.87500000000006}",0.0,3.7729000000000035,5.0,6.0,78.26,404.87500000000006
CHEMBL213338,Cc1ccc(-c2cc(C(F)(F)F)nn2-c2ccc(-c3nn[nH]n3)cc2)cc1,1.9,active,"{1, 3, 4.0466200000000025, 5, 72.28, 370.338}",1.0,3.0,4.0466200000000025,5.0,72.28,370.338
CHEMBL4282681,NS(=O)(=O)c1ccc(/N=c2\scc(-c3ccc(Cl)cc3Cl)n2-c2ccccc2)cc1,18320.0,inactive,"{1, 4, 5, 5.392400000000004, 77.45000000000002, 476.4100000000001}",1.0,4.0,5.0,5.392400000000004,77.45000000000002,476.4100000000001
CHEMBL3581346,COc1cc([C@@H]2CC(=O)c3c(cc(O)c(C/C=C(\C)CCC=C(C)C)c3O)O2)cc(O)c1OC,6400.0,active,"{3, 5.762300000000006, 7, 8, 105.45000000000002, 468.5460000000003}",3.0,5.762300000000006,7.0,8.0,105.45000000000002,468.5460000000003
CHEMBL4440945,O=C(/C=C/C1=Cc2ccccc2OC1)c1ccc(C(F)(F)F)cc1,830.0,active,"{0, 2, 3, 4.920300000000003, 330.30499999999995, 26.3}",0.0,2.0,3.0,4.920300000000003,330.30499999999995,26.3
CHEMBL4070457,CCc1ccc(N2C(=O)CS/C2=N/NC(=O)COc2ccc(Cl)cc2Cl)cc1,6930.0,active,"{1, 4.1018000000000026, 5, 6, 71.0, 438.3360000000001}",1.0,4.1018000000000026,5.0,6.0,71.0,438.3360000000001
CHEMBL386006,NS(=O)(=O)c1ccc(-n2cnc(Cl)c2-c2ccc(OCCCO)c(F)c2)cc1,100000.0,inactive,"{2, 2.740400000000001, 6, 7, 425.8690000000002, 107.44000000000001}",2.0,2.740400000000001,6.0,7.0,425.8690000000002,107.44000000000001
CHEMBL4567195,N#Cc1cnn(-c2ccc(S(N)(=O)=O)cc2)c1/N=C/c1ccc(Br)cc1,64.9,active,"{1, 2.9044800000000013, 4, 6, 430.28700000000003, 114.12999999999998}",1.0,2.9044800000000013,4.0,6.0,430.28700000000003,114.12999999999998
CHEMBL2160144,O=C1CSC(N2N=C(c3ccc(Cl)c(Cl)c3)CC2c2ccc(Cl)cc2)=N1,11700.0,inactive,"{0, 2, 4, 5.427300000000003, 424.7400000000002, 45.03}",0.0,2.0,4.0,5.427300000000003,424.7400000000002,45.03
CHEMBL4092736,Cc1c(-c2c(N=O)nc3ncccn23)cnn1-c1ccccc1,1550.0,active,"{0, 3, 3.2883200000000015, 7, 77.44, 304.31300000000005}",0.0,3.0,3.2883200000000015,7.0,77.44,304.31300000000005
CHEMBL43366,Cc1c(C#N)cc(-c2ccc(S(C)(=O)=O)cc2)n1-c1ccc(F)cc1,750.0,active,"{0, 354.406, 3, 4, 3.8670000000000027, 62.86}",0.0,354.406,3.0,4.0,3.8670000000000027,62.86
CHEMBL4846345,Cc1cc(C)c2c(CSc3nnc(CSc4nc5ccccc5o4)o3)cc(=O)oc2c1,25.02,active,"{0, 451.5290000000002, 5.518640000000003, 6, 9, 95.16000000000001}",0.0,451.5290000000002,5.518640000000003,6.0,9.0,95.16000000000001
CHEMBL18377,CC1(O)OC(=O)C(Sc2ccccc2)=C1c1ccc(S(C)(=O)=O)cc1,5000.0,active,"{1, 2.8588000000000013, 4, 6, 80.67, 376.4550000000001}",1.0,2.8588000000000013,4.0,6.0,80.67,376.4550000000001
CHEMBL4864146,O=C(NCCc1c[nH]c2ccccc12)c1ccccc1Nc1ccc(F)cc1,2460.0,active,"{2, 3, 5.023100000000003, 6, 373.4310000000001, 56.92}",2.0,3.0,5.023100000000003,6.0,373.4310000000001,56.92
CHEMBL4877659,O=C(NCCc1c[nH]c2ccccc12)c1ccccc1Nc1ccc(Br)cc1,5680.0,active,"{2, 3, 5.646500000000003, 6, 434.3370000000001, 56.92}",2.0,3.0,5.646500000000003,6.0,434.3370000000001,56.92
CHEMBL4849413,O=C(NCCc1c[nH]c2ccccc12)c1ccccc1Nc1ccc2nccnc2c1,40000.0,inactive,"{3, 4, 4.827200000000003, 6, 82.7, 407.47700000000015}",3.0,4.0,4.827200000000003,6.0,82.7,407.47700000000015
CHEMBL237208,COc1ccc2c(c1)c(CCNS(=O)(=O)CCCO)c(C)n2C(=O)c1ccc(Cl)cc1,1100.0,active,"{97.63, 2, 3.1445200000000018, 6, 9, 464.9710000000001}",97.63,2.0,3.1445200000000018,6.0,9.0,464.9710000000001
CHEMBL4086962,CCOC(=O)C1=C(N)N2C(=O)CCC(=O)N2C1c1ccccc1O,181.0,active,"{0.5462999999999996, 2, 3, 6, 331.32800000000003, 113.16999999999999}",0.5462999999999996,2.0,3.0,6.0,331.32800000000003,113.16999999999999
CHEMBL456147,CCCCCCCCC(Sc1nc(Cl)cc(Nc2cccc(C)c2C)n1)C(=O)O,10.0,active,"{2, 5, 6.786340000000005, 75.11, 12, 436.0210000000002}",2.0,5.0,6.786340000000005,75.11,12.0,436.0210000000002
CHEMBL18264,CS(=O)(=O)c1ccc(C2=C(c3ccc(F)c(F)c3)C(=O)OC2)cc1,30.0,active,"{0, 2.8359000000000005, 3, 4, 60.44, 350.3420000000001}",0.0,2.8359000000000005,3.0,4.0,60.44,350.3420000000001
CHEMBL24869,COc1ccc2c(c1)c(CC(=O)NCCCCCO)c(C)n2C(=O)c1ccc(Cl)cc1,290.0,active,"{2, 4.121520000000003, 5, 9, 80.56, 442.9430000000001}",2.0,4.121520000000003,5.0,9.0,80.56,442.9430000000001
CHEMBL68365,CCC(CC)OC1=C(c2ccc(S(C)(=O)=O)cc2)C(C)(C)OC1=O,400.0,active,"{352.4520000000001, 0, 3.341800000000002, 69.67000000000002, 5, 6}",352.4520000000001,0.0,3.341800000000002,69.67000000000002,5.0,6.0
CHEMBL469433,CCCCCCCCCCCC1=CC(=O)C=C(OC)C1=O,570.0,active,"{0, 3, 292.41900000000004, 4.515800000000004, 11, 43.370000000000005}",0.0,3.0,292.41900000000004,4.515800000000004,11.0,43.370000000000005
CHEMBL306232,Cc1ccc(-n2c(-c3ccc(S(C)(=O)=O)cc3)coc2=O)cc1,480.0,active,"{0, 2.809420000000001, 3, 69.28, 5, 329.37700000000007}",0.0,2.809420000000001,3.0,69.28,5.0,329.37700000000007
CHEMBL4289901,NS(=O)(=O)c1ccc(/N=c2\scc(-c3ccc(Br)cc3)n2-c2ccccc2)cc1,19730.0,inactive,"{1, 4, 5, 486.41600000000005, 4.848100000000003, 77.45000000000002}",1.0,4.0,5.0,486.41600000000005,4.848100000000003,77.45000000000002
CHEMBL186634,NS(=O)(=O)c1ccc(-c2ccc(F)c(F)c2-c2ccc3c(c2)OCCO3)cc1,32.36,active,"{1, 3, 4, 3.717400000000003, 78.62, 403.4060000000001}",1.0,3.0,4.0,3.717400000000003,78.62,403.4060000000001
CHEMBL149040,Cc1cn2c(-c3ccccc3)c(-c3ccc(S(C)(=O)=O)cc3)nc2s1,140.0,active,"{0, 3, 4.441720000000003, 5, 368.48300000000006, 51.44}",0.0,3.0,4.441720000000003,5.0,368.48300000000006,51.44
CHEMBL149167,Cc1csc2nc(-c3ccc(S(C)(=O)=O)cc3)c(-c3ccccc3)n12,1000.0,active,"{0, 3, 4.441720000000004, 5, 368.48300000000006, 51.44}",0.0,3.0,4.441720000000004,5.0,368.48300000000006,51.44
CHEMBL4529375,NS(=O)(=O)c1ccc(-n2nc(C(=O)N3CCSCC3)cc2-c2cccc(F)c2)cc1,190.0,active,"{1, 98.29, 2.514800000000001, 4, 6, 446.5290000000001}",1.0,98.29,2.514800000000001,4.0,6.0,446.5290000000001
CHEMBL4291092,O=c1c2ccccc2nc(SCc2cn(-c3ccc(Br)cc3)nn2)n1-c1ccc(Cl)cc1,240.0,active,"{0, 65.6, 5, 5.674600000000003, 7, 524.8310000000001}",0.0,65.6,5.0,5.674600000000003,7.0,524.8310000000001
CHEMBL423576,CS(=O)(=O)c1ccc(-c2c(-c3ccc(F)c(F)c3)nc3sccn23)cc1,12.0,active,"{0, 3, 4.411500000000003, 5, 390.43600000000004, 51.44}",0.0,3.0,4.411500000000003,5.0,390.43600000000004,51.44
CHEMBL423576,CS(=O)(=O)c1ccc(-c2c(-c3ccc(F)c(F)c3)nc3sccn23)cc1,2200.0,active,"{0, 3, 4.411500000000003, 5, 390.43600000000004, 51.44}",0.0,3.0,4.411500000000003,5.0,390.43600000000004,51.44
CHEMBL359143,CSc1ccc(-c2c(-c3ccccc3)nc3sccn23)cc1,420.0,active,"{0, 322.458, 3, 4, 5.451700000000004, 17.3}",0.0,322.458,3.0,4.0,5.451700000000004,17.3
CHEMBL4789344,NS(=O)(=O)c1ccc(-n2nc(NC(=O)NCCCCCCCCCCC(=O)O)cc2-c2ccccc2)cc1,2180.0,active,"{4, 4.903700000000003, 6, 15, 156.41, 541.6740000000005}",4.0,4.903700000000003,6.0,15.0,156.41,541.6740000000005
CHEMBL94935,NS(=O)(=O)c1ccc(-n2nc(C(F)(F)F)c3c2-c2ccccc2CC3)cc1,1096.48,active,"{1, 2, 3.304100000000002, 4, 393.3900000000001, 77.98}",1.0,2.0,3.304100000000002,4.0,393.3900000000001,77.98
CHEMBL4099420,Cc1c(C(=O)NCCc2ccc(N3CCCCC3)cc2)nc2ccc(Cl)cc2c1O,2110.0,active,"{65.46000000000001, 2, 4, 5, 4.865020000000005, 423.944}",65.46000000000001,2.0,4.0,5.0,4.865020000000005,423.944
CHEMBL4515876,Cc1onc(-c2ccc(S(C)(=O)=O)cc2)c1-c1ccc(F)cc1,70.0,active,"{0, 3, 4, 3.8596200000000023, 331.368, 60.17}",0.0,3.0,4.0,3.8596200000000023,331.368,60.17
CHEMBL4242859,Cc1ccc(-n2nc(COC(=O)COc3cc(O)c4c(=O)cc(-c5ccccc5)oc4c3)cc2-c2ccc([N+](=O)[O-])cc2)cc1,1390.0,active,"{1, 6.357120000000006, 9, 10, 146.93, 603.5870000000003}",1.0,6.357120000000006,9.0,10.0,146.93,603.5870000000003
CHEMBL1630241,CC(C)(C)Oc1c(Cl)cc2c(c1Cl)OC(C(F)(F)F)C(C(=O)O)=C2,28.0,active,"{385.165, 2, 3, 1, 4.962000000000002, 55.760000000000005}",385.165,2.0,3.0,1.0,4.962000000000002,55.760000000000005
CHEMBL1630242,O=C(O)C1=Cc2cc(Cl)c(OCC3CCCCC3)c(Cl)c2OC1C(F)(F)F,34.0,active,"{1, 3, 4, 5.743800000000003, 425.2300000000001, 55.760000000000005}",1.0,3.0,4.0,5.743800000000003,425.2300000000001,55.760000000000005
CHEMBL4461039,CS(=O)(=O)c1ccc(Cc2nnnn2-c2ccc(O)cc2)cc1,200000.0,inactive,"{1, 97.97000000000001, 1.3621999999999999, 4, 7, 330.369}",1.0,97.97000000000001,1.3621999999999999,4.0,7.0,330.369
CHEMBL4569790,N#Cc1cnn(-c2ccc(S(N)(=O)=O)cc2)c1/N=C/c1ccc(F)cc1,38.73,active,"{1, 2.28108, 4, 6, 369.38100000000003, 114.12999999999998}",1.0,2.28108,4.0,6.0,369.38100000000003,114.12999999999998
CHEMBL4076689,N#Cc1c(N=Cc2cccnc2)c(C(=O)Nc2ccccc2)n2c1CCC2,100.0,active,"{1, 355.4010000000001, 4, 5, 3.7038800000000016, 83.07}",1.0,355.4010000000001,4.0,5.0,3.7038800000000016,83.07
CHEMBL416589,Cc1nc(C2CCCCC2)c(-c2ccc(S(N)(=O)=O)c(N)c2)o1,930.0,active,"{2, 3, 2.92732, 5, 335.4290000000001, 112.21}",2.0,3.0,2.92732,5.0,335.4290000000001,112.21
CHEMBL325370,CC1(C)OC(=O)C(C(=O)c2ccccc2)=C1c1ccc(S(C)(=O)=O)cc1,800.0,active,"{0, 3.062000000000002, 4, 5, 77.51, 370.4260000000001}",0.0,3.062000000000002,4.0,5.0,77.51,370.4260000000001
CHEMBL4165528,O=C(NCc1ccc(F)cc1)C(=O)Oc1sc2ccccc2c1Br,14500.0,inactive,"{1, 3, 4, 4.024700000000002, 55.400000000000006, 408.24800000000005}",1.0,3.0,4.0,4.024700000000002,55.400000000000006,408.24800000000005
CHEMBL111787,NS(=O)(=O)c1ccc(C2=C(c3ccc(F)c(F)c3)CCC2)cc1,18.0,active,"{1, 2, 3, 3.7069000000000027, 335.37500000000006, 60.160000000000004}",1.0,2.0,3.0,3.7069000000000027,335.37500000000006,60.160000000000004
CHEMBL3775974,NS(=O)(=O)c1ccc(-n2nc(C(F)(F)F)cc2-c2ccc(I)cc2)cc1,8200.0,active,"{1, 3, 4, 3.810100000000002, 493.24800000000005, 77.98}",1.0,3.0,4.0,3.810100000000002,493.24800000000005,77.98
CHEMBL4210856,COc1ccc(-c2nc3cc(NC(=O)c4ccc([N+](=O)[O-])cc4Cl)ccc3o2)cc1OC,460.0,active,"{1, 453.83800000000025, 6, 7, 5.325900000000003, 116.73}",1.0,453.83800000000025,6.0,7.0,5.325900000000003,116.73
CHEMBL4458529,COC(=O)CNC(=O)[C@H](C)NC(=O)[C@@H]1CCCN1C(=O)CNC(=O)[C@H](C)NC(=O)OCc1ccccc1,400.0,active,"{-0.7975999999999932, 4, 519.5550000000003, 8, 11, 172.23999999999998}",-0.7975999999999932,4.0,519.5550000000003,8.0,11.0,172.23999999999998
CHEMBL4444316,Brc1ccc(/C=N/Nc2nnc(-c3ccncc3)o2)cc1,110.0,active,"{1, 3.3401000000000005, 4, 6, 76.2, 344.172}",1.0,3.3401000000000005,4.0,6.0,76.2,344.172
CHEMBL4569755,Clc1ccc(/C=N/c2nnc(-c3cccnc3)o2)cc1,130.0,active,"{0, 64.17, 3, 3.5356000000000014, 5, 284.706}",0.0,64.17,3.0,3.5356000000000014,5.0,284.706
CHEMBL4786489,Cc1c(-c2nn(-c3ccccc3)cc2/C=N/O)nnn1-c1ccc(Cl)cc1,50.0,active,"{1, 3.8899200000000027, 4, 7, 81.12, 378.8230000000001}",1.0,3.8899200000000027,4.0,7.0,81.12,378.8230000000001
CHEMBL4781068,CC(=O)c1nnn(-c2ccc(C(=O)O)cc2)c1C,420.0,active,"{1, 1.47652, 3, 5, 85.08, 245.238}",1.0,1.47652,3.0,5.0,85.08,245.238
CHEMBL4788147,C/C(=N\Nc1nc(-c2ccc(Cl)cc2)cs1)c1nnn(-c2ccc(Cl)cc2)c1C,60.0,active,"{1, 67.99000000000001, 5, 5.842120000000003, 7, 443.36300000000017}",1.0,67.99000000000001,5.0,5.842120000000003,7.0,443.36300000000017
CHEMBL4576864,Oc1ccc(-c2nnc(CSc3nnc(-c4ccncc4)o3)o2)cc1,100.0,active,"{353.36300000000006, 1, 3.1795000000000018, 5, 9, 110.96000000000001}",353.36300000000006,1.0,3.1795000000000018,5.0,9.0,110.96000000000001
CHEMBL4450458,Clc1ccc(-c2nnc(CSc3nnc(-c4ccncc4)o3)o2)cc1,89.0,active,"{0, 4.127300000000003, 5, 8, 371.8090000000001, 90.73}",0.0,4.127300000000003,5.0,8.0,371.8090000000001,90.73
CHEMBL1171448,C[C@@H]1O[C@@H](O[C@H]2[C@H](O)[C@@H](O)[C@H](OC[C@H]3O[C@@H](OC(=O)[C@]45CCC(C)(C)C[C@H]4C4=CC[C@@H]6[C@@]7(C)CC[C@H](O)C(C)(C)[C@@H]7CC[C@@]6(C)[C@]4(C)CC5)[C@H](O)[C@@H](O)[C@@H]3O)O[C@@H]2CO)[C@H](O)[C@H](O)[C@H]1O,50000.0,inactive,"{1.1681000000000035, 8, 10, 17, 274.74999999999994, 927.1350000000004}",1.1681000000000035,8.0,10.0,17.0,274.74999999999994,927.1350000000004
CHEMBL4592358,CC(C)C/C=N/c1c(C#N)c2n(c1C(=O)Nc1ccc(Br)cc1)CCC2,13490.0,inactive,"{1, 4, 5, 70.17999999999999, 5.069180000000004, 413.31900000000013}",1.0,4.0,5.0,70.17999999999999,5.069180000000004,413.31900000000013
CHEMBL4790061,CCOC(=O)C1CCN(C(=O)Nc2cc(-c3ccccc3)n(-c3ccc(S(N)(=O)=O)cc3)n2)CC1,2890.0,active,"{2, 2.9937000000000014, 6, 7, 136.62, 497.5770000000002}",2.0,2.9937000000000014,6.0,7.0,136.62,497.5770000000002
CHEMBL1950015,CCc1ccnc(C(=O)c2[nH]c3ccc(OC(F)(F)F)cc3c2CC(=O)O)c1,5700.0,active,"{2, 3.8820000000000023, 4, 6, 392.33300000000014, 92.28000000000002}",2.0,3.8820000000000023,4.0,6.0,392.33300000000014,92.28000000000002
CHEMBL1950017,Cc1ccnc(C(=O)c2[nH]c3ccc(F)cc3c2CC(=O)O)c1,150.0,active,"{2, 3, 4, 2.868520000000001, 83.05, 312.3}",2.0,3.0,4.0,2.868520000000001,83.05,312.3
CHEMBL4763530,Fc1ccc(Nc2nc(/C=C/c3ccccc3)nc3ccccc23)cc1F,10100.0,inactive,"{1, 3, 4, 37.81, 5.822000000000004, 359.3790000000001}",1.0,3.0,4.0,37.81,5.822000000000004,359.3790000000001
CHEMBL1669035,CCc1ccc(-c2cc(Cl)cc3c2OC(C(F)(F)F)C(C(=O)O)=C3)cc1,78.4,active,"{1, 2, 3, 5.360700000000003, 46.53, 382.76500000000004}",1.0,2.0,3.0,5.360700000000003,46.53,382.76500000000004
CHEMBL4559991,O=C1NC(=S)S/C1=C\c1ccc(OCc2cn(-c3ccccc3)nn2)cc1,260.0,active,"{1, 3.3351000000000006, 69.03999999999999, 5, 7, 394.48100000000005}",1.0,3.3351000000000006,69.03999999999999,5.0,7.0,394.48100000000005
CHEMBL281001,CS(=O)(=O)c1cnn(-c2ccc(S(N)(=O)=O)cc2)c1-c1ccc(Cl)cc1,19800.0,inactive,"{1, 2.2436000000000007, 4, 6, 112.12, 411.89200000000017}",1.0,2.2436000000000007,4.0,6.0,112.12,411.89200000000017
CHEMBL4582667,N#CC1=C(N)OC(c2ccccc2)=CC1c1cn(-c2ccccc2)nc1-c1ccc(OCc2ccccc2)cc1,720.0,active,"{1, 6, 7, 6.967080000000006, 522.6080000000003, 86.09000000000002}",1.0,6.0,7.0,6.967080000000006,522.6080000000003,86.09000000000002
CHEMBL296098,CS(=O)(=O)Nc1ccc(-c2cc(C(F)F)nn2-c2ccc(F)cc2)cc1,8000.0,active,"{1, 3.9875000000000025, 4, 5, 381.3790000000001, 63.99}",1.0,3.9875000000000025,4.0,5.0,381.3790000000001,63.99
CHEMBL456792,CCCCCCC(Sc1nc(Cl)cc(Nc2ccc(-c3ccc(C#N)cc3)cc2)n1)C(=O)O,10.0,active,"{481.0210000000002, 2, 98.9, 6, 6.927980000000006, 11}",481.0210000000002,2.0,98.9,6.0,6.927980000000006,11.0
CHEMBL4238681,O=C(COc1cc(O)c2c(=O)cc(-c3ccccc3)oc2c1)OCc1cc(-c2ccc([N+](=O)[O-])cc2)n(-c2ccccc2)n1,1660.0,active,"{1, 6.048700000000005, 9, 10, 589.5600000000003, 146.93}",1.0,6.048700000000005,9.0,10.0,589.5600000000003,146.93
CHEMBL1163221,COc1ccc2c(c1)c1c(n2C(=O)c2c(Cl)cc(Cl)cc2Cl)CCN(CCCOc2cc(F)cc(C3(OC)CCOCC3)c2)C1.Cl,100000.0,inactive,"{0, 7, 712.473, 9, 8.338800000000003, 62.16000000000001}",0.0,7.0,712.473,9.0,8.338800000000003,62.16000000000001
CHEMBL596887,CC(C(=O)O)c1ccccc1-c1ccn(C(F)F)c(=O)c1,2600.0,active,"{1, 3, 4, 293.269, 3.0985000000000014, 59.3}",1.0,3.0,4.0,293.269,3.0985000000000014,59.3
CHEMBL602675,CS(=O)(=O)c1ccc(-n2nc(C(F)(F)F)cc2C2CCN(CCCCO[N+](=O)[O-])CC2)cc1,15600.0,inactive,"{0, 3.462500000000002, 8, 9, 490.5040000000004, 107.57000000000002}",0.0,3.462500000000002,8.0,9.0,490.5040000000004,107.57000000000002
CHEMBL4065539,NS(=O)(=O)c1ccc(-n2nc(C(=O)Oc3ccc4ccc(=O)oc4c3)cc2-c2ccccc2)cc1,2500.0,active,"{1, 3.5123000000000015, 5, 134.49, 487.49300000000017, 8}",1.0,3.5123000000000015,5.0,134.49,487.49300000000017,8.0
CHEMBL1684152,COc1c(OC)c(O)c2c(=O)cc(C)oc2c1Cl,43410.0,inactive,"{1, 2, 2.477620000000001, 68.9, 5, 270.66799999999995}",1.0,2.0,2.477620000000001,68.9,5.0,270.66799999999995
CHEMBL304560,NS(=O)(=O)c1ccc(-c2coc(=O)n2-c2ccc(Cl)c(Cl)c2)cc1,400.0,active,"{385.22800000000007, 1, 3, 3.051700000000001, 5, 95.30000000000001}",385.22800000000007,1.0,3.0,3.051700000000001,5.0,95.30000000000001
CHEMBL358482,Cc1sc2nc(-c3ccccc3)c(-c3ccc(S(C)(=O)=O)cc3)n2c1C,5000.0,active,"{0, 3, 4.7501400000000045, 5, 51.44, 382.51000000000016}",0.0,3.0,4.7501400000000045,5.0,51.44,382.51000000000016
CHEMBL17184,NS(=O)(=O)c1ccc(C2=C(c3ccc(F)cc3)CC3(CC3)C2)cc1,3.0,active,"{1, 2, 3, 3.957900000000003, 343.4230000000002, 60.160000000000004}",1.0,2.0,3.0,3.957900000000003,343.4230000000002,60.160000000000004
CHEMBL525250,Cc1ccc2[nH]c(-c3ccc(S(C)(=O)=O)cc3)c(-c3ccccc3)c2c1,0.2799,active,"{1, 2, 3, 5.213820000000004, 361.4660000000001, 49.93}",1.0,2.0,3.0,5.213820000000004,361.4660000000001,49.93
CHEMBL3265346,Cc1ccc(-c2nn(-c3ccccc3)cc2-c2nnc(-c3ccc(Cl)cc3)o2)cc1,58000.0,inactive,"{0, 4, 5, 6.218120000000004, 56.74, 412.8800000000002}",0.0,4.0,5.0,6.218120000000004,56.74,412.8800000000002
CHEMBL1242460,COc1ccc(-c2nn(-c3ccccc3)cc2-c2nnc(-c3ccccc3)o2)cc1,100000.0,inactive,"{0, 65.97, 5, 6, 5.264900000000004, 394.43400000000014}",0.0,65.97,5.0,6.0,5.264900000000004,394.43400000000014
CHEMBL118,Cc1ccc(-c2cc(C(F)(F)F)nn2-c2ccc(S(N)(=O)=O)cc2)cc1,350.0,active,"{1, 3, 4, 3.5139200000000006, 77.98, 381.3790000000001}",1.0,3.0,4.0,3.5139200000000006,77.98,381.3790000000001
CHEMBL229245,COc1ccc(C2=Cc3ccccc3CC2)c(OC)c1OC,660.0,active,"{0, 3, 4, 4.199200000000003, 296.36600000000004, 27.69}",0.0,3.0,4.0,4.199200000000003,296.36600000000004,27.69
CHEMBL228561,COc1ccc(C2=Cc3ccccc3C2)c(OC)c1OC,1330.0,active,"{0, 3, 4, 3.8091000000000026, 282.339, 27.69}",0.0,3.0,4.0,3.8091000000000026,282.339,27.69
CHEMBL390117,COc1ccc(C2=Cc3ccccc3CC2)cc1OC,100000.0,inactive,"{0, 2, 3, 4.190600000000003, 266.34, 18.46}",0.0,2.0,3.0,4.190600000000003,266.34,18.46
CHEMBL2171270,CC(=O)n1c2ccc(Cl)cc2c2ccc(C(C)C(=O)O)cc21,100000.0,inactive,"{1, 2, 3, 4.296100000000004, 59.3, 315.7560000000001}",1.0,2.0,3.0,4.296100000000004,59.3,315.7560000000001
CHEMBL2347673,CCSc1nc(-c2ccc(Cl)cc2)c(-c2ccc(S(C)(=O)=O)cc2)[nH]1,110.0,active,"{1, 4, 5, 4.912600000000004, 392.9330000000001, 62.82}",1.0,4.0,5.0,4.912600000000004,392.9330000000001,62.82
CHEMBL2347672,CCSc1nc(-c2ccc(F)cc2)c(-c2ccc(S(C)(=O)=O)cc2)[nH]1,80.0,active,"{1, 4, 5, 4.398300000000003, 376.47800000000007, 62.82}",1.0,4.0,5.0,4.398300000000003,376.47800000000007,62.82
CHEMBL4277617,O=C(O)c1ccc(-n2cc(CSc3nc4ccccc4c(=O)n3-c3ccccc3)nn2)cc1,670.0,active,"{1, 3.956900000000002, 102.9, 6, 8, 455.49900000000014}",1.0,3.956900000000002,102.9,6.0,8.0,455.49900000000014
CHEMBL4287667,O=c1c2ccccc2nc(SCc2cn(-c3ccccc3)nn2)n1-c1ccc(Br)cc1,250.0,active,"{0, 65.6, 5, 5.021200000000003, 7, 490.3860000000001}",0.0,65.6,5.0,5.021200000000003,7.0,490.3860000000001
CHEMBL4290032,O=c1c2ccccc2nc(SCc2cn(-c3ccc(Cl)cc3)nn2)n1-c1ccc(Br)cc1,160.0,active,"{0, 65.6, 5, 5.674600000000003, 7, 524.8310000000001}",0.0,65.6,5.0,5.674600000000003,7.0,524.8310000000001
CHEMBL517675,CCCOCCc1cc(-c2ccc(S(C)(=O)=O)cc2)n(-c2ccccc2)c1C,1300.0,active,"{0, 4, 4.825320000000005, 8, 397.5400000000001, 48.300000000000004}",0.0,4.0,4.825320000000005,8.0,397.5400000000001,48.300000000000004
CHEMBL3410350,NS(=O)(=O)c1ccc(N2N=C3c4ccccc4CCC3C2c2ccc(Br)cc2)cc1,26340.0,inactive,"{1, 482.40300000000013, 3, 4, 4.624500000000004, 75.76}",1.0,482.40300000000013,3.0,4.0,4.624500000000004,75.76
CHEMBL457332,CS(=O)(=O)c1ccc(-n2nncc2-c2ccc(F)cc2)cc1,30.0,active,"{0, 64.85, 2.4769000000000005, 3, 5, 317.345}",0.0,64.85,2.4769000000000005,3.0,5.0,317.345
CHEMBL4076889,NS(=O)(=O)c1ccc(-n2nc(COC(=O)c3cc4ccccc4oc3=O)cc2-c2ccc(F)cc2)cc1,3360.0,active,"{1, 3.789200000000003, 134.49, 6, 8, 519.5100000000002}",1.0,3.789200000000003,134.49,6.0,8.0,519.5100000000002
CHEMBL2315853,O=C(N[C@H]1CCC[C@@H]1OCc1ccccc1)C1CCN(c2nc3cc(Cl)ccc3o2)CC1,934.0,active,"{1, 67.6, 4.951700000000004, 5, 453.9700000000003, 6}",1.0,67.6,4.951700000000004,5.0,453.9700000000003,6.0
CHEMBL4466390,O=C(O)C[C@@H]1C(=O)O[C@H]2[C@@H]3OC(=O)c4cc(O)c(O)c(O)c4-c4ccccc4C(=O)OC[C@H]2O[C@@H](OC(=O)c2cc(O)c(O)c(O)c2)[C@@H]3OC(=O)c2cc(O)c(O)c3c2[C@H]1[C@H](O)C(=O)O3,920.0,active,"{0.8814999999999991, 386.40000000000003, 4, 906.6670000000005, 10, 23}",0.8814999999999991,386.40000000000003,4.0,906.6670000000005,10.0,23.0
CHEMBL4206085,CCOc1ccc(/C=C/c2ccc([N+](=O)[O-])cc2)cc1,4017.0,active,"{0, 3, 4.1639000000000035, 5, 269.29999999999995, 52.370000000000005}",0.0,3.0,4.1639000000000035,5.0,269.29999999999995,52.370000000000005
CHEMBL314774,COc1cc(/C=C/c2ccc([N+](=O)[O-])cc2)cc(OC)c1OC,2168.0,active,"{0, 3.791000000000003, 5, 70.83000000000001, 6, 315.3250000000001}",0.0,3.791000000000003,5.0,70.83000000000001,6.0,315.3250000000001
CHEMBL4450095,Clc1ccc(/C=N/Nc2nnc(-c3ccncc3)o2)cc1,290.0,active,"{1, 3.2310000000000008, 4, 6, 299.72100000000006, 76.2}",1.0,3.2310000000000008,4.0,6.0,299.72100000000006,76.2
CHEMBL1163237,COc1ccc2c(c1)c1c(n2C(=O)c2ccccc2)CCN(CCCOc2cc(F)cc(C3(OC)CCOCC3)c2)C1.Cl,78300.0,inactive,"{0, 609.1380000000003, 6.378600000000008, 7, 9, 62.16000000000001}",0.0,609.1380000000003,6.378600000000008,7.0,9.0,62.16000000000001
CHEMBL3359452,CC(C)Cc1ccc(C(C)C(=O)NCCc2c[nH]c3ccc(O)cc23)cc1,10000.0,inactive,"{65.12, 2, 3, 4.534400000000004, 7, 364.48900000000003}",65.12,2.0,3.0,4.534400000000004,7.0,364.48900000000003
CHEMBL800,Cc1c(CC(=O)O)c2cc(O)ccc2n1C(=O)c1ccc(Cl)cc1,5000.0,active,"{2, 3, 4, 3.6243200000000018, 79.53, 343.76599999999996}",2.0,3.0,4.0,3.6243200000000018,79.53,343.76599999999996
CHEMBL224256,CS(=O)(=O)Nc1ccncc1S(=O)(=O)c1ccccc1,100000.0,inactive,"{1, 1.2859000000000003, 4, 5, 312.372, 93.19999999999999}",1.0,1.2859000000000003,4.0,5.0,312.372,93.19999999999999
CHEMBL4780406,C/C(=N\Nc1nc(-c2ccc(Cl)cc2)cs1)c1nnn(-c2ccc(S(N)(=O)=O)cc2)c1C,40.0,active,"{128.15, 2, 3.836120000000002, 6, 487.9980000000002, 9}",128.15,2.0,3.836120000000002,6.0,487.9980000000002,9.0
CHEMBL4784956,CC(=O)c1nnn(-c2ccc(F)cc2)c1C,230.0,active,"{0, 1.9174200000000001, 2, 4, 47.78, 219.219}",0.0,1.9174200000000001,2.0,4.0,47.78,219.219
CHEMBL4781926,C/C(=N\NC(N)=O)c1nnn(-c2ccc(Cl)cc2)c1C,320.0,active,"{1.6214199999999996, 2, 3, 292.7300000000001, 5, 98.19}",1.6214199999999996,2.0,3.0,292.7300000000001,5.0,98.19
CHEMBL4786875,CC(=O)c1nnn(-c2ccc(S(=O)(=O)Nc3nccs3)cc2)c1C,290.0,active,"{1, 2.0356199999999998, 5, 8, 106.83999999999999, 363.4240000000001}",1.0,2.0356199999999998,5.0,8.0,106.83999999999999,363.4240000000001
CHEMBL4779437,C/C(=N\NC(N)=S)c1nnn(-c2ccc(S(=O)(=O)Nc3nccs3)cc2)c1C,50.0,active,"{1.39022, 3, 6, 9, 140.18, 436.5480000000002}",1.39022,3.0,6.0,9.0,140.18,436.5480000000002
CHEMBL4076002,NS(=O)(=O)c1ccc(-n2nc(C(=O)OCCOc3ccc4ccc(=O)oc4c3)cc2-c2ccccc2Cl)cc1,770.0,active,"{1, 4.182300000000003, 8, 9, 143.72000000000003, 565.9910000000002}",1.0,4.182300000000003,8.0,9.0,143.72000000000003,565.9910000000002
CHEMBL4082622,COc1cc(-c2cc(C(=O)OCCOc3ccc4ccc(=O)oc4c3)nn2-c2ccc(S(N)(=O)=O)cc2)cc(OC)c1OC,230.0,active,"{1, 3.5547000000000013, 171.40999999999997, 11, 12, 621.6240000000001}",1.0,3.5547000000000013,171.40999999999997,11.0,12.0,621.6240000000001
CHEMBL118,Cc1ccc(-c2cc(C(F)(F)F)nn2-c2ccc(S(N)(=O)=O)cc2)cc1,360.0,active,"{1, 3, 4, 3.5139200000000006, 77.98, 381.3790000000001}",1.0,3.0,4.0,3.5139200000000006,77.98,381.3790000000001
CHEMBL433585,CS(=O)(=O)c1ccc2c(Sc3ccc(F)cc3)c(C#N)[nH]c2c1,1010.0,active,"{1, 3, 4, 3.733380000000002, 73.72, 346.4080000000001}",1.0,3.0,4.0,3.733380000000002,73.72,346.4080000000001
CHEMBL498529,CC(COC(=O)C(C)c1ccc2c(c1)[nH]c1ccc(Cl)cc12)O[N+](=O)[O-],45000.0,inactive,"{1, 4.2180000000000035, 5, 6, 376.7960000000001, 94.46000000000001}",1.0,4.2180000000000035,5.0,6.0,376.7960000000001,94.46000000000001
CHEMBL442706,NS(=O)(=O)c1ccc(-c2nc(NCc3cc4ccccc4s3)cc(C(F)(F)F)n2)cc1,15.2,active,"{97.97000000000001, 2, 4.636600000000002, 5, 6, 464.494}",97.97000000000001,2.0,4.636600000000002,5.0,6.0,464.494
CHEMBL409468,NS(=O)(=O)c1ccc(-c2nc(NCc3ccco3)cc(C(F)(F)F)n2)cc1,2790.0,active,"{2, 3.0149000000000017, 5, 6, 398.36600000000004, 111.11000000000001}",2.0,3.0149000000000017,5.0,6.0,398.36600000000004,111.11000000000001
CHEMBL406528,NS(=O)(=O)c1ccc(-c2nc(NCc3ccncc3)cc(C(F)(F)F)n2)cc1,3330.0,active,"{2, 2.8169000000000013, 5, 6, 110.86000000000001, 409.39300000000003}",2.0,2.8169000000000013,5.0,6.0,110.86000000000001,409.39300000000003
CHEMBL270036,NS(=O)(=O)c1ccc(-c2nc(NCc3cccnc3)cc(C(F)(F)F)n2)cc1,10000.0,inactive,"{2, 2.8169000000000013, 5, 6, 110.86000000000001, 409.39300000000003}",2.0,2.8169000000000013,5.0,6.0,110.86000000000001,409.39300000000003
CHEMBL408215,NS(=O)(=O)c1ccc(-c2nc(NCc3ccsc3)cc(C(F)(F)F)n2)cc1,51.9,active,"{97.97000000000001, 2, 3.4834000000000014, 5, 6, 414.434}",97.97000000000001,2.0,3.4834000000000014,5.0,6.0,414.434
CHEMBL2234865,CS(=O)(=O)c1ccc(-c2nc(NCCCc3cccs3)cc(C(F)(F)F)n2)cc1,826456.5,inactive,"{1, 4.672100000000004, 6, 71.95, 7, 441.5}",1.0,4.672100000000004,6.0,71.95,7.0,441.5
CHEMBL1632396,CC(=O)N1N=C(c2ccc(S(C)(=O)=O)cc2)CC1c1ccc(Cl)cc1,21700.0,inactive,"{0, 66.81, 3, 4, 3.4411000000000023, 376.865}",0.0,66.81,3.0,4.0,3.4411000000000023,376.865
CHEMBL71455,CCc1ccc(-n2c(-c3ccc(S(N)(=O)=O)cc3)coc2=O)cc1,1559.55,active,"{1, 2.3073000000000006, 4, 5, 344.39200000000005, 95.30000000000001}",1.0,2.3073000000000006,4.0,5.0,344.39200000000005,95.30000000000001
CHEMBL18312,CC1(O)OC(=O)C(c2ccc3ccccc3c2)=C1c1ccc(S(C)(=O)=O)cc1,3200.0,active,"{1, 3, 3.4194000000000013, 5, 394.4480000000001, 80.67}",1.0,3.0,3.4194000000000013,5.0,394.4480000000001,80.67
CHEMBL3397728,CCCC/C(=C\c1cc(OCCc2ccc(C(F)(F)F)cc2)ccc1OCc1ccc(C(F)(F)F)cc1)C(=O)O,10000.0,inactive,"{1, 3, 8.582900000000006, 12, 566.5380000000002, 55.760000000000005}",1.0,3.0,8.582900000000006,12.0,566.5380000000002,55.760000000000005
CHEMBL3397724,CCCC/C(=C\c1cc(OCc2ccc(OCCN3CCOCC3)cc2)ccc1OCc1ccc(C(F)(F)F)cc1)C(=O)O,10000.0,inactive,"{1, 613.6730000000005, 6, 7.232600000000007, 77.46000000000001, 15}",1.0,613.6730000000005,6.0,7.232600000000007,77.46000000000001,15.0
CHEMBL184375,Cc1ccc(-c2c(-c3ccc(S(N)(=O)=O)cc3)ccc(F)c2F)cc1C,5.012,active,"{1, 2, 3, 4.563040000000003, 373.4240000000001, 60.160000000000004}",1.0,2.0,3.0,4.563040000000003,373.4240000000001,60.160000000000004
CHEMBL188115,COc1ccc2c(-c3ccc(S(C)(=O)=O)cc3)c(-c3ccc(F)cc3)nn2n1,51.0,active,"{0, 3.6145000000000023, 4, 6, 73.56, 397.4310000000001}",0.0,3.6145000000000023,4.0,6.0,73.56,397.4310000000001
CHEMBL127084,Cc1cc(=O)c(Oc2ccc(F)cc2)c(-c2ccc(S(C)(=O)=O)cc2)o1,980.0,active,"{0, 3.9501200000000027, 4, 5, 73.58000000000001, 374.38900000000007}",0.0,3.9501200000000027,4.0,5.0,73.58000000000001,374.38900000000007
CHEMBL3322400,CS(=O)(=O)c1ccc(N2CCN=C2c2cccc(Cl)c2)cc1,8100.0,active,"{0, 3, 4, 3.0103000000000018, 334.828, 49.74}",0.0,3.0,4.0,3.0103000000000018,334.828,49.74
CHEMBL3322404,COc1ccc(C2=NCCN2c2ccc(S(C)(=O)=O)cc2)cc1Cl,10000.0,inactive,"{0, 3.0189000000000012, 4, 5, 364.85400000000004, 58.97}",0.0,3.0189000000000012,4.0,5.0,364.85400000000004,58.97
CHEMBL3322412,NS(=O)(=O)c1ccc(N2CCN=C2c2cccc(Br)c2)cc1,2900.0,active,"{1, 2.3633000000000006, 3, 4, 75.76, 380.267}",1.0,2.3633000000000006,3.0,4.0,75.76,380.267
CHEMBL3322415,NS(=O)(=O)c1ccc(N2CCN=C2c2cccc(Cl)c2)cc1,2500.0,active,"{1, 2.2542, 3, 4, 75.76, 335.81600000000003}",1.0,2.2542,3.0,4.0,75.76,335.81600000000003
CHEMBL365865,CS(=O)(=O)c1ccc(-c2c(-c3ccccc3)nn3ncccc23)cc1,2.0,active,"{0, 64.33, 3, 3.466800000000002, 5, 349.4150000000001}",0.0,64.33,3.0,3.466800000000002,5.0,349.4150000000001
CHEMBL3265351,O=[N+]([O-])c1ccc(-c2nn(-c3ccccc3)cc2-c2nnc(-c3ccc(Cl)cc3)o2)cc1,1200.0,active,"{0, 99.88, 5, 5.817900000000003, 7, 443.85000000000014}",0.0,99.88,5.0,5.817900000000003,7.0,443.85000000000014
CHEMBL1242364,Fc1ccc(-c2nn(-c3ccccc3)cc2-c2nnc(-c3ccccc3)o2)cc1,6500.0,active,"{0, 4, 5, 5.395400000000004, 56.74, 382.39800000000014}",0.0,4.0,5.0,5.395400000000004,56.74,382.39800000000014
CHEMBL25030,COc1ccc2c(c1)c(CC(=O)N[C@H](CO)C(C)C)c(C)n2C(=O)c1ccc(Cl)cc1,370.0,active,"{2, 3.9758200000000032, 5, 7, 80.56, 442.9430000000002}",2.0,3.9758200000000032,5.0,7.0,80.56,442.9430000000002
CHEMBL277118,CSc1ccc(C2=C(c3ccc(S(C)(=O)=O)cc3)C(C)(O)OC2=O)cc1,310.0,active,"{1, 2.988100000000001, 4, 390.4820000000001, 6, 80.67000000000002}",1.0,2.988100000000001,4.0,390.4820000000001,6.0,80.67000000000002
CHEMBL18867,CC(C)c1ccc(C2=C(c3ccc(S(C)(=O)=O)cc3)C(C)(O)OC2=O)cc1,410.0,active,"{1, 386.4690000000001, 3.3896000000000015, 4, 5, 80.67000000000002}",1.0,386.4690000000001,3.3896000000000015,4.0,5.0,80.67000000000002
CHEMBL29075,NS(=O)(=O)c1ccc(-n2nc(C(F)(F)F)cc2-c2ccccn2)cc1,45600.0,inactive,"{1, 2.600500000000001, 3, 5, 368.34000000000003, 90.87}",1.0,2.600500000000001,3.0,5.0,368.34000000000003,90.87
CHEMBL1682229,CS(=O)(=O)c1ccc(-c2nnnn2-c2ccccc2)cc1,200000.0,inactive,"{0, 1.7328, 3, 6, 300.343, 77.74000000000001}",0.0,1.7328,3.0,6.0,300.343,77.74000000000001
CHEMBL503071,COC(=O)[C@H]1CC[C@]2(C)[C@H]3CC=C4[C@@H]5CC(C)(C)CC[C@]5(C(=O)O)CC[C@@]4(C)[C@]3(C)CC[C@H]2C1(C)C,2200.0,active,"{1, 2, 3, 7.661900000000009, 498.7480000000005, 63.60000000000001}",1.0,2.0,3.0,7.661900000000009,498.7480000000005,63.60000000000001
CHEMBL3906347,Cc1cc(C)c2c(=O)n(CC(=O)N3CCN(c4cccc(Cl)c4)CC3)sc2n1,407380.28,inactive,"{416.9340000000001, 0, 3, 3.077040000000002, 6, 58.440000000000005}",416.9340000000001,0.0,3.0,3.077040000000002,6.0,58.440000000000005
CHEMBL442036,COc1ccc(Cc2c(C)[nH]c3cc(S(C)(=O)=O)ccc23)cc1,5100.0,active,"{1, 3, 4, 3.4792200000000024, 329.42100000000005, 59.160000000000004}",1.0,3.0,4.0,3.4792200000000024,329.42100000000005,59.160000000000004
CHEMBL183294,CS(=O)(=O)c1ccc2c(Sc3ccccc3Cl)c(C#N)[nH]c2c1,130.0,active,"{1, 3, 4, 4.247680000000003, 73.72, 362.86300000000006}",1.0,3.0,4.0,4.247680000000003,73.72,362.86300000000006
CHEMBL118,Cc1ccc(-c2cc(C(F)(F)F)nn2-c2ccc(S(N)(=O)=O)cc2)cc1,6.8,active,"{1, 3, 4, 3.5139200000000006, 77.98, 381.3790000000001}",1.0,3.0,4.0,3.5139200000000006,77.98,381.3790000000001
CHEMBL3309832,Cc1ccc(S(=O)(=O)N2N=C(C(F)(F)F)CC2c2cccc3c2OCO3)cc1,57360.0,inactive,"{0, 3, 68.2, 5, 3.777720000000002, 412.3890000000001}",0.0,3.0,68.2,5.0,3.777720000000002,412.3890000000001
CHEMBL289653,Cc1nc(-c2ccc(F)cc2)c(-c2ccc(S(N)(=O)=O)c(F)c2)o1,40.0,active,"{1, 3, 4, 3.2426200000000005, 86.19, 350.3460000000001}",1.0,3.0,4.0,3.2426200000000005,86.19,350.3460000000001
CHEMBL3822753,NS(=O)(=O)c1ccc(-n2nc(C(=O)N/N=C/c3c(Cl)c4ccccc4oc3=O)cc2-c2ccccc2)cc1,4530.0,active,"{2, 547.9800000000002, 3.7104000000000035, 6, 8, 149.65}",2.0,547.9800000000002,3.7104000000000035,6.0,8.0,149.65
CHEMBL3823814,Cc1ccc(-c2cc(C(=O)N/N=C/c3c(Cl)c4ccccc4oc3=O)nn2-c2ccc(S(N)(=O)=O)cc2)cc1C,6250.0,active,"{576.0340000000002, 2, 4.327240000000002, 6, 8, 149.65}",576.0340000000002,2.0,4.327240000000002,6.0,8.0,149.65
CHEMBL3822899,NS(=O)(=O)c1ccc(-n2nc(C(=O)N/N=C/c3c(Cl)c4ccccc4oc3=O)cc2-c2ccccc2Cl)cc1,1060.0,active,"{2, 4.363800000000003, 582.4250000000002, 6, 8, 149.65}",2.0,4.363800000000003,582.4250000000002,6.0,8.0,149.65
CHEMBL3822695,NS(=O)(=O)c1ccc(-n2nc(C(=O)N/N=C/c3c(Cl)c4ccccc4oc3=O)cc2-c2cccc(F)c2)cc1,260.0,active,"{2, 3.8495000000000026, 6, 8, 565.9700000000003, 149.65}",2.0,3.8495000000000026,6.0,8.0,565.9700000000003,149.65
CHEMBL442767,Cc1cc(=O)c(Oc2ccc(Cl)cc2F)c(-c2ccc(S(C)(=O)=O)cc2)o1,199.99,active,"{0, 4, 5, 4.603520000000003, 73.58000000000001, 408.8340000000001}",0.0,4.0,5.0,4.603520000000003,73.58000000000001,408.8340000000001
CHEMBL122,CS(=O)(=O)c1ccc(C2=C(c3ccccc3)C(=O)OC2)cc1,74.5,active,"{0, 2.5577000000000005, 3, 4, 314.3620000000001, 60.44}",0.0,2.5577000000000005,3.0,4.0,314.3620000000001,60.44
CHEMBL45247,CS(=O)(=O)Nc1ccc(-c2cc(C(F)F)nn2-c2ccc(Cl)cc2)cc1,150.0,active,"{1, 4, 5, 4.501800000000003, 397.83400000000006, 63.99}",1.0,4.0,5.0,4.501800000000003,397.83400000000006,63.99
CHEMBL332028,CC(C)(C)c1cc(-c2cn3ccsc3n2)cc2c1OCC2(C)C,15.0,active,"{0, 1, 4, 5.030300000000004, 326.4650000000001, 26.53}",0.0,1.0,4.0,5.030300000000004,326.4650000000001,26.53
CHEMBL339258,Cc1cc(=O)c(Oc2ccc(C(F)(F)F)cc2)c(-c2ccc(S(C)(=O)=O)cc2)o1,2449.06,active,"{0, 4, 5, 4.829820000000004, 424.39600000000013, 73.58000000000001}",0.0,4.0,5.0,4.829820000000004,424.39600000000013,73.58000000000001
CHEMBL419947,COCCNC(=O)c1cc(C(C)(C)C)c2c(c1)C(C)(C)CO2,30.0,active,"{1, 3, 4, 3.0303000000000013, 47.56, 305.41800000000006}",1.0,3.0,4.0,3.0303000000000013,47.56,305.41800000000006
CHEMBL326295,CC(C)(C)c1cc(NN2CCC=N2)cc2c1OCC2(C)C,100000.0,inactive,"{1, 2, 3.672500000000003, 4, 36.86, 287.40700000000004}",1.0,2.0,3.672500000000003,4.0,36.86,287.40700000000004
CHEMBL359775,COc1ccc(-c2nn3ncccc3c2-c2ccc(S(C)(=O)=O)cc2)cc1,10.0,active,"{0, 3.4754000000000014, 4, 6, 73.56, 379.4410000000001}",0.0,3.4754000000000014,4.0,6.0,73.56,379.4410000000001
CHEMBL4862415,CC(C)Oc1ccc2nc(O)c(/C=N/n3c(=S)[nH]nc(Cc4ccccc4)c3=O)cc2c1,320.0,active,"{2, 3.814890000000002, 6, 8, 105.39000000000001, 447.5200000000002}",2.0,3.814890000000002,6.0,8.0,105.39000000000001,447.5200000000002
CHEMBL23128,CS(=O)(=O)c1ccc(C2=C(c3ccccn3)C(=O)CC2)cc1,1530.0,active,"{0, 64.1, 2.7588000000000017, 3, 4, 313.3780000000001}",0.0,64.1,2.7588000000000017,3.0,4.0,313.3780000000001
CHEMBL4454251,C#CCOc1ccc(/C=C2\SC(=O)NC2=O)cc1,330.0,active,"{1, 2.0225, 3, 259.28599999999994, 4, 55.4}",1.0,2.0225,3.0,259.28599999999994,4.0,55.4
CHEMBL1241822,O=C(N/N=C/c1coc2ccccc2c1=O)c1ccccc1,802320.0,inactive,"{1, 2.5569000000000006, 3, 292.294, 4, 71.67}",1.0,2.5569000000000006,3.0,292.294,4.0,71.67
CHEMBL4069692,NS(=O)(=O)c1ccc(-n2nc(C(=O)OCCOc3ccc4ccc(=O)oc4c3)cc2-c2ccc(Cl)cc2)cc1,910.0,active,"{1, 4.182300000000003, 8, 9, 143.72000000000003, 565.9910000000002}",1.0,4.182300000000003,8.0,9.0,143.72000000000003,565.9910000000002
CHEMBL3355604,[2H]C([2H])([2H])c1c(Br)c2c(c(C([2H])([2H])[2H])c1Br)C=C(C(=O)O)C(C(F)(F)F)O2,84.0,active,"{1, 2, 3, 4.619740000000002, 46.53, 436.05061066800005}",1.0,2.0,3.0,4.619740000000002,46.53,436.05061066800005
CHEMBL2171264,CCCCNC(=O)n1c2ccc(Cl)cc2c2ccc(C(C)C(=O)O)cc21,100000.0,inactive,"{2, 3, 4.993800000000003, 5, 71.33, 372.85200000000015}",2.0,3.0,4.993800000000003,5.0,71.33,372.85200000000015
CHEMBL4640817,COC(=O)[C@@H](N)Cc1cn(-c2nc(Cl)nc(Nc3ccc(N4CCOCC4=O)cc3)n2)c2ccccc12,30.0,active,"{2, 2.6185, 7, 137.49, 521.9650000000004, 10}",2.0,2.6185,7.0,137.49,521.9650000000004,10.0
CHEMBL4162045,O=C1COCCN1c1ccc(Nc2nc(Cl)nc(OCCCl)n2)cc1,1000.0,active,"{384.2230000000001, 1, 2.2494000000000005, 6, 7, 89.47}",384.2230000000001,1.0,2.2494000000000005,6.0,7.0,89.47
CHEMBL4163160,O=C1COCCN1c1ccc(Nc2nc(Nc3ccc(Cl)cc3)nc(N3CCOCC3)n2)cc1,6000.0,active,"{481.9440000000003, 2, 3.2120000000000015, 6, 104.74, 9}",481.9440000000003,2.0,3.2120000000000015,6.0,104.74,9.0
CHEMBL1956389,CS(=O)(=O)c1ccc(-n2nnnc2-c2ccccc2)cc1,30000.0,inactive,"{0, 1.7328, 3, 6, 300.343, 77.74}",0.0,1.7328,3.0,6.0,300.343,77.74
CHEMBL1956391,COc1ccc(-c2nnnn2-c2ccc(S(C)(=O)=O)cc2)cc1,100000.0,inactive,"{0, 1.7413999999999998, 4, 7, 330.3690000000001, 86.97}",0.0,1.7413999999999998,4.0,7.0,330.3690000000001,86.97
CHEMBL1956392,CS(=O)(=O)c1ccc(-n2nnnc2-c2ccc(F)cc2)cc1,15000.0,inactive,"{0, 1.8719, 3, 6, 77.74, 318.333}",0.0,1.8719,3.0,6.0,77.74,318.333
CHEMBL2380867,Cc1ccc(-c2noc(C)c2-c2ccccc2)o1,68200.0,inactive,"{0, 2, 3, 4.218440000000003, 39.17, 239.27400000000003}",0.0,2.0,3.0,4.218440000000003,39.17,239.27400000000003
CHEMBL3924357,O=C(O)Cn1cnc(-c2ccccc2)c1-c1ccccc1,13450.0,inactive,"{1, 3, 4, 3.301700000000002, 278.31100000000004, 55.12}",1.0,3.0,4.0,3.301700000000002,278.31100000000004,55.12
CHEMBL3290205,CC(C)NC(=O)c1nc(-c2ccccc2)n(-c2ccc(S(N)(=O)=O)cc2)n1,16000.0,inactive,"{385.4490000000001, 2, 1.7199, 5, 6, 119.96999999999998}",385.4490000000001,2.0,1.7199,5.0,6.0,119.96999999999998
CHEMBL3290200,COc1ccc(NC(=O)c2nc(-c3ccccc3)n(-c3ccc(S(N)(=O)=O)cc3)n2)cc1OC,1300.0,active,"{2, 2.8512000000000004, 7, 8, 138.42999999999998, 479.51800000000026}",2.0,2.8512000000000004,7.0,8.0,138.42999999999998,479.51800000000026
CHEMBL1242554,O=[N+]([O-])c1ccc(-c2nn(-c3ccccc3)cc2-c2nnc(-c3ccccc3)o2)cc1,310.0,active,"{0, 99.88, 5, 5.164500000000004, 7, 409.4050000000001}",0.0,99.88,5.0,5.164500000000004,7.0,409.4050000000001
CHEMBL4794283,O=C(NCCc1c[nH]c2ccccc12)c1ccc(F)cc1O,40000.0,inactive,"{65.12, 2, 3, 4, 2.9851000000000014, 298.31700000000006}",65.12,2.0,3.0,4.0,2.9851000000000014,298.31700000000006
CHEMBL2315856,O=C(N[C@H]1CCC[C@@H]1COc1ccccc1)C1CCN(c2nc3cc(Cl)ccc3o2)CC1,84.7,active,"{1, 67.6, 5, 453.9700000000003, 6, 5.061500000000005}",1.0,67.6,5.0,453.9700000000003,6.0,5.061500000000005
CHEMBL2315861,O=C(N[C@H]1CC[C@@H](CO)CC1)C1CCN(c2nc3cc(Cl)ccc3o2)CC1,1260.0,active,"{2, 3.3649000000000013, 4, 5, 391.89900000000017, 78.60000000000001}",2.0,3.3649000000000013,4.0,5.0,391.89900000000017,78.60000000000001
CHEMBL147074,CC(C)(COc1ccc(Br)cc1)C(=O)NCCCN1c2ccccc2Sc2ccccc21,21000.0,inactive,"{1, 4, 6.663300000000006, 8, 41.57, 511.48500000000024}",1.0,4.0,6.663300000000006,8.0,41.57,511.48500000000024
CHEMBL4649049,CSc1nc2ccccc2n1-c1csc(NC(=O)c2ccc(Cl)cc2)n1,210.0,active,"{1, 4, 5.109600000000003, 6, 400.9160000000001, 59.81}",1.0,4.0,5.109600000000003,6.0,400.9160000000001,59.81
CHEMBL106023,NS(=O)(=O)c1ccc(-n2cc(C(F)(F)F)nc2-c2cncc(Br)c2)cc1,340.0,active,"{1, 3, 3.3630000000000013, 5, 90.87, 447.23600000000005}",1.0,3.0,3.3630000000000013,5.0,90.87,447.23600000000005
CHEMBL41405,C=Cc1csc(Sc2cc3c(cc2NS(C)(=O)=O)COC3=O)n1,140.0,active,"{1, 2.9792000000000014, 5, 7, 368.4610000000002, 85.36}",1.0,2.9792000000000014,5.0,7.0,368.4610000000002,85.36
CHEMBL16843,CC[S+]([O-])c1nnc(-c2cc(C(C)(C)C)c(O)c(C(C)(C)C)c2)s1,20000.0,inactive,"{1, 3, 4.633200000000004, 69.07000000000001, 5, 366.55200000000013}",1.0,3.0,4.633200000000004,69.07000000000001,5.0,366.55200000000013
CHEMBL4085904,c1ccc(-n2nccc2-c2ccc(Nc3nc(N4CCOCC4)nc(N4CCOCC4)n3)cc2)cc1,1450.0,active,"{1, 3.1411000000000016, 484.5640000000004, 6, 10, 93.46000000000001}",1.0,3.1411000000000016,484.5640000000004,6.0,10.0,93.46000000000001
CHEMBL4072942,c1ccc(-n2nccc2-c2ccc(Nc3nc(N4CCCCC4)nc(N4CCCCC4)n3)cc2)cc1,1860.0,active,"{480.62000000000046, 1, 5.448500000000005, 6, 8, 75.0}",480.62000000000046,1.0,5.448500000000005,6.0,8.0,75.0
CHEMBL4085306,c1cc(-c2ccc(Nc3nc(N4CCCCC4)nc(N4CCCCC4)n3)cc2)[nH]n1,1120.0,active,"{2, 3.9859000000000018, 5, 7, 404.5220000000001, 85.86}",2.0,3.9859000000000018,5.0,7.0,404.5220000000001,85.86
CHEMBL322136,Cc1cncc(-c2nc(C(F)(F)F)cn2-c2ccc(S(C)(=O)=O)cc2)c1,1819.7,active,"{0, 64.85, 3, 3.665020000000002, 5, 381.3790000000001}",0.0,64.85,3.0,3.665020000000002,5.0,381.3790000000001
CHEMBL4466839,CCOC(=O)CSc1nnc(-c2ccc(S(C)(=O)=O)cc2)c(-c2ccc(F)cc2)n1,10100.0,inactive,"{0, 99.11, 3.403400000000002, 7, 8, 447.51300000000015}",0.0,99.11,3.403400000000002,7.0,8.0,447.51300000000015
CHEMBL295654,CS(=O)(=O)c1ccc(-n2cc(C(=O)O)nc2-c2ccc(Cl)cc2)cc1,100000.0,inactive,"{1, 3.2944000000000013, 4, 5, 376.821, 89.26}",1.0,3.2944000000000013,4.0,5.0,376.821,89.26
CHEMBL338927,Cc1cc(=O)c(-c2ccc(Br)cc2)c(-c2ccc(S(C)(=O)=O)cc2)o1,1730.0,active,"{0, 64.35, 3, 419.29600000000016, 4, 4.448220000000004}",0.0,64.35,3.0,419.29600000000016,4.0,4.448220000000004
CHEMBL3309448,NS(=O)(=O)c1ccc(N2N=C(C(F)(F)F)CC2c2cccc3c2OCO3)cc1,51.0,active,"{1, 2.9324000000000012, 3, 6, 413.3770000000001, 94.22000000000001}",1.0,2.9324000000000012,3.0,6.0,413.3770000000001,94.22000000000001
CHEMBL322949,CS(=O)(=O)c1ccc(C2=C(c3ccc(F)c(Cl)c3)CCC2)cc1,30.2,active,"{0, 2, 3, 34.14, 4.977300000000004, 350.8420000000001}",0.0,2.0,3.0,34.14,4.977300000000004,350.8420000000001
CHEMBL3289925,CCOC(OCC)c1ccc(/C=C2\COC/C(=C\c3ccc(C(OCC)OCC)cc3)C2=O)cc1,11210.0,inactive,"{480.6010000000003, 0, 5.896100000000006, 6, 12, 63.220000000000006}",480.6010000000003,0.0,5.896100000000006,6.0,12.0,63.220000000000006
CHEMBL3289934,CN(C)c1ccc(/C=C2/CCC/C(=C\c3ccc(N(C)C)cc3[N+](=O)[O-])C2=O)c([N+](=O)[O-])c1,100000.0,inactive,"{0, 450.4950000000002, 4.855000000000005, 6, 7, 109.83000000000001}",0.0,450.4950000000002,4.855000000000005,6.0,7.0,109.83000000000001
CHEMBL95022,N#Cc1nn(-c2ccc(S(N)(=O)=O)cc2)c2c1SCc1cc(F)ccc1-2,140.0,active,"{1, 386.43300000000005, 2, 2.803180000000001, 101.76999999999998, 6}",1.0,386.43300000000005,2.0,2.803180000000001,101.76999999999998,6.0
CHEMBL3309947,CN(C)c1ccc(/C=C2\COC/C(=C\c3ccc(N(C)C)cc3[N+](=O)[O-])C2=O)c([N+](=O)[O-])c1,18550.0,inactive,"{0, 3.7013000000000025, 452.4670000000002, 6, 8, 119.06}",0.0,3.7013000000000025,452.4670000000002,6.0,8.0,119.06
CHEMBL3289940,CN(C)c1ccc(/C=C2\CC/C(=C\c3ccc(N(C)C)cc3[N+](=O)[O-])C2=O)c([N+](=O)[O-])c1,100000.0,inactive,"{0, 4.4649000000000045, 6, 7, 109.83000000000001, 436.4680000000002}",0.0,4.4649000000000045,6.0,7.0,109.83000000000001,436.4680000000002
CHEMBL3290193,O=C1/C(=C/c2ccc(N3CCCC3)cc2)CC/C1=C\c1ccc(N2CCCC2)cc1,46220.0,inactive,"{0, 3, 4, 5.716900000000006, 398.5500000000002, 23.550000000000004}",0.0,3.0,4.0,5.716900000000006,398.5500000000002,23.550000000000004
CHEMBL321160,COc1c(Cl)cc(C2=C(c3ccc(S(C)(=O)=O)cc3)CCC2)cc1Cl,16.98,active,"{0, 3, 4, 5.500200000000003, 43.370000000000005, 397.3230000000002}",0.0,3.0,4.0,5.500200000000003,43.370000000000005,397.3230000000002
CHEMBL3127462,COc1cc2occc2c(OC)c1-c1cc(-c2ccc(C(F)(F)F)cc2)n(-c2ccc(S(N)(=O)=O)cc2)n1,340.0,active,"{1, 5.635900000000005, 6, 7, 109.58, 543.5230000000001}",1.0,5.635900000000005,6.0,7.0,109.58,543.5230000000001
CHEMBL52760,CS(=O)(=O)c1ccc(-c2cc(F)c(F)cc2-c2ccc(F)c(Cl)c2)cc1,2.0,active,"{0, 2, 3, 34.14, 5.494800000000003, 396.817}",0.0,2.0,3.0,34.14,5.494800000000003,396.817
CHEMBL4449234,O=C1NC(=S)S/C1=C\c1ccc(OCc2cn(Cc3ccccc3)nn2)cc1,330.0,active,"{1, 3.3942000000000014, 69.03999999999999, 6, 7, 408.5080000000001}",1.0,3.3942000000000014,69.03999999999999,6.0,7.0,408.5080000000001
CHEMBL122,CS(=O)(=O)c1ccc(C2=C(c3ccccc3)C(=O)OC2)cc1,500.0,active,"{0, 2.5577000000000005, 3, 4, 314.3620000000001, 60.44}",0.0,2.5577000000000005,3.0,4.0,314.3620000000001,60.44
CHEMBL185638,Cc1cc(C)c(S(N)(=O)=O)c(C)c1-c1noc(C)c1-c1ccccc1,100000.0,inactive,"{1, 3, 356.44700000000006, 4, 3.889680000000002, 86.19000000000001}",1.0,3.0,356.44700000000006,4.0,3.889680000000002,86.19000000000001
CHEMBL4474290,COc1ccc(-n2cc(COc3ccc(/C=C4\SC(=S)NC4=O)cc3)nn2)cc1,100.0,active,"{1, 3.343700000000001, 6, 424.50700000000006, 8, 78.27}",1.0,3.343700000000001,6.0,424.50700000000006,8.0,78.27
CHEMBL4570970,O=C1NC(=O)/C(=C/c2ccc(OCc3cn(Cc4ccccc4)nn3)cc2)S1,270.0,active,"{1, 3.229300000000002, 6, 7, 392.44, 86.11}",1.0,3.229300000000002,6.0,7.0,392.44,86.11
CHEMBL126578,Cc1ccc(-c2c(-c3ccc(S(C)(=O)=O)cc3)oc(C)cc2=O)cc1,2182.73,active,"{0, 64.35, 354.42700000000013, 3, 4, 3.9941400000000034}",0.0,64.35,354.42700000000013,3.0,4.0,3.9941400000000034
CHEMBL25030,COc1ccc2c(c1)c(CC(=O)N[C@H](CO)C(C)C)c(C)n2C(=O)c1ccc(Cl)cc1,370.0,active,"{2, 3.9758200000000032, 5, 7, 80.56, 442.9430000000002}",2.0,3.9758200000000032,5.0,7.0,80.56,442.9430000000002
CHEMBL229957,COc1ccc2c(c1)CCC(c1ccc(OC)c(OC)c1OC)=C2,100000.0,inactive,"{0, 4, 5, 326.39200000000005, 36.92, 4.207800000000003}",0.0,4.0,5.0,326.39200000000005,36.92,4.207800000000003
CHEMBL4785750,COc1ccccc1/C=N/Nc1nc(-c2ccc(S(C)(=O)=O)cc2)cs1,100000.0,inactive,"{1, 387.48600000000005, 3.6682000000000023, 6, 7, 80.65}",1.0,387.48600000000005,3.6682000000000023,6.0,7.0,80.65
CHEMBL4745350,CS(=O)(=O)c1ccc(-c2csc(N/N=C/c3ccc(O)cc3O)n2)cc1,100000.0,inactive,"{3, 3.070800000000001, 5, 389.4580000000001, 8, 111.88000000000001}",3.0,3.070800000000001,5.0,389.4580000000001,8.0,111.88000000000001
CHEMBL4796831,Cc1ccc(Nc2nc(/C=C/c3ccccc3)nc3cc(-c4cccs4)ccc23)cc1,50000.0,inactive,"{1, 419.55300000000017, 4, 37.81, 5, 7.580720000000005}",1.0,419.55300000000017,4.0,37.81,5.0,7.580720000000005
CHEMBL4640385,CSc1nc2ccccc2n1-c1csc(NCC(=O)c2ccc(Cl)cc2)n1,140.0,active,"{1, 5.1521000000000035, 6, 7, 59.81, 414.94300000000015}",1.0,5.1521000000000035,6.0,7.0,59.81,414.94300000000015
CHEMBL4634111,CSc1nc2ccccc2n1-c1csc2nc(-c3ccccc3)cn12,220.0,active,"{0, 35.120000000000005, 3, 5.123600000000003, 6, 362.48300000000006}",0.0,35.120000000000005,3.0,5.123600000000003,6.0,362.48300000000006
CHEMBL183970,Cc1[nH]c2cc(S(C)(=O)=O)ccc2c1Cc1ccc(F)cc1F,260.0,active,"{1, 2, 3, 3.748820000000002, 335.375, 49.93}",1.0,2.0,3.0,3.748820000000002,335.375,49.93
CHEMBL404362,CCc1c(NCc2ccc(F)cc2)nc(-c2ccc(S(C)(=O)=O)cc2)nc1C(F)(F)F,102.8,active,"{1, 4.879500000000003, 5, 453.46100000000007, 6, 71.95}",1.0,4.879500000000003,5.0,453.46100000000007,6.0,71.95
CHEMBL2283158,CC/C(=C(\c1ccccc1)c1cc(C(C)(C)C)c(O)c(C(C)(C)C)c1)c1ccc(S(C)(=O)=O)cc1,1770.0,active,"{1, 3, 5, 7.75980000000001, 490.70900000000023, 54.37}",1.0,3.0,5.0,7.75980000000001,490.70900000000023,54.37
CHEMBL4443940,CCOC(=O)CSc1nnc(-c2ccc(S(C)(=O)=O)cc2)c(-c2ccc(OC)cc2)n1,10100.0,inactive,"{0, 3.2729000000000017, 8, 9, 459.5490000000002, 108.34}",0.0,3.2729000000000017,8.0,9.0,459.5490000000002,108.34
CHEMBL316771,COc1cc(OC)cc(-c2ccc(C(C)C(=O)O)cc2F)c1,70.0,active,"{1, 3, 3.698000000000002, 5, 304.317, 55.760000000000005}",1.0,3.0,3.698000000000002,5.0,304.317,55.760000000000005
CHEMBL339798,CSc1ccc(-c2cc(C(F)(F)F)nn2-c2ccc(S(N)(=O)=O)cc2F)cc1,34.0,active,"{1, 4, 5, 4.066500000000002, 77.98, 431.4360000000001}",1.0,4.0,5.0,4.066500000000002,77.98,431.4360000000001
CHEMBL214101,O=C1OCC(c2ccc(-c3nn[nH]n3)cc2)=C1c1ccccc1,1.8,active,"{1, 2.3343000000000007, 3, 5, 304.309, 80.76}",1.0,2.3343000000000007,3.0,5.0,304.309,80.76
CHEMBL214710,COc1cc(/N=N/c2ccc(S(N)(=O)=O)cc2)ccc1O,16850.0,inactive,"{2, 2.463600000000001, 4, 6, 114.33999999999999, 307.331}",2.0,2.463600000000001,4.0,6.0,114.33999999999999,307.331
CHEMBL4443644,N#Cc1cnn(-c2ccc(S(N)(=O)=O)cc2)c1NC(=O)CCN1CCOCC1,39.43,active,"{0.05218000000000034, 2, 6, 8, 143.33999999999997, 404.4520000000003}",0.05218000000000034,2.0,6.0,8.0,143.33999999999997,404.4520000000003
CHEMBL4281944,O=c1c2ccccc2nc(SCc2cc(-c3ccc(Cl)cc3)no2)n1-c1ccccc1,560.0,active,"{0, 5, 6, 5.986400000000004, 60.92, 445.9310000000001}",0.0,5.0,6.0,5.986400000000004,60.92,445.9310000000001
CHEMBL126392,Cc1cc(=O)c(-c2ccccc2F)c(-c2ccc(S(C)(=O)=O)cc2)o1,1530.03,active,"{0, 64.35, 3, 4, 3.8248200000000026, 358.3900000000001}",0.0,64.35,3.0,4.0,3.8248200000000026,358.3900000000001
CHEMBL54039,COc1ccc(-c2ccccc2-c2ccc(S(N)(=O)=O)cc2)cc1Cl,19.05,active,"{1, 3, 4, 69.39, 4.330000000000003, 373.8610000000001}",1.0,3.0,4.0,69.39,4.330000000000003,373.8610000000001
CHEMBL4082443,Cc1c(C2=C(N=O)Oc3ccccc3N2)cnn1-c1ccccc1,4200.0,active,"{1, 3, 68.50999999999999, 4.077720000000001, 6, 318.33600000000007}",1.0,3.0,68.50999999999999,4.077720000000001,6.0,318.33600000000007
CHEMBL4100461,Cc1c(C2=C(N=O)Oc3cccnc3N2)cnn1-c1ccccc1,1220.0,active,"{1, 3, 3.4727200000000007, 7, 81.4, 319.32400000000007}",1.0,3.0,3.4727200000000007,7.0,81.4,319.32400000000007
CHEMBL4088373,Cc1c(C2=C(N=O)Nc3ccccc3N2)cnn1-c1ccccc1,1610.0,active,"{2, 3, 4.110820000000001, 6, 71.31, 317.35200000000003}",2.0,3.0,4.110820000000001,6.0,71.31,317.35200000000003
CHEMBL4072432,CCCCCCCCCCOC(=O)c1c(O)c(-c2ccc(O)cc2)c[nH]c1=O,10000.0,inactive,"{3, 387.47600000000006, 5, 99.62, 4.750600000000007, 11}",3.0,387.47600000000006,5.0,99.62,4.750600000000007,11.0
CHEMBL29697,O=[N+]([O-])c1ccc(-n2nc(C(F)(F)F)cc2-c2ccc(F)cc2)cc1,100000.0,inactive,"{0, 3, 4, 4.605400000000002, 60.96, 351.259}",0.0,3.0,4.0,4.605400000000002,60.96,351.259
CHEMBL4171339,COc1ccc(-c2noc(CC(=O)NCCCCCCCCCCC(=O)OC[C@H]3OC(O)[C@H](O)[C@@H](O)[C@H]3O)c2-c2ccc(OC)cc2)cc1,270.0,active,"{3.5385000000000026, 5, 684.7830000000004, 12, 19, 190.04}",3.5385000000000026,5.0,684.7830000000004,12.0,19.0,190.04
CHEMBL4285512,O=c1c2ccccc2nc(SCc2cn(-c3ccccc3)nn2)n1-c1ccc(Cl)cc1,960.0,active,"{0, 65.6, 4.912100000000003, 5, 7, 445.93500000000006}",0.0,65.6,4.912100000000003,5.0,7.0,445.93500000000006
CHEMBL173283,CS(=O)(=O)c1ccc(-c2ccccc2C2=CCCCC2)cc1,33000.0,inactive,"{0, 2, 3, 34.14, 4.714500000000005, 312.43400000000014}",0.0,2.0,3.0,34.14,4.714500000000005,312.43400000000014
CHEMBL398087,O=C(O)Cc1ccn(-c2ccccc2F)c1,2400.0,active,"{1, 2, 3, 2.2435, 42.23, 219.215}",1.0,2.0,3.0,2.2435,42.23,219.215
CHEMBL235786,O=C(O)Cc1ccc2c(c1)OCCO2,100000.0,inactive,"{1, 194.18599999999995, 3, 2, 1.0849, 55.760000000000005}",1.0,194.18599999999995,3.0,2.0,1.0849,55.760000000000005
CHEMBL13988,CC(C)(C)c1cc(C(=O)/C=C/CC2CC2)cc2c1OCC2(C)C,250.0,active,"{0, 2, 4, 5.193100000000005, 312.4530000000001, 26.3}",0.0,2.0,4.0,5.193100000000005,312.4530000000001,26.3
CHEMBL4544072,COC(=O)CNC(=O)[C@H](CCSC)NC(=O)[C@H](Cc1ccccc1)NC(=O)[C@@H]1CCCN1C(=O)OC(C)(C)C,400.0,active,"{1.6405000000000023, 3, 8, 12, 143.14, 564.7050000000003}",1.6405000000000023,3.0,8.0,12.0,143.14,564.7050000000003
CHEMBL303023,Cc1cccc(-n2c(-c3ccc(S(N)(=O)=O)cc3)c(C)oc2=O)c1,928.97,active,"{1, 2.36174, 3, 5, 344.3920000000001, 95.30000000000001}",1.0,2.36174,3.0,5.0,344.3920000000001,95.30000000000001
CHEMBL307766,CS(=O)(=O)c1ccc(-c2coc(=O)n2-c2ccc(F)cc2F)cc1,1348.96,active,"{0, 2.7792000000000012, 3, 69.28, 5, 351.33000000000004}",0.0,2.7792000000000012,3.0,69.28,5.0,351.33000000000004
CHEMBL144515,CCCCC#CC(C)Sc1ccccc1OC(C)=O,7000.0,active,"{0, 3, 4.286100000000004, 5, 276.401, 26.3}",0.0,3.0,4.286100000000004,5.0,276.401,26.3
CHEMBL358783,CCCCCCCS(=O)(=O)c1ccccc1OC(C)=O,40000.0,inactive,"{0, 3.3560000000000025, 4, 8, 298.40400000000005, 60.440000000000005}",0.0,3.3560000000000025,4.0,8.0,298.40400000000005,60.440000000000005
CHEMBL320784,CC1(C)CC(c2ccc(Cl)cc2)=C(c2ccc(S(C)(=O)=O)cc2)C1,7.079,active,"{0, 2, 3, 34.14, 5.474300000000006, 360.9060000000001}",0.0,2.0,3.0,34.14,5.474300000000006,360.9060000000001
CHEMBL145283,CCCCC#CCSc1ccccc1OC(=O)CC,40000.0,inactive,"{0, 3, 4.287700000000004, 6, 276.40100000000007, 26.3}",0.0,3.0,4.287700000000004,6.0,276.40100000000007,26.3
CHEMBL108936,Cc1ccc(-c2nc(C(F)(F)F)cn2-c2ccc(S(N)(=O)=O)cc2)cn1,290.0,active,"{1, 2.90892, 3, 5, 90.87, 382.3670000000001}",1.0,2.90892,3.0,5.0,90.87,382.3670000000001
CHEMBL2334135,COc1ccc(/C=C/c2cc(OC)cc(OC)c2/C=C/C(=O)N2CCCCC2)cc1,23160.0,inactive,"{0, 4, 4.9085000000000045, 7, 48.00000000000001, 407.5100000000002}",0.0,4.0,4.9085000000000045,7.0,48.00000000000001,407.5100000000002
CHEMBL444396,CC(C(=O)OCCO[N+](=O)[O-])c1cccc(C(=O)c2ccccc2)c1,770.0,active,"{0, 2.7726000000000015, 6, 8, 343.33500000000004, 95.74000000000001}",0.0,2.7726000000000015,6.0,8.0,343.33500000000004,95.74000000000001
CHEMBL279166,CC(C)(C)c1cc(C(=O)CCCC2CC2)cc2c1OCC2,15000.0,inactive,"{0, 2, 4.682000000000004, 5, 26.3, 286.415}",0.0,2.0,4.682000000000004,5.0,26.3,286.415
CHEMBL4742702,COc1cc(O)cc(Br)c1O,4810.0,active,"{1, 2, 3, 1.8688999999999996, 49.69, 219.03399999999996}",1.0,2.0,3.0,1.8688999999999996,49.69,219.03399999999996
CHEMBL2333747,COc1ccc(/C=C/c2cc(OC)cc(OC)c2/C=C/C(=O)NCC(C)C)cc1,15090.0,inactive,"{1, 4, 4.668200000000004, 9, 395.4990000000001, 56.790000000000006}",1.0,4.0,4.668200000000004,9.0,395.4990000000001,56.790000000000006
CHEMBL2333745,COc1ccc(/C=C/c2cc(OC)cc(OC)c2/C=C/C(=O)NC(C)C)cc1,2010.0,active,"{1, 4, 4.420600000000003, 8, 56.790000000000006, 381.47200000000004}",1.0,4.0,4.420600000000003,8.0,56.790000000000006,381.47200000000004
CHEMBL4513580,Cc1onc(-c2ccc([N+](=O)[O-])cc2)c1-c1ccc(F)cc1,50000.0,inactive,"{0, 3, 4, 69.17, 4.364320000000003, 298.27299999999997}",0.0,3.0,4.0,69.17,4.364320000000003,298.27299999999997
CHEMBL4589007,O=C1NC(=O)/C(=C/c2ccc(OCc3cn(CC(=O)c4ccc(Br)cc4)nn3)cc2)S1,100.0,active,"{1, 3.8264000000000022, 103.18, 8, 7, 499.34600000000006}",1.0,3.8264000000000022,103.18,8.0,7.0,499.34600000000006
CHEMBL4450483,Cc1ccc(-n2cc(COc3ccc(/C=C4\SC(=O)NC4=O)cc3)nn2)cc1,520.0,active,"{1, 3.478620000000001, 5, 7, 392.4400000000001, 86.11}",1.0,3.478620000000001,5.0,7.0,392.4400000000001,86.11
CHEMBL4544031,O=C1NC(=O)/C(=C/c2ccc(OCc3cn(-c4ccc(Cl)cc4)nn3)cc2)S1,260.0,active,"{1, 3.8236000000000017, 5, 7, 86.11, 412.85800000000006}",1.0,3.8236000000000017,5.0,7.0,86.11,412.85800000000006
CHEMBL4874336,COc1ccc(N2CCN(CCc3c(C)nc4oc(-c5ccc(Cl)cc5)nn4c3=O)CC2)cc1,15.0,active,"{0, 3.6846200000000024, 6, 8, 76.11000000000001, 479.96800000000025}",0.0,3.6846200000000024,6.0,8.0,76.11000000000001,479.96800000000025
CHEMBL517149,C[C@@H]1O[C@@H](O[C@H]2Cc3c(O)cc(O)cc3O[C@@H]2c2ccc(O)cc2)[C@H](O)[C@H](O)[C@H]1O,19700.0,inactive,"{0.6922999999999992, 3, 420.41400000000004, 6, 9, 149.07}",0.6922999999999992,3.0,420.41400000000004,6.0,9.0,149.07
CHEMBL4462866,CC1(C)CC[C@]2(C)CC[C@]3(C)C(=CC(=O)[C@@H]4[C@@]5(C)CC[C@H](O)C(C)(C)[C@@H]5CC[C@]43C)[C@@H]2C1,40000.0,inactive,"{0, 1, 2, 37.3, 7.34790000000001, 440.71200000000033}",0.0,1.0,2.0,37.3,7.34790000000001,440.71200000000033
CHEMBL236433,C[C@H](C(=O)O)c1ccc2c(c1)OCCO2,16500.0,inactive,"{1, 2, 3, 1.6458999999999997, 208.21299999999994, 55.760000000000005}",1.0,2.0,3.0,1.6458999999999997,208.21299999999994,55.760000000000005
CHEMBL4794089,C/C(=N\Nc1nc(-c2ccc(Cl)cc2)cs1)c1nnn(-c2ccc(S(=O)(=O)Nc3nccs3)cc2)c1C,40.0,active,"{2, 5.446020000000003, 8, 11, 571.113, 127.05}",2.0,5.446020000000003,8.0,11.0,571.113,127.05
CHEMBL237021,COc1ccc2c(c1)c(CC(=O)NCCCO[N+](=O)[O-])c(C)n2C(=O)c1ccc(Cl)cc1,1200.0,active,"{1, 3.5573200000000025, 7, 9, 459.8860000000002, 112.69999999999999}",1.0,3.5573200000000025,7.0,9.0,459.8860000000002,112.69999999999999
CHEMBL457331,CN(C)c1ccc(-c2cnnn2-c2ccc(S(C)(=O)=O)cc2)cc1,360.0,active,"{0, 2.4038000000000004, 68.09, 4, 6, 342.42400000000004}",0.0,2.4038000000000004,68.09,4.0,6.0,342.42400000000004
CHEMBL2159927,Cc1ccc(C2=NN(C3=NC(=O)CS3)C(c3cccc(Cl)c3)C2)cc1C,5200.0,active,"{0, 2, 4, 4.737340000000004, 45.03, 383.9040000000001}",0.0,2.0,4.0,4.737340000000004,45.03,383.9040000000001
CHEMBL3287559,Oc1ccc(-c2ccccc2-c2nc3ccccc3o2)cc1Cl,410.0,active,"{321.76300000000003, 2, 3, 1, 5.520800000000003, 46.260000000000005}",321.76300000000003,2.0,3.0,1.0,5.520800000000003,46.260000000000005
CHEMBL3287560,CS(=O)(=O)c1ccc(-c2ccccc2-c2nc3ccccc3o2)cc1,1340.0,active,"{0, 3, 4, 4.565300000000003, 60.17, 349.41100000000006}",0.0,3.0,4.0,4.565300000000003,60.17,349.41100000000006
CHEMBL513096,Nn1c(SC(C(=O)O)c2ccccc2)nc2ccc(Br)cc2c1=O,7000.0,active,"{98.21000000000001, 2, 4, 2.790800000000001, 6, 406.26100000000014}",98.21000000000001,2.0,4.0,2.790800000000001,6.0,406.26100000000014
CHEMBL4749908,Cc1ccc2[nH]cc(CCNC(=O)c3ccccc3Nc3ccccc3)c2c1,27050.0,inactive,"{2, 3, 5.192420000000004, 6, 369.4680000000001, 56.92}",2.0,3.0,5.192420000000004,6.0,369.4680000000001,56.92
CHEMBL2234864,CS(=O)(=O)c1ccc(-c2nc(NC3CC=CCC3)cc(C(F)(F)F)n2)cc1,32.9,active,"{1, 4, 5, 4.086500000000003, 71.95, 397.4220000000001}",1.0,4.0,5.0,4.086500000000003,71.95,397.4220000000001
CHEMBL407951,CS(=O)(=O)c1ccc(-c2nc(NCc3csc4ccccc34)cc(C(F)(F)F)n2)cc1,10000.0,inactive,"{1, 5, 6, 71.95, 5.392700000000003, 463.5060000000001}",1.0,5.0,6.0,71.95,5.392700000000003,463.5060000000001
CHEMBL442706,NS(=O)(=O)c1ccc(-c2nc(NCc3cc4ccccc4s3)cc(C(F)(F)F)n2)cc1,140.4,active,"{97.97000000000001, 2, 4.636600000000002, 5, 6, 464.494}",97.97000000000001,2.0,4.636600000000002,5.0,6.0,464.494
CHEMBL271337,NS(=O)(=O)c1ccc(-c2nc(NCc3cccs3)cc(C(F)(F)F)n2)cc1,157.6,active,"{97.97000000000001, 2, 3.4834000000000014, 5, 6, 414.434}",97.97000000000001,2.0,3.4834000000000014,5.0,6.0,414.434
CHEMBL184076,Cc1ccc(-c2c(-c3ccc(S(N)(=O)=O)cc3)ccc(F)c2F)cc1,3.981,active,"{1, 2, 3, 4.254620000000003, 359.39700000000005, 60.160000000000004}",1.0,2.0,3.0,4.254620000000003,359.39700000000005,60.160000000000004
CHEMBL195894,COc1ccc2c(c1F)CSc1c(C(F)(F)F)nn(-c3ccc(S(C)(=O)=O)cc3)c1-2,75.86,active,"{0, 3, 4.715000000000003, 6, 458.45800000000014, 61.190000000000005}",0.0,3.0,4.715000000000003,6.0,458.45800000000014,61.190000000000005
CHEMBL257301,CS(=O)(=O)c1ccc(-c2nc(NCc3nc4ccccc4[nH]3)cc(C(F)(F)F)n2)cc1,10000.0,inactive,"{2, 100.63000000000001, 5, 6, 4.054300000000002, 447.44200000000006}",2.0,100.63000000000001,5.0,6.0,4.054300000000002,447.44200000000006
CHEMBL273118,CS(=O)(=O)c1ccc(-c2nc(NCc3cc4ccccc4s3)cc(C(F)(F)F)n2)cc1,5.92,active,"{1, 5, 6, 71.95, 5.392700000000003, 463.5060000000001}",1.0,5.0,6.0,71.95,5.392700000000003,463.5060000000001
CHEMBL272627,CS(=O)(=O)c1ccc(-c2nc(NCc3ccsc3)cc(C(F)(F)F)n2)cc1,17.6,active,"{1, 4.239500000000003, 5, 6, 71.95, 413.446}",1.0,4.239500000000003,5.0,6.0,71.95,413.446
CHEMBL316455,NS(=O)(=O)c1ccc(-n2nc(C(F)(F)F)c3c2-c2ccc(F)cc2CS3)cc1,39.81,active,"{1, 2, 3.950300000000002, 5, 77.98, 429.4200000000001}",1.0,2.0,3.950300000000002,5.0,77.98,429.4200000000001
CHEMBL195825,Cc1ccc2c(c1F)CSc1c(C(F)(F)F)nn(-c3ccc(S(N)(=O)=O)cc3)c1-2,15.85,active,"{1, 2, 4.258720000000003, 5, 77.98, 443.4470000000001}",1.0,2.0,4.258720000000003,5.0,77.98,443.4470000000001
CHEMBL2380878,O=C(O)c1c(-c2ccc(Cl)o2)noc1-c1ccccc1,100000.0,inactive,"{289.674, 1, 3, 4, 3.9532000000000025, 76.47}",289.674,1.0,3.0,4.0,3.9532000000000025,76.47
CHEMBL1221729,CCCC/C(=C(\c1ccccc1)c1ccc(OCCF)cc1)c1ccc(S(C)(=O)=O)cc1,22300.0,inactive,"{0, 3, 452.5910000000001, 6.587700000000007, 10, 43.370000000000005}",0.0,3.0,452.5910000000001,6.587700000000007,10.0,43.370000000000005
CHEMBL183653,Cc1[nH]c2cc(S(C)(=O)=O)ccc2c1Sc1ccccn1,1780.0,active,"{318.423, 1, 3, 4, 3.426020000000001, 62.82}",318.423,1.0,3.0,4.0,3.426020000000001,62.82
CHEMBL306639,CS(=O)(=O)c1ccc(-c2occc(=O)c2-c2ccc(F)cc2)cc1,2236145.2,inactive,"{0, 64.35, 3, 4, 3.5164000000000026, 344.363}",0.0,64.35,3.0,4.0,3.5164000000000026,344.363
CHEMBL519521,O=C(O)c1ccccc1/N=C/c1coc2ccccc2c1=O,65720.0,inactive,"{1, 3, 4, 293.278, 3.2418000000000013, 79.87}",1.0,3.0,4.0,293.278,3.2418000000000013,79.87
CHEMBL4454216,N#Cc1c(/N=C/c2ccco2)c(C(=O)Nc2ccc(Br)cc2)n2c1CCC2,1650.0,active,"{1, 4, 5, 4.664380000000002, 423.2700000000001, 83.32}",1.0,4.0,5.0,4.664380000000002,423.2700000000001,83.32
CHEMBL4466133,CCC1SCC(=O)N1c1c(C#N)c2n(c1C(=O)Nc1ccc(C)cc1)CCC2,1250.0,active,"{1, 3.6826000000000025, 4, 5, 394.50000000000017, 78.13}",1.0,3.6826000000000025,4.0,5.0,394.50000000000017,78.13
CHEMBL4579212,CCC1SCC(=O)N1c1c(C#N)c2n(c1C(=O)Nc1ccccc1)CCCC2,56100.0,inactive,"{1, 3.764280000000003, 4, 5, 394.50000000000017, 78.13}",1.0,3.764280000000003,4.0,5.0,394.50000000000017,78.13
CHEMBL2347671,CCSc1nc(-c2ccccc2)c(-c2ccc(S(C)(=O)=O)cc2)[nH]1,50.0,active,"{1, 4, 5, 358.48800000000006, 4.259200000000003, 62.82}",1.0,4.0,5.0,358.48800000000006,4.259200000000003,62.82
CHEMBL416146,Cc1ccc(-c2ncc(Cl)cc2-c2ccc(S(C)(=O)=O)cc2)cn1,1100.0,active,"{0, 3, 4, 4.175920000000004, 358.8500000000001, 59.92}",0.0,3.0,4.0,4.175920000000004,358.8500000000001,59.92
CHEMBL540943,C[C@@H]1O[C@@H](O[C@H]2[C@H](O)[C@@H](O)[C@H](OC[C@H]3O[C@@H](OC(=O)[C@]45CCC(C)(C)C[C@H]4C4=CC[C@@H]6[C@@]7(C)CC[C@H](O)[C@@](C)(CO)[C@@H]7CC[C@@]6(C)[C@]4(C)CC5)[C@H](O)[C@@H](O)[C@@H]3O)O[C@@H]2CO)[C@H](O)[C@H](O)[C@H]1O,50000.0,inactive,"{0.14050000000000684, 294.97999999999996, 9, 11, 943.1340000000005, 18}",0.14050000000000684,294.97999999999996,9.0,11.0,943.1340000000005,18.0
CHEMBL2159922,Cc1ccc(C2=NN(C3=NC(=O)CS3)C(c3ccc(F)cc3)C2)cc1C,6400.0,active,"{0, 2, 4, 4.223040000000004, 45.03, 367.4490000000001}",0.0,2.0,4.0,4.223040000000004,45.03,367.4490000000001
CHEMBL2159925,Cc1ccc(C2CC(c3ccc(C)c(C)c3)=NN2C2=NC(=O)CS2)cc1,1200.0,active,"{0, 2, 4, 4.392360000000004, 363.4860000000001, 45.03}",0.0,2.0,4.0,4.392360000000004,363.4860000000001,45.03
CHEMBL3397726,CCCC/C(=C\c1cc(OCC(c2ccccc2)c2ccccc2)ccc1OCc1ccc(C(F)(F)F)cc1)C(=O)O,10000.0,inactive,"{1, 3, 9.153500000000003, 13, 55.760000000000005, 574.6390000000002}",1.0,3.0,9.153500000000003,13.0,55.760000000000005,574.6390000000002
CHEMBL3746042,COc1cc(C2CC(c3cccs3)=NN2c2ccc(S(N)(=O)=O)cc2)cc(OC)c1OC,6340.0,active,"{1, 3.777000000000001, 103.44999999999999, 8, 7, 473.5760000000003}",1.0,3.777000000000001,103.44999999999999,8.0,7.0,473.5760000000003
CHEMBL3127306,COc1c(-c2cc(C)nn2-c2ccc(S(N)(=O)=O)cc2)c(O)cc2occc12,7500.0,active,"{2, 2.955520000000001, 4, 7, 399.4280000000001, 120.58000000000001}",2.0,2.955520000000001,4.0,7.0,399.4280000000001,120.58000000000001
CHEMBL399879,Cc1ccc(N2C(=O)CSC2c2ccc(S(C)(=O)=O)cc2)cc1,150.0,active,"{0, 3, 4, 3.177120000000002, 54.45, 347.4610000000001}",0.0,3.0,4.0,3.177120000000002,54.45,347.4610000000001
CHEMBL257539,CCOc1cccc(OCC)c1-c1ccc(C(C)C(=O)O)cc1F,100.0,active,"{1, 3, 4.478200000000003, 7, 332.371, 55.760000000000005}",1.0,3.0,4.478200000000003,7.0,332.371,55.760000000000005
CHEMBL2333750,COc1ccc(/C=C/c2cc(OC)cc(OC)c2/C=C/C(=O)NC2CCCCC2)cc1,5090.0,active,"{1, 4, 421.5370000000002, 5.344900000000005, 8, 56.790000000000006}",1.0,4.0,421.5370000000002,5.344900000000005,8.0,56.790000000000006
CHEMBL2333742,COc1ccc(/C=C/c2cc(OC)cc(OC)c2/C=C/C(=O)NCCCl)cc1,1360.0,active,"{1, 4, 4.251000000000003, 9, 401.8900000000001, 56.790000000000006}",1.0,4.0,4.251000000000003,9.0,401.8900000000001,56.790000000000006
CHEMBL2375786,C/C=C(\C)C(=O)O[C@@H]1[C@@H](C)[C@@]2(O)[C@@H](C=C(CO)C[C@]3(O)C(=O)C(C)=C[C@@H]23)[C@@H]2C(C)(C)[C@]12OC(=O)C(C)CC,50000.0,inactive,"{130.36, 3, 3.044200000000001, 6, 8, 530.6580000000002}",130.36,3.0,3.044200000000001,6.0,8.0,530.6580000000002
CHEMBL2283155,CS(=O)(=O)c1ccc(/C=C(/C(=O)O)c2cccc(Br)c2)cc1,310.0,active,"{1, 3, 4, 3.477800000000002, 71.44, 381.247}",1.0,3.0,4.0,3.477800000000002,71.44,381.247
CHEMBL3233596,Cc1ccc(C2=C(c3ccc(S(N)(=O)=O)cc3)C(=O)NC2=O)cc1,1500.0,active,"{1.2096200000000001, 2, 3, 4, 106.33000000000001, 342.3760000000001}",1.2096200000000001,2.0,3.0,4.0,106.33000000000001,342.3760000000001
CHEMBL2171246,CC(C(=O)O)c1ccc2c3cc(Cl)ccc3n(C(=O)c3cocn3)c2c1,27800.0,inactive,"{1, 3, 4.312500000000003, 5, 368.7760000000001, 85.33}",1.0,3.0,4.312500000000003,5.0,368.7760000000001,85.33
CHEMBL4471996,COc1cccc(-c2cc(C(=O)N3CCOCC3)nn2-c2ccc(S(N)(=O)=O)cc2)c1,2250.0,active,"{1, 1.6676999999999997, 5, 7, 116.75, 442.49700000000007}",1.0,1.6676999999999997,5.0,7.0,116.75,442.49700000000007
CHEMBL4445481,NS(=O)(=O)c1ccc(-n2nc(C(=O)NCCCN3CCOCC3)cc2-c2ccc(C(F)(F)F)cc2)cc1,170.0,active,"{2, 2.6576000000000013, 7, 8, 119.55000000000001, 537.5640000000003}",2.0,2.6576000000000013,7.0,8.0,119.55000000000001,537.5640000000003
CHEMBL4532838,CCOc1ccc(-c2cc(C(=O)NCCN3CCOCC3)nn2-c2ccc(S(N)(=O)=O)cc2)cc1,850.0,active,"{128.78, 1.6474000000000009, 2, 8, 9, 499.5930000000002}",128.78,1.6474000000000009,2.0,8.0,9.0,499.5930000000002
CHEMBL4455944,CCOc1ccc(-c2cc(C(=O)NCCCN3CCOCC3)nn2-c2ccc(S(N)(=O)=O)cc2)cc1,910.0,active,"{128.78, 513.6200000000002, 2, 2.0375000000000005, 8, 10}",128.78,513.6200000000002,2.0,2.0375000000000005,8.0,10.0
CHEMBL5278682,COc1ccc(/C=c2\c(=O)[nH]n3c(=O)c4ccccc4nc23)cc1,47.0,active,"{1, 2, 1.0922999999999996, 5, 76.46000000000001, 319.32000000000005}",1.0,2.0,1.0922999999999996,5.0,76.46000000000001,319.32000000000005
CHEMBL4763059,COc1ccc(/C=N/Nc2nc(-c3ccc(S(C)(=O)=O)cc3)cs2)cc1O,175.0,active,"{2, 3.3738000000000024, 100.88000000000001, 6, 8, 403.48500000000007}",2.0,3.3738000000000024,100.88000000000001,6.0,8.0,403.48500000000007
CHEMBL4789520,NS(=O)(=O)c1ccc(-n2nc(C(=O)NCCCC(=O)O)cc2-c2ccccc2)cc1,4000.0,active,"{1.7812999999999999, 3, 6, 8, 428.4700000000001, 144.38}",1.7812999999999999,3.0,6.0,8.0,428.4700000000001,144.38
CHEMBL5276771,COc1cccc(/C=c2\c(=O)[nH]n3c(=O)c4ccccc4nc23)c1,488.2,active,"{1, 2, 1.0922999999999992, 5, 76.46000000000001, 319.32000000000005}",1.0,2.0,1.0922999999999992,5.0,76.46000000000001,319.32000000000005
CHEMBL5280992,CON(C)C(=O)c1ccc(-c2nc(CSc3nc4ccccc4s3)no2)cc1,7600.0,active,"{0, 4.272000000000003, 6, 8, 81.35000000000001, 412.49600000000004}",0.0,4.272000000000003,6.0,8.0,81.35000000000001,412.49600000000004
CHEMBL408215,NS(=O)(=O)c1ccc(-c2nc(NCc3ccsc3)cc(C(F)(F)F)n2)cc1,51.9,active,"{97.97000000000001, 2, 3.4834000000000014, 5, 6, 414.434}",97.97000000000001,2.0,3.4834000000000014,5.0,6.0,414.434
CHEMBL2023850,CN(c1ccc(O)cc1)c1nc(-c2ccc(Cl)cc2)cs1,1080.0,active,"{1, 3, 4, 36.36, 4.937000000000003, 316.813}",1.0,3.0,4.0,36.36,4.937000000000003,316.813
CHEMBL309156,CS(=O)(=O)c1ccc(-c2occ(Cl)c(=O)c2-c2ccccc2F)cc1,6309573.44,inactive,"{0, 64.35, 3, 4, 4.169800000000002, 378.80800000000005}",0.0,64.35,3.0,4.0,4.169800000000002,378.80800000000005
CHEMBL306673,CS(=O)(=O)c1ccc(-c2occ(Cl)c(=O)c2-c2cccc(F)c2)cc1,1425607.59,inactive,"{0, 64.35, 3, 4, 4.169800000000003, 378.80800000000005}",0.0,64.35,3.0,4.0,4.169800000000003,378.80800000000005
CHEMBL70296,CS(=O)(=O)c1ccc(-c2occ(Cl)c(=O)c2-c2ccc(Cl)cc2)cc1,936052.05,inactive,"{0, 64.35, 3, 4, 4.6841000000000035, 395.26300000000003}",0.0,64.35,3.0,4.0,4.6841000000000035,395.26300000000003
CHEMBL68873,CS(=O)(=O)c1ccc(-c2occ(Cl)c(=O)c2-c2cc(F)cc(F)c2)cc1,2343689.1,inactive,"{0, 64.35, 3, 4, 4.308900000000003, 396.79800000000006}",0.0,64.35,3.0,4.0,4.308900000000003,396.79800000000006
CHEMBL185196,Cc1cc(-c2c(-c3ccc(S(N)(=O)=O)cc3)ccc(F)c2F)ccc1Cl,3.02,active,"{1, 2, 3, 4.908020000000002, 393.842, 60.160000000000004}",1.0,2.0,3.0,4.908020000000002,393.842,60.160000000000004
CHEMBL363270,CN(C)c1ccc(-c2c(-c3ccc(S(N)(=O)=O)cc3)ccc(F)c2F)cc1Cl,6.026,active,"{1, 3, 4, 4.665600000000003, 422.884, 63.4}",1.0,3.0,4.0,4.665600000000003,422.884,63.4
CHEMBL366102,NS(=O)(=O)c1ccc(-c2c(-c3ccc(F)cc3)nn3ncccc23)cc1,10.0,active,"{1, 2.849800000000001, 3, 5, 368.39300000000003, 90.35000000000001}",1.0,2.849800000000001,3.0,5.0,368.39300000000003,90.35000000000001
CHEMBL4287517,CS(=O)(=O)c1ccc(-c2cc(-c3ccccc3)no2)cc1,13550.0,inactive,"{0, 3, 4, 3.4121000000000015, 299.35100000000006, 60.17}",0.0,3.0,4.0,3.4121000000000015,299.35100000000006,60.17
CHEMBL4281362,NS(=O)(=O)c1ccc(-c2cc(-c3ccc(F)cc3)no2)cc1,81200.0,inactive,"{1, 2.7951000000000015, 3, 4, 86.19000000000001, 318.329}",1.0,2.7951000000000015,3.0,4.0,86.19000000000001,318.329
CHEMBL4286359,CS(=O)(=O)c1ccc(-c2c(-c3ccc(F)cc3)noc2C(F)(F)F)cc1,8145.0,active,"{0, 385.338, 3, 4, 4.570000000000002, 60.17}",0.0,385.338,3.0,4.0,4.570000000000002,60.17
CHEMBL307766,CS(=O)(=O)c1ccc(-c2coc(=O)n2-c2ccc(F)cc2F)cc1,1350.0,active,"{0, 2.7792000000000012, 3, 69.28, 5, 351.33000000000004}",0.0,2.7792000000000012,3.0,69.28,5.0,351.33000000000004
CHEMBL28084,CS(=O)(=O)c1ccc(-c2cc(C(F)F)nn2-c2ccc(S(N)(=O)=O)cc2)cc1,100000.0,inactive,"{1, 2.5278, 5, 6, 427.4540000000001, 112.12}",1.0,2.5278,5.0,6.0,427.4540000000001,112.12
CHEMBL72515,COc1ccc(-n2c(-c3ccc(S(N)(=O)=O)cc3)coc2=O)cc1Cl,780.0,active,"{1, 2.4069000000000003, 4, 6, 104.53, 380.8090000000001}",1.0,2.4069000000000003,4.0,6.0,104.53,380.8090000000001
CHEMBL29844,COc1c(C)cc(-c2cc(C(F)(F)F)nn2-c2ccc(S(N)(=O)=O)cc2)cc1Cl,66.0,active,"{1, 4, 5, 4.175920000000002, 87.21000000000001, 445.85000000000014}",1.0,4.0,5.0,4.175920000000002,87.21000000000001,445.85000000000014
CHEMBL28545,NS(=O)(=O)c1ccc(-n2nc(C(=O)O)c(Cl)c2-c2ccc(Cl)cc2)cc1,70000.0,inactive,"{2, 3.191700000000001, 4, 5, 115.28000000000002, 412.25400000000013}",2.0,3.191700000000001,4.0,5.0,115.28000000000002,412.25400000000013
CHEMBL71010,NS(=O)(=O)c1ccc(-c2coc(=O)n2-c2ccccc2Cl)cc1,6500.0,active,"{1, 2.3983000000000008, 3, 5, 350.783, 95.30000000000001}",1.0,2.3983000000000008,3.0,5.0,350.783,95.30000000000001
CHEMBL513185,COc1ccc(-c2cn(-c3ccc(S(N)(=O)=O)cc3)nn2)cc1,11000.0,inactive,"{1, 1.5902999999999998, 100.1, 4, 6, 330.369}",1.0,1.5902999999999998,100.1,4.0,6.0,330.369
CHEMBL3325872,Cc1nn(-c2ccccc2)c(N2CCOCC2)c1/C=N/Nc1nc2ccccc2nc1O,500.0,active,"{2, 3.1121200000000013, 100.69000000000001, 5, 9, 429.48400000000004}",2.0,3.1121200000000013,100.69000000000001,5.0,9.0,429.48400000000004
CHEMBL5275971,CCOP(=O)(OCC)C(NC(=O)c1cc(-c2ccsc2)n(-c2ccc(S(N)(=O)=O)cc2)n1)c1ccc(Br)cc1,220.0,active,"{2, 5.7054000000000045, 9, 11, 653.5170000000002, 142.61}",2.0,5.7054000000000045,9.0,11.0,653.5170000000002,142.61
CHEMBL5275772,COc1ccc(/C=C/C(=O)c2cccc(-n3cnnn3)c2)cc1,100.0,active,"{0, 2.567, 69.9, 5, 6, 306.325}",0.0,2.567,69.9,5.0,6.0,306.325
CHEMBL5280463,Cc1ccc(/C=C2\CN(C)CC3C2=NN(c2ccccc2)C3c2ccc(C)s2)s1,2.0,active,"{0, 3, 419.61900000000014, 5, 5.988940000000005, 18.84}",0.0,3.0,419.61900000000014,5.0,5.988940000000005,18.84
CHEMBL5282397,Cc1ccc(-c2nc(N(c3ccccc3)c3ccccc3)sc2C(=O)c2cccs2)cc1,90.0,active,"{0, 33.2, 452.6040000000002, 5, 6, 7.880820000000005}",0.0,33.2,452.6040000000002,5.0,6.0,7.880820000000005
CHEMBL5287114,O=C(/N=c1\scc(-c2ccc(F)cc2)n1-c1ccccc1)c1cccs1,90.0,active,"{0, 34.36, 3, 4, 5.147500000000003, 380.46900000000005}",0.0,34.36,3.0,4.0,5.147500000000003,380.46900000000005
CHEMBL5290194,COc1ccc(C2CC(c3cccc(-n4cnnn4)c3)=NN2)cc1,39.0,active,"{320.356, 1, 2.1095999999999995, 4, 7, 77.22}",320.356,1.0,2.1095999999999995,4.0,7.0,77.22
CHEMBL5278797,CS(=O)(=O)c1ccc(-c2cc(-c3ccc(Br)cc3)n(-c3ccc(S(N)(=O)=O)cc3)n2)cc1,43.0,active,"{1, 4.019700000000002, 5, 6, 112.11999999999999, 532.4410000000001}",1.0,4.019700000000002,5.0,6.0,112.11999999999999,532.4410000000001
CHEMBL5282037,Cc1nnc(/N=C2\NC(=O)/C(=C/c3ccc(Cl)cc3)S2)s1,100.0,active,"{1, 2, 67.24000000000001, 3.3915200000000016, 6, 336.829}",1.0,2.0,67.24000000000001,3.3915200000000016,6.0,336.829
CHEMBL1631309,NC(=O)[C@@H]1CSC(c2cn(-c3ccccc3)nc2-c2ccccc2)N1,470.0,active,"{2, 2.7282, 4, 5, 72.94, 350.4470000000001}",2.0,2.7282,4.0,5.0,72.94,350.4470000000001
CHEMBL4535881,O=C(Nc1ccccc1)Nc1nnc(-c2cccnc2)o1,170.0,active,"{2, 3, 2.7756, 5, 281.275, 92.94}",2.0,3.0,2.7756,5.0,281.275,92.94
CHEMBL4582518,N#CCC(=O)Nc1nnc(-c2cccnc2)o1,560.0,active,"{0.9837799999999997, 1, 3, 229.199, 6, 104.7}",0.9837799999999997,1.0,3.0,229.199,6.0,104.7
CHEMBL4533452,CCO/C=N/c1nnc(-c2cccnc2)o1,380.0,active,"{0, 1.8279, 4, 6, 73.4, 218.21600000000004}",0.0,1.8279,4.0,6.0,73.4,218.21600000000004
CHEMBL4541315,Clc1ccc(-c2nnc(/N=C/c3ccccc3)o2)cc1,81.0,active,"{0, 3, 4, 4.140600000000003, 51.28, 283.7180000000001}",0.0,3.0,4.0,4.140600000000003,51.28,283.7180000000001
CHEMBL469220,Cc1ccc(-c2cn(-c3ccc(S(N)(=O)=O)cc3)nn2)cc1,14000.0,inactive,"{1, 1.8901199999999996, 3, 5, 314.37, 90.87}",1.0,1.8901199999999996,3.0,5.0,314.37,90.87
CHEMBL2380864,FC(F)(F)c1onc(-c2ccc(Cl)o2)c1-c1ccccc1,100000.0,inactive,"{0, 2, 3, 5.273800000000002, 39.17, 313.66200000000003}",0.0,2.0,3.0,5.273800000000002,39.17,313.66200000000003
CHEMBL188071,Cc1cc(-c2c(-c3ccc(S(C)(=O)=O)cc3)ccc(F)c2F)ccc1F,5.012,active,"{0, 2, 3, 34.14, 5.149820000000003, 376.399}",0.0,2.0,3.0,34.14,5.149820000000003,376.399
CHEMBL185407,COc1ccc(-c2c(-c3ccc(S(C)(=O)=O)cc3)ccc(F)c2F)cc1Cl,19.05,active,"{0, 3, 4, 5.364300000000003, 43.370000000000005, 408.85300000000007}",0.0,3.0,4.0,5.364300000000003,43.370000000000005,408.85300000000007
CHEMBL1766286,NS(=O)(=O)c1ccc(-n2nc(CCCNC(=O)Nc3ccc(Cl)cc3)cc2-c2ccccc2)cc1,6000.0,active,"{3, 4.594400000000003, 5, 8, 119.11000000000001, 510.0190000000001}",3.0,4.594400000000003,5.0,8.0,119.11000000000001,510.0190000000001
CHEMBL319099,CS(=O)(=O)c1ccc(-c2cscc2-c2ccc(S(C)(=O)=O)cc2)cc1,300000.0,inactive,"{0, 3.8891000000000027, 4, 5, 68.28, 392.52300000000014}",0.0,3.8891000000000027,4.0,5.0,68.28,392.52300000000014
CHEMBL322045,CS(=O)(=O)c1ccc(C2=C(c3ccc(F)cc3)CC(CF)(CF)C2)cc1,51.29,active,"{0, 2, 34.14, 4.859200000000004, 5, 380.43100000000015}",0.0,2.0,34.14,4.859200000000004,5.0,380.43100000000015
CHEMBL109143,Cc1nc(-c2nc(C(F)(F)F)cn2-c2ccc(S(N)(=O)=O)cc2)cs1,524.81,active,"{1, 2.97042, 3, 388.3960000000001, 6, 90.87}",1.0,2.97042,3.0,388.3960000000001,6.0,90.87
CHEMBL3746730,CS(=O)(=O)c1ccc(N2N=C(C(=O)O)CC2c2cccs2)cc1,1430.0,active,"{1, 2.5436000000000005, 4, 6, 87.04, 350.421}",1.0,2.5436000000000005,4.0,6.0,87.04,350.421
CHEMBL1669038,CC(C)Cc1ccc(-c2cc(Cl)cc3c2OC(C(F)(F)F)C(C(=O)O)=C3)cc1,13400.0,inactive,"{1, 2, 4, 5.996800000000004, 46.53, 410.8190000000001}",1.0,2.0,4.0,5.996800000000004,46.53,410.8190000000001
CHEMBL5277274,COC1c2c(-c3ccccc3)c(-c3ccc(Cl)cc3)c(C)n2CC1(C)C,7500.0,active,"{0, 2, 3, 6.511220000000005, 365.90400000000017, 14.16}",0.0,2.0,3.0,6.511220000000005,365.90400000000017,14.16
CHEMBL463211,COC(=O)[C@@H](c1ccccc1)[C@H](C1=C(O)/C(=C/c2ccccc2)OC1=O)c1ccccc1,100.0,active,"{1, 5, 6, 5.137000000000004, 72.83000000000001, 426.46800000000013}",1.0,5.0,6.0,5.137000000000004,72.83000000000001,426.46800000000013
CHEMBL2283150,CC(=C(c1ccccc1)c1ccccc1)c1ccc(S(C)(=O)=O)cc1,630.0,active,"{0, 2, 34.14, 4, 5.069100000000005, 348.46700000000004}",0.0,2.0,34.14,4.0,5.069100000000005,348.46700000000004
CHEMBL2283164,CS(=O)(=O)c1ccc(/C=C(/C(=O)O)c2ccc(-c3ccc(S(C)(=O)=O)cc3)cc2)cc1,320.0,active,"{1, 3.7858000000000027, 5, 6, 456.54100000000017, 105.57999999999998}",1.0,3.7858000000000027,5.0,6.0,456.54100000000017,105.57999999999998
CHEMBL2283162,CS(=O)(=O)c1ccc(/C=C(/C(=O)O)c2cccc(-c3ccc(F)cc3F)c2)cc1,100000.0,inactive,"{1, 3, 4.660500000000003, 5, 71.44, 414.4290000000001}",1.0,3.0,4.660500000000003,5.0,71.44,414.4290000000001
CHEMBL2283159,CC(=O)Nc1ccc(/C(=C\c2ccc(S(C)(=O)=O)cc2)C(=O)O)cc1,2500.0,active,"{2, 2.6737, 100.54, 4, 5, 359.4030000000001}",2.0,2.6737,100.54,4.0,5.0,359.4030000000001
CHEMBL2283154,CC/C(=C(\c1ccccc1)c1ccc(OC(C)=O)cc1)c1ccc(S(C)(=O)=O)cc1,30.0,active,"{0, 420.5300000000001, 4, 6, 5.384500000000005, 60.440000000000005}",0.0,420.5300000000001,4.0,6.0,5.384500000000005,60.440000000000005
CHEMBL1221677,CC/C(=C(\c1ccccc1)c1ccc(O)cc1)c1ccc(S(C)(=O)=O)cc1,1900.0,active,"{1, 3, 5, 5.164800000000006, 54.37, 378.4930000000001}",1.0,3.0,5.0,5.164800000000006,54.37,378.4930000000001
CHEMBL281847,COc1ccc2c(c1)c(CC(=O)N[C@@H](C)CO)c(C)n2C(=O)c1ccc(Cl)cc1,270.0,active,"{2, 3.3397200000000025, 5, 6, 80.56, 414.8890000000001}",2.0,3.3397200000000025,5.0,6.0,80.56,414.8890000000001
CHEMBL412307,COc1ccc2c(c1)c(CC(=O)N[C@H](CO)Cc1ccccc1)c(C)n2C(=O)c1ccc(Cl)cc1,85.0,active,"{2, 4.562520000000004, 5, 8, 490.9870000000002, 80.56}",2.0,4.562520000000004,5.0,8.0,490.9870000000002,80.56
CHEMBL1630227,CC(C)Cc1cc2c(cc1Cl)C=C(C(=O)O)C(C(F)(F)F)O2,20.0,active,"{1, 2, 3, 4.329800000000003, 46.53, 334.721}",1.0,2.0,3.0,4.329800000000003,46.53,334.721
CHEMBL5094564,COc1ccc(NC(=O)c2ccccc2Nc2cccc(C)c2C)cc1OC,48130.0,inactive,"{2, 4, 5.316540000000004, 6, 376.4560000000002, 59.59}",2.0,4.0,5.316540000000004,6.0,376.4560000000002,59.59
CHEMBL5080484,COc1ccc(NC(=O)c2ccccc2Nc2cccc(Cl)c2C)cc1OC,92640.0,inactive,"{2, 4, 5.661520000000003, 6, 396.87400000000014, 59.59}",2.0,4.0,5.661520000000003,6.0,396.87400000000014,59.59
CHEMBL5079590,CSc1ccc(NC(=O)c2ccccc2Nc2cccc(C(F)(F)F)c2)cc1,150000.0,inactive,"{2, 3, 5, 6.423200000000003, 41.13, 402.44100000000003}",2.0,3.0,5.0,6.423200000000003,41.13,402.44100000000003
CHEMBL508588,Cc1ccc(-n2c(-c3ccc(Br)cc3)cs/c2=N\N=C/c2cn(-c3ccc(S(=O)(=O)/N=C/N(C)C)cc3)nc2-c2ccccc2)cc1,1290.0,active,"{0, 97.21, 7.3428200000000095, 8, 9, 724.71}",0.0,97.21,7.3428200000000095,8.0,9.0,724.71
CHEMBL1689434,CONS(=O)(=O)CCOC(=O)C(C)c1ccc(CC(C)C)cc1,630.0,active,"{1, 2.012599999999999, 5, 9, 81.69999999999999, 343.4450000000001}",1.0,2.012599999999999,5.0,9.0,81.69999999999999,343.4450000000001
CHEMBL2334138,COc1ccc(/C=C/c2cc(OC)cc(OC)c2/C=C/C(=O)N2CCC(C)CC2)cc1,10280.0,inactive,"{0, 4, 421.5370000000002, 5.154500000000005, 7, 48.00000000000001}",0.0,4.0,421.5370000000002,5.154500000000005,7.0,48.00000000000001
CHEMBL148428,NS(=O)(=O)c1ccc(-n2nc(C(F)(F)F)cc2-c2ccc(Cl)cc2)cc1CO,712.0,active,"{2, 98.21000000000001, 4, 5, 3.3512000000000026, 431.8230000000001}",2.0,98.21000000000001,4.0,5.0,3.3512000000000026,431.8230000000001
CHEMBL1775100,FC(F)(F)c1cccc(Oc2ccc(OCCN3CCCC3)cc2)c1,100000.0,inactive,"{0, 3, 4.972300000000005, 6, 21.700000000000003, 351.3680000000001}",0.0,3.0,4.972300000000005,6.0,21.700000000000003,351.3680000000001
CHEMBL1775110,CS(=O)(=O)Nc1ccc(Oc2ccc(OCCN3CCCC3)cc2)cc1,100000.0,inactive,"{1, 67.87, 3.325000000000002, 5, 8, 376.4780000000002}",1.0,67.87,3.325000000000002,5.0,8.0,376.4780000000002
CHEMBL1775096,CS(=O)(=O)c1ccc(Oc2ccc(OCCN3CCCC3)cc2)c([N+](=O)[O-])c1,100000.0,inactive,"{0, 98.98000000000002, 3.265200000000002, 7, 8, 406.4600000000002}",0.0,98.98000000000002,3.265200000000002,7.0,8.0,406.4600000000002
CHEMBL1775093,CS(=O)(=O)c1ccccc1Oc1ccc(OCCN2CCCC2)cc1,100000.0,inactive,"{0, 3.357000000000002, 5, 7, 361.4630000000002, 55.84000000000001}",0.0,3.357000000000002,5.0,7.0,361.4630000000002,55.84000000000001
CHEMBL2023853,Fc1ccc(-c2csc(Nc3ccc(Oc4ccccc4)cc3)n2)cc1,5000.0,active,"{1, 34.15, 4, 5, 6.485100000000004, 362.42900000000003}",1.0,34.15,4.0,5.0,6.485100000000004,362.42900000000003
CHEMBL322132,CC1(C)OC(=O)C(Oc2cccc(F)c2)=C1c1ccc(S(C)(=O)=O)cc1,20.0,active,"{0, 3.354700000000002, 4, 5, 69.67, 376.4050000000001}",0.0,3.354700000000002,4.0,5.0,69.67,376.4050000000001
CHEMBL266858,CC(C)(C)c1cc(C(=O)CS(=O)(=O)CC2CC2)cc2c1OCC2(C)C,2000.0,active,"{0, 3.6616000000000026, 4, 5, 364.5070000000001, 60.44}",0.0,3.6616000000000026,4.0,5.0,364.5070000000001,60.44
CHEMBL141113,C[S+]([O-])c1ccc(C(Nc2nccs2)C(=O)c2ccc(F)cc2)cc1,2100.0,active,"{65.05, 1, 4.0557000000000025, 5, 6, 374.46200000000005}",65.05,1.0,4.0557000000000025,5.0,6.0,374.46200000000005
CHEMBL441769,COc1ccc2c(c1)c(CC(=O)NC[C@@H](O)c1ccccc1)c(C)n2C(=O)c1ccc(Cl)cc1,47.0,active,"{2, 4.692520000000004, 5, 7, 80.56, 476.96000000000015}",2.0,4.692520000000004,5.0,7.0,80.56,476.96000000000015
CHEMBL2303835,CS(=O)(=O)c1ccc(-c2cc(Cl)cnc2-c2ccc(CO[C@@H]3O[C@@H](C(=O)O)[C@@H](O)[C@H](O)[C@@H]3O)nc2)cc1,33000.0,inactive,"{1.2762999999999995, 4, 550.9730000000003, 7, 10, 176.37}",1.2762999999999995,4.0,550.9730000000003,7.0,10.0,176.37
CHEMBL1630226,CCCc1cc2c(cc1Cl)C=C(C(=O)O)C(C(F)(F)F)O2,150.0,active,"{320.69399999999996, 1, 2, 3, 4.083800000000003, 46.53}",320.69399999999996,1.0,2.0,3.0,4.083800000000003,46.53
CHEMBL1630228,CC(C)CCc1cc2c(cc1Cl)C=C(C(=O)O)C(C(F)(F)F)O2,94.0,active,"{1, 2, 4, 4.7199000000000035, 46.53, 348.748}",1.0,2.0,4.0,4.7199000000000035,46.53,348.748
CHEMBL69261,Cc1ccccc1-n1c(-c2ccc(S(N)(=O)=O)cc2)coc1=O,9700.0,active,"{1, 2.05332, 3, 5, 330.36500000000007, 95.30000000000001}",1.0,2.05332,3.0,5.0,330.36500000000007,95.30000000000001
CHEMBL127514,Cc1cc(=O)c(Oc2ccc(Br)cc2)c(-c2ccc(S(C)(=O)=O)cc2)o1,360.0,active,"{0, 4, 5, 4.573520000000004, 73.58000000000001, 435.2950000000002}",0.0,4.0,5.0,4.573520000000004,73.58000000000001,435.2950000000002
CHEMBL124188,Cc1cc(=O)c(C(C)C)c(-c2ccc(S(C)(=O)=O)cc2)o1,6550.0,active,"{0, 64.35, 3, 4, 3.142120000000002, 306.38300000000004}",0.0,64.35,3.0,4.0,3.142120000000002,306.38300000000004
CHEMBL338457,Cc1cc(=O)c(Oc2ccc(Br)cc2Cl)c(-c2ccc(S(C)(=O)=O)cc2)o1,310.0,active,"{0, 4, 5, 5.226920000000003, 73.58000000000001, 469.7400000000002}",0.0,4.0,5.0,5.226920000000003,73.58000000000001,469.7400000000002
CHEMBL285828,COc1ccc2c(c1)c(CC(=O)N[C@@H](CO)C(C)C)c(C)n2C(=O)c1ccc(Cl)cc1,110.0,active,"{2, 3.9758200000000032, 5, 7, 80.56, 442.9430000000002}",2.0,3.9758200000000032,5.0,7.0,80.56,442.9430000000002
CHEMBL44924,CS(=O)(=O)c1ccc(-n2cc(C(F)(F)F)nc2-c2cccc(N)c2)cc1,5890.0,active,"{1, 3, 3.543800000000002, 5, 77.98, 381.3790000000001}",1.0,3.0,3.543800000000002,5.0,77.98,381.3790000000001
CHEMBL129473,Cc1cc(=O)c(Oc2ccc([N+](=O)[O-])cc2)c(-c2ccc(S(C)(=O)=O)cc2)o1,3990.0,active,"{0, 3.7192200000000017, 5, 7, 401.39600000000013, 116.71999999999998}",0.0,3.7192200000000017,5.0,7.0,401.39600000000013,116.71999999999998
CHEMBL5277139,CCOP(=O)(OCC)C(NC(=O)c1cc(-c2ccc(Br)cc2)n(-c2ccc(S(N)(=O)=O)cc2)n1)c1ccc(Br)cc1,280.0,active,"{2, 6.406400000000005, 8, 11, 142.61, 726.384}",2.0,6.406400000000005,8.0,11.0,142.61,726.384
CHEMBL5289951,CCOP(=O)(OCC)C(NC(=O)c1cc(-c2ccc(F)cc2)n(-c2ccc(S(N)(=O)=O)cc2)n1)c1ccc(Br)cc1,280.0,active,"{2, 5.783000000000005, 8, 11, 142.61, 665.4780000000002}",2.0,5.783000000000005,8.0,11.0,142.61,665.4780000000002
CHEMBL5281211,CS(=O)(=O)c1ccc(-c2cc(-c3ccc(Cl)cc3)n(-c3ccc(S(N)(=O)=O)cc3)n2)cc1,43.0,active,"{1, 3.9106000000000023, 5, 6, 487.9900000000002, 112.11999999999999}",1.0,3.9106000000000023,5.0,6.0,487.9900000000002,112.11999999999999
CHEMBL5283867,CS(=O)(=O)c1ccc(C(=O)OCCn2cc(-c3ccc(C(F)(F)F)cc3)nn2)cc1,2.0,active,"{0, 3.224400000000002, 6, 7, 439.415, 91.15}",0.0,3.224400000000002,6.0,7.0,439.415,91.15
CHEMBL5274788,CCCCNc1cc(C(=O)n2nc(C)cc2C)cc(S(N)(=O)=O)c1Oc1ccccc1,4750.0,active,"{2, 3.8401400000000026, 7, 8, 116.30999999999999, 442.54100000000017}",2.0,3.8401400000000026,7.0,8.0,116.30999999999999,442.54100000000017
CHEMBL5280475,CCC(=O)c1nnn(-c2ccc(S(N)(=O)=O)cc2)c1C,2610.0,active,"{0.8158200000000001, 1, 4, 294.33600000000007, 6, 107.94}",0.8158200000000001,1.0,4.0,294.33600000000007,6.0,107.94
CHEMBL19056,CC1(O)OC(=O)C(c2ccsc2)=C1c1ccc(S(C)(=O)=O)cc1,110.0,active,"{1, 2.3277, 3, 6, 80.67, 350.4170000000001}",1.0,2.3277,3.0,6.0,80.67,350.4170000000001
CHEMBL2315854,O=C(N[C@@H]1CCC[C@H]1OCc1ccccc1)C1CCN(c2nc3cc(Cl)ccc3o2)CC1,296.0,active,"{1, 67.6, 4.951700000000004, 5, 453.9700000000003, 6}",1.0,67.6,4.951700000000004,5.0,453.9700000000003,6.0
CHEMBL5195879,CC(C)NC(=O)[C@@H](Cn1ccnc1)NC(=O)[C@@H](C)c1cccc(C(=O)c2ccccc2)c1,3020.0,active,"{2, 2.927200000000001, 5, 9, 432.52400000000017, 93.09}",2.0,2.927200000000001,5.0,9.0,432.52400000000017,93.09
CHEMBL5204848,COC1(c2cc(O)ccc2O)C=C(CC[C@@H]2C(C)(C)[C@@H]3CC[C@]2(C)O3)C(=O)O1,9960.0,active,"{2, 3.754100000000003, 388.4600000000002, 5, 6, 85.22000000000001}",2.0,3.754100000000003,388.4600000000002,5.0,6.0,85.22000000000001
CHEMBL5197207,CC(C)=CCC/C(C)=C/CCC1=C[C@]2(OC1=O)c1cc(O)ccc1OC(=O)[C@]2(CC/C=C(\C)CCC=C(C)C)CC(=O)c1cc(O)ccc1O,1290.0,active,"{130.36, 3, 8, 9.606099999999996, 682.8540000000003, 15}",130.36,3.0,8.0,9.606099999999996,682.8540000000003,15.0
CHEMBL332937,CC(C)(C)c1cc(C(=O)c2cccs2)cc2c1OCC2(C)C,38.0,active,"{0, 2, 3, 26.3, 4.946600000000004, 314.4500000000001}",0.0,2.0,3.0,26.3,4.946600000000004,314.4500000000001
CHEMBL1814717,CC(C(=O)[O-])c1ccc(CC2CCCC2=O)c(-c2ccc(OC(F)(F)F)cc2)c1.[Na+],72000.0,inactive,"{0, 1.0212999999999999, 66.42999999999999, 4, 6, 428.382}",0.0,1.0212999999999999,66.42999999999999,4.0,6.0,428.382
CHEMBL1814728,CC(C(=O)[O-])c1ccc(C[C@H]2CCC[C@H]2O)cc1-c1ccc(O)cc1.[Na+],17000.0,inactive,"{-0.3798999999999997, 2, 4, 5, 362.401, 80.59}",-0.3798999999999997,2.0,4.0,5.0,362.401,80.59
CHEMBL43103,CNc1ccc(-c2nc(C(F)(F)F)cn2-c2ccc(S(C)(=O)=O)cc2)cc1,1470.0,active,"{1, 4, 5, 4.003300000000002, 395.4060000000001, 63.99}",1.0,4.0,5.0,4.003300000000002,395.4060000000001,63.99
CHEMBL298729,CS(=O)(=O)c1ccc(-c2cc3c(cc2-c2ccc(F)cc2)OCO3)cc1,83.0,active,"{0, 3, 4, 4.291900000000004, 370.4010000000001, 52.60000000000001}",0.0,3.0,4.0,4.291900000000004,370.4010000000001,52.60000000000001
CHEMBL330314,NS(=O)(=O)c1ccc(C2=C(c3ccc(C(F)(F)F)cc3)CC3(CC3)C2)cc1,1.0,active,"{1, 2, 3, 4.837600000000003, 393.4300000000002, 60.160000000000004}",1.0,2.0,3.0,4.837600000000003,393.4300000000002,60.160000000000004
CHEMBL92154,CS(=O)(=O)c1ccc(C2=C(c3ccc(F)cc3)CC3(CC3)C2)cc1,8.0,active,"{0, 2, 3, 34.14, 4.714000000000004, 342.4350000000002}",0.0,2.0,3.0,34.14,4.714000000000004,342.4350000000002
CHEMBL4165467,CCOc1ccc(-c2cc(-c3ccc(C(F)(F)F)cc3)n(-c3ccc(S(C)(=O)=O)cc3)n2)cc1,970.0,active,"{0, 5, 486.5150000000001, 6, 6.027300000000006, 61.19}",0.0,5.0,486.5150000000001,6.0,6.027300000000006,61.19
CHEMBL1221727,CC/C(=C(\c1ccccc1)c1ccc(OC)cc1)c1ccc(S(C)(=O)=O)cc1,10700.0,inactive,"{0, 3, 5.467800000000006, 6, 392.5200000000001, 43.370000000000005}",0.0,3.0,5.467800000000006,6.0,392.5200000000001,43.370000000000005
CHEMBL29424,NS(=O)(=O)c1ccc(-n2nc(COCc3ccccc3)cc2-c2ccc(Cl)cc2)cc1,29.0,active,"{1, 4.556900000000003, 5, 453.951, 7, 87.21000000000001}",1.0,4.556900000000003,5.0,453.951,7.0,87.21000000000001
CHEMBL28599,Cc1ccccc1-c1cc(C(F)(F)F)nn1-c1ccc(S(N)(=O)=O)cc1,69.0,active,"{1, 3, 4, 3.5139200000000006, 77.98, 381.3790000000001}",1.0,3.0,4.0,3.5139200000000006,77.98,381.3790000000001
CHEMBL2315019,COc1ccc2cc([C@H](C)C(=O)n3c4ccccc4c(=O)c4ccccc43)ccc2c1,9800.0,active,"{0, 3, 4, 5.760400000000004, 48.3, 407.4690000000001}",0.0,3.0,4.0,5.760400000000004,48.3,407.4690000000001
CHEMBL5288634,CS(=O)(=O)c1ccc(-n2cc(/C=N/Nc3ccc(S(N)(=O)=O)cc3)c(-c3ccc(Br)cc3)n2)cc1,420.0,active,"{2, 3.798700000000002, 7, 8, 136.51, 574.4820000000002}",2.0,3.798700000000002,7.0,8.0,136.51,574.4820000000002
CHEMBL341320,Cc1ccc(Oc2c(-c3ccc(S(C)(=O)=O)cc3)oc(C)cc2=O)c(F)c1,60.01,active,"{0, 388.41600000000017, 5, 4, 4.2585400000000035, 73.58000000000001}",0.0,388.41600000000017,5.0,4.0,4.2585400000000035,73.58000000000001
CHEMBL3427203,COc1ccc(-c2nc(OC)nn2-c2ccc(OC)cc2)cc1,3200.0,active,"{0, 2.9601000000000015, 5, 6, 311.341, 58.400000000000006}",0.0,2.9601000000000015,5.0,6.0,311.341,58.400000000000006
CHEMBL4755592,COc1ccc(-n2nc(-c3ccco3)cc2N)cc1,30600.0,inactive,"{1, 66.21, 3, 2.7231000000000005, 5, 255.27700000000002}",1.0,66.21,3.0,2.7231000000000005,5.0,255.27700000000002
CHEMBL4747321,O=C(/C=C/c1ccc(O)c(O)c1)NNC(=O)COc1cccnc1,5000.0,active,"{0.7323999999999998, 4, 5, 6, 329.312, 120.78}",0.7323999999999998,4.0,5.0,6.0,329.312,120.78
CHEMBL1632404,CS(=O)(=O)c1ccc(C2=NN(C(N)=S)C(c3ccccc3)C2)cc1,50310.0,inactive,"{1, 2.484800000000001, 3, 4, 359.47600000000006, 75.76}",1.0,2.484800000000001,3.0,4.0,359.47600000000006,75.76
CHEMBL339258,Cc1cc(=O)c(Oc2ccc(C(F)(F)F)cc2)c(-c2ccc(S(C)(=O)=O)cc2)o1,2450.0,active,"{0, 4, 5, 4.829820000000004, 424.39600000000013, 73.58000000000001}",0.0,4.0,5.0,4.829820000000004,424.39600000000013,73.58000000000001
CHEMBL271763,CS(=O)(=O)c1ccc(-c2nc(NCc3ccncc3)cc(C(F)(F)F)n2)cc1,298.5,active,"{1, 3.573000000000002, 5, 6, 84.84, 408.40500000000003}",1.0,3.573000000000002,5.0,6.0,84.84,408.40500000000003
CHEMBL259680,CS(=O)(=O)c1ccc(-c2nc(NCc3cccnc3)cc(C(F)(F)F)n2)cc1,10000.0,inactive,"{1, 3.573000000000002, 5, 6, 84.84, 408.40500000000003}",1.0,3.573000000000002,5.0,6.0,84.84,408.40500000000003
CHEMBL269832,CS(=O)(=O)c1ccc(-c2nc(O)cc(NCc3ccccc3)n2)cc1,49.3,active,"{2, 355.41900000000004, 2.8648000000000016, 5, 6, 92.18}",2.0,355.41900000000004,2.8648000000000016,5.0,6.0,92.18
CHEMBL270294,CS(=O)(=O)c1ccc(-c2nc(SCc3cccs3)cc(C(F)(F)F)n2)cc1,4.1,active,"{0, 4.919700000000003, 5, 6, 430.49800000000005, 59.92}",0.0,4.919700000000003,5.0,6.0,430.49800000000005,59.92
CHEMBL2303696,CS(=O)(=O)c1ccc(C2=C(c3ccccc3)C(=O)OC2O[C@@H]2O[C@@H](C(=O)O)[C@@H](O)[C@H](O)[C@@H]2O)cc1,33000.0,inactive,"{-0.20740000000000036, 4, 6, 10, 176.89, 506.4850000000002}",-0.20740000000000036,4.0,6.0,10.0,176.89,506.4850000000002
CHEMBL321182,Cc1cc(F)ccc1C1=C(c2ccc(S(C)(=O)=O)cc2)CCC1,75.0,active,"{0, 2, 3, 34.14, 4.6323200000000035, 330.42400000000015}",0.0,2.0,3.0,34.14,4.6323200000000035,330.42400000000015
CHEMBL277515,C=CCONC1=NC(=O)/C(=C/c2cc(C(C)(C)C)c(O)c(C(C)(C)C)c2)O1,26000.0,inactive,"{2, 3.948100000000003, 4, 5, 80.15, 372.46500000000015}",2.0,3.948100000000003,4.0,5.0,80.15,372.46500000000015
CHEMBL359269,NS(=O)(=O)c1ccc(-n2nc(C(F)(F)F)cc2-c2cccc(Cl)c2)cc1CO,1950.0,active,"{2, 98.21000000000001, 4, 5, 3.3512000000000026, 431.8230000000001}",2.0,98.21000000000001,4.0,5.0,3.3512000000000026,431.8230000000001
CHEMBL319359,COc1ccc2c(c1)c(CC(=O)NOCc1ccc([N+](=O)[O-])cc1)c(C)n2C(=O)c1ccc(Cl)cc1,60.0,active,"{1, 4.9989200000000045, 7, 8, 112.69999999999999, 507.9300000000002}",1.0,4.9989200000000045,7.0,8.0,112.69999999999999,507.9300000000002
CHEMBL1221677,CC/C(=C(\c1ccccc1)c1ccc(O)cc1)c1ccc(S(C)(=O)=O)cc1,100000.0,inactive,"{1, 3, 5, 5.164800000000006, 54.37, 378.4930000000001}",1.0,3.0,5.0,5.164800000000006,54.37,378.4930000000001
CHEMBL356980,NS(=O)(=O)c1ccc(-n2nc(C(F)(F)F)cc2-c2ccccc2F)cc1CO,3300.0,active,"{2, 98.21000000000001, 4, 5, 2.8369000000000013, 415.3680000000001}",2.0,98.21000000000001,4.0,5.0,2.8369000000000013,415.3680000000001
CHEMBL3823600,Cc1cccc(-c2cc(C(=O)N/N=C/c3c(Cl)c4ccccc4oc3=O)nn2-c2ccc(S(N)(=O)=O)cc2)c1,4790.0,active,"{2, 4.0188200000000025, 6, 8, 562.0070000000003, 149.65}",2.0,4.0188200000000025,6.0,8.0,562.0070000000003,149.65
CHEMBL95989,CCCC/C=C/COC(=O)Cc1c(C)n(C(=O)c2ccc(Cl)cc2)c2ccc(OC)cc12,50.0,active,"{0, 5, 453.9660000000001, 6.132320000000006, 9, 57.53}",0.0,5.0,453.9660000000001,6.132320000000006,9.0,57.53
CHEMBL300687,COc1ccccc1N1CC(c2ccc(S(C)(=O)=O)cc2)=C(c2ccc(F)cc2)C1=O,1050.0,active,"{0, 4, 5, 4.195400000000004, 437.49200000000013, 63.68}",0.0,4.0,5.0,4.195400000000004,437.49200000000013,63.68
CHEMBL127153,Cc1ccc(Oc2c(-c3ccc(S(C)(=O)=O)cc3)oc(C)cc2=O)c(Cl)c1,239.99,active,"{0, 4, 5, 4.772840000000003, 73.58000000000001, 404.8710000000002}",0.0,4.0,5.0,4.772840000000003,73.58000000000001,404.8710000000002
CHEMBL1630239,O=C(O)C1=Cc2cc(Cl)c(OCC3CCCC3)c(Cl)c2OC1C(F)(F)F,6.0,active,"{1, 3, 4, 5.353700000000003, 55.760000000000005, 411.20300000000003}",1.0,3.0,4.0,5.353700000000003,55.760000000000005,411.20300000000003
CHEMBL1775110,CS(=O)(=O)Nc1ccc(Oc2ccc(OCCN3CCCC3)cc2)cc1,100000.0,inactive,"{1, 67.87, 3.325000000000002, 5, 8, 376.4780000000002}",1.0,67.87,3.325000000000002,5.0,8.0,376.4780000000002
CHEMBL287909,CS(=O)(=O)Nc1cc2c(cc1Sc1nccs1)C(=O)OC2,27.0,active,"{1, 2.3362, 4, 7, 85.36, 342.4230000000001}",1.0,2.3362,4.0,7.0,85.36,342.4230000000001
CHEMBL512227,CC(C)=CCC1C(=O)C(C(=O)CC(C)C)=C(O)C(O)(CC=C(C)C)C1=O,1600.0,active,"{2, 3.6254000000000017, 5, 7, 362.4660000000001, 91.67000000000002}",2.0,3.6254000000000017,5.0,7.0,362.4660000000001,91.67000000000002
CHEMBL1275940,CC(C(=O)[O-])c1ccc(CC2CCCC2=O)cc1Br.[Na+],65000.0,inactive,"{0, -0.7817999999999992, 3, 4, 57.199999999999996, 347.18399999999997}",0.0,-0.7817999999999992,3.0,4.0,57.199999999999996,347.18399999999997
CHEMBL1814715,CSc1ccc(-c2cc(C(C)C(=O)[O-])ccc2CC2CCCC2=O)cc1.[Na+],1000000.0,inactive,"{0, 0.8445999999999996, 4, 390.4800000000002, 6, 57.199999999999996}",0.0,0.8445999999999996,4.0,390.4800000000002,6.0,57.199999999999996
CHEMBL191534,CCCCC/C=C\C/C=C\C/C=C\C/C=C\CCCC(=O)NCCc1c[nH]c2ccc(O)cc12,5000.0,active,"{65.12, 2, 3, 7.677900000000007, 462.6780000000002, 17}",65.12,2.0,3.0,7.677900000000007,462.6780000000002,17.0
CHEMBL270730,Cn1cccc1CNc1cc(C(F)(F)F)nc(-c2ccc(S(C)(=O)=O)cc2)n1,28.8,active,"{1, 3.5165000000000015, 5, 6, 76.88, 410.4210000000001}",1.0,3.5165000000000015,5.0,6.0,76.88,410.4210000000001
CHEMBL272627,CS(=O)(=O)c1ccc(-c2nc(NCc3ccsc3)cc(C(F)(F)F)n2)cc1,46.5,active,"{1, 4.239500000000003, 5, 6, 71.95, 413.446}",1.0,4.239500000000003,5.0,6.0,71.95,413.446
CHEMBL405123,CS(=O)(=O)c1ccc(-c2nc(NCc3nccs3)cc(C(F)(F)F)n2)cc1,459.7,active,"{1, 3.634500000000002, 5, 7, 84.84, 414.434}",1.0,3.634500000000002,5.0,7.0,84.84,414.434
CHEMBL269818,Cc1ccc(CNc2cc(C(F)(F)F)nc(-c3ccc(S(C)(=O)=O)cc3)n2)s1,11.7,active,"{1, 4.547920000000003, 5, 6, 71.95, 427.47300000000007}",1.0,4.547920000000003,5.0,6.0,71.95,427.47300000000007
CHEMBL271763,CS(=O)(=O)c1ccc(-c2nc(NCc3ccncc3)cc(C(F)(F)F)n2)cc1,2950.0,active,"{1, 3.573000000000002, 5, 6, 84.84, 408.40500000000003}",1.0,3.573000000000002,5.0,6.0,84.84,408.40500000000003
CHEMBL4785934,NS(=O)(=O)c1ccc(-n2nc(C(=O)O)cc2-c2cc3ccccc3s2)cc1,10.0,active,"{2, 3.0996000000000015, 4, 6, 399.45300000000003, 115.28000000000002}",2.0,3.0996000000000015,4.0,6.0,399.45300000000003,115.28000000000002
CHEMBL215872,NS(=O)(=O)c1ccc(/N=N/c2ccc(O)c(Cl)c2)cc1,11340.0,inactive,"{2, 3, 3.1084000000000005, 5, 105.11000000000001, 311.75}",2.0,3.0,3.1084000000000005,5.0,105.11000000000001,311.75
CHEMBL371849,COc1ccccc1-n1c(-c2ccc(S(N)(=O)=O)cc2)nc2ccccc21,8000.0,active,"{1, 3.3485000000000014, 4, 5, 87.21, 379.4410000000001}",1.0,3.3485000000000014,4.0,5.0,87.21,379.4410000000001
CHEMBL4746714,CCCCC/C=C\C/C=C\C/C=C\C/C=C\CCCC(=O)Nc1ccc(NC(=O)Cc2onc(-c3ccc(OC)cc3)c2-c2ccc(OC)cc2)cc1,50000.0,inactive,"{2, 102.69000000000001, 6, 715.9350000000002, 11.291199999999991, 22}",2.0,102.69000000000001,6.0,715.9350000000002,11.291199999999991,22.0
CHEMBL4789403,CCCCC/C=C\C/C=C\C/C=C\C/C=C\CCCC(=O)Nc1ccc(-c2ccc(NC(=O)Cc3onc(-c4ccc(OC)cc4)c3-c3ccc(OC)cc3)cc2)cc1,90.0,active,"{2, 102.69000000000001, 6, 12.95819999999998, 23, 792.0330000000001}",2.0,102.69000000000001,6.0,12.95819999999998,23.0,792.0330000000001
CHEMBL183279,COc1ccc(Sc2c(C#N)[nH]c3cc(S(C)(=O)=O)ccc23)c(Cl)c1,1090.0,active,"{1, 4, 5, 4.256280000000002, 392.8890000000001, 82.94999999999999}",1.0,4.0,5.0,4.256280000000002,392.8890000000001,82.94999999999999
CHEMBL1830480,Cc1ccc(-c2cc(CCC(=O)Oc3ccc(C(C)C)cc3)nn2-c2ccc3ccccc3n2)cc1,10000.0,inactive,"{0, 5, 7, 7.0575200000000065, 57.01, 475.59200000000016}",0.0,5.0,7.0,7.0575200000000065,57.01,475.59200000000016
CHEMBL43270,Cc1cn(-c2ccc(F)cc2)c(-c2ccc(S(C)(=O)=O)cc2)n1,100000.0,inactive,"{0, 3, 4, 3.3903200000000018, 330.38400000000007, 51.96}",0.0,3.0,4.0,3.3903200000000018,330.38400000000007,51.96
CHEMBL566929,CC(C)=CCC[C@H](C(=O)O)[C@H]1CC[C@]2(C)C3=C(CC[C@@]12C)[C@@]1(C)CCC(=O)C(C)(C)[C@H]1CC3,10000.0,inactive,"{1, 2, 5, 454.6950000000004, 7.752000000000009, 54.37}",1.0,2.0,5.0,454.6950000000004,7.752000000000009,54.37
CHEMBL100091,CCCCOCCOC(=O)Cc1c(C)n(C(=O)c2ccc(Cl)cc2)c2ccc(OC)cc12,60.0,active,"{0, 66.76, 5.202620000000005, 6, 457.9540000000002, 10}",0.0,66.76,5.202620000000005,6.0,457.9540000000002,10.0
CHEMBL603434,O=C1OC(=O)C(c2ccc3c(c2)OCO3)=C1c1ccccc1,18520.0,inactive,"{0, 2, 2.4095000000000004, 5, 294.26199999999994, 61.83000000000001}",0.0,2.0,2.4095000000000004,5.0,294.26199999999994,61.83000000000001
CHEMBL603856,CS(=O)(=O)c1ccc(C2=C(c3ccccc3)C(=O)NC2=O)cc1,17500.0,inactive,"{1, 1.6573, 3, 4, 327.36100000000005, 80.31}",1.0,1.6573,3.0,4.0,327.36100000000005,80.31
CHEMBL4639025,CSc1nc2ccccc2n1-c1csc(NC/C(C)=N/N=c2\scc(-c3ccccc3)n2-c2ccccc2)n1,58.0,active,"{1, 7.111800000000007, 8, 72.39, 10, 567.7690000000002}",1.0,7.111800000000007,8.0,72.39,10.0,567.7690000000002
CHEMBL4642268,CSc1nc2ccccc2n1-c1csc(NC/C(C)=N/N=C2\SCC(=O)N2c2ccccc2)n1,67.0,active,"{1, 5.127700000000004, 7, 10, 87.77, 507.6700000000003}",1.0,5.127700000000004,7.0,10.0,87.77,507.6700000000003
CHEMBL4521668,O=C1NC(=O)/C(=C/c2ccc(OCc3cn(CC(=O)c4ccc(Cl)cc4)nn3)cc2)S1,220.0,active,"{1, 3.7173000000000025, 454.8950000000001, 103.18, 8, 7}",1.0,3.7173000000000025,454.8950000000001,103.18,8.0,7.0
CHEMBL4461022,O=C1NC(=O)/C(=C/c2ccc(OCc3cn(-c4ccc(Br)cc4)nn3)cc2)S1,120.0,active,"{1, 3.9327000000000023, 5, 7, 457.309, 86.11}",1.0,3.9327000000000023,5.0,7.0,457.309,86.11
CHEMBL4475190,O=C1NC(=O)/C(=C/c2ccc(OCc3cn(Cc4ccc(Br)cc4)nn3)cc2)S1,100.0,active,"{1, 3.9918000000000022, 6, 7, 86.11, 471.336}",1.0,3.9918000000000022,6.0,7.0,86.11,471.336
CHEMBL1766295,NS(=O)(=O)c1ccc(-n2nc(CNC(=O)Nc3cccc(C(F)(F)F)c3)cc2-c2ccccc2)cc1,1000.0,active,"{3, 515.5170000000002, 5, 6, 4.527200000000002, 119.11000000000001}",3.0,515.5170000000002,5.0,6.0,4.527200000000002,119.11000000000001
CHEMBL282390,NS(=O)(=O)c1ccc(-n2nc(C(F)(F)F)cc2-c2ccc(O)cc2)cc1,100000.0,inactive,"{2, 3, 98.21000000000001, 5, 2.911100000000001, 383.35100000000006}",2.0,3.0,98.21000000000001,5.0,2.911100000000001,383.35100000000006
CHEMBL29469,NS(=O)(=O)c1ccc(-n2nc(C(F)(F)F)cc2-c2ccc3c(c2)CCCS3)cc1,230.0,active,"{1, 3, 4.243800000000003, 5, 77.98, 439.4840000000002}",1.0,3.0,4.243800000000003,5.0,77.98,439.4840000000002
CHEMBL122065,CCCNC(=O)c1cc(C(C)(C)C)c2c(c1)C(C)(C)CO2,950.0,active,"{289.41900000000004, 2, 3, 1, 3.7939000000000034, 38.33}",289.41900000000004,2.0,3.0,1.0,3.7939000000000034,38.33
CHEMBL281978,NS(=O)(=O)c1ccc(-n2nc(C(F)(F)F)cc2-c2ccc(Cl)cc2Cl)cc1,56.0,active,"{1, 3, 4, 4.512300000000002, 77.98, 436.2420000000001}",1.0,3.0,4.0,4.512300000000002,77.98,436.2420000000001
CHEMBL274841,Cc1ccc(-c2ncc(Cl)cc2-c2ccc(S(C)(=O)=O)cc2)c[n+]1[O-],18000.0,inactive,"{0, 3, 4, 3.4143200000000036, 73.97, 374.8490000000001}",0.0,3.0,4.0,3.4143200000000036,73.97,374.8490000000001
CHEMBL5272856,CC1=c2c(OCc3nnc(SCC(=O)N4CCN(c5ccccc5)CC4)o3)nn(C)c(=O)c2=C(C)C1c1ccccc1,6800.0,active,"{0, 2.3218000000000005, 584.7020000000003, 8, 10, 106.59}",0.0,2.3218000000000005,584.7020000000003,8.0,10.0,106.59
CHEMBL416146,Cc1ccc(-c2ncc(Cl)cc2-c2ccc(S(C)(=O)=O)cc2)cn1,810.0,active,"{0, 3, 4, 4.175920000000004, 358.8500000000001, 59.92}",0.0,3.0,4.0,4.175920000000004,358.8500000000001,59.92
CHEMBL281694,NS(=O)(=O)c1ccc(-n2nc(C(F)F)cc2-c2ccc3c(c2)OCO3)cc1,24.0,active,"{96.44000000000001, 1, 2.8530000000000015, 4, 6, 393.37100000000015}",96.44000000000001,1.0,2.8530000000000015,4.0,6.0,393.37100000000015
CHEMBL5269592,CC1(C)Cn2c(CC(=O)O)c(-c3ccc(Cl)cc3)c(-c3ccccc3)c2C1=O,2100.0,active,"{1, 3, 4, 5.325100000000004, 393.8700000000001, 59.300000000000004}",1.0,3.0,4.0,5.325100000000004,393.8700000000001,59.300000000000004
CHEMBL109578,CS(=O)(=O)c1ccc(C2=C(c3ccc(CO)cc3)CCC2)cc1,3200.0,active,"{1, 3, 4, 3.677100000000003, 328.4330000000001, 54.370000000000005}",1.0,3.0,4.0,3.677100000000003,328.4330000000001,54.370000000000005
CHEMBL25371,COc1ccc2c(c1)c(CC(=O)NC[C@H](C)O)c(C)n2C(=O)c1ccc(Cl)cc1,320.0,active,"{2, 3.3397200000000016, 5, 6, 80.56, 414.8890000000001}",2.0,3.3397200000000016,5.0,6.0,80.56,414.8890000000001
CHEMBL48758,Cc1ccc(N2CC(c3ccc(S(C)(=O)=O)cc3)=C(c3ccccc3)C2=O)cc1,1000.0,active,"{0, 3, 4, 4.356120000000003, 403.50300000000016, 54.45}",0.0,3.0,4.0,4.356120000000003,403.50300000000016,54.45
CHEMBL358140,CS(=O)(=O)c1ccc(C2=C(c3cc(F)c(F)c(F)c3)CCC2)cc1,100000.0,inactive,"{352.3770000000001, 0, 2, 3, 34.14, 4.602100000000004}",352.3770000000001,0.0,2.0,3.0,34.14,4.602100000000004
CHEMBL257295,CS(=O)(=O)c1ccc(-c2nc(NC3CCCCC3)cc(C(F)(F)F)n2)cc1,252.6,active,"{1, 4, 5, 4.310500000000003, 71.95, 399.43800000000005}",1.0,4.0,5.0,4.310500000000003,71.95,399.43800000000005
CHEMBL1086612,O=C(Nc1ccc(Oc2ccc(Cl)cc2)cc1)C1=C(O)c2ccccc2S(=O)(=O)N1,70000.0,inactive,"{3, 4, 5, 4.289500000000004, 104.72999999999999, 442.88000000000017}",3.0,4.0,5.0,4.289500000000004,104.72999999999999,442.88000000000017
CHEMBL4797035,[N-]=[N+]=Nc1cc(-c2ccco2)nn1-c1ccc(C(=O)O)cc1,100000.0,inactive,"{1, 3.772300000000003, 4, 5, 295.258, 117.02}",1.0,3.772300000000003,4.0,5.0,295.258,117.02
CHEMBL109030,CS(=O)(=O)c1ccc(C2=C(c3ccc(C(F)(F)F)cc3)CCC2)cc1,870.0,active,"{0, 2, 3, 34.14, 5.203600000000004, 366.4040000000001}",0.0,2.0,3.0,34.14,5.203600000000004,366.4040000000001
CHEMBL324472,CS(=O)(=O)c1ccc(-n2cnc(Cl)c2-c2ccc(OC(F)(F)F)cc2)cc1,10000.0,inactive,"{416.80800000000005, 0, 4, 5, 4.494800000000002, 61.19}",416.80800000000005,0.0,4.0,5.0,4.494800000000002,61.19
CHEMBL18264,CS(=O)(=O)c1ccc(C2=C(c3ccc(F)c(F)c3)C(=O)OC2)cc1,480.0,active,"{0, 2.8359000000000005, 3, 4, 60.44, 350.3420000000001}",0.0,2.8359000000000005,3.0,4.0,60.44,350.3420000000001
CHEMBL357380,CCCCCC#CCSc1ccccc1OC(C)=O,7000.0,active,"{0, 3, 4.287700000000004, 6, 276.401, 26.3}",0.0,3.0,4.287700000000004,6.0,276.401,26.3
CHEMBL145220,CC(=O)Oc1ccccc1SCc1ccccc1,250000.0,inactive,"{0, 258.342, 3, 4, 3.904200000000003, 26.3}",0.0,258.342,3.0,4.0,3.904200000000003,26.3
CHEMBL333755,CS(=O)(=O)c1ccc(-c2c(Cl)nc(Cl)n2-c2ccc(F)cc2)cc1,10000.0,inactive,"{0, 385.24700000000007, 3, 4, 4.388700000000003, 51.96}",0.0,385.24700000000007,3.0,4.0,4.388700000000003,51.96
CHEMBL288773,Cc1ccc(-c2ccc(S(C)(=O)=O)cc2)n1Cc1ccc(F)cc1,100000.0,inactive,"{0, 3, 4, 4.054420000000003, 39.07, 343.423}",0.0,3.0,4.0,4.054420000000003,39.07,343.423
CHEMBL18264,CS(=O)(=O)c1ccc(C2=C(c3ccc(F)c(F)c3)C(=O)OC2)cc1,900.0,active,"{0, 2.8359000000000005, 3, 4, 60.44, 350.3420000000001}",0.0,2.8359000000000005,3.0,4.0,60.44,350.3420000000001
CHEMBL149402,CCOC(=O)/C=C/c1cc(CC)cc(C(=O)c2ccccc2)c1,5000.0,active,"{0, 3, 4.056300000000003, 6, 43.370000000000005, 308.37699999999995}",0.0,3.0,4.056300000000003,6.0,43.370000000000005,308.37699999999995
CHEMBL54605,COc1ccc(-c2ccccc2-c2ccc(S(C)(=O)=O)cc2)cc1F,100000.0,inactive,"{0, 3, 356.41800000000006, 4, 4.571800000000003, 43.370000000000005}",0.0,3.0,356.41800000000006,4.0,4.571800000000003,43.370000000000005
CHEMBL122,CS(=O)(=O)c1ccc(C2=C(c3ccccc3)C(=O)OC2)cc1,760.0,active,"{0, 2.5577000000000005, 3, 4, 314.3620000000001, 60.44}",0.0,2.5577000000000005,3.0,4.0,314.3620000000001,60.44
CHEMBL125682,Cc1cc(=O)c(Oc2ccc(Cl)c(Cl)c2)c(-c2ccc(S(C)(=O)=O)cc2)o1,3380.0,active,"{0, 4, 5, 5.117820000000004, 425.28900000000016, 73.58000000000001}",0.0,4.0,5.0,5.117820000000004,425.28900000000016,73.58000000000001
CHEMBL5278569,COc1ccc(C2CC(c3cccc(-n4cnnn4)c3)=NN2C(C)=O)cc1,39.0,active,"{0, 2.3685, 4, 7, 362.3930000000001, 85.5}",0.0,2.3685,4.0,7.0,362.3930000000001,85.5
CHEMBL358222,Cc1ccc(Cl)c(Nc2ccccc2C(=O)NOCc2ccccc2)c1Cl,66000.0,inactive,"{2, 3, 5.907020000000005, 6, 401.2930000000001, 50.36}",2.0,3.0,5.907020000000005,6.0,401.2930000000001,50.36
CHEMBL1958349,CC(C)Cc1ccc(C(C)C(=O)Oc2ccc(CCO)cc2)cc1,0.2,active,"{1, 3, 4.129000000000003, 326.436, 7, 46.53}",1.0,3.0,4.129000000000003,326.436,7.0,46.53
CHEMBL313313,COc1ccc(C2=C(c3ccc(S(N)(=O)=O)cc3)CC3(CC3)C2)cc1Br,2.0,active,"{1, 3, 4, 69.39, 4.589900000000004, 434.3550000000002}",1.0,3.0,4.0,69.39,4.589900000000004,434.3550000000002
CHEMBL5279175,O=C(/N=c1\scc(-c2ccc([N+](=O)[O-])cc2)n1-c1ccccc1)c1cccs1,90.0,active,"{0, 4, 4.9166000000000025, 6, 77.5, 407.4760000000001}",0.0,4.0,4.9166000000000025,6.0,77.5,407.4760000000001
CHEMBL329919,NS(=O)(=O)c1ccc(-n2nc(C(F)(F)F)c3c2-c2ccccc2CS3)cc1,19.95,active,"{1, 2, 3.811200000000002, 5, 77.98, 411.43000000000006}",1.0,2.0,3.811200000000002,5.0,77.98,411.43000000000006
CHEMBL157820,CS(=O)(=O)c1ccc(-c2sc3ncnn3c2-c2cccc(F)c2)cc1,4200.0,active,"{0, 64.33, 3, 3.6674000000000024, 6, 373.4340000000001}",0.0,64.33,3.0,3.6674000000000024,6.0,373.4340000000001
CHEMBL5277424,CCOP(=O)(OCC)C(NC(=O)c1cc(-c2cccc3ccccc23)n(-c2ccccc2F)n1)c1ccccc1OC,220.0,active,"{1, 7, 7.5349000000000075, 11, 587.5880000000002, 91.68}",1.0,7.0,7.5349000000000075,11.0,587.5880000000002,91.68
CHEMBL5280300,CCOP(=O)(OCC)C(NC(=O)c1cc(-c2cccc3ccccc23)n(-c2ccc(F)cc2)n1)c1ccccc1,220.0,active,"{1, 6, 7.526300000000007, 10, 557.5620000000002, 82.45}",1.0,6.0,7.526300000000007,10.0,557.5620000000002,82.45
CHEMBL5267632,CCOP(=O)(OCC)C(NC(=O)c1cc(-c2ccccc2F)n(-c2ccc(S(N)(=O)=O)cc2)n1)c1ccccc1,280.0,active,"{2, 5.020500000000004, 8, 586.5820000000002, 11, 142.61}",2.0,5.020500000000004,8.0,586.5820000000002,11.0,142.61
CHEMBL5275292,CCOP(=O)(OCC)C(NC(=O)c1cc(-c2cccc(Cl)c2)n(-c2ccc(S(N)(=O)=O)cc2)n1)c1ccccc1,280.0,active,"{2, 5.534800000000004, 8, 11, 142.61, 603.0370000000001}",2.0,5.534800000000004,8.0,11.0,142.61,603.0370000000001
CHEMBL279336,CCN(CC)CCSc1nnc(-c2cc(C(C)(C)C)c(O)c(C(C)(C)C)c2)s1,19000.0,inactive,"{1, 421.6760000000002, 6, 7, 5.9396000000000075, 49.25}",1.0,421.6760000000002,6.0,7.0,5.9396000000000075,49.25
CHEMBL29133,Cc1c(C(F)(F)F)nn(-c2ccc(S(N)(=O)=O)cc2)c1-c1ccc(Cl)cc1,22.0,active,"{1, 3, 4, 4.167320000000003, 77.98, 415.8240000000002}",1.0,3.0,4.0,4.167320000000003,77.98,415.8240000000002
CHEMBL4644152,O=[N+]([O-])c1ccc(-n2c(-c3ccccc3)nc3ccccc32)cc1,162000.0,inactive,"{0, 3, 4, 4.6007000000000025, 315.33200000000005, 60.96}",0.0,3.0,4.0,4.6007000000000025,315.33200000000005,60.96
CHEMBL23556,CS(=O)(=O)c1ccc(C2=C(/C=C/c3ccc(F)cc3)C(=O)CC2)cc1,500.0,active,"{0, 3, 356.4180000000001, 4, 4.0591000000000035, 51.21}",0.0,3.0,356.4180000000001,4.0,4.0591000000000035,51.21
CHEMBL108512,CC1(C)OC(=O)C(Oc2ccc3sccc3c2)=C1c1ccc(S(C)(=O)=O)cc1,80.0,active,"{0, 4, 69.67, 6, 4.430300000000004, 414.5040000000002}",0.0,4.0,69.67,6.0,4.430300000000004,414.5040000000002
CHEMBL312822,NS(=O)(=O)c1ccc(C2=C(c3ccc(F)c(Cl)c3)CC3(CC3)C2)cc1,1.5,active,"{1, 2, 3, 4.611300000000003, 377.86800000000017, 60.160000000000004}",1.0,2.0,3.0,4.611300000000003,377.86800000000017,60.160000000000004
CHEMBL88899,COc1ccc(C2=C(c3ccc(S(C)(=O)=O)cc3)CC3(CC3)C2)cc1Cl,17.0,active,"{0, 3, 388.91600000000017, 4, 5.236900000000005, 43.370000000000005}",0.0,3.0,388.91600000000017,4.0,5.236900000000005,43.370000000000005
CHEMBL2333754,COc1ccc(/C=C/c2cc(OC)cc(OC)c2/C=C/C(=O)N(C)C)cc1,12980.0,inactive,"{0, 3.984200000000003, 4, 7, 367.44500000000005, 48.00000000000001}",0.0,3.984200000000003,4.0,7.0,367.44500000000005,48.00000000000001
CHEMBL151322,COC(=O)[C@H](C)NC(=O)c1ccccc1Nc1c(Cl)ccc(C)c1Cl,2600.0,active,"{2, 67.42999999999999, 4, 5, 4.336720000000002, 381.2590000000001}",2.0,67.42999999999999,4.0,5.0,4.336720000000002,381.2590000000001
CHEMBL345333,CS(=O)(=O)c1ccc(-c2c(-c3ccccc3)nc3scc(C(=O)O)n23)cc1,5000.0,active,"{1, 3.831500000000002, 4, 6, 398.46500000000015, 88.74}",1.0,3.831500000000002,4.0,6.0,398.46500000000015,88.74
CHEMBL157623,CS(=O)(=O)c1ccc(-c2c(-c3ccccc3)sc3nncn23)cc1,230.0,active,"{0, 64.33, 3, 355.4440000000001, 3.5283000000000015, 6}",0.0,64.33,3.0,355.4440000000001,3.5283000000000015,6.0
CHEMBL2380871,CC(=O)OCc1onc(-c2ccc(Cl)o2)c1-c1ccccc1,100000.0,inactive,"{0, 65.47, 4, 5, 4.318100000000003, 317.728}",0.0,65.47,4.0,5.0,4.318100000000003,317.728
CHEMBL497507,CC(C(=O)OCCO[N+](=O)[O-])c1ccc(C(=O)c2cccs2)cc1,5800.0,active,"{0, 2.834100000000001, 7, 8, 349.364, 95.74000000000001}",0.0,2.834100000000001,7.0,8.0,349.364,95.74000000000001
CHEMBL126418,CS(=O)(=O)c1ccc(-c2[nH]c(Br)cc2-c2ccc(F)cc2)cc1,40000.0,inactive,"{1, 2, 3, 4.653800000000003, 394.2650000000001, 49.93}",1.0,2.0,3.0,4.653800000000003,394.2650000000001,49.93
CHEMBL318206,COc1ccc2c(c1)c(CC(=O)N[C@H](C)c1ccc(C)cc1)c(C)n2C(=O)c1ccc(Cl)cc1,60.0,active,"{1, 4, 6, 6.028540000000006, 474.98800000000017, 60.33}",1.0,4.0,6.0,6.028540000000006,474.98800000000017,60.33
CHEMBL281457,COc1ccc2c(c1)c(CC(=O)NCCCCCCO)c(C)n2C(=O)c1ccc(Cl)cc1,210.0,active,"{2, 4.511620000000003, 5, 456.97000000000014, 10, 80.56}",2.0,4.511620000000003,5.0,456.97000000000014,10.0,80.56
CHEMBL119720,Cn1cccc1C(=O)c1cc(C(C)(C)C)c2c(c1)C(C)(C)CO2,45.0,active,"{0, 2, 3, 4.223600000000004, 311.42500000000007, 31.23}",0.0,2.0,3.0,4.223600000000004,311.42500000000007,31.23
CHEMBL24415,COc1ccc2c(c1)c(CC(=O)NCCO)c(C)n2C(=O)c1ccc(Cl)cc1,160.0,active,"{2, 2.951220000000001, 5, 6, 400.8620000000001, 80.56}",2.0,2.951220000000001,5.0,6.0,400.8620000000001,80.56
CHEMBL305505,NS(=O)(=O)c1ccc(-c2coc(=O)n2-c2cccc3ccccc23)cc1,4700.0,active,"{1, 2.8981000000000012, 3, 5, 366.398, 95.30000000000001}",1.0,2.8981000000000012,3.0,5.0,366.398,95.30000000000001
CHEMBL29923,Cc1cccc(-c2cc(C(F)(F)F)nn2-c2ccc(S(N)(=O)=O)cc2)c1,109.65,active,"{1, 3, 4, 3.5139200000000015, 77.98, 381.3790000000001}",1.0,3.0,4.0,3.5139200000000015,77.98,381.3790000000001
CHEMBL52889,COc1ccc(-c2cc(F)c(F)cc2-c2ccc(S(C)(=O)=O)cc2)cc1OC,338.84,active,"{0, 4, 5, 4.7195000000000045, 404.43400000000014, 52.60000000000001}",0.0,4.0,5.0,4.7195000000000045,404.43400000000014,52.60000000000001
CHEMBL5410341,Cc1c(C(=O)/C=C/c2ccco2)c(C(=O)/C=C/c2ccco2)nn1-c1ccc(Cl)cc1,1500.0,active,"{0, 5.812320000000004, 6, 7, 78.24000000000001, 432.86300000000006}",0.0,5.812320000000004,6.0,7.0,78.24000000000001,432.86300000000006
CHEMBL5277627,COc1c2occc2c(OC)c2c(C)c(/C(=N/c3cc(N4CCNCC4)nc(N4CCNCC4)n3)N3CCNCC3)oc12,42.0,active,"{128.69, 2.0973200000000007, 3, 6, 12, 589.7010000000001}",128.69,2.0973200000000007,3.0,6.0,12.0,589.7010000000001
CHEMBL325437,CS(=O)(=O)c1ccc(-n2cnc(Cl)c2-c2ccc(Cl)cc2)cc1,18.0,active,"{0, 3, 4, 4.249600000000003, 367.25700000000006, 51.96}",0.0,3.0,4.0,4.249600000000003,367.25700000000006,51.96
CHEMBL66630,NC(=O)c1ccc(-c2ccsc2-c2ccc(F)cc2)cc1,30000.0,inactive,"{1, 2, 3, 4.320100000000002, 297.354, 43.09}",1.0,2.0,3.0,4.320100000000002,297.354,43.09
CHEMBL69667,CS(=O)(=O)c1ccc(-c2coc(=O)n2-c2ccc(Cl)cc2)cc1,319.89,active,"{0, 3, 3.1544000000000016, 5, 69.28, 349.7950000000001}",0.0,3.0,3.1544000000000016,5.0,69.28,349.7950000000001
CHEMBL265562,NS(=O)(=O)c1ccc(C2=C(c3ccc(F)cc3)CCC2)cc1,7.079,active,"{1, 2, 3, 3.5678000000000027, 60.160000000000004, 317.3850000000001}",1.0,2.0,3.0,3.5678000000000027,60.160000000000004,317.3850000000001
CHEMBL185639,Cc1onc(-c2ccc(Cl)o2)c1-c1ccc(S(N)(=O)=O)cc1,100000.0,inactive,"{1, 99.32999999999998, 3, 5, 3.210820000000002, 338.77200000000005}",1.0,99.32999999999998,3.0,5.0,3.210820000000002,338.77200000000005
CHEMBL186817,COc1cc(OC)c(-c2noc(C)c2-c2ccc(S(N)(=O)=O)cc2)c(OC)c1Cl,100000.0,inactive,"{1, 3.643620000000001, 6, 7, 113.88000000000001, 438.8890000000001}",1.0,3.643620000000001,6.0,7.0,113.88000000000001,438.8890000000001
CHEMBL3402334,COc1ccc2cc(C(C)c3nc4s/c(=C\c5ccc(Br)s5)c(=O)n4n3)ccc2c1,17300.0,inactive,"{0, 4, 4.836300000000003, 7, 498.4270000000001, 56.489999999999995}",0.0,4.0,4.836300000000003,7.0,498.4270000000001,56.489999999999995
CHEMBL95021,NS(=O)(=O)c1ccc(-n2nc(C(F)(F)F)c3c2-c2ccccc2OC3)cc1,1330.0,active,"{1, 2, 3.097900000000002, 5, 395.3620000000001, 87.21000000000001}",1.0,2.0,3.097900000000002,5.0,395.3620000000001,87.21000000000001
CHEMBL4074825,Cc1c(C(=O)N2CCN(c3ccccc3)CC2)nc2ccc(Cl)cc2c1O,1130.0,active,"{1, 2, 3.8646200000000035, 4, 56.67, 381.8630000000001}",1.0,2.0,3.8646200000000035,4.0,56.67,381.8630000000001
CHEMBL342538,CCc1ccc(Sc2cc3c(cc2NS(C)(=O)=O)CCC3=O)cc1,100.0,active,"{1, 3.9006000000000025, 4, 5, 361.48800000000017, 63.24}",1.0,3.9006000000000025,4.0,5.0,361.48800000000017,63.24
CHEMBL37371,Cc1ccc(Sc2cc3c(cc2NS(C)(=O)=O)CCC3=O)nc1,640.0,active,"{1, 3.041620000000001, 4, 5, 76.13, 348.4490000000002}",1.0,3.041620000000001,4.0,5.0,76.13,348.4490000000002
CHEMBL16689,CS(=O)(=O)c1ccc(-c2sc(-c3cccs3)nc2-c2ccc(F)cc2)cc1,21.0,active,"{0, 4, 5, 5.748200000000003, 47.03, 415.5360000000001}",0.0,4.0,5.0,5.748200000000003,47.03,415.5360000000001
CHEMBL307233,CS(=O)(=O)c1ccc(-c2coc(=O)n2-c2ccc(C(F)(F)F)cc2)cc1,1999.86,active,"{0, 3, 3.5198000000000027, 69.28, 5, 383.34700000000004}",0.0,3.0,3.5198000000000027,69.28,5.0,383.34700000000004
CHEMBL1814708,CC(C(=O)[O-])c1ccc(CC2CCCC2=O)cc1I.[Na+],540000.0,inactive,"{0, -0.9396999999999986, 3, 4, 394.18399999999997, 57.199999999999996}",0.0,-0.9396999999999986,3.0,4.0,394.18399999999997,57.199999999999996
CHEMBL16855,CON(C)C1=NC(=O)/C(=C/c2cc(C(C)(C)C)c(O)c(C(C)(C)C)c2)S1,18000.0,inactive,"{1, 2, 4.450700000000004, 5, 376.5220000000001, 62.129999999999995}",1.0,2.0,4.450700000000004,5.0,376.5220000000001,62.129999999999995
CHEMBL279308,CC(C)(C)c1cc(-c2nsc(O)n2)cc(C(C)(C)C)c1O,1100.0,active,"{1, 2, 66.24000000000001, 4.211300000000003, 5, 306.43100000000004}",1.0,2.0,66.24000000000001,4.211300000000003,5.0,306.43100000000004
CHEMBL3576980,Cc1ccc(S(=O)(=O)n2cc(C(=O)C(=O)NCC(=O)N[C@H](Cc3c[nH]c4ccccc34)C(=O)O)c3ccccc32)cc1,2500.0,active,"{2.779020000000002, 4, 167.42999999999998, 7, 586.6260000000002, 10}",2.779020000000002,4.0,167.42999999999998,7.0,586.6260000000002,10.0
CHEMBL52760,CS(=O)(=O)c1ccc(-c2cc(F)c(F)cc2-c2ccc(F)c(Cl)c2)cc1,10.0,active,"{0, 2, 3, 34.14, 5.494800000000003, 396.817}",0.0,2.0,3.0,34.14,5.494800000000003,396.817
CHEMBL161788,CCCCCCCCCCCCCCCc1cccc(OC)c1CSc1nc2cc(C)ccc2[nH]1,2630.0,active,"{1, 3, 37.91, 9.805919999999999, 494.7890000000002, 18}",1.0,3.0,37.91,9.805919999999999,494.7890000000002,18.0
CHEMBL3604186,COc1ccccc1C(=O)N/N=C/c1cc(Cc2ccccc2Cl)ccc1O,10000.0,inactive,"{2, 4, 4.408900000000004, 70.92, 6, 394.85800000000006}",2.0,4.0,4.408900000000004,70.92,6.0,394.85800000000006
CHEMBL4749219,COc1ccc(-c2noc(CC(=O)NCCCCNC(=O)Cc3onc(-c4ccc(OC)cc4)c3-c3ccc(OC)cc3)c2-c2ccc(OC)cc2)cc1,50000.0,inactive,"{2, 7.162800000000007, 10, 17, 147.17999999999998, 730.8180000000002}",2.0,7.162800000000007,10.0,17.0,147.17999999999998,730.8180000000002
CHEMBL4794474,CCCCC/C=C\C/C=C\C/C=C\C/C=C\CCCC(=O)NCCCCNC(=O)Cc1onc(-c2ccc(OC)cc2)c1-c1ccc(OC)cc1,800.0,active,"{2, 102.69000000000001, 6, 9.726599999999998, 695.9450000000003, 25}",2.0,102.69000000000001,6.0,9.726599999999998,695.9450000000003,25.0
CHEMBL4075910,CS(=O)(=O)c1ccc(-n2nccc2-c2ccc(Nc3nc(N4CCCCC4)nc(N4CCCCC4)n3)cc2)cc1,1960.0,active,"{1, 4.852000000000005, 7, 10, 109.13999999999999, 558.7120000000006}",1.0,4.852000000000005,7.0,10.0,109.13999999999999,558.7120000000006
CHEMBL4080823,c1cc(-c2ccc(Nc3nc(N4CCCCC4)nc(N4CCCCC4)n3)cc2)on1,1980.0,active,"{1, 4.250800000000003, 5, 8, 83.21000000000001, 405.50600000000014}",1.0,4.250800000000003,5.0,8.0,83.21000000000001,405.50600000000014
CHEMBL2333741,COc1ccc(/C=C/c2cc(OC)cc(OC)c2/C=C/C(=O)O)cc1,6890.0,active,"{64.99000000000001, 1, 3.9806000000000026, 4, 7, 340.375}",64.99000000000001,1.0,3.9806000000000026,4.0,7.0,340.375
CHEMBL3576973,Cc1ccc(S(=O)(=O)n2cc(C(=O)C(=O)NCC(=O)NCC(=O)O)c3ccccc32)cc1,890.0,active,"{0.6864200000000014, 3, 7, 8, 457.46400000000017, 151.64}",0.6864200000000014,3.0,7.0,8.0,457.46400000000017,151.64
CHEMBL3410351,NS(=O)(=O)c1ccc(N2N=C3c4ccccc4CCC3C2c2cccc(O)c2)cc1,1760.0,active,"{2, 3, 419.50600000000014, 5, 3.5676000000000023, 95.99000000000001}",2.0,3.0,419.50600000000014,5.0,3.5676000000000023,95.99000000000001
CHEMBL99167,CS(=O)(=O)c1ccc(-c2ccsc2-c2ccc(O)cc2)cc1,86000.0,inactive,"{1, 3, 4, 4.191200000000003, 330.43000000000006, 54.370000000000005}",1.0,3.0,4.0,4.191200000000003,330.43000000000006,54.370000000000005
CHEMBL296078,CN(C)c1ccc(-c2nc(C(F)(F)F)cn2-c2ccc(S(C)(=O)=O)cc2)cc1Cl,320.0,active,"{0, 4, 5, 4.681000000000003, 55.2, 443.87800000000004}",0.0,4.0,5.0,4.681000000000003,55.2,443.87800000000004
CHEMBL339150,Cc1cc(=O)c(-c2ccccc2)c(-c2ccc(S(N)(=O)=O)cc2)o1,6890.0,active,"{1, 2.929620000000001, 3, 4, 341.3880000000001, 90.37}",1.0,2.929620000000001,3.0,4.0,341.3880000000001,90.37
CHEMBL299567,COc1ccc(-c2ccccc2-c2ccc(S(C)(=O)=O)cc2)cc1Cl,11400.0,inactive,"{0, 3, 4, 5.086100000000004, 43.370000000000005, 372.87300000000005}",0.0,3.0,4.0,5.086100000000004,43.370000000000005,372.87300000000005
CHEMBL159206,CCCCCCCCCCCCCCCc1cccc(OC)c1CSc1nc2cc([N+](=O)[O-])ccc2[nH]1,2270.0,active,"{1, 5, 9.4057, 525.7590000000002, 81.05000000000001, 19}",1.0,5.0,9.4057,525.7590000000002,81.05000000000001,19.0
CHEMBL458647,CS(=O)(=O)c1ccc(-n2nncc2-c2ccccc2)cc1,110.0,active,"{0, 64.85, 2.3378000000000005, 3, 5, 299.355}",0.0,64.85,2.3378000000000005,3.0,5.0,299.355
CHEMBL1916961,O=C(NS(=O)(=O)c1ccccc1)c1ccccn1,8800.0,active,"{1, 1.2003, 3, 4, 262.29, 76.13}",1.0,1.2003,3.0,4.0,262.29,76.13
CHEMBL1916967,O=C(NS(=O)(=O)c1ccc(F)cc1)c1cccc(C(=O)NS(=O)(=O)c2ccc(F)cc2)n1,2600.0,active,"{481.4580000000002, 2, 1.5972000000000002, 6, 7, 139.37}",481.4580000000002,2.0,1.5972000000000002,6.0,7.0,139.37
CHEMBL71052,NS(=O)(=O)c1ccc(-c2coc(=O)n2-c2ccccc2)cc1,2400.0,active,"{1, 1.7449000000000001, 3, 5, 316.33799999999997, 95.30000000000001}",1.0,1.7449000000000001,3.0,5.0,316.33799999999997,95.30000000000001
CHEMBL70588,Cc1ccc(-n2c(-c3ccc(S(N)(=O)=O)cc3)coc2=O)cc1,790.0,active,"{1, 2.0533200000000003, 3, 5, 330.36500000000007, 95.30000000000001}",1.0,2.0533200000000003,3.0,5.0,330.36500000000007,95.30000000000001
CHEMBL5266540,CC(C)CC(=O)NC[C@H](O)CC[C@@H](CO)NC(=O)c1nc2ccccc2cc1O,2100.0,active,"{1.3344999999999996, 131.78, 5, 6, 10, 403.4790000000001}",1.3344999999999996,131.78,5.0,6.0,10.0,403.4790000000001
CHEMBL1766302,CC(C)c1cccc(C(C)C)c1NC(=O)NCCCc1cc(-c2ccccc2)n(-c2ccc(S(N)(=O)=O)cc2)n1,10000.0,inactive,"{3, 5, 6.187800000000005, 10, 559.7360000000001, 119.11}",3.0,5.0,6.187800000000005,10.0,559.7360000000001,119.11
CHEMBL107953,CCOc1cc(OCC)cc(-c2ccc(C(C)C(=O)O)cc2F)c1,100.0,active,"{1, 3, 4.478200000000003, 7, 332.37100000000004, 55.760000000000005}",1.0,3.0,4.478200000000003,7.0,332.37100000000004,55.760000000000005
CHEMBL24798,CCC(C)[C@@H](CO)NC(=O)Cc1c(C)n(C(=O)c2ccc(Cl)cc2)c2ccc(OC)cc12,110.0,active,"{2, 4.365920000000004, 5, 456.97000000000014, 8, 80.56}",2.0,4.365920000000004,5.0,456.97000000000014,8.0,80.56
CHEMBL26509,COc1ccc2c(c1)c(CC(=O)N[C@@H](CO)c1ccccc1)c(C)n2C(=O)c1ccc(Cl)cc1,440.0,active,"{2, 4.692520000000004, 5, 7, 80.56, 476.96000000000015}",2.0,4.692520000000004,5.0,7.0,80.56,476.96000000000015
CHEMBL29941,CCCc1c(C(F)(F)F)nn(-c2ccc(S(N)(=O)=O)cc2)c1-c1ccc(F)cc1,100000.0,inactive,"{1, 4, 5, 4.297100000000002, 427.4230000000002, 77.98}",1.0,4.0,5.0,4.297100000000002,427.4230000000002,77.98
CHEMBL70478,COc1ccc(-n2c(-c3ccc(S(N)(=O)=O)cc3)coc2=O)cc1,209.89,active,"{1, 1.7535, 4, 6, 104.53, 346.3640000000001}",1.0,1.7535,4.0,6.0,104.53,346.3640000000001
CHEMBL283086,Cc1nn(-c2ccc(S(N)(=O)=O)cc2)c(-c2ccccc2)c1Cl,28.0,active,"{1, 3, 4, 3.1485200000000013, 77.98, 347.827}",1.0,3.0,4.0,3.1485200000000013,77.98,347.827
CHEMBL287170,NC(=O)c1nn(-c2ccc(S(N)(=O)=O)cc2)c(-c2ccc(Cl)cc2)c1Cl,1090.0,active,"{2, 2.5924000000000014, 4, 5, 121.07, 411.2700000000001}",2.0,2.5924000000000014,4.0,5.0,121.07,411.2700000000001
CHEMBL288423,CSc1ccc(C2=C3c4cc(C)ccc4CCC3(O)OC2=O)cc1,670.0,active,"{1, 2, 3.819320000000003, 4, 46.53, 338.428}",1.0,2.0,3.819320000000003,4.0,46.53,338.428
CHEMBL29943,NS(=O)(=O)c1ccc(-n2nc(C(=O)O)cc2-c2ccc(F)cc2)cc1,100000.0,inactive,"{2, 2.024, 4, 5, 361.354, 115.28000000000002}",2.0,2.024,4.0,5.0,361.354,115.28000000000002
CHEMBL44038,Cc1c(CC(F)(F)F)cc(-c2ccc(S(C)(=O)=O)cc2)n1-c1ccc(F)cc1,140.0,active,"{0, 3, 4, 5.100120000000004, 39.07, 411.42000000000013}",0.0,3.0,4.0,5.100120000000004,39.07,411.42000000000013
CHEMBL290739,CS(=O)(=O)Nc1cc2c(cc1Sc1ncc(Cl)cc1Cl)C(=O)CC2,360.0,active,"{1, 4, 5, 4.040000000000002, 76.13, 403.3120000000002}",1.0,4.0,5.0,4.040000000000002,76.13,403.3120000000002
CHEMBL42561,Cc1ccc(-c2nc(C(F)(F)F)cn2-c2ccc(S(C)(=O)=O)cc2)cc1,158.49,active,"{0, 3, 4, 4.270020000000003, 51.96, 380.3910000000001}",0.0,3.0,4.0,4.270020000000003,51.96,380.3910000000001
CHEMBL283038,Cc1ccc(-c2cc(C(F)(F)F)nn2-c2ccc(S(N)(=O)=O)cc2)c(C)c1,120.23,active,"{1, 3, 4, 3.8223400000000014, 395.4060000000001, 77.98}",1.0,3.0,4.0,3.8223400000000014,395.4060000000001,77.98
CHEMBL52760,CS(=O)(=O)c1ccc(-c2cc(F)c(F)cc2-c2ccc(F)c(Cl)c2)cc1,10.0,active,"{0, 2, 3, 34.14, 5.494800000000003, 396.817}",0.0,2.0,3.0,34.14,5.494800000000003,396.817
CHEMBL29500,NS(=O)(=O)c1ccc(-n2nc(C(F)(F)F)cc2-c2ccc3c(c2)CCC3)cc1,30.9,active,"{1, 3, 4, 3.694200000000003, 77.98, 407.4170000000002}",1.0,3.0,4.0,3.694200000000003,77.98,407.4170000000002
CHEMBL357543,Cc1ccc(-c2cc(C(F)(F)F)nn2-c2ccc(S(N)(=O)=O)c(CO)c2)cc1,760.0,active,"{2, 98.21000000000001, 4, 5, 3.00622, 411.40500000000014}",2.0,98.21000000000001,4.0,5.0,3.00622,411.40500000000014
CHEMBL3747568,NS(=O)(=O)c1ccc(N2N=C(c3ccco3)CC2c2cccs2)cc1,3650.0,active,"{1, 3.3442000000000025, 4, 6, 373.459, 88.9}",1.0,3.3442000000000025,4.0,6.0,373.459,88.9
CHEMBL3746308,CSc1nc(-c2ccc(S(N)(=O)=O)cc2)n(-c2ccc(Cl)cc2)n1,370.0,active,"{1, 2.9570000000000007, 4, 6, 90.86999999999999, 380.882}",1.0,2.9570000000000007,4.0,6.0,90.86999999999999,380.882
CHEMBL110846,NS(=O)(=O)c1ccc(C2=C(c3ccc(C(F)(F)F)c(F)c3)CCC2)cc1,170.0,active,"{385.3820000000001, 2, 3, 1, 4.5866000000000025, 60.160000000000004}",385.3820000000001,2.0,3.0,1.0,4.5866000000000025,60.160000000000004
CHEMBL94944,COc1ccc2c(c1)c(CC(=O)Nc1cnccn1)c(C)n2C(=O)c1ccc(Cl)cc1,4000.0,active,"{1, 4.271420000000003, 5, 6, 434.88300000000015, 86.10999999999999}",1.0,4.271420000000003,5.0,6.0,434.88300000000015,86.10999999999999
CHEMBL595838,NS(=O)(=O)c1ccc(C2=C(c3ccccc3)C(=O)NC2=O)cc1,9100.0,active,"{0.9012000000000001, 2, 3, 4, 328.34900000000005, 106.33000000000001}",0.9012000000000001,2.0,3.0,4.0,328.34900000000005,106.33000000000001
CHEMBL3322413,CC1CN(c2ccc(S(N)(=O)=O)cc2)C(c2cccc(Br)c2)=N1,10000.0,inactive,"{1, 2.751800000000001, 3, 4, 394.294, 75.75999999999999}",1.0,2.751800000000001,3.0,4.0,394.294,75.75999999999999
CHEMBL3355603,[2H]C([2H])([2H])c1cc2c(c(C([2H])([2H])[2H])c1Br)C=C(C(=O)O)C(C(F)(F)F)O2,43.0,active,"{1, 2, 3, 3.857240000000001, 357.154610668, 46.53}",1.0,2.0,3.0,3.857240000000001,357.154610668,46.53
CHEMBL3127308,COc1c(-c2cc(-c3cccnc3)nn2-c2ccc(S(N)(=O)=O)cc2)c(O)cc2occc12,400.0,active,"{2, 3.709100000000001, 5, 133.47, 8, 462.4870000000002}",2.0,3.709100000000001,5.0,133.47,8.0,462.4870000000002
CHEMBL3908604,CC(=O)NC1=NN(C(C)=O)C(c2cn(-c3ccccc3)nc2-c2ccc([N+](=O)[O-])cc2)S1,20000.0,inactive,"{1, 450.4800000000002, 3.448500000000002, 4, 8, 122.73000000000002}",1.0,450.4800000000002,3.448500000000002,4.0,8.0,122.73000000000002
CHEMBL118,Cc1ccc(-c2cc(C(F)(F)F)nn2-c2ccc(S(N)(=O)=O)cc2)cc1,40.0,active,"{1, 3, 4, 3.5139200000000006, 77.98, 381.3790000000001}",1.0,3.0,4.0,3.5139200000000006,77.98,381.3790000000001
CHEMBL110462,CS(=O)(=O)c1ccc(-n2cc(CO)nc2-c2cccnc2)cc1,934000.0,inactive,"{1, 1.8300999999999998, 4, 6, 329.38100000000003, 85.08}",1.0,1.8300999999999998,4.0,6.0,329.38100000000003,85.08
CHEMBL92443,C=C1C(c2ccccc2)=C(c2ccc(S(C)(=O)=O)cc2)C1(C)C,2.2,active,"{0, 2, 3, 324.44500000000005, 34.14, 4.596900000000003}",0.0,2.0,3.0,324.44500000000005,34.14,4.596900000000003
CHEMBL1275940,CC(C(=O)[O-])c1ccc(CC2CCCC2=O)cc1Br.[Na+],65300.0,inactive,"{0, -0.7817999999999992, 3, 4, 57.199999999999996, 347.18399999999997}",0.0,-0.7817999999999992,3.0,4.0,57.199999999999996,347.18399999999997
CHEMBL145315,CS(=O)(=O)Nc1cc2c(cc1OC1CCOCC1)C(=O)CC2,10000.0,inactive,"{1, 1.7448, 4, 5, 325.38600000000014, 81.70000000000002}",1.0,1.7448,4.0,5.0,325.38600000000014,81.70000000000002
CHEMBL1766290,CS(=O)(=O)c1ccc(-n2nc(CNC(=O)NC3CCCCCC3)cc2-c2ccccc2)cc1,10000.0,inactive,"{2, 4.464800000000004, 5, 6, 466.60700000000037, 93.09}",2.0,4.464800000000004,5.0,6.0,466.60700000000037,93.09
CHEMBL1766291,CS(=O)(=O)c1ccc(-n2nc(CNC(=O)Nc3ccccc3)cc2-c2ccccc2)cc1,10000.0,inactive,"{2, 4.264500000000003, 5, 6, 93.09, 446.5320000000001}",2.0,4.264500000000003,5.0,6.0,93.09,446.5320000000001
CHEMBL16850,Cc1nc(-c2ccc(F)cc2)c(-c2ccc(S(C)(=O)=O)cc2)s1,110.0,active,"{0, 3, 4, 4.328120000000003, 47.03, 347.43600000000004}",0.0,3.0,4.0,4.328120000000003,47.03,347.43600000000004
CHEMBL2041554,CC(=O)c1ccc(Nc2cccc(C(=O)O)c2)c(C(=O)O)c1,100000.0,inactive,"{3, 4, 5, 3.0292000000000003, 103.7, 299.282}",3.0,4.0,5.0,3.0292000000000003,103.7,299.282
CHEMBL126991,Cc1cc(=O)c(Oc2ccc(Cl)cc2C)c(-c2ccc(S(C)(=O)=O)cc2)o1,190.11,active,"{0, 4, 5, 4.772840000000004, 73.58000000000001, 404.8710000000001}",0.0,4.0,5.0,4.772840000000004,73.58000000000001,404.8710000000001
CHEMBL1797511,CS(=O)(=O)c1ccc(C2=C(c3ccc(CO)cc3)C(=O)OC2)cc1,4200.0,active,"{1, 2.0500000000000003, 4, 5, 80.67, 344.3880000000001}",1.0,2.0500000000000003,4.0,5.0,80.67,344.3880000000001
CHEMBL1957451,N[C@@H](Cc1c[nH]c2ccccc12)C(=O)N[C@@H](Cc1ccc(O)cc1)C(=O)N[C@@H](CC(=O)O)C(=O)O,700000.0,inactive,"{0.5149000000000008, 194.83999999999997, 482.4930000000002, 6, 7, 11}",0.5149000000000008,194.83999999999997,482.4930000000002,6.0,7.0,11.0
CHEMBL1814720,CC(C(=O)[O-])c1ccc(CC2CCCC2=O)cc1-c1ccccc1.[Na+],70000.0,inactive,"{0, 0.12270000000000048, 3, 5, 344.38599999999997, 57.199999999999996}",0.0,0.12270000000000048,3.0,5.0,344.38599999999997,57.199999999999996
CHEMBL1814727,CC(C(=O)[O-])c1ccc(C[C@H]2CCC[C@@H]2O)cc1-c1ccc(O)cc1.[Na+],20000.0,inactive,"{-0.3798999999999997, 2, 4, 5, 362.401, 80.59}",-0.3798999999999997,2.0,4.0,5.0,362.401,80.59
CHEMBL1775091,c1ccc(Oc2ccc(OCCN3CCCC3)cc2)nc1,100000.0,inactive,"{0, 34.59, 3.3485000000000014, 4, 6, 284.3589999999999}",0.0,34.59,3.3485000000000014,4.0,6.0,284.3589999999999
CHEMBL1775097,c1cnc(Oc2ccc(OCCN3CCCC3)cc2)cn1,100000.0,inactive,"{0, 2.743500000000001, 5, 6, 47.480000000000004, 285.3469999999999}",0.0,2.743500000000001,5.0,6.0,47.480000000000004,285.3469999999999
CHEMBL1775087,O=[N+]([O-])c1ccccc1Oc1ccc(OCCN2CCCC2)cc1,7700.0,active,"{0, 64.84, 3.8617000000000026, 5, 7, 328.3680000000001}",0.0,64.84,3.8617000000000026,5.0,7.0,328.3680000000001
CHEMBL403985,CS(=O)(=O)c1ccc(-c2nc(Nc3ccccc3)cc(C(F)(F)F)n2)cc1,10000.0,inactive,"{1, 4, 5, 4.3095000000000026, 71.95, 393.39000000000004}",1.0,4.0,5.0,4.3095000000000026,71.95,393.39000000000004
CHEMBL118,Cc1ccc(-c2cc(C(F)(F)F)nn2-c2ccc(S(N)(=O)=O)cc2)cc1,36.0,active,"{1, 3, 4, 3.5139200000000006, 77.98, 381.3790000000001}",1.0,3.0,4.0,3.5139200000000006,77.98,381.3790000000001
CHEMBL270087,COc1cc(/C=N/c2ccc(S(N)(=O)=O)cc2)cc(OC)c1O,2710.0,active,"{1.8074, 2, 5, 6, 111.21000000000001, 336.3690000000001}",1.8074,2.0,5.0,6.0,111.21000000000001,336.3690000000001
CHEMBL270264,COc1cc(/C=N/c2ccc(S(N)(=O)=O)cc2)ccc1O,2950.0,active,"{1.7987999999999995, 2, 4, 101.98, 5, 306.343}",1.7987999999999995,2.0,4.0,101.98,5.0,306.343
CHEMBL37371,Cc1ccc(Sc2cc3c(cc2NS(C)(=O)=O)CCC3=O)nc1,1000.0,active,"{1, 3.041620000000001, 4, 5, 76.13, 348.4490000000002}",1.0,3.041620000000001,4.0,5.0,76.13,348.4490000000002
CHEMBL5278906,CC(=O)Oc1cc2oc(-c3cccc(F)c3)cc2cc1-c1c[se]nn1,50.0,active,"{0, 65.22, 3, 3.678200000000003, 5, 401.25500000000005}",0.0,65.22,3.0,3.678200000000003,5.0,401.25500000000005
CHEMBL5281215,COc1ccc(-c2cc3cc(-c4c[se]nn4)c(OC(C)=O)cc3o2)cc1,50.0,active,"{0, 3.5477000000000016, 4, 6, 74.45000000000002, 413.29100000000017}",0.0,3.5477000000000016,4.0,6.0,74.45000000000002,413.29100000000017
CHEMBL417266,CS(=O)(=O)c1ccc(-c2sc(CC#N)nc2-c2ccc(F)cc2)cc1,350.0,active,"{0, 4, 5, 70.82, 4.085780000000003, 372.446}",0.0,4.0,5.0,70.82,4.085780000000003,372.446
CHEMBL5269431,CCC(C)C(=O)[C@H]1C(=O)[C@@]2(CC=C(C)C)C[C@H](C[C@H]3[C@@H](C[C@H](C(C)(C)O)C3(C)C)C2=O)C1(C)C,8320.0,active,"{1, 4, 6, 71.44, 6.197900000000008, 472.71000000000026}",1.0,4.0,6.0,71.44,6.197900000000008,472.71000000000026
CHEMBL346743,CS(=O)(=O)c1ccc(-c2cnn(CC(F)(F)F)c(=O)c2-c2ccccc2)cc1,500.0,active,"{0, 3.5431000000000026, 4, 5, 69.03, 408.4010000000001}",0.0,3.5431000000000026,4.0,5.0,69.03,408.4010000000001
CHEMBL5268851,CCCCNc1cc(C(=O)N/N=c2\scc(-c3ccc(C)cc3)n2-c2ccccc2)cc(S(N)(=O)=O)c1Oc1ccccc1,1520.0,active,"{3, 6.4116200000000045, 8, 11, 627.7920000000001, 127.80999999999999}",3.0,6.4116200000000045,8.0,11.0,627.7920000000001,127.80999999999999
CHEMBL2087936,NS(=O)(=O)c1ccc(NN2C(=O)CSC2c2ccc(Cl)cc2)cc1,45500.0,inactive,"{2, 2.5885000000000007, 4, 5, 92.5, 383.88200000000006}",2.0,2.5885000000000007,4.0,5.0,92.5,383.88200000000006
CHEMBL1907447,COc1cccc(-c2csc(Nc3ccc(Oc4ccccc4)cc3)n2)c1,5000.0,active,"{1, 5, 6, 6.354600000000004, 43.379999999999995, 374.46500000000003}",1.0,5.0,6.0,6.354600000000004,43.379999999999995,374.46500000000003
CHEMBL302663,O=C(O)c1ccc(-c2ccsc2-c2ccc(F)cc2)cc1,30000.0,inactive,"{1, 2, 3, 4.919400000000003, 37.3, 298.33799999999997}",1.0,2.0,3.0,4.919400000000003,37.3,298.33799999999997
CHEMBL3410340,Cc1cccc(C2C3CCc4ccccc4C3=NN2c2ccc(S(N)(=O)=O)cc2)c1,2480.0,active,"{417.53400000000016, 1, 3, 4, 4.170420000000002, 75.75999999999999}",417.53400000000016,1.0,3.0,4.0,4.170420000000002,75.75999999999999
CHEMBL3410341,Cc1ccc(C2C3CCc4ccccc4C3=NN2c2ccc(S(N)(=O)=O)cc2)cc1,2160.0,active,"{417.53400000000016, 1, 3, 4, 4.170420000000002, 75.75999999999999}",417.53400000000016,1.0,3.0,4.0,4.170420000000002,75.75999999999999
CHEMBL3410343,COc1cccc(C2C3CCc4ccccc4C3=NN2c2ccc(S(N)(=O)=O)cc2)c1,1120.0,active,"{1, 3.8706000000000014, 4, 5, 433.53300000000013, 84.98999999999998}",1.0,3.8706000000000014,4.0,5.0,433.53300000000013,84.98999999999998
CHEMBL71455,CCc1ccc(-n2c(-c3ccc(S(N)(=O)=O)cc3)coc2=O)cc1,1560.0,active,"{1, 2.3073000000000006, 4, 5, 344.39200000000005, 95.30000000000001}",1.0,2.3073000000000006,4.0,5.0,344.39200000000005,95.30000000000001
CHEMBL3331465,CC(C)c1c(COC(=O)Cc2ccccc2Nc2c(Cl)cccc2Cl)n(C)n(-c2ccccc2)c1=O,9900.0,active,"{1, 65.25999999999999, 6, 6.635700000000006, 8, 524.4480000000001}",1.0,65.25999999999999,6.0,6.635700000000006,8.0,524.4480000000001
CHEMBL2375787,C/C=C(\C)C(=O)O[C@@H]1[C@@H](C)[C@@]2(O)[C@@H](C=C(CO)C[C@]3(O)C(=O)C(C)=C[C@@H]23)[C@@H]2C(C)(C)[C@]12OC(=O)C(C)C,50000.0,inactive,"{130.36, 3, 516.6310000000003, 5, 2.6541000000000006, 8}",130.36,3.0,516.6310000000003,5.0,2.6541000000000006,8.0
CHEMBL405564,CS(=O)(=O)c1ccc(-c2nccc(NCc3cccs3)n2)cc1,9.2,active,"{1, 3.2207000000000017, 5, 6, 71.95, 345.449}",1.0,3.2207000000000017,5.0,6.0,71.95,345.449
CHEMBL270293,COc1cc(NCc2cccs2)nc(-c2ccc(S(C)(=O)=O)cc2)n1,0.4,active,"{1, 3.229300000000002, 6, 7, 81.17999999999999, 375.47500000000014}",1.0,3.229300000000002,6.0,7.0,81.17999999999999,375.47500000000014
CHEMBL272863,COCOc1ccc(CNc2cc(C(F)(F)F)nc(-c3ccc(S(C)(=O)=O)cc3)n2)cc1,10000.0,inactive,"{1, 4.160700000000002, 7, 8, 467.4690000000001, 90.41000000000001}",1.0,4.160700000000002,7.0,8.0,467.4690000000001,90.41000000000001
CHEMBL42398,Cc1cccc(-c2nc(C(F)(F)F)cn2-c2ccc(S(N)(=O)=O)cc2)c1,30.0,active,"{1, 3, 4, 3.5139200000000015, 77.98, 381.3790000000001}",1.0,3.0,4.0,3.5139200000000015,77.98,381.3790000000001
CHEMBL118,Cc1ccc(-c2cc(C(F)(F)F)nn2-c2ccc(S(N)(=O)=O)cc2)cc1,1200.0,active,"{1, 3, 4, 3.5139200000000006, 77.98, 381.3790000000001}",1.0,3.0,4.0,3.5139200000000006,77.98,381.3790000000001
CHEMBL365778,NS(=O)(=O)c1ccc(-n2nc(C(F)(F)F)c3c2-c2cccc(F)c2CS3)cc1,20.89,active,"{1, 2, 3.950300000000002, 5, 77.98, 429.4200000000001}",1.0,2.0,3.950300000000002,5.0,77.98,429.4200000000001
CHEMBL29492,Cc1cc(-c2ccccc2)n(-c2ccc(S(N)(=O)=O)cc2)n1,62800.0,inactive,"{1, 2.495119999999999, 3, 4, 77.98, 313.38200000000006}",1.0,2.495119999999999,3.0,4.0,77.98,313.38200000000006
CHEMBL1086610,O=C(Nc1ccc(CCc2ccc(Cl)c(Cl)c2)cc1)C1=C(O)c2ccccc2S(=O)(=O)N1,467000.0,inactive,"{3, 4, 5, 4.935800000000005, 489.38000000000017, 95.5}",3.0,4.0,5.0,4.935800000000005,489.38000000000017,95.5
CHEMBL46171,CS(=O)(=O)c1ccc(-c2cc(C(F)(F)F)cnc2OCc2ccc(Cl)cc2)cc1,200.0,active,"{0, 4, 5, 5.403300000000003, 56.260000000000005, 441.8580000000002}",0.0,4.0,5.0,5.403300000000003,56.260000000000005,441.8580000000002
CHEMBL327751,COc1ccc2c(c1)c(CC(=O)Nc1ccc(C(N)=O)cc1)c(C)n2C(=O)c1ccc(Cl)cc1,140.0,active,"{2, 4.580320000000002, 5, 6, 103.41999999999999, 475.93200000000013}",2.0,4.580320000000002,5.0,6.0,103.41999999999999,475.93200000000013
CHEMBL1258960,COc1ccc2c(c1)c(CC(=O)O)c(C)n2Cc1ccn(C(F)F)c(=O)c1,31000.0,inactive,"{1, 3.190520000000001, 5, 6, 73.46000000000001, 376.359}",1.0,3.190520000000001,5.0,6.0,73.46000000000001,376.359
CHEMBL93024,CC(=O)Oc1cccc(C2=C(c3ccc(S(C)(=O)=O)cc3)COC2=O)c1,1.68,active,"{0, 2.4830000000000005, 4, 6, 372.39800000000014, 86.74000000000001}",0.0,2.4830000000000005,4.0,6.0,372.39800000000014,86.74000000000001
CHEMBL593268,CC(=O)Oc1ccc(C2=C(c3ccc(S(C)(=O)=O)cc3)C(=O)OC2=O)cc1,16630.0,inactive,"{0, 386.38100000000014, 2.0096, 4, 103.81, 7}",0.0,386.38100000000014,2.0096,4.0,103.81,7.0
CHEMBL2380876,Cc1onc(-c2ccc(Br)o2)c1-c1ccccc1,34000.0,inactive,"{0, 2, 3, 4.672520000000003, 39.17, 304.143}",0.0,2.0,3.0,4.672520000000003,39.17,304.143
CHEMBL601016,NS(=O)(=O)c1ccc(-n2nc(C(F)(F)F)cc2C2=CCN(CCCCO[N+](=O)[O-])CC2)cc1,7500.0,active,"{1, 2.616100000000001, 133.59, 8, 489.4760000000004, 9}",1.0,2.616100000000001,133.59,8.0,489.4760000000004,9.0
CHEMBL1088300,O=C(Nc1ccc(C(=O)c2ccc(Cl)cc2)c(Cl)c1)C1=C(O)c2ccccc2S(=O)(=O)N1,95600.0,inactive,"{3, 4, 5, 4.381600000000003, 489.3360000000002, 112.57}",3.0,4.0,5.0,4.381600000000003,489.3360000000002,112.57
CHEMBL1088301,O=C(Nc1cccc(C(=O)c2ccc(Cl)cc2)c1)C1=C(O)c2ccccc2S(=O)(=O)N1,95300.0,inactive,"{3, 4, 5, 454.89100000000013, 3.728200000000002, 112.57}",3.0,4.0,5.0,454.89100000000013,3.728200000000002,112.57
CHEMBL1766287,NS(=O)(=O)c1ccc(-n2nc(CCCNC(=O)Nc3ccc(C(F)(F)F)cc3)cc2-c2ccccc2)cc1,1300.0,active,"{3, 4.959800000000003, 5, 8, 119.11000000000001, 543.5710000000001}",3.0,4.959800000000003,5.0,8.0,119.11000000000001,543.5710000000001
CHEMBL1766294,CS(=O)(=O)c1ccc(-n2nc(CNC(=O)Nc3cccc(C(F)(F)F)c3)cc2-c2ccccc2)cc1,2500.0,active,"{514.5290000000001, 2, 5, 6, 5.283300000000004, 93.09}",514.5290000000001,2.0,5.0,6.0,5.283300000000004,93.09
CHEMBL46761,Cc1cn(-c2ccc(S(C)(=O)=O)cc2)c(-c2ccc(Cl)cc2)n1,240.0,active,"{0, 3, 4, 3.904620000000003, 51.96, 346.839}",0.0,3.0,4.0,3.904620000000003,51.96,346.839
CHEMBL468367,NS(=O)(=O)c1ccc(-n2cc(-c3ccc(F)cc3)nn2)cc1,13500.0,inactive,"{1, 1.7208, 3, 5, 90.87, 318.33299999999997}",1.0,1.7208,3.0,5.0,90.87,318.33299999999997
CHEMBL294967,Cc1ccccc1-c1nc(C(F)(F)F)cn1-c1ccc(S(N)(=O)=O)cc1,200.0,active,"{1, 3, 4, 3.5139200000000015, 77.98, 381.3790000000001}",1.0,3.0,4.0,3.5139200000000015,77.98,381.3790000000001
CHEMBL291129,CCN(CC)C(=O)c1cn(-c2ccc(S(C)(=O)=O)cc2)c(-c2ccc(Cl)cc2)n1,100000.0,inactive,"{0, 4.078200000000003, 5, 6, 72.27000000000001, 431.9450000000001}",0.0,4.078200000000003,5.0,6.0,72.27000000000001,431.9450000000001
CHEMBL503412,OC[C@H]1O[C@@H](Oc2cc(O)cc([C@H]3c4cc(/C=C/c5cc(O)cc(O)c5)ccc4O[C@@H]3c3ccc(O)cc3)c2)[C@H](O)[C@@H](O)[C@@H]1O,7500.0,active,"{3.1237000000000044, 7, 616.6190000000005, 8, 11, 189.52999999999997}",3.1237000000000044,7.0,616.6190000000005,8.0,11.0,189.52999999999997
CHEMBL317606,CS(=O)(=O)c1ccc(-c2cc([N+](=O)[O-])sc2-c2ccc(F)cc2)cc1,14000.0,inactive,"{0, 4, 5, 4.532900000000003, 77.28, 377.41800000000006}",0.0,4.0,5.0,4.532900000000003,77.28,377.41800000000006
CHEMBL3741490,C#Cc1cccc(Nc2ncnc3cc(OCCO)c(OCCOC)cc23)c1,10000.0,inactive,"{2, 2.7510000000000012, 7, 9, 85.73000000000002, 379.41600000000017}",2.0,2.7510000000000012,7.0,9.0,85.73000000000002,379.41600000000017
CHEMBL3747561,NS(=O)(=O)c1ccc(N2N=C(c3cccs3)CC2c2ccco2)cc1,6110.0,active,"{1, 3.3442000000000025, 4, 6, 373.4590000000001, 88.9}",1.0,3.3442000000000025,4.0,6.0,373.4590000000001,88.9
CHEMBL3747206,NS(=O)(=O)c1ccc(N2N=C(c3ccco3)CC2c2ccc(C(F)(F)F)cc2)cc1,560.0,active,"{1, 4, 5, 4.3015000000000025, 435.427, 88.9}",1.0,4.0,5.0,4.3015000000000025,435.427,88.9
CHEMBL155781,CS(=O)(=O)c1ccc(-c2cnn(CCC3CC3)c(=O)c2-c2ccc(F)cc2)cc1,200.0,active,"{0, 3.9200000000000035, 5, 6, 69.03, 412.4860000000001}",0.0,3.9200000000000035,5.0,6.0,69.03,412.4860000000001
CHEMBL525246,CS(=O)(=O)c1ccc(-c2[nH]c3ccc(F)cc3c2-c2ccccc2)cc1,5.0,active,"{1, 2, 3, 5.044500000000004, 365.4290000000001, 49.93}",1.0,2.0,3.0,5.044500000000004,365.4290000000001,49.93
CHEMBL524543,Cc1ccc(-c2c(-c3ccc(S(C)(=O)=O)cc3)[nH]c3ccccc23)cc1,0.08995,active,"{1, 2, 3, 5.213820000000004, 361.46600000000007, 49.93}",1.0,2.0,3.0,5.213820000000004,361.46600000000007,49.93
CHEMBL434014,CSc1csc(Sc2cc3c(cc2NS(C)(=O)=O)COC3=O)n1,11000.0,inactive,"{1, 3.0581000000000014, 388.51700000000017, 5, 8, 85.36}",1.0,3.0581000000000014,388.51700000000017,5.0,8.0,85.36
CHEMBL4278057,O=c1c2ccccc2nc(SCc2cc(-c3ccc(Cl)cc3)no2)n1-c1ccc(Cl)cc1,840.0,active,"{480.3760000000001, 0, 5, 6, 6.639800000000004, 60.92}",480.3760000000001,0.0,5.0,6.0,6.639800000000004,60.92
CHEMBL145029,CC(=O)Oc1ccccc1SCCc1ccccc1,100000.0,inactive,"{0, 3, 3.9467000000000025, 5, 272.36899999999997, 26.3}",0.0,3.0,3.9467000000000025,5.0,272.36899999999997,26.3
CHEMBL145247,CCCCOCCSc1ccccc1OC(C)=O,7000.0,active,"{0, 35.53, 4, 3.5207000000000024, 8, 268.378}",0.0,35.53,4.0,3.5207000000000024,8.0,268.378
CHEMBL45090,CS(=O)(=O)c1ccc(-n2cc(C(F)(F)F)nc2-c2cc(Cl)cc(Cl)c2)cc1,169.82,active,"{0, 3, 4, 5.268400000000002, 435.25400000000013, 51.96}",0.0,3.0,4.0,5.268400000000002,435.25400000000013,51.96
CHEMBL320790,CS(=O)(=O)c1ccc(-n2cc(C(F)(F)F)nc2-c2cccc3c2OCO3)cc1,467.74,active,"{0, 3, 3.6903000000000024, 70.42, 6, 410.37300000000016}",0.0,3.0,3.6903000000000024,70.42,6.0,410.37300000000016
CHEMBL29839,COc1ccc(-c2cc(C(F)(F)F)nn2-c2ccc(S(N)(=O)=O)cc2)cc1,7.943,active,"{1, 3.214100000000001, 4, 5, 397.3780000000001, 87.21000000000001}",1.0,3.214100000000001,4.0,5.0,397.3780000000001,87.21000000000001
CHEMBL42120,O=S(=O)(c1ccccc1)c1ccc(-n2cccc2-c2ccc(F)cc2)cc1,100000.0,inactive,"{0, 3, 4, 5.116200000000004, 39.07, 377.44000000000005}",0.0,3.0,4.0,5.116200000000004,39.07,377.44000000000005
CHEMBL3425982,CCO[C@@]1(c2ccc(O)c(O)c2)Oc2cc(CCO)ccc2O[C@@H]1O,13700.0,inactive,"{1.6116999999999988, 4, 5, 7, 108.61000000000001, 348.351}",1.6116999999999988,4.0,5.0,7.0,108.61000000000001,348.351
CHEMBL3425990,CC(=O)/N=C/Cc1ccc2c(c1)O[C@H](c1ccc(O)c(O)c1)[C@@H](NC(C)=O)O2,2700.0,active,"{384.3880000000001, 2.2322999999999995, 3, 4, 6, 117.45}",384.3880000000001,2.2322999999999995,3.0,4.0,6.0,117.45
CHEMBL145138,CCCCCCCN(C)c1ccccc1OC(C)=O,40000.0,inactive,"{0, 3, 4.018500000000003, 263.38100000000003, 8, 29.54}",0.0,3.0,4.018500000000003,263.38100000000003,8.0,29.54
CHEMBL42996,CN(C)c1ccc(-c2nc(C(F)(F)F)cn2-c2ccc(S(C)(=O)=O)cc2)cc1,707.95,active,"{0, 4, 5, 4.027600000000002, 55.2, 409.43300000000005}",0.0,4.0,5.0,4.027600000000002,55.2,409.43300000000005
CHEMBL296515,CS(=O)(=O)c1ccc(-c2nc(C(F)(F)F)cn2-c2ccc(S(C)(=O)=O)cc2)cc1,5754.4,active,"{0, 3.3651000000000018, 4, 6, 86.1, 444.45600000000013}",0.0,3.3651000000000018,4.0,6.0,86.1,444.45600000000013
CHEMBL145358,CC(=O)Oc1ccccc1SCCCCCO,50000.0,inactive,"{1, 2.8666000000000014, 4, 7, 46.53, 254.3509999999999}",1.0,2.8666000000000014,4.0,7.0,46.53,254.3509999999999
CHEMBL4530289,NS(=O)(=O)c1ccc(-n2nc(C(=O)OCCN3CCOCC3)cc2-c2ccc(Cl)cc2)cc1,250.0,active,"{1, 2.3291000000000004, 7, 8, 490.9690000000003, 116.75000000000001}",1.0,2.3291000000000004,7.0,8.0,490.9690000000003,116.75000000000001
CHEMBL1079074,O=S(=O)(CCC(F)(F)F)Nc1ccncc1Nc1ccccc1,10830.0,inactive,"{2, 3.519300000000001, 4, 6, 71.09, 345.34600000000006}",2.0,3.519300000000001,4.0,6.0,71.09,345.34600000000006
CHEMBL350422,Cc1nc(-c2ccc(Cl)s2)c(-c2ccc(S(N)(=O)=O)cc2)o1,20.0,active,"{1, 354.8400000000001, 3, 3.6793200000000024, 5, 86.19}",1.0,354.8400000000001,3.0,3.6793200000000024,5.0,86.19
CHEMBL1087254,O=C(Nc1ccccc1CCc1ccc(Cl)c(Cl)c1)C1=C(O)c2ccccc2S(=O)(=O)C1,90000.0,inactive,"{2, 4, 5, 5.4737000000000045, 488.39200000000017, 83.47}",2.0,4.0,5.0,5.4737000000000045,488.39200000000017,83.47
CHEMBL320926,Cc1ncc(-c2nc(C(F)(F)F)cn2-c2ccc(S(N)(=O)=O)cc2)s1,430.0,active,"{1, 2.97042, 3, 388.3960000000001, 6, 90.87}",1.0,2.97042,3.0,388.3960000000001,6.0,90.87
CHEMBL41739,CS(=O)(=O)Nc1cc2c(cc1Sc1ncccc1Cl)C(=O)CC2,220.0,active,"{1, 3.3866000000000023, 4, 5, 76.13, 368.86700000000013}",1.0,3.3866000000000023,4.0,5.0,76.13,368.86700000000013
CHEMBL1950015,CCc1ccnc(C(=O)c2[nH]c3ccc(OC(F)(F)F)cc3c2CC(=O)O)c1,421.0,active,"{2, 3.8820000000000023, 4, 6, 392.33300000000014, 92.28000000000002}",2.0,3.8820000000000023,4.0,6.0,392.33300000000014,92.28000000000002
CHEMBL43461,CCc1csc(Sc2cc3c(cc2NS(C)(=O)=O)COC3=O)n1,13.0,active,"{1, 2.898600000000001, 5, 7, 370.4770000000002, 85.36}",1.0,2.898600000000001,5.0,7.0,370.4770000000002,85.36
CHEMBL109017,Cc1csc(-c2nc(C(F)(F)F)cn2-c2ccc(S(N)(=O)=O)cc2)n1,110.0,active,"{1, 2.9704200000000007, 3, 388.3960000000001, 6, 90.87}",1.0,2.9704200000000007,3.0,388.3960000000001,6.0,90.87
CHEMBL43282,CS(=O)(=O)c1ccc(-n2cc(C(F)(F)F)nc2-c2cccc(F)c2)cc1,120.23,active,"{384.35400000000004, 0, 3, 4, 4.1007000000000025, 51.96}",384.35400000000004,0.0,3.0,4.0,4.1007000000000025,51.96
CHEMBL282360,COc1ccc(-c2cc(C(F)(F)F)nn2-c2ccc(S(N)(=O)=O)cc2)cc1OC,602.56,active,"{96.44000000000001, 1, 3.2227000000000006, 5, 6, 427.40400000000017}",96.44000000000001,1.0,3.2227000000000006,5.0,6.0,427.40400000000017
CHEMBL351914,Cc1nc(-c2ccc(F)cc2)c(-c2ccc(S(C)(=O)=O)cc2)o1,70.0,active,"{0, 3, 4, 3.859620000000003, 331.36800000000005, 60.17}",0.0,3.0,4.0,3.859620000000003,331.36800000000005,60.17
CHEMBL118,Cc1ccc(-c2cc(C(F)(F)F)nn2-c2ccc(S(N)(=O)=O)cc2)cc1,57.0,active,"{1, 3, 4, 3.5139200000000006, 77.98, 381.3790000000001}",1.0,3.0,4.0,3.5139200000000006,77.98,381.3790000000001
CHEMBL273815,CC1(O)OC(=O)C(c2ccc(Br)cc2)=C1c1ccc(S(C)(=O)=O)cc1,140.0,active,"{1, 3, 3.0287000000000006, 5, 423.28400000000016, 80.67}",1.0,3.0,3.0287000000000006,5.0,423.28400000000016,80.67
CHEMBL19056,CC1(O)OC(=O)C(c2ccsc2)=C1c1ccc(S(C)(=O)=O)cc1,24000.0,inactive,"{1, 2.3277, 3, 6, 80.67, 350.4170000000001}",1.0,2.3277,3.0,6.0,80.67,350.4170000000001
CHEMBL148629,COC(=O)CNC(=O)c1ccccc1Nc1c(Cl)ccc(C)c1Cl,1200.0,active,"{2, 67.42999999999999, 4, 5, 3.948220000000002, 367.2320000000001}",2.0,67.42999999999999,4.0,5.0,3.948220000000002,367.2320000000001
CHEMBL155927,CS(=O)(=O)c1ccc(-c2sc3nc(C(F)(F)F)nn3c2-c2cccc(F)c2)cc1,13.0,active,"{0, 64.33, 3, 4.686200000000003, 6, 441.4310000000001}",0.0,64.33,3.0,4.686200000000003,6.0,441.4310000000001
CHEMBL98193,CN1CC(c2ccc(S(C)(=O)=O)cc2)=C(c2ccccc2)O1,5380.0,active,"{0, 2.835400000000001, 3, 4, 46.61, 315.394}",0.0,2.835400000000001,3.0,4.0,46.61,315.394
CHEMBL107088,Cc1ccc(OC2=C(c3ccc(S(C)(=O)=O)cc3)C(C)(C)OC2=O)cc1,40.0,active,"{0, 3.524020000000002, 4, 5, 69.67000000000002, 372.4420000000002}",0.0,3.524020000000002,4.0,5.0,69.67000000000002,372.4420000000002
CHEMBL4757345,Clc1ccc(OCCOc2nc3ccccc3s2)c(Cl)c1,410.0,active,"{0, 4, 5, 5.060900000000002, 340.231, 31.35}",0.0,4.0,5.0,5.060900000000002,340.231,31.35
CHEMBL118,Cc1ccc(-c2cc(C(F)(F)F)nn2-c2ccc(S(N)(=O)=O)cc2)cc1,270.0,active,"{1, 3, 4, 3.5139200000000006, 77.98, 381.3790000000001}",1.0,3.0,4.0,3.5139200000000006,77.98,381.3790000000001
CHEMBL269818,Cc1ccc(CNc2cc(C(F)(F)F)nc(-c3ccc(S(C)(=O)=O)cc3)n2)s1,11.7,active,"{1, 4.547920000000003, 5, 6, 71.95, 427.47300000000007}",1.0,4.547920000000003,5.0,6.0,71.95,427.47300000000007
CHEMBL3774618,CCNC(=O)Oc1cccc(-c2ccc(C(C)C(=O)O)cc2F)c1,100000.0,inactive,"{2, 3, 3.789100000000002, 5, 331.343, 75.63}",2.0,3.0,3.789100000000002,5.0,331.343,75.63
CHEMBL3774999,CCCCCCNC(=O)Oc1cccc(-c2ccc(C(=O)O)cc2F)c1,100000.0,inactive,"{2, 3, 4.859600000000004, 359.3970000000001, 8, 75.63}",2.0,3.0,4.859600000000004,359.3970000000001,8.0,75.63
CHEMBL3774941,CCCCCCNC(=O)Oc1cccc(-c2ccc(C(C)C(=O)O)cc2Cl)c1,730.0,active,"{2, 3, 5.863800000000005, 9, 75.63, 403.9060000000002}",2.0,3.0,5.863800000000005,9.0,75.63,403.9060000000002
CHEMBL1775107,Nc1ccc(Oc2ccc(OCCN3CCCC3)cc2)cc1,36300.0,inactive,"{1, 3.535700000000003, 4, 6, 298.3859999999999, 47.720000000000006}",1.0,3.535700000000003,4.0,6.0,298.3859999999999,47.720000000000006
CHEMBL1775088,O=[N+]([O-])c1cccc(Oc2ccc(OCCN3CCCC3)cc2)c1,100000.0,inactive,"{0, 64.84, 3.8617000000000026, 5, 7, 328.36800000000005}",0.0,64.84,3.8617000000000026,5.0,7.0,328.36800000000005
CHEMBL1775092,c1cc(Oc2ccc(OCCN3CCCC3)cc2)ccn1,100000.0,inactive,"{0, 34.59, 3.3485000000000014, 4, 6, 284.3589999999999}",0.0,34.59,3.3485000000000014,4.0,6.0,284.3589999999999
CHEMBL1775101,FC(F)(F)c1ccc(Oc2ccc(OCCN3CCCC3)cc2)cc1,100000.0,inactive,"{0, 3, 4.972300000000005, 6, 21.700000000000003, 351.3680000000001}",0.0,3.0,4.972300000000005,6.0,21.700000000000003,351.3680000000001
CHEMBL328616,CC(=O)Oc1ccccc1C1=C(c2ccc(S(C)(=O)=O)cc2)COC1=O,3.5,active,"{0, 2.4830000000000005, 4, 6, 372.39800000000014, 86.74000000000001}",0.0,2.4830000000000005,4.0,6.0,372.39800000000014,86.74000000000001
CHEMBL1956385,NS(=O)(=O)c1ccc(-n2nnnc2-c2ccc(Cl)cc2)cc1,62000.0,inactive,"{1, 1.6301000000000003, 3, 6, 103.76, 335.776}",1.0,1.6301000000000003,3.0,6.0,103.76,335.776
CHEMBL70264,CS(=O)(=O)c1ccc(-c2occ(Cl)c(=O)c2-c2ccc(F)c(F)c2)cc1,1234809.61,inactive,"{0, 64.35, 3, 4, 4.308900000000002, 396.79800000000006}",0.0,64.35,3.0,4.0,4.308900000000002,396.79800000000006
CHEMBL416165,CC(C)(C)c1cc(-c2nnc(SCc3ccccc3)s2)cc(C(C)(C)C)c1O,20000.0,inactive,"{1, 4, 5, 6.798000000000006, 46.010000000000005, 412.62400000000014}",1.0,4.0,5.0,6.798000000000006,46.010000000000005,412.62400000000014
CHEMBL1956382,Cc1ccc(-c2nnnn2-c2ccc(S(N)(=O)=O)cc2)cc1,100000.0,inactive,"{1, 1.28512, 3, 6, 103.75999999999999, 315.35800000000006}",1.0,1.28512,3.0,6.0,103.75999999999999,315.35800000000006
CHEMBL356596,CC(C)=Cc1cc(/C=C/S(N)(=O)=O)cc(C(=O)c2ccccc2)c1,980.0,active,"{1, 3, 3.6000000000000023, 5, 77.23, 341.432}",1.0,3.0,3.6000000000000023,5.0,77.23,341.432
CHEMBL342770,Cc1cccc(-c2cc(C(F)(F)F)nn2-c2ccc(S(N)(=O)=O)c(CO)c2)c1,728.0,active,"{2, 98.21000000000001, 4, 5, 3.006220000000001, 411.40500000000014}",2.0,98.21000000000001,4.0,5.0,3.006220000000001,411.40500000000014
CHEMBL302543,O=C(O)Cc1ccc(-c2ccsc2-c2ccc(F)cc2)cc1,30000.0,inactive,"{1, 2, 4, 37.3, 4.848300000000003, 312.365}",1.0,2.0,4.0,37.3,4.848300000000003,312.365
CHEMBL1830468,Cc1ccc(-c2cc(CCC(=O)N3CCN(Cc4ccc(C(C)(C)C)cc4)CC3)nn2-c2ccccc2)cc1,10000.0,inactive,"{0, 4, 6.4222200000000065, 7, 520.7210000000002, 41.370000000000005}",0.0,4.0,6.4222200000000065,7.0,520.7210000000002,41.370000000000005
CHEMBL3325875,CC(=O)N1CCN(c2c(/C=N/Nc3nc4ccccc4nc3O)c(C)nn2-c2ccccc2)CC1,460.0,active,"{2, 2.944020000000001, 5, 9, 111.77000000000001, 470.5370000000003}",2.0,2.944020000000001,5.0,9.0,111.77000000000001,470.5370000000003
CHEMBL109486,COCc1ccc(C2=C(c3ccc(S(C)(=O)=O)cc3)CCC2)cc1,6600.0,active,"{0, 3, 4.3312000000000035, 5, 43.370000000000005, 342.4600000000001}",0.0,3.0,4.3312000000000035,5.0,43.370000000000005,342.4600000000001
CHEMBL443819,CS(=O)(=O)c1ccc(-c2nnnn2-c2ccc(F)c(F)c2)cc1,30000.0,inactive,"{0, 2.011, 3, 6, 77.74000000000001, 336.32300000000004}",0.0,2.011,3.0,6.0,77.74000000000001,336.32300000000004
CHEMBL280471,CCONC1=NC(=O)/C(=C/c2cc(C(C)(C)C)c(O)c(C(C)(C)C)c2)O1,79000.0,inactive,"{2, 3, 3.7820000000000027, 5, 360.4540000000001, 80.15}",2.0,3.0,3.7820000000000027,5.0,360.4540000000001,80.15
CHEMBL323267,CC1(C)OC(=O)C(Oc2cccc3cnccc23)=C1c1ccc(S(C)(=O)=O)cc1,670.0,active,"{0, 3.7638000000000025, 4, 6, 82.56, 409.46300000000014}",0.0,3.7638000000000025,4.0,6.0,82.56,409.46300000000014
CHEMBL322807,CC1(C)OC(=O)C(Oc2ncccc2Cl)=C1c1ccc(S(C)(=O)=O)cc1,400.0,active,"{0, 3.264000000000002, 4, 6, 393.8480000000001, 82.56}",0.0,3.264000000000002,4.0,6.0,393.8480000000001,82.56
CHEMBL157358,CS(=O)(=O)c1ccc(-c2c(-c3ccccc3)sc3nc(C(F)(F)F)nn23)cc1,50000.0,inactive,"{0, 64.33, 3, 4.547100000000002, 6, 423.4410000000001}",0.0,64.33,3.0,4.547100000000002,6.0,423.4410000000001
CHEMBL119418,CCCCCNC(=O)c1cc(C(C)(C)C)c2c(c1)C(C)(C)CO2,250.0,active,"{1, 2, 4.574100000000004, 5, 38.33, 317.4730000000001}",1.0,2.0,4.574100000000004,5.0,38.33,317.4730000000001
CHEMBL364804,CCOc1ccc(-c2nn3ncccc3c2-c2ccc(S(C)(=O)=O)cc2)cc1,3.0,active,"{0, 3.8655000000000026, 5, 6, 393.46800000000013, 73.56}",0.0,3.8655000000000026,5.0,6.0,393.46800000000013,73.56
CHEMBL122,CS(=O)(=O)c1ccc(C2=C(c3ccccc3)C(=O)OC2)cc1,500.0,active,"{0, 2.5577000000000005, 3, 4, 314.3620000000001, 60.44}",0.0,2.5577000000000005,3.0,4.0,314.3620000000001,60.44
CHEMBL280093,Cc1nc(-c2ccc(S(N)(=O)=O)cc2)c(-c2ccc(Br)cc2)s1,24.0,active,"{1, 3, 4, 4.195420000000002, 73.05, 409.33}",1.0,3.0,4.0,4.195420000000002,73.05,409.33
CHEMBL278246,C/C(=C1/SC(N=C(N)N)=NC1=O)c1cc(C(C)(C)C)c(O)c(C(C)(C)C)c1,12000.0,inactive,"{1, 3, 388.53700000000015, 4, 3.621000000000002, 114.05999999999999}",1.0,3.0,388.53700000000015,4.0,3.621000000000002,114.05999999999999
CHEMBL1916948,O=C(NS(=O)(=O)c1ccc(F)cc1)c1cccnc1,11700.0,inactive,"{1, 1.3394, 3, 4, 76.13, 280.28000000000003}",1.0,1.3394,3.0,4.0,76.13,280.28000000000003
CHEMBL46584,NS(=O)(=O)c1ccc(-n2cc(C(F)(F)F)nc2-c2cccc(Br)c2)cc1,7.0,active,"{1, 3, 4, 3.9680000000000026, 77.98, 446.24800000000005}",1.0,3.0,4.0,3.9680000000000026,77.98,446.24800000000005
CHEMBL289561,COc1cc(-c2nc(C(F)(F)F)cn2-c2ccc(S(N)(=O)=O)cc2)ccc1Cl,20.0,active,"{1, 3.8675000000000015, 4, 5, 431.8230000000001, 87.21000000000001}",1.0,3.8675000000000015,4.0,5.0,431.8230000000001,87.21000000000001
CHEMBL275838,CCCSc1nnc(-c2cc(C(C)(C)C)c(O)c(C(C)(C)C)c2)s1,100000.0,inactive,"{1, 4, 5, 6.007800000000006, 364.5800000000001, 46.010000000000005}",1.0,4.0,5.0,6.007800000000006,364.5800000000001,46.010000000000005
CHEMBL54367,CS(=O)(=O)c1ccc(-c2c(F)c(F)c(F)c(F)c2-c2ccc(F)cc2)cc1,100000.0,inactive,"{0, 2, 3, 34.14, 5.119600000000003, 398.35200000000003}",0.0,2.0,3.0,34.14,5.119600000000003,398.35200000000003
CHEMBL88550,COc1ccc(C2=C(c3ccc(S(C)(=O)=O)cc3)CC3(CC3)C2)cc1F,10.0,active,"{0, 3, 4, 4.722600000000004, 43.370000000000005, 372.4610000000002}",0.0,3.0,4.0,4.722600000000004,43.370000000000005,372.4610000000002
CHEMBL339355,COC(=O)c1ccc(Oc2c(-c3ccc(S(C)(=O)=O)cc3)oc(C)cc2=O)cc1,10000.0,inactive,"{0, 99.88, 3.597620000000002, 5, 7, 414.4350000000002}",0.0,99.88,3.597620000000002,5.0,7.0,414.4350000000002
CHEMBL275188,CSc1nnc(-c2nc(C(C)(C)C)c(O)c(C(C)(C)C)n2)s1,1400.0,active,"{1, 2, 4.017600000000003, 71.79, 7, 338.50200000000007}",1.0,2.0,4.017600000000003,71.79,7.0,338.50200000000007
CHEMBL1775099,FC(F)(F)c1ccccc1Oc1ccc(OCCN2CCCC2)cc1,41400.0,inactive,"{0, 3, 4.972300000000004, 6, 21.700000000000003, 351.3680000000001}",0.0,3.0,4.972300000000004,6.0,21.700000000000003,351.3680000000001
CHEMBL1775105,Nc1ccccc1Oc1ccc(OCCN2CCCC2)cc1,100000.0,inactive,"{1, 3.535700000000002, 4, 6, 298.386, 47.720000000000006}",1.0,3.535700000000002,4.0,6.0,298.386,47.720000000000006
CHEMBL1775098,O=[N+]([O-])c1cccnc1Oc1ccc(OCCN2CCCC2)cc1,100000.0,inactive,"{0, 3.256700000000002, 6, 7, 329.3560000000001, 77.73}",0.0,3.256700000000002,6.0,7.0,329.3560000000001,77.73
CHEMBL1775099,FC(F)(F)c1ccccc1Oc1ccc(OCCN2CCCC2)cc1,5000.0,active,"{0, 3, 4.972300000000004, 6, 21.700000000000003, 351.3680000000001}",0.0,3.0,4.972300000000004,6.0,21.700000000000003,351.3680000000001
CHEMBL94938,CS(=O)(=O)c1ccc(-c2cc(Cl)cnc2-c2cccnc2)cc1,900.0,active,"{0, 3, 4, 3.8675000000000024, 344.82300000000004, 59.92}",0.0,3.0,4.0,3.8675000000000024,344.82300000000004,59.92
CHEMBL3264691,COc1ccc(-n2cc(CSc3nc4ccccc4o3)nn2)cc1,2300.0,active,"{0, 65.97, 3.7094000000000023, 5, 7, 338.39200000000005}",0.0,65.97,3.7094000000000023,5.0,7.0,338.39200000000005
CHEMBL3264695,Brc1ccc(-n2cc(CSc3nc4ccccc4o3)nn2)cc1,2800.0,active,"{0, 387.26200000000006, 4, 4.463300000000003, 6, 56.74}",0.0,387.26200000000006,4.0,4.463300000000003,6.0,56.74
CHEMBL3264700,Cc1ccc(-n2cc(CSc3nc4ccccc4o3)nn2)cc1C,4350.0,active,"{0, 4, 4.3176400000000035, 6, 336.4200000000001, 56.74}",0.0,4.0,4.3176400000000035,6.0,336.4200000000001,56.74
CHEMBL106828,C=Cc1cncc(-c2ccc(C(C)C(=O)O)cc2)c1,190.0,active,"{1, 2, 3.5797000000000017, 4, 50.19, 253.301}",1.0,2.0,3.5797000000000017,4.0,50.19,253.301
CHEMBL1830335,Cc1ccc(-c2cc(CCC(=O)Oc3ccc(C(C)C)cc3)nn2-c2ccc(Cl)nn2)cc1,10000.0,inactive,"{0, 69.9, 6, 7, 5.952720000000006, 460.96500000000015}",0.0,69.9,6.0,7.0,5.952720000000006,460.96500000000015
CHEMBL1830478,Cc1ccc(-c2cc(CCC(=O)Oc3ccc(C(C)C)cc3)nn2-c2ccccc2)cc1,10000.0,inactive,"{0, 4, 6.509320000000006, 7, 424.5440000000001, 44.12}",0.0,4.0,6.509320000000006,7.0,424.5440000000001,44.12
CHEMBL1830479,CCOC(=O)C1CCN(C(=O)CCc2cc(-c3ccc(C)cc3)n(-c3ccc4ccccc4n3)n2)CC1,10000.0,inactive,"{0, 5.130220000000005, 6, 7, 77.32000000000001, 496.6110000000002}",0.0,5.130220000000005,6.0,7.0,77.32000000000001,496.6110000000002
CHEMBL18867,CC(C)c1ccc(C2=C(c3ccc(S(C)(=O)=O)cc3)C(C)(O)OC2=O)cc1,4300.0,active,"{1, 386.4690000000001, 3.3896000000000015, 4, 5, 80.67000000000002}",1.0,386.4690000000001,3.3896000000000015,4.0,5.0,80.67000000000002
CHEMBL151128,CCc1cc(/C=C/S(N)(=O)=O)cc(C(=O)c2ccccc2)c1,200.0,active,"{1, 2.739200000000001, 3, 5, 77.23, 315.39399999999995}",1.0,2.739200000000001,3.0,5.0,77.23,315.39399999999995
CHEMBL442164,CS(=O)(=O)c1ccc(-c2cc(F)c(F)cc2-c2ccc(F)cc2)cc1,14.0,active,"{0, 2, 3, 34.14, 4.841400000000004, 362.372}",0.0,2.0,3.0,34.14,4.841400000000004,362.372
CHEMBL148100,COc1ccc(-c2cc(C(F)(F)F)nn2-c2ccc(S(N)(=O)=O)c(CO)c2)cc1,365.0,active,"{2, 2.7064000000000004, 5, 6, 107.44000000000001, 427.40400000000017}",2.0,2.7064000000000004,5.0,6.0,107.44000000000001,427.40400000000017
CHEMBL126810,Cc1cc(=O)c(-c2ccc(F)cc2F)c(-c2ccc(S(C)(=O)=O)cc2)o1,1120.0,active,"{0, 64.35, 3, 4, 3.9639200000000034, 376.38000000000005}",0.0,64.35,3.0,4.0,3.9639200000000034,376.38000000000005
CHEMBL417170,Cc1cc(F)cc(-c2nc(C(F)(F)F)cn2-c2ccc(S(N)(=O)=O)cc2)c1,30.0,active,"{1, 3, 4, 3.6530200000000024, 77.98, 399.3690000000001}",1.0,3.0,4.0,3.6530200000000024,77.98,399.3690000000001
CHEMBL5197095,CC(C)OC(=O)[C@@H](Cn1cncn1)NC(=O)[C@@H](C)c1cccc(C(=O)c2ccccc2)c1,3410.0,active,"{1, 2.749200000000001, 103.18, 7, 9, 434.49600000000015}",1.0,2.749200000000001,103.18,7.0,9.0,434.49600000000015
CHEMBL42077,CC(=O)[N-]S(=O)(=O)c1ccc(-c2c(-c3ccccc3)noc2C)cc1.[Na+],20000.0,inactive,"{0, 0.9299199999999994, 4, 5, 378.3850000000001, 91.34}",0.0,0.9299199999999994,4.0,5.0,378.3850000000001,91.34
CHEMBL499068,COc1ccc(-c2c(-c3ccc(S(N)(=O)=O)cc3)[nH]c3ccccc23)cc1,6.0,active,"{2, 3, 4, 4.157900000000002, 85.18, 378.45300000000003}",2.0,3.0,4.0,4.157900000000002,85.18,378.45300000000003
CHEMBL150130,CCc1cc(/C=C/C(N)=O)cc(C(=O)c2ccccc2)c1,1800.0,active,"{1, 2, 2.9785000000000013, 5, 279.339, 60.160000000000004}",1.0,2.0,2.9785000000000013,5.0,279.339,60.160000000000004
CHEMBL44466,Cc1ccccc1-c1nc(C(F)(F)F)cn1-c1ccc(S(C)(=O)=O)cc1,800.0,active,"{0, 3, 4, 4.270020000000003, 51.96, 380.3910000000001}",0.0,3.0,4.0,4.270020000000003,51.96,380.3910000000001
CHEMBL46761,Cc1cn(-c2ccc(S(C)(=O)=O)cc2)c(-c2ccc(Cl)cc2)n1,239.88,active,"{0, 3, 4, 3.904620000000003, 51.96, 346.839}",0.0,3.0,4.0,3.904620000000003,51.96,346.839
CHEMBL117618,CS(=O)(=O)c1ccc(-n2c(-c3ccc(F)cc3)cnc2CO)cc1,10000.0,inactive,"{1, 2.5742000000000003, 4, 5, 72.19, 346.3830000000001}",1.0,2.5742000000000003,4.0,5.0,72.19,346.3830000000001
CHEMBL117650,CS(=O)(=O)c1ccc(-n2cnc(Cl)c2-c2ccccc2F)cc1,28.0,active,"{0, 3, 4, 3.7353000000000023, 51.96, 350.802}",0.0,3.0,4.0,3.7353000000000023,51.96,350.802
CHEMBL114162,CS(=O)(=O)c1ccc(-c2cncn2-c2ccc(F)cc2)cc1,10000.0,inactive,"{0, 3, 4, 3.081900000000001, 51.96, 316.357}",0.0,3.0,4.0,3.081900000000001,51.96,316.357
CHEMBL117295,COc1ccc(-c2c(Cl)ncn2-c2ccc(S(C)(=O)=O)cc2)cc1Cl,8.0,active,"{0, 4, 5, 4.258200000000002, 397.28300000000013, 61.190000000000005}",0.0,4.0,5.0,4.258200000000002,397.28300000000013,61.190000000000005
CHEMBL1766292,CS(=O)(=O)c1ccc(-n2nc(CNC(=O)Nc3ccc(OC(F)(F)F)cc3)cc2-c2ccccc2)cc1,7000.0,active,"{2, 5.163100000000004, 102.32000000000001, 6, 7, 530.5280000000001}",2.0,5.163100000000004,102.32000000000001,6.0,7.0,530.5280000000001
CHEMBL366807,CS(=O)(=O)c1ccc(-c2cnsc2-c2ccc(F)cc2)cc1,2100.0,active,"{0, 3, 4, 4.019700000000003, 333.40900000000005, 47.03}",0.0,3.0,4.0,4.019700000000003,333.40900000000005,47.03
CHEMBL1221731,CCCCC(=C(c1ccccc1)c1ccccc1)c1ccc(S(C)(=O)=O)cc1,14.0,active,"{0, 2, 34.14, 390.5480000000001, 7, 6.239400000000007}",0.0,2.0,34.14,390.5480000000001,7.0,6.239400000000007
CHEMBL417204,CC(C)c1cc(-c2ccc(S(N)(=O)=O)cc2)c(-c2ccc(F)cc2)s1,10.0,active,"{1, 3, 4, 4.992000000000003, 375.49, 60.160000000000004}",1.0,3.0,4.0,4.992000000000003,375.49,60.160000000000004
CHEMBL322703,CC1(C)OC(=O)C(Oc2ccc(Br)cn2)=C1c1ccc(S(C)(=O)=O)cc1,30.0,active,"{0, 3.3731000000000027, 4, 6, 82.56, 438.29900000000015}",0.0,3.3731000000000027,4.0,6.0,82.56,438.29900000000015
CHEMBL318053,CCC#CCC(C)OC(=O)Cc1c(C)n(C(=O)c2ccc(Cl)cc2)c2ccc(OC)cc12,120.0,active,"{0, 451.95000000000016, 5, 6, 5.577920000000005, 57.53}",0.0,451.95000000000016,5.0,6.0,5.577920000000005,57.53
CHEMBL31060,COC(=O)c1cc2cc(S(C)(=O)=O)ccc2n1Cc1ccc(OC)cc1,51300.0,inactive,"{0, 2.888300000000001, 5, 6, 74.60000000000001, 373.4300000000001}",0.0,2.888300000000001,5.0,6.0,74.60000000000001,373.4300000000001
CHEMBL415895,CS(=O)(=O)c1ccc(-n2cc(C#N)nc2-c2ccc(Cl)cc2)cc1,229.09,active,"{0, 3, 3.467880000000002, 5, 357.822, 75.75}",0.0,3.0,3.467880000000002,5.0,357.822,75.75
CHEMBL460184,CCCCC(Sc1nc(OCCc2ccccc2)cc(OCCc2ccccc2)n1)C(=O)OCC,10.0,active,"{0, 5.933600000000006, 70.54, 7, 494.6570000000003, 15}",0.0,5.933600000000006,70.54,7.0,494.6570000000003,15.0
CHEMBL459720,CCCCCCC(Sc1nc(Cl)cc(Nc2cccc(C)c2C)n1)C(=O)OCC,10.0,active,"{64.11, 1, 6, 6.484640000000006, 11, 436.02100000000024}",64.11,1.0,6.0,6.484640000000006,11.0,436.02100000000024
CHEMBL289561,COc1cc(-c2nc(C(F)(F)F)cn2-c2ccc(S(N)(=O)=O)cc2)ccc1Cl,19.95,active,"{1, 3.8675000000000015, 4, 5, 431.8230000000001, 87.21000000000001}",1.0,3.8675000000000015,4.0,5.0,431.8230000000001,87.21000000000001
CHEMBL559812,Cc1c(-c2ccc(S(C)(=O)=O)cc2)nc(NC2CCCCC2)nc1C(F)(F)F,10000.0,inactive,"{1, 4, 5, 4.618920000000004, 71.95, 413.4650000000002}",1.0,4.0,5.0,4.618920000000004,71.95,413.4650000000002
CHEMBL148976,CS(=O)(=O)c1ccc(-c2c(-c3ccc(F)cc3)nc3sccn23)cc1,14.0,active,"{0, 3, 4.272400000000003, 5, 51.44, 372.446}",0.0,3.0,4.272400000000003,5.0,51.44,372.446
CHEMBL148976,CS(=O)(=O)c1ccc(-c2c(-c3ccc(F)cc3)nc3sccn23)cc1,400.0,active,"{0, 3, 4.272400000000003, 5, 51.44, 372.446}",0.0,3.0,4.272400000000003,5.0,51.44,372.446
CHEMBL562768,CS(=O)(=O)c1ccc(-c2cnc(NCc3ccccc3)nc2-c2ccc(F)cc2)cc1,686.0,active,"{1, 4.965300000000004, 5, 6, 71.95, 433.5080000000001}",1.0,4.965300000000004,5.0,6.0,71.95,433.5080000000001
CHEMBL43331,COc1c(C)cc(-c2nc(C(F)(F)F)cn2-c2ccc(S(C)(=O)=O)cc2)cc1C,724.44,active,"{0, 4, 5, 4.587040000000004, 424.44400000000013, 61.190000000000005}",0.0,4.0,5.0,4.587040000000004,424.44400000000013,61.190000000000005
CHEMBL4567742,COc1ccc(-c2c(-c3ccc(NC(C)=O)cc3)noc2CC(=O)O)cc1,50000.0,inactive,"{2, 3.6027000000000005, 101.66000000000001, 5, 6, 366.37300000000016}",2.0,3.6027000000000005,101.66000000000001,5.0,6.0,366.37300000000016
CHEMBL3410361,NS(=O)(=O)c1ccc(N2N=C3c4ccccc4OCC3C2c2ccccc2Br)cc1,1260.0,active,"{1, 3, 484.3750000000001, 5, 4.070700000000003, 84.99000000000001}",1.0,3.0,484.3750000000001,5.0,4.070700000000003,84.99000000000001
CHEMBL296673,Cc1ccc(-c2nc(C(F)(F)F)cn2-c2ccc(S(C)(=O)=O)cc2)cc1Cl,30.2,active,"{0, 3, 4, 4.923420000000004, 51.96, 414.8360000000001}",0.0,3.0,4.0,4.923420000000004,51.96,414.8360000000001
CHEMBL3290192,O=C(/C=C/c1ccc(N2CCCC2)cc1)/C=C/c1ccc(N2CCCC2)cc1,69820.0,inactive,"{0, 3, 5.182700000000005, 6, 372.51200000000017, 23.550000000000004}",0.0,3.0,5.182700000000005,6.0,372.51200000000017,23.550000000000004
CHEMBL91118,C=C1CC(c2ccc(S(C)(=O)=O)cc2)=C1c1ccccc1,1.2,active,"{0, 2, 3, 34.14, 3.9608000000000025, 296.39099999999996}",0.0,2.0,3.0,34.14,3.9608000000000025,296.39099999999996
CHEMBL298281,CNS(=O)(=O)c1ccc(-n2cccc2-c2ccc(F)cc2)cc1,100000.0,inactive,"{1, 3, 4, 3.1915000000000013, 330.384, 51.1}",1.0,3.0,4.0,3.1915000000000013,330.384,51.1
CHEMBL4538175,CS(=O)(=O)c1ccc(-c2nnnn2-c2ccc(CCO)cc2)cc1,70000.0,inactive,"{1, 97.97000000000001, 1.2676, 5, 7, 344.39600000000013}",1.0,97.97000000000001,1.2676,5.0,7.0,344.39600000000013
CHEMBL4461324,CS(=O)(=O)c1ccc(-c2nnnn2-c2ccc(CO)cc2)cc1,500000.0,inactive,"{1, 97.97000000000001, 1.2251, 4, 7, 330.3690000000001}",1.0,97.97000000000001,1.2251,4.0,7.0,330.3690000000001
CHEMBL359202,Cc1ccc(/C=C/S(N)(=O)=O)cc1C(=O)c1ccccc1,19000.0,inactive,"{1, 2.485220000000001, 3, 4, 301.36699999999996, 77.23}",1.0,2.485220000000001,3.0,4.0,301.36699999999996,77.23
CHEMBL3331343,CC(C)Cc1ccc(C(C)C(=O)OCc2c(C(C)C)c(=O)n(-c3ccccc3)n2C)cc1,1800.0,active,"{0, 5, 5.3448000000000055, 8, 434.5800000000001, 53.230000000000004}",0.0,5.0,5.3448000000000055,8.0,434.5800000000001,53.230000000000004
CHEMBL3397721,CCCC/C(=C\c1cc(OCc2ccc3nc(C(F)(F)F)cc(OC)c3c2)ccc1OCc1ccc(C(F)(F)F)cc1)C(=O)O,10000.0,inactive,"{1, 5, 9.097200000000003, 12, 77.88, 633.5850000000004}",1.0,5.0,9.097200000000003,12.0,77.88,633.5850000000004
CHEMBL3309948,CN(C)c1ccc(/C=C2\CNC/C(=C\c3ccc(N(C)C)cc3[N+](=O)[O-])C2=O)c([N+](=O)[O-])c1,7880.0,active,"{1, 451.48300000000023, 3.274300000000002, 6, 8, 121.86000000000001}",1.0,451.48300000000023,3.274300000000002,6.0,8.0,121.86000000000001
CHEMBL43645,CS(=O)(=O)c1ccc(-n2cc(C(F)(F)F)nc2-c2ccccc2F)cc1,400.0,active,"{384.35400000000004, 0, 3, 4, 4.1007000000000025, 51.96}",384.35400000000004,0.0,3.0,4.0,4.1007000000000025,51.96
CHEMBL273420,NS(=O)(=O)c1ccc(-n2nc(C(F)(F)F)c3c2-c2ccccc2SC3)cc1,457.09,active,"{1, 2, 3.811200000000002, 5, 77.98, 411.43000000000006}",1.0,2.0,3.811200000000002,5.0,77.98,411.43000000000006
CHEMBL161677,Cc1nc(C2CCCCC2)c(-c2ccc(S(C)(=O)=O)cc2)o1,70.0,active,"{0, 3, 4, 4.101220000000004, 60.17, 319.42600000000004}",0.0,3.0,4.0,4.101220000000004,60.17,319.42600000000004
CHEMBL2204564,COc1ccc(C(=O)n2nc(C)c3nnc4cc(Cl)c(F)cc4c32)cc1,10000.0,inactive,"{0, 2, 3.7775200000000027, 69.9, 6, 370.7710000000001}",0.0,2.0,3.7775200000000027,69.9,6.0,370.7710000000001
CHEMBL145646,CCCCCCCOc1ccccc1OC(C)=O,40000.0,inactive,"{0, 3, 35.53, 3.9611000000000027, 8, 250.338}",0.0,3.0,35.53,3.9611000000000027,8.0,250.338
CHEMBL2171258,CC(C(=O)O)c1ccc2c3cc(Cl)ccc3n(Cc3ccc(Cl)cc3)c2c1,100000.0,inactive,"{1, 2, 4, 6.337700000000003, 42.23, 398.28900000000016}",1.0,2.0,4.0,6.337700000000003,42.23,398.28900000000016
CHEMBL279133,CCOC(=O)c1nc(-c2ccc(F)cc2)c(-c2ccc(S(C)(=O)=O)cc2)s1,610.0,active,"{0, 4.196400000000003, 5, 6, 73.33, 405.4720000000001}",0.0,4.196400000000003,5.0,6.0,73.33,405.4720000000001
CHEMBL4590005,COc1ccc2c(c1)c(Cc1nn(C)nc1O)c(C)n2C(=O)c1ccc(Cl)cc1,100000.0,inactive,"{1, 3.725120000000002, 4, 7, 82.16999999999999, 410.8610000000001}",1.0,3.725120000000002,4.0,7.0,82.16999999999999,410.8610000000001
CHEMBL94935,NS(=O)(=O)c1ccc(-n2nc(C(F)(F)F)c3c2-c2ccccc2CC3)cc1,1100.0,active,"{1, 2, 3.304100000000002, 4, 393.3900000000001, 77.98}",1.0,2.0,3.304100000000002,4.0,393.3900000000001,77.98
CHEMBL155587,Cc1ccc(-c2c(-c3ccc(S(C)(=O)=O)cc3)cnn(Cc3ccccc3)c2=O)cn1,1100.0,active,"{0, 3.732520000000002, 5, 6, 431.51700000000017, 81.92}",0.0,3.732520000000002,5.0,6.0,431.51700000000017,81.92
CHEMBL1775108,CS(=O)(=O)N(c1ccccc1Oc1ccc(OCCN2CCCC2)cc1)S(C)(=O)=O,100000.0,inactive,"{0, 2.679100000000001, 454.57000000000033, 7, 9, 93.22}",0.0,2.679100000000001,454.57000000000033,7.0,9.0,93.22
CHEMBL162424,c1ccc(Oc2ccc(OCCN3CCCC3)cc2)cc1,100000.0,inactive,"{0, 3, 3.9535000000000027, 6, 21.700000000000003, 283.3709999999999}",0.0,3.0,3.9535000000000027,6.0,21.700000000000003,283.3709999999999
CHEMBL1775108,CS(=O)(=O)N(c1ccccc1Oc1ccc(OCCN2CCCC2)cc1)S(C)(=O)=O,100000.0,inactive,"{0, 2.679100000000001, 454.57000000000033, 7, 9, 93.22}",0.0,2.679100000000001,454.57000000000033,7.0,9.0,93.22
CHEMBL514418,COc1ccc(-c2cnnn2-c2ccc(S(C)(=O)=O)cc2)cc1,170.0,active,"{0, 2.3464, 4, 6, 329.38100000000003, 74.08000000000001}",0.0,2.3464,4.0,6.0,329.38100000000003,74.08000000000001
CHEMBL2380870,OCc1onc(-c2ccc(Cl)o2)c1-c1ccccc1,100000.0,inactive,"{1, 3, 4, 3.7473000000000027, 275.691, 59.400000000000006}",1.0,3.0,4.0,3.7473000000000027,275.691,59.400000000000006
CHEMBL3314089,CC1=NN(c2cccc(Cl)c2)C(=O)/C1=C/c1coc2c([N+](=O)[O-])cc(F)cc2c1=O,10000.0,inactive,"{0, 3, 4.299800000000002, 6, 106.02000000000001, 427.7750000000002}",0.0,3.0,4.299800000000002,6.0,106.02000000000001,427.7750000000002
CHEMBL3309820,CS(=O)(=O)c1ccc(N2N=C(C(F)(F)F)CC2c2cccc3c2OCO3)cc1,41.0,active,"{0, 3, 68.2, 3.688500000000002, 6, 412.3890000000001}",0.0,3.0,68.2,3.688500000000002,6.0,412.3890000000001
CHEMBL3331466,CC(C)c1c(COC(=O)C(C)c2cccc(C(=O)c3ccccc3)c2)n(C)n(-c2ccccc2)c1=O,2200.0,active,"{0, 482.58000000000015, 5.377300000000005, 70.30000000000001, 6, 8}",0.0,482.58000000000015,5.377300000000005,70.30000000000001,6.0,8.0
CHEMBL3290201,COc1ccc(NC(=O)c2nc(-c3ccccc3)n(-c3ccc(S(N)(=O)=O)cc3)n2)cc1,890.0,active,"{449.4920000000002, 2, 129.2, 2.8426, 6, 7}",449.4920000000002,2.0,129.2,2.8426,6.0,7.0
CHEMBL94494,Cc1cc2c(cc1F)-c1c(c(C(F)(F)F)nn1-c1ccc(S(N)(=O)=O)cc1)SC2,16.0,active,"{1, 2, 4.258720000000002, 5, 77.98, 443.4470000000001}",1.0,2.0,4.258720000000002,5.0,77.98,443.4470000000001
CHEMBL350039,CS(=O)(=O)c1ccc(-c2cnn(-c3ccccc3)c(=O)c2-c2ccccc2)cc1,4700.0,active,"{0, 3.9700000000000033, 4, 5, 69.03, 402.47500000000014}",0.0,3.9700000000000033,4.0,5.0,69.03,402.47500000000014
CHEMBL1684149,COc1cc2oc(C)cc(=O)c2c(O)c1OCC=C(C)C,15490.0,inactive,"{1, 290.315, 3.1606200000000015, 4, 5, 68.9}",1.0,290.315,3.1606200000000015,4.0,5.0,68.9
CHEMBL110396,CCOC(=O)c1cn(-c2ccc(S(C)(=O)=O)cc2)c(-c2cccnc2)n1,100000.0,inactive,"{0, 2.514500000000001, 5, 7, 371.41800000000006, 91.15}",0.0,2.514500000000001,5.0,7.0,371.41800000000006,91.15
CHEMBL275843,CS(=O)(=O)c1ccc(-c2sc(-c3cccnc3)nc2-c2ccc(F)cc2)cc1,430.0,active,"{0, 4, 5, 5.081700000000003, 410.4950000000001, 59.92}",0.0,4.0,5.0,5.081700000000003,410.4950000000001,59.92
CHEMBL1760551,COc1cc(/C=C/C(=O)NCCc2c[nH]c3ccc(O)cc23)cc(OC)c1O,400000.0,inactive,"{2.9684000000000013, 4, 5, 103.81, 7, 382.4160000000001}",2.9684000000000013,4.0,5.0,103.81,7.0,382.4160000000001
CHEMBL1147,NS(=O)(=O)c1ccc(-c2c(-c3ccccc3)noc2CO)cc1,180.0,active,"{2, 2.1483, 4, 5, 330.36500000000007, 106.42000000000002}",2.0,2.1483,4.0,5.0,330.36500000000007,106.42000000000002
CHEMBL16048,CC(C)(C)c1cc(/C=C2\SC(NC#N)=NC2=O)cc(C(C)(C)C)c1O,55000.0,inactive,"{1, 2, 4.028180000000004, 5, 357.4790000000001, 85.48}",1.0,2.0,4.028180000000004,5.0,357.4790000000001,85.48
CHEMBL4065530,O=C(c1ccccc1O)n1nc(Nc2ccccc2)cc1-c1ccccc1O,16.2,active,"{3, 4, 4.393400000000003, 6, 371.3960000000001, 87.38}",3.0,4.0,4.393400000000003,6.0,371.3960000000001,87.38
CHEMBL4164251,Nc1nc(Cl)nc(Nc2ccc(N3CCOCC3=O)cc2)n1,500.0,active,"{320.74, 1.214, 2, 3, 7, 106.26}",320.74,1.214,2.0,3.0,7.0,106.26
CHEMBL4170378,O=C1COCCN1c1ccc(Nc2nc(Cl)nc(Nc3ccc(O)cc3)n2)cc1,40.0,active,"{3, 3.0810000000000004, 5, 8, 112.5, 412.8370000000001}",3.0,3.0810000000000004,5.0,8.0,112.5,412.8370000000001
CHEMBL4170800,O=C(NCCOc1nc(Cl)nc(Nc2ccc(N3CCOCC3=O)cc2)n1)c1ccc(Cl)s1,500.0,active,"{2, 3.1555000000000017, 8, 9, 118.57000000000001, 509.37500000000034}",2.0,3.1555000000000017,8.0,9.0,118.57000000000001,509.37500000000034
CHEMBL92759,CS(=O)(=O)c1ccc(-c2cc(C(F)(F)F)cnc2-c2cccnc2)cc1,90.0,active,"{0, 3, 4, 4.232900000000003, 378.37500000000006, 59.92}",0.0,3.0,4.0,4.232900000000003,378.37500000000006,59.92
CHEMBL4293190,COc1ccc(-c2cc(CSc3nc4ccccc4c(=O)n3-c3ccc(Cl)cc3)on2)cc1,1340.0,active,"{0, 5.9950000000000045, 70.15, 6, 7, 475.95700000000016}",0.0,5.9950000000000045,70.15,6.0,7.0,475.95700000000016
CHEMBL264300,COc1ccc(-c2nc(C(F)(F)F)cn2-c2ccc(S(C)(=O)=O)cc2)cc1,575.44,active,"{0, 3.970200000000003, 4, 5, 396.3900000000001, 61.190000000000005}",0.0,3.970200000000003,4.0,5.0,396.3900000000001,61.190000000000005
CHEMBL49394,CS(=O)(=O)c1ccc(-c2cc(C(F)(F)F)cnc2N2CCCC(CO)C2)cc1,800.0,active,"{1, 3.3796000000000017, 4, 5, 70.5, 414.44900000000024}",1.0,3.3796000000000017,4.0,5.0,70.5,414.44900000000024
CHEMBL324876,CC1(C)OC(=O)C(Oc2ccc(F)cc2)=C1c1ccc(S(C)(=O)=O)cc1,200.0,active,"{0, 3.354700000000002, 4, 5, 69.67, 376.4050000000001}",0.0,3.354700000000002,4.0,5.0,69.67,376.4050000000001
CHEMBL3265347,Fc1ccc(-c2nn(-c3ccccc3)cc2-c2nnc(-c3ccc(Cl)cc3)o2)cc1,5500.0,active,"{416.8430000000002, 0, 4, 5, 6.0488000000000035, 56.74}",416.8430000000002,0.0,4.0,5.0,6.0488000000000035,56.74
CHEMBL3309830,Cc1ccc(S(=O)(=O)N2N=C(C(F)(F)F)CC2c2ccc3c(c2)OCO3)cc1,530.0,active,"{0, 3, 68.2, 5, 3.777720000000002, 412.3890000000001}",0.0,3.0,68.2,5.0,3.777720000000002,412.3890000000001
CHEMBL3264523,CCOC(=O)c1c(C)oc2ccc(Oc3ccccn3)cc12,8100.0,active,"{0, 4, 5, 4.105220000000003, 297.31, 61.56}",0.0,4.0,5.0,4.105220000000003,297.31,61.56
CHEMBL118,Cc1ccc(-c2cc(C(F)(F)F)nn2-c2ccc(S(N)(=O)=O)cc2)cc1,2660.0,active,"{1, 3, 4, 3.5139200000000006, 77.98, 381.3790000000001}",1.0,3.0,4.0,3.5139200000000006,77.98,381.3790000000001
CHEMBL129215,CCC1(CC)CC(c2ccc(F)cc2)=C(c2ccc(S(C)(=O)=O)cc2)C1,65000.0,inactive,"{0, 2, 34.14, 5, 5.740200000000006, 372.5050000000001}",0.0,2.0,34.14,5.0,5.740200000000006,372.5050000000001
CHEMBL363756,Cc1[nH]c2cc(S(C)(=O)=O)ccc2c1Cc1ccccc1Cl,70.0,active,"{1, 2, 3, 4.124020000000003, 333.84000000000003, 49.93}",1.0,2.0,3.0,4.124020000000003,333.84000000000003,49.93
CHEMBL366306,Cc1[nH]c2cc(S(C)(=O)=O)ccc2c1S(=O)(=O)c1ccc(F)cc1,40000.0,inactive,"{1, 2.851720000000001, 3, 4, 367.42300000000006, 84.07}",1.0,2.851720000000001,3.0,4.0,367.42300000000006,84.07
CHEMBL281379,COc1ccc2c(c1)c(CC(=O)N[C@H](CO)CCSC)c(C)n2C(=O)c1ccc(Cl)cc1,1000.0,active,"{2, 4.0729200000000025, 6, 9, 80.56, 475.0100000000001}",2.0,4.0729200000000025,6.0,9.0,80.56,475.0100000000001
CHEMBL69667,CS(=O)(=O)c1ccc(-c2coc(=O)n2-c2ccc(Cl)cc2)cc1,320.0,active,"{0, 3, 3.1544000000000016, 5, 69.28, 349.7950000000001}",0.0,3.0,3.1544000000000016,5.0,69.28,349.7950000000001
CHEMBL4761793,Nc1cc(-c2ccco2)nn1-c1ccc(Cl)cc1,100000.0,inactive,"{1, 2, 259.69599999999997, 4, 3.3679000000000014, 56.98}",1.0,2.0,259.69599999999997,4.0,3.3679000000000014,56.98
CHEMBL4789452,COc1ccc(-c2noc(CC(=O)NCCCCN)c2-c2ccc(OC)cc2)cc1,3500.0,active,"{2, 99.61, 3.4234000000000018, 6, 10, 409.4860000000001}",2.0,99.61,3.4234000000000018,6.0,10.0,409.4860000000001
CHEMBL551017,CC(C)Oc1nc(-c2ccc(S(C)(=O)=O)cc2)cc(C(F)(F)F)n1,63.0,active,"{0, 3.353100000000002, 4, 69.15, 5, 360.357}",0.0,3.353100000000002,4.0,69.15,5.0,360.357
CHEMBL4851853,Cc1ccc(-c2cc(C)n(S(=O)(=O)Oc3ccccc3)n2)cc1,1.1,active,"{0, 3.338840000000001, 4, 5, 328.39300000000003, 61.19}",0.0,3.338840000000001,4.0,5.0,328.39300000000003,61.19
CHEMBL4869842,Cc1ccc(-c2cc(C)n(S(=O)(=O)Oc3ccccc3I)n2)cc1,92.0,active,"{0, 3.9434400000000025, 4, 5, 454.28900000000004, 61.19}",0.0,3.9434400000000025,4.0,5.0,454.28900000000004,61.19
CHEMBL172720,CS(=O)(=O)c1ccc(-c2nccnc2-c2ccccc2)cc1,300000.0,inactive,"{0, 3, 4, 3.214100000000002, 310.37800000000004, 59.92}",0.0,3.0,4.0,3.214100000000002,310.37800000000004,59.92
CHEMBL4799227,CCOC(=O)C1CCN(C(=O)c2cc(-c3ccccc3)n(-c3ccc(S(N)(=O)=O)cc3)n2)CC1,4120.0,active,"{1, 482.56200000000024, 2.602000000000001, 6, 7, 124.58999999999999}",1.0,482.56200000000024,2.602000000000001,6.0,7.0,124.58999999999999
CHEMBL4438116,NS(=O)(=O)c1ccc(-n2nc(C(=O)NCCCN3CCOCC3)cc2-c2ccccc2)cc1,420.0,active,"{1.638800000000001, 2, 7, 8, 469.56700000000023, 119.55000000000001}",1.638800000000001,2.0,7.0,8.0,469.56700000000023,119.55000000000001
CHEMBL4535676,C[C@H](NC(=O)OCc1ccccc1)C(=O)NCC(=O)N1CCC[C@H]1C(=O)O,20.0,active,"{0.49310000000000004, 3, 5, 7, 377.3970000000002, 125.04}",0.49310000000000004,3.0,5.0,7.0,377.3970000000002,125.04
CHEMBL4529874,COC(=O)[C@@H]1CCCN1C(=O)CNC(=O)[C@H](C)NC(=O)OCc1ccccc1,300.0,active,"{0.5815000000000015, 2, 6, 7, 391.42400000000015, 114.04}",0.5815000000000015,2.0,6.0,7.0,391.42400000000015,114.04
CHEMBL1766284,NS(=O)(=O)c1ccc(-n2nc(CCCNC(=O)NC34CC5CC(CC(C5)C3)C4)cc2-c2ccccc2)cc1,7000.0,active,"{3, 4.387300000000002, 5, 8, 533.6980000000003, 119.11000000000001}",3.0,4.387300000000002,5.0,8.0,533.6980000000003,119.11000000000001
CHEMBL4165753,O=C1COCCN1c1ccc(Nc2nc(Cl)nc(Nc3ccccc3)n2)cc1,100.0,active,"{2, 3.375400000000001, 5, 7, 396.8380000000001, 92.27}",2.0,3.375400000000001,5.0,7.0,396.8380000000001,92.27
CHEMBL1078377,CCc1ccccc1Nc1cnccc1NS(C)(=O)=O,100000.0,inactive,"{2, 291.3760000000001, 4, 5, 2.7591, 71.09}",2.0,291.3760000000001,4.0,5.0,2.7591,71.09
CHEMBL4171063,O=C1COCCN1c1ccc(Nc2nc(Cl)nc(NC3CCCCC3)n2)cc1,600.0,active,"{2, 3.376400000000002, 5, 7, 402.88600000000025, 92.27}",2.0,3.376400000000002,5.0,7.0,402.88600000000025,92.27
CHEMBL462523,CCCCCCC(Sc1nc(Cl)cc(NCc2ccc(-c3ccccc3)cc2)n1)C(=O)O,10.0,active,"{2, 5, 6.9248000000000065, 75.11, 12, 470.0380000000002}",2.0,5.0,6.9248000000000065,75.11,12.0,470.0380000000002
CHEMBL1221678,CCCC/C(=C(\c1ccccc1)c1ccc(O)cc1)c1ccc(S(C)(=O)=O)cc1,11800.0,inactive,"{1, 3, 5.9450000000000065, 7, 54.37, 406.54700000000014}",1.0,3.0,5.9450000000000065,7.0,54.37,406.54700000000014
CHEMBL1819479,CCCC/C(=C\c1cc(OCc2ccc(C(F)(F)F)cc2)ccc1OCc1ccc(C(F)(F)F)cc1)C(=O)O,10000.0,inactive,"{1, 3, 552.5110000000002, 8.540400000000005, 11, 55.760000000000005}",1.0,3.0,552.5110000000002,8.540400000000005,11.0,55.760000000000005
CHEMBL552082,CS(=O)(=O)c1ccc(-c2cc(C(F)(F)F)nc(OC3CCCCCCC3)n2)cc1,10.0,active,"{0, 4, 69.15, 5, 5.057600000000004, 428.47600000000034}",0.0,4.0,69.15,5.0,5.057600000000004,428.47600000000034
CHEMBL561086,CS(=O)(=O)c1ccc(-c2cc(C(F)(F)F)nc(Nc3ccc(F)cc3)n2)cc1,7.2,active,"{1, 4, 5, 4.4486000000000026, 71.95, 411.38000000000005}",1.0,4.0,5.0,4.4486000000000026,71.95,411.38000000000005
CHEMBL559952,CS(=O)(=O)c1ccc(-c2cnc(Cc3ccc(F)cc3)nc2-c2ccc(F)cc2)cc1,277.0,active,"{0, 4, 5, 5.083100000000004, 436.4830000000001, 59.92}",0.0,4.0,5.0,5.083100000000004,436.4830000000001,59.92
CHEMBL2018670,Cc1noc2c(Cc3ccc([N+](=O)[O-])cc3)nn(Cc3n[nH]c(=S)n3C)c(=O)c12,4600.0,active,"{1, 2.0313099999999995, 5, 137.67000000000002, 10, 413.4190000000002}",1.0,2.0313099999999995,5.0,137.67000000000002,10.0,413.4190000000002
CHEMBL3309449,CS(=O)(=O)c1ccc(N2N=C(C(F)(F)F)CC2c2cccc3ccccc23)cc1,110.0,active,"{0, 418.44000000000005, 3, 4, 5.113000000000004, 49.74}",0.0,418.44000000000005,3.0,4.0,5.113000000000004,49.74
CHEMBL1210017,N.NS(=O)(=O)c1ccc(-n2nc(C(F)(F)F)cc2-c2ccc(/[N+]([O-])=N\O)cc2)cc1,6100.0,active,"{3, 4, 3.3507000000000016, 7, 171.64000000000001, 444.3950000000001}",3.0,4.0,3.3507000000000016,7.0,171.64000000000001,444.3950000000001
CHEMBL3410345,NS(=O)(=O)c1ccc(N2N=C3c4ccccc4CCC3C2c2cccc(F)c2)cc1,4830.0,active,"{1, 3, 4, 421.4970000000001, 4.001100000000004, 75.76}",1.0,3.0,4.0,421.4970000000001,4.001100000000004,75.76
CHEMBL3410362,NS(=O)(=O)c1ccc(N2N=C3c4ccccc4OCC3C2c2ccc(Br)cc2)cc1,6880.0,active,"{1, 3, 484.3750000000001, 5, 4.070700000000003, 84.99000000000001}",1.0,3.0,484.3750000000001,5.0,4.070700000000003,84.99000000000001
CHEMBL3265350,COc1ccc(-c2nn(-c3ccccc3)cc2-c2nnc(-c3ccc(Cl)cc3)o2)cc1,67000.0,inactive,"{0, 65.97, 5, 6, 5.918300000000004, 428.87900000000013}",0.0,65.97,5.0,6.0,5.918300000000004,428.87900000000013
CHEMBL3735457,CS(=O)(=O)c1ccc(C2=NN(c3ccc(S(N)(=O)=O)cc3)C(c3ccc(F)cc3)C2)cc1,3410.0,active,"{1, 3.232300000000002, 5, 6, 109.9, 473.5510000000002}",1.0,3.232300000000002,5.0,6.0,109.9,473.5510000000002
CHEMBL3735929,COc1cc(C2CC(c3ccc(S(C)(=O)=O)cc3)=NN2c2ccc(S(N)(=O)=O)cc2)cc(OC)c1OC,4670.0,active,"{545.6390000000002, 1, 3.1190000000000024, 8, 137.58999999999997, 9}",545.6390000000002,1.0,3.1190000000000024,8.0,137.58999999999997,9.0
CHEMBL3741768,C#Cc1cccc(Nc2ncnc3cc(OCCOC(=O)C(C)c4ccc5cc(OC)ccc5c4)c(OCCOC(=O)C(C)c4ccc5cc(OC)ccc5c4)cc23)c1,10000.0,inactive,"{1, 9.129700000000001, 11, 16, 789.8850000000001, 127.33000000000003}",1.0,9.129700000000001,11.0,16.0,789.8850000000001,127.33000000000003
CHEMBL3355607,[2H]C([2H])([2H])c1cc2c(c(C([2H])([2H])[2H])c1)OC(C(F)(F)F)C(C(=O)O)=C2,150.0,active,"{1, 2, 3, 3.0947400000000007, 46.53, 278.2586106679999}",1.0,2.0,3.0,3.0947400000000007,46.53,278.2586106679999
CHEMBL3264704,Clc1ncccc1-n1cc(CSc2nc3ccccc3o2)nn1,5030.0,active,"{0, 3.749200000000002, 4, 69.63, 7, 343.79900000000004}",0.0,3.749200000000002,4.0,69.63,7.0,343.79900000000004
CHEMBL3309831,Cc1ccc(S(=O)(=O)N2N=C(C(F)(F)F)CC2c2cccc3c2OCCO3)cc1,500000.0,inactive,"{0, 3, 68.2, 5, 3.8202200000000026, 426.41600000000017}",0.0,3.0,68.2,5.0,3.8202200000000026,426.41600000000017
CHEMBL3309829,Cc1ccc(S(=O)(=O)N2N=C(C(F)(F)F)CC2c2ccc3c(c2)OCCO3)cc1,1320.0,active,"{0, 3, 68.2, 5, 3.8202200000000026, 426.41600000000017}",0.0,3.0,68.2,5.0,3.8202200000000026,426.41600000000017
CHEMBL2160148,Cc1cccc(C2CC(c3ccc(Cl)c(Cl)c3)=NN2C2=NC(=O)CS2)c1,7200.0,active,"{0, 2, 4, 5.082320000000004, 45.03, 404.3220000000001}",0.0,2.0,4.0,5.082320000000004,45.03,404.3220000000001
CHEMBL3265354,Fc1ccc(-c2nn(-c3ccccc3)cc2-c2nnc(-c3ccncc3)o2)cc1,2300.0,active,"{0, 4, 69.63, 6, 4.7904000000000035, 383.38600000000014}",0.0,4.0,69.63,6.0,4.7904000000000035,383.38600000000014
CHEMBL3309447,NS(=O)(=O)c1ccc(N2N=C(C(F)(F)F)CC2c2cccc3c2OCCO3)cc1,59.0,active,"{1, 2.9749000000000017, 3, 6, 427.40400000000017, 94.22000000000001}",1.0,2.9749000000000017,3.0,6.0,427.40400000000017,94.22000000000001
CHEMBL1814725,CC(C(=O)[O-])c1ccc(CC2CCCC2=O)cc1-c1ccc(C(=O)[O-])cc1.[Na+].[Na+],76000.0,inactive,"{0, 97.33, 5, 6, 410.37700000000007, -4.509799999999996}",0.0,97.33,5.0,6.0,410.37700000000007,-4.509799999999996
CHEMBL213939,CC(C)c1ccc(NC(=O)Oc2ccc(/N=N/c3ccc(S(N)(=O)=O)cc3)cc2OC(=O)Nc2ccc(C(C)C)cc2)cc1,12370.0,inactive,"{161.53999999999996, 3, 615.7120000000002, 8, 9, 8.218000000000005}",161.53999999999996,3.0,615.7120000000002,8.0,9.0,8.218000000000005
CHEMBL29920,NS(=O)(=O)c1ccc(-n2nc(C(F)(F)F)cc2-c2ccccc2)cc1,160.0,active,"{1, 3, 4, 3.2055000000000016, 77.98, 367.35200000000003}",1.0,3.0,4.0,3.2055000000000016,77.98,367.35200000000003
CHEMBL3397711,CCCC/C(=C\c1cc(OC/C=C/c2ccccc2)ccc1OCc1ccc(C(F)(F)F)cc1)C(=O)O,10000.0,inactive,"{1, 3, 8.034800000000008, 12, 55.760000000000005, 510.5520000000002}",1.0,3.0,8.034800000000008,12.0,55.760000000000005,510.5520000000002
CHEMBL3397723,CCCC/C(=C\c1cc(OCc2ccc(Oc3ccccn3)cc2)ccc1OCc1ccc(C(F)(F)F)cc1)C(=O)O,10000.0,inactive,"{577.5990000000003, 1, 5, 8.708900000000005, 77.88, 13}",577.5990000000003,1.0,5.0,8.708900000000005,77.88,13.0
CHEMBL3915322,COc1cc2c(cc1OC)CN(C(=O)CCn1sc3nc(C)cc(C)c3c1=O)CC2,288403.15,inactive,"{0, 3.0670400000000013, 5, 7, 73.66, 427.52600000000024}",0.0,3.0670400000000013,5.0,7.0,73.66,427.52600000000024
CHEMBL4076451,COc1cccc(-c2cc(C(=O)OCCOc3ccc4ccc(=O)oc4c3)nn2-c2ccc(S(N)(=O)=O)cc2)c1,820.0,active,"{1, 3.5375000000000014, 9, 10, 561.5720000000002, 152.95}",1.0,3.5375000000000014,9.0,10.0,561.5720000000002,152.95
CHEMBL122,CS(=O)(=O)c1ccc(C2=C(c3ccccc3)C(=O)OC2)cc1,107.0,active,"{0, 2.5577000000000005, 3, 4, 314.3620000000001, 60.44}",0.0,2.5577000000000005,3.0,4.0,314.3620000000001,60.44
CHEMBL563759,CS(=O)(=O)c1ccc(-c2cc(C(N)=O)nc(NC3CCCCC3)n2)cc1,10000.0,inactive,"{2, 2.390600000000001, 5, 6, 115.03999999999999, 374.46600000000024}",2.0,2.390600000000001,5.0,6.0,115.03999999999999,374.46600000000024
CHEMBL559886,CS(=O)(=O)c1ccc(-c2cc(C(F)(F)F)nc(NC3CCOCC3)n2)cc1,18.0,active,"{1, 3.1568000000000014, 4, 6, 81.18, 401.4100000000002}",1.0,3.1568000000000014,4.0,6.0,81.18,401.4100000000002
CHEMBL563455,CS(=O)(=O)c1ccc(-c2cnc(Cc3ccccc3)nc2-c2ccc(F)cc2)cc1,104.0,active,"{0, 418.4930000000001, 4, 5, 4.944000000000004, 59.92}",0.0,418.4930000000001,4.0,5.0,4.944000000000004,59.92
CHEMBL1235806,NS(=O)(=O)c1ccc(-n2nc(C(F)(F)F)cc2-c2ccc(Br)cc2)cc1,9.3,active,"{1, 3, 4, 3.9680000000000017, 77.98, 446.24800000000005}",1.0,3.0,4.0,3.9680000000000017,77.98,446.24800000000005
CHEMBL4745938,Nc1cc(-c2ccco2)nn1-c1ccc(F)cc1,100000.0,inactive,"{1, 2, 2.853600000000001, 4, 243.24099999999999, 56.98}",1.0,2.0,2.853600000000001,4.0,243.24099999999999,56.98
CHEMBL4553947,NS(=O)(=O)c1ccc(-n2nc(C(=O)N3CCSCC3)cc2-c2ccc(Cl)cc2)cc1,230.0,active,"{1, 98.29, 3.0291000000000015, 4, 6, 462.98400000000015}",1.0,98.29,3.0291000000000015,4.0,6.0,462.98400000000015
CHEMBL4569221,NS(=O)(=O)c1ccc(-n2nc(C(=O)N3CCOCC3)cc2-c2ccc(Cl)cc2)cc1,350.0,active,"{1, 2.312500000000001, 4, 6, 107.52000000000001, 446.91600000000017}",1.0,2.312500000000001,4.0,6.0,107.52000000000001,446.91600000000017
CHEMBL3979746,COc1ccc(C2CC(c3ccccc3)=NN2c2ccc(C(=O)O)cc2)cc1,100000.0,inactive,"{1, 4, 5, 4.749100000000004, 372.4240000000001, 62.129999999999995}",1.0,4.0,5.0,4.749100000000004,372.4240000000001,62.129999999999995
CHEMBL2380874,Cc1onc(-c2ccco2)c1-c1ccccc1,20440.0,inactive,"{0, 225.24699999999999, 2, 3, 3.910020000000002, 39.17}",0.0,225.24699999999999,2.0,3.0,3.910020000000002,39.17
CHEMBL2380865,Cc1onc(-c2ccc(Cl)o2)c1-c1ccccc1F,100000.0,inactive,"{0, 2, 3, 4.7025200000000025, 39.17, 277.68199999999996}",0.0,2.0,3.0,4.7025200000000025,39.17,277.68199999999996
CHEMBL3927500,CSc1ccc(-n2c(-c3ccc(S(C)(=O)=O)cc3)cc(CC(=O)OCCCCO[N+](=O)[O-])c2C)cc1,220.0,active,"{0, 4.652320000000004, 9, 12, 532.6400000000004, 117.74000000000001}",0.0,4.652320000000004,9.0,12.0,532.6400000000004,117.74000000000001
CHEMBL1939514,CSc1ccc(-n2c(-c3ccc(S(C)(=O)=O)cc3)cc(CC(=O)OCCO)c2C)cc1,85.0,active,"{1, 3.6561200000000023, 7, 8, 459.5890000000003, 85.60000000000001}",1.0,3.6561200000000023,7.0,8.0,459.5890000000003,85.60000000000001
CHEMBL3906128,Cc1c(CC(=O)OCCCCO)cc(-c2ccc(S(C)(=O)=O)cc2)n1-c1cccc(F)c1,110.0,active,"{1, 3.853520000000003, 6, 9, 459.5390000000001, 85.6}",1.0,3.853520000000003,6.0,9.0,459.5390000000001,85.6
CHEMBL3290197,NS(=O)(=O)c1ccc(-n2nc(C(=O)Nc3nc4ccccc4s3)nc2-c2ccccc2)cc1,380.0,active,"{2, 3.4437000000000015, 132.86, 5, 8, 476.5430000000001}",2.0,3.4437000000000015,132.86,5.0,8.0,476.5430000000001
CHEMBL3290203,Cc1ccc(NC(=O)c2nc(-c3ccccc3)n(-c3ccc(S(N)(=O)=O)cc3)n2)cc1,1900.0,active,"{2, 3.1424200000000004, 5, 6, 433.49300000000017, 119.96999999999998}",2.0,3.1424200000000004,5.0,6.0,433.49300000000017,119.96999999999998
CHEMBL4172129,O=C1COCCN1c1ccc(Nc2nc(Cl)nc(Cl)n2)cc1,7000.0,active,"{1, 2.2852000000000006, 3, 6, 80.24, 340.17}",1.0,2.2852000000000006,3.0,6.0,80.24,340.17
CHEMBL4165902,O=C1COCCN1c1ccc(Nc2nc(Cl)nc(Nc3ccc(Cl)cc3)n2)cc1,80.0,active,"{2, 4.028800000000002, 5, 7, 431.2830000000001, 92.27}",2.0,4.028800000000002,5.0,7.0,431.2830000000001,92.27
CHEMBL51860,COc1ccc(-c2cc(F)c(F)cc2-c2ccc(S(N)(=O)=O)cc2)cc1C,5.012,active,"{1, 3, 4, 69.39, 389.4230000000001, 4.263220000000002}",1.0,3.0,4.0,69.39,389.4230000000001,4.263220000000002
CHEMBL1242459,Cc1ccc(-c2nn(-c3ccccc3)cc2-c2nnc(-c3ccccc3)o2)cc1,25000.0,inactive,"{0, 4, 5, 5.564720000000005, 56.74, 378.4350000000002}",0.0,4.0,5.0,5.564720000000005,56.74,378.4350000000002
CHEMBL3909479,COc1ccc(-c2nc(NCC(=O)O)sc2-c2ccc(OC)cc2)cc1,9230.0,active,"{2, 3.990800000000002, 6, 7, 80.68, 370.43000000000006}",2.0,3.990800000000002,6.0,7.0,80.68,370.43000000000006
CHEMBL3892572,O=C(O)CNc1nc(-c2ccccc2)c(-c2ccccc2)s1,10710.0,inactive,"{2, 3.973600000000002, 4, 5, 310.37800000000004, 62.22}",2.0,3.973600000000002,4.0,5.0,310.37800000000004,62.22
CHEMBL3264687,O=[N+]([O-])c1cccc(-n2cc(CSc3nc4ccccc4o3)nn2)c1,9580.0,active,"{0, 353.36300000000006, 99.88, 3.6090000000000027, 5, 8}",0.0,353.36300000000006,99.88,3.6090000000000027,5.0,8.0
CHEMBL3264703,c1cncc(-n2cc(CSc3nc4ccccc4o3)nn2)c1,3980.0,active,"{0, 3.0958000000000014, 4, 69.63, 7, 309.35400000000004}",0.0,3.0958000000000014,4.0,69.63,7.0,309.35400000000004
CHEMBL4093362,Cc1c(-c2nnc(-c3ccccc3)c3conc23)cnn1-c1ccccc1,780.0,active,"{0, 353.38500000000005, 3, 4.445920000000003, 69.63, 6}",0.0,353.38500000000005,3.0,4.445920000000003,69.63,6.0
CHEMBL3643413,CCC(=O)N1CC[C@H](Nc2ncnc3c2CN(c2cnc(OC)c(C(F)(F)F)c2)CC3)C1,30000.0,inactive,"{1, 450.4650000000002, 2.884500000000002, 5, 7, 83.48}",1.0,450.4650000000002,2.884500000000002,5.0,7.0,83.48
CHEMBL4794910,NS(=O)(=O)c1ccc(-n2nc(C(=O)NCCCCCCCCCCC(=O)O)cc2-c2ccccc2)cc1,3040.0,active,"{3, 4.512000000000002, 6, 526.6590000000004, 15, 144.38}",3.0,4.512000000000002,6.0,526.6590000000004,15.0,144.38
CHEMBL2160142,O=C1CSC(N2N=C(c3ccc(Cl)c(Cl)c3)CC2c2ccccc2)=N1,2700.0,active,"{0, 2, 4, 4.773900000000004, 390.29500000000013, 45.03}",0.0,2.0,4.0,4.773900000000004,390.29500000000013,45.03
CHEMBL3823238,Cc1ccc(-c2cc(C(=O)N/N=C/c3c(Cl)c4ccccc4oc3=O)nn2-c2ccc(S(N)(=O)=O)cc2)cc1,6940.0,active,"{2, 4.018820000000002, 6, 8, 562.0070000000003, 149.65}",2.0,4.018820000000002,6.0,8.0,562.0070000000003,149.65
CHEMBL3823400,COc1ccc(-c2cc(C(=O)N/N=C/c3c(Cl)c4ccccc4oc3=O)nn2-c2ccc(S(N)(=O)=O)cc2)cc1,10360.0,inactive,"{578.0060000000003, 2, 3.719000000000001, 7, 9, 158.88}",578.0060000000003,2.0,3.719000000000001,7.0,9.0,158.88
CHEMBL3824003,COc1cccc(-c2cc(C(=O)N/N=C/c3c(Cl)c4ccccc4oc3=O)nn2-c2ccc(S(N)(=O)=O)cc2)c1,6090.0,active,"{578.0060000000002, 2, 3.719000000000001, 7, 9, 158.88}",578.0060000000002,2.0,3.719000000000001,7.0,9.0,158.88
CHEMBL3823735,NS(=O)(=O)c1ccc(-n2nc(C(=O)N/N=C/c3c(Cl)c4ccccc4oc3=O)cc2-c2ccc([N+](=O)[O-])cc2)cc1,130.0,active,"{192.79, 2, 3.6186000000000025, 7, 10, 592.9770000000002}",192.79,2.0,3.6186000000000025,7.0,10.0,592.9770000000002
CHEMBL3933250,Cc1cc(C)c2c(OC(C)C(=O)O)nsc2n1,326900.0,inactive,"{1, 2.16004, 3, 5, 72.31, 252.295}",1.0,2.16004,3.0,5.0,72.31,252.295
CHEMBL3915322,COc1cc2c(cc1OC)CN(C(=O)CCn1sc3nc(C)cc(C)c3c1=O)CC2,303400.0,inactive,"{0, 3.0670400000000013, 5, 7, 73.66, 427.52600000000024}",0.0,3.0670400000000013,5.0,7.0,73.66,427.52600000000024
CHEMBL3974298,Cc1cc(C)c2c(=O)n(CCC(=O)N3CCN(c4cccc(Cl)c4)CC3)sc2n1,388000.0,inactive,"{0, 3.4671400000000023, 4, 6, 430.9610000000001, 58.440000000000005}",0.0,3.4671400000000023,4.0,6.0,430.9610000000001,58.440000000000005
CHEMBL4781249,COC1=CC(=O)C=C(Br)C1=O,4480.0,active,"{0, 1, 0.9473, 3, 43.370000000000005, 217.01799999999997}",0.0,1.0,0.9473,3.0,43.370000000000005,217.01799999999997
CHEMBL2018566,CCNc1nnc(Cn2nc(Cc3ccc([N+](=O)[O-])cc3)c3onc(C)c3c2=O)s1,39600.0,inactive,"{1, 2.5235200000000004, 7, 11, 427.4460000000002, 141.87}",1.0,2.5235200000000004,7.0,11.0,427.4460000000002,141.87
CHEMBL2018675,COc1ccc(Cc2nn(Cc3n[nH]c(=S)n3-c3ccccc3)c(=O)c3c(C)noc23)cc1,10800.0,inactive,"{1, 3.583910000000002, 6, 103.75999999999999, 9, 460.51900000000023}",1.0,3.583910000000002,6.0,103.75999999999999,9.0,460.51900000000023
CHEMBL1288537,COc1ccc2c(c1)C=C(C(=O)O)C(C(F)(F)F)O2,100000.0,inactive,"{1, 2, 3, 2.4865000000000004, 274.19399999999996, 55.760000000000005}",1.0,2.0,3.0,2.4865000000000004,274.19399999999996,55.760000000000005
CHEMBL118,Cc1ccc(-c2cc(C(F)(F)F)nn2-c2ccc(S(N)(=O)=O)cc2)cc1,40.0,active,"{1, 3, 4, 3.5139200000000006, 77.98, 381.3790000000001}",1.0,3.0,4.0,3.5139200000000006,77.98,381.3790000000001
CHEMBL3113227,O=S(=O)(C1CC1)N(c1ccncc1Nc1ccccc1)S(=O)(=O)C1CC1,56760.0,inactive,"{96.44, 1, 2.6160000000000005, 6, 7, 393.4900000000002}",96.44,1.0,2.6160000000000005,6.0,7.0,393.4900000000002
CHEMBL3113225,O=S(=O)(Nc1ccncc1Nc1ccc(O)cc1)C(F)(F)F,100000.0,inactive,"{2.792300000000001, 3, 4, 5, 333.291, 91.32000000000001}",2.792300000000001,3.0,4.0,5.0,333.291,91.32000000000001
CHEMBL2160147,O=C1CSC(N2N=C(c3ccc(Cl)c(Cl)c3)CC2c2cccc(Cl)c2)=N1,16100.0,inactive,"{0, 2, 4, 5.427300000000003, 424.7400000000002, 45.03}",0.0,2.0,4.0,5.427300000000003,424.7400000000002,45.03
CHEMBL4445953,O=C1NC(=S)S/C1=C\c1ccc(OCc2cn(-c3ccc(C(=O)O)cc3)nn2)cc1,360.0,active,"{2, 3.0333000000000006, 6, 8, 106.34, 438.4900000000001}",2.0,3.0333000000000006,6.0,8.0,106.34,438.4900000000001
CHEMBL499069,COc1ccc(-c2c(-c3ccc(S(C)(=O)=O)cc3)[nH]c3ccccc23)cc1,0.02,active,"{1, 3, 4, 4.914000000000003, 377.46500000000003, 59.160000000000004}",1.0,3.0,4.0,4.914000000000003,377.46500000000003,59.160000000000004
CHEMBL1916947,O=C(NS(=O)(=O)c1ccccc1)c1cccnc1,15800.0,inactive,"{1, 1.2003, 3, 4, 262.29, 76.13}",1.0,1.2003,3.0,4.0,262.29,76.13
CHEMBL1916951,Cc1ccc(S(=O)(=O)NC(=O)c2cccnc2)cc1,18200.0,inactive,"{1, 1.50872, 3, 4, 76.13, 276.317}",1.0,1.50872,3.0,4.0,76.13,276.317
CHEMBL3265355,Clc1ccc(-c2nn(-c3ccccc3)cc2-c2nnc(-c3ccncc3)o2)cc1,4400.0,active,"{0, 4, 69.63, 6, 5.304700000000004, 399.8410000000001}",0.0,4.0,69.63,6.0,5.304700000000004,399.8410000000001
CHEMBL3233597,COc1ccc(C2=C(c3ccc(S(N)(=O)=O)cc3)C(=O)NC2=O)cc1,1200.0,active,"{0.9097999999999999, 2, 4, 5, 358.37500000000006, 115.56}",0.9097999999999999,2.0,4.0,5.0,358.37500000000006,115.56
CHEMBL3264694,Clc1ccccc1-n1cc(CSc2nc3ccccc3o2)nn1,3530.0,active,"{0, 4, 4.354200000000002, 6, 342.81100000000004, 56.74}",0.0,4.0,4.354200000000002,6.0,342.81100000000004,56.74
CHEMBL4747094,NS(=O)(=O)c1ccc(-n2nc(C(=O)O)cc2-c2ccc(Cl)s2)cc1,400.0,active,"{2, 2.599800000000001, 4, 6, 115.28000000000002, 383.83799999999997}",2.0,2.599800000000001,4.0,6.0,115.28000000000002,383.83799999999997
CHEMBL3400662,CCC(C)C(=O)O[C@@]12[C@H](OC(C)=O)[C@@H](C)[C@@]3(O)[C@@H](C(=O)C(CO)=C[C@]4(O)C(=O)C(C)=C[C@@H]34)[C@@H]1C2(C)C,50000.0,inactive,"{1.2768999999999995, 3, 5, 9, 147.43, 504.5760000000003}",1.2768999999999995,3.0,5.0,9.0,147.43,504.5760000000003
CHEMBL3410338,NS(=O)(=O)c1ccc(N2N=C3c4ccccc4CCC3C2c2ccccc2)cc1,8340.0,active,"{1, 3, 4, 3.8620000000000037, 75.76, 403.5070000000001}",1.0,3.0,4.0,3.8620000000000037,75.76,403.5070000000001
CHEMBL3402318,COc1ccc2cc(C(C)c3nc4s/c(=C\c5ccc(C(C)C)cc5)c(=O)n4n3)ccc2c1,100000.0,inactive,"{0, 5, 6, 455.58300000000014, 5.135700000000005, 56.489999999999995}",0.0,5.0,6.0,455.58300000000014,5.135700000000005,56.489999999999995
CHEMBL1242275,c1ccc(-c2nnc(-c3cn(-c4ccccc4)nc3-c3ccccc3)o2)cc1,1500.0,active,"{0, 4, 5, 5.256300000000004, 364.4080000000001, 56.74}",0.0,4.0,5.0,5.256300000000004,364.4080000000001,56.74
CHEMBL361504,CCc1onc(-c2ccccc2)c1-c1ccccc1,1490.0,active,"{0, 2, 3, 4.571000000000003, 249.31300000000002, 26.03}",0.0,2.0,3.0,4.571000000000003,249.31300000000002,26.03
CHEMBL1950014,Cc1ccnc(C(=O)c2[nH]c3ccc(OC(F)(F)F)cc3c2CC(=O)O)c1,39.6,active,"{2, 3.628020000000002, 4, 5, 378.30600000000015, 92.28000000000002}",2.0,3.628020000000002,4.0,5.0,378.30600000000015,92.28000000000002
CHEMBL1950020,O=C(O)Cc1c(C(=O)c2cc3c(cn2)CCCC3)[nH]c2cc(Cl)ccc12,19.2,active,"{2, 3, 4, 3.9532000000000034, 368.82, 83.04999999999998}",2.0,3.0,4.0,3.9532000000000034,368.82,83.04999999999998
CHEMBL1950014,Cc1ccnc(C(=O)c2[nH]c3ccc(OC(F)(F)F)cc3c2CC(=O)O)c1,1900.0,active,"{2, 3.628020000000002, 4, 5, 378.30600000000015, 92.28000000000002}",2.0,3.628020000000002,4.0,5.0,378.30600000000015,92.28000000000002
CHEMBL4443350,S=c1nc(-c2ccccc2)cc(-c2cn(-c3ccccc3)nc2-c2ccc(OCc3ccccc3)cc2)[nH]1,1000.0,active,"{512.6380000000003, 1, 5, 7, 7.904890000000006, 55.73}",512.6380000000003,1.0,5.0,7.0,7.904890000000006,55.73
CHEMBL3397727,CCCC/C(=C\c1cc(OCC2CCC(C(F)(F)F)CC2)ccc1OCc1ccc(C(F)(F)F)cc1)C(=O)O,10000.0,inactive,"{1, 3, 8.690100000000006, 11, 558.5590000000003, 55.760000000000005}",1.0,3.0,8.690100000000006,11.0,558.5590000000003,55.760000000000005
CHEMBL3410353,NS(=O)(=O)c1ccc(N2N=C3c4ccccc4CCC3C2c2ccc(Cl)cc2Cl)cc1,32260.0,inactive,"{1, 3, 4, 5.1688000000000045, 75.76, 472.39700000000016}",1.0,3.0,4.0,5.1688000000000045,75.76,472.39700000000016
CHEMBL277006,COc1ccc2c(c1)c(CC(=O)N[C@H](CO)c1ccccc1)c(C)n2C(=O)c1ccc(Cl)cc1,85.0,active,"{2, 4.692520000000004, 5, 7, 80.56, 476.96000000000015}",2.0,4.692520000000004,5.0,7.0,80.56,476.96000000000015
CHEMBL281379,COc1ccc2c(c1)c(CC(=O)N[C@H](CO)CCSC)c(C)n2C(=O)c1ccc(Cl)cc1,1000.0,active,"{2, 4.0729200000000025, 6, 9, 80.56, 475.0100000000001}",2.0,4.0729200000000025,6.0,9.0,80.56,475.0100000000001
CHEMBL4465261,CCOc1ccc(-c2cc(C(=O)N3CCOCC3)nn2-c2ccc(S(N)(=O)=O)cc2)cc1,2990.0,active,"{1, 2.0577999999999994, 6, 7, 456.52400000000006, 116.75}",1.0,2.0577999999999994,6.0,7.0,456.52400000000006,116.75
CHEMBL361504,CCc1onc(-c2ccccc2)c1-c1ccccc1,1490.0,active,"{0, 2, 3, 4.571000000000003, 249.31300000000002, 26.03}",0.0,2.0,3.0,4.571000000000003,249.31300000000002,26.03
CHEMBL407951,CS(=O)(=O)c1ccc(-c2nc(NCc3csc4ccccc34)cc(C(F)(F)F)n2)cc1,10000.0,inactive,"{1, 5, 6, 71.95, 5.392700000000003, 463.5060000000001}",1.0,5.0,6.0,71.95,5.392700000000003,463.5060000000001
CHEMBL270036,NS(=O)(=O)c1ccc(-c2nc(NCc3cccnc3)cc(C(F)(F)F)n2)cc1,10000.0,inactive,"{2, 2.8169000000000013, 5, 6, 110.86000000000001, 409.39300000000003}",2.0,2.8169000000000013,5.0,6.0,110.86000000000001,409.39300000000003
CHEMBL257301,CS(=O)(=O)c1ccc(-c2nc(NCc3nc4ccccc4[nH]3)cc(C(F)(F)F)n2)cc1,10000.0,inactive,"{2, 100.63000000000001, 5, 6, 4.054300000000002, 447.44200000000006}",2.0,100.63000000000001,5.0,6.0,4.054300000000002,447.44200000000006
CHEMBL3264699,Fc1ccccc1-n1cc(CSc2nc3ccccc3o2)nn1,2400.0,active,"{0, 3.8399000000000028, 4, 326.35600000000005, 6, 56.74}",0.0,3.8399000000000028,4.0,326.35600000000005,6.0,56.74
CHEMBL3322419,COc1ccc(C2=NCCN2c2ccc(S(N)(=O)=O)cc2)cc1Cl,6200.0,active,"{1, 2.2628000000000004, 4, 5, 365.8420000000001, 84.98999999999998}",1.0,2.2628000000000004,4.0,5.0,365.8420000000001,84.98999999999998
CHEMBL118,Cc1ccc(-c2cc(C(F)(F)F)nn2-c2ccc(S(N)(=O)=O)cc2)cc1,500.0,active,"{1, 3, 4, 3.5139200000000006, 77.98, 381.3790000000001}",1.0,3.0,4.0,3.5139200000000006,77.98,381.3790000000001
CHEMBL1917099,CC(C)(C)c1ccc(S2=NS(=O)(=O)c3cc([N+](=O)[O-])ccc32)cc1,270.0,active,"{0, 2, 3.8145000000000024, 4, 364.44800000000004, 89.64}",0.0,2.0,3.8145000000000024,4.0,364.44800000000004,89.64
CHEMBL1917102,O=[N+]([O-])c1ccc2c(c1)S(=O)(=O)N=S2c1ccc(-c2ccccc2)cc1,500.0,active,"{384.43800000000005, 0, 3, 4, 4.184000000000003, 89.64}",384.43800000000005,0.0,3.0,4.0,4.184000000000003,89.64
CHEMBL1950010,COc1ccc2c(CC(=O)O)c(C(=O)c3cc(C)ccn3)[nH]c2c1,128.0,active,"{2, 2.7380200000000006, 4, 324.336, 5, 92.28}",2.0,2.7380200000000006,4.0,324.336,5.0,92.28
CHEMBL1630234,Nc1c(Cl)ccc2c1C=C(C(=O)O)C(C(F)(F)F)O2,1480.0,active,"{1, 2, 3, 2.7135, 293.628, 72.55000000000001}",1.0,2.0,3.0,2.7135,293.628,72.55000000000001
CHEMBL4878968,Nc1ccccc1Nc1ccccc1C(=O)NCCc1c[nH]c2ccccc12,1210.0,active,"{3, 4, 4.466200000000002, 6, 370.4560000000001, 82.94}",3.0,4.0,4.466200000000002,6.0,370.4560000000001,82.94
CHEMBL4450248,O=C(/C=C/C1=Cc2ccccc2OC1)c1ccc(F)cc1,370.0,active,"{0, 2, 3, 4.040600000000002, 280.29799999999994, 26.3}",0.0,2.0,3.0,4.040600000000002,280.29799999999994,26.3
CHEMBL4533060,COc1ccc(C(=O)/C=C/C2=Cc3ccccc3OC2)cc1,460.0,active,"{0, 35.53, 3, 292.33400000000006, 4, 3.9101000000000026}",0.0,35.53,3.0,292.33400000000006,4.0,3.9101000000000026
CHEMBL4567855,COc1ccc(C(=O)/C=C/C2=Cc3c(ccc4ccccc34)OC2)cc1,380.0,active,"{0, 35.53, 3, 4, 5.063300000000004, 342.3940000000001}",0.0,35.53,3.0,4.0,5.063300000000004,342.3940000000001
CHEMBL4440974,NS(=O)(=O)c1ccc(-n2nc(C(=O)N3CCSCC3)cc2-c2cccc(Cl)c2)cc1,210.0,active,"{1, 98.29, 3.0291000000000015, 4, 6, 462.98400000000015}",1.0,98.29,3.0291000000000015,4.0,6.0,462.98400000000015
CHEMBL3410347,NS(=O)(=O)c1ccc(N2N=C3c4ccccc4CCC3C2c2ccccc2Cl)cc1,4920.0,active,"{1, 3, 4, 4.515400000000004, 75.76, 437.9520000000001}",1.0,3.0,4.0,4.515400000000004,75.76,437.9520000000001
CHEMBL3410349,NS(=O)(=O)c1ccc(N2N=C3c4ccccc4CCC3C2c2cccc(Br)c2)cc1,3480.0,active,"{1, 482.40300000000013, 3, 4, 4.624500000000004, 75.76}",1.0,482.40300000000013,3.0,4.0,4.624500000000004,75.76
CHEMBL3402332,COc1ccc2cc(C(C)c3nc4s/c(=C\c5ccc(C)s5)c(=O)n4n3)ccc2c1,20500.0,inactive,"{0, 4, 4.382220000000004, 7, 433.5580000000001, 56.489999999999995}",0.0,4.0,4.382220000000004,7.0,433.5580000000001,56.489999999999995
CHEMBL4800072,Nc1cc(-c2ccco2)nn1-c1ccc(C(=O)O)cc1,100000.0,inactive,"{2, 3, 2.4127, 5, 269.26, 94.28}",2.0,3.0,2.4127,5.0,269.26,94.28
CHEMBL4067108,Cc1c(C2=C(N=O)Sc3ccccc3N2)cnn1-c1ccccc1,1830.0,active,"{1, 3, 4.791020000000003, 6, 334.40400000000005, 59.28}",1.0,3.0,4.791020000000003,6.0,334.40400000000005,59.28
CHEMBL4077764,Cc1c(-c2nc3ccccc3nc2N=O)cnn1-c1ccccc1,6600.0,active,"{0, 3, 4.188820000000002, 6, 73.03, 315.336}",0.0,3.0,4.188820000000002,6.0,73.03,315.336
CHEMBL4064047,Cc1c(C(=O)c2conc2C(=O)c2cnn(-c3ccccc3)c2C)cnn1-c1ccccc1,4500.0,active,"{0, 4.1248400000000025, 6, 8, 437.4590000000001, 95.81}",0.0,4.1248400000000025,6.0,8.0,437.4590000000001,95.81
CHEMBL4077191,Cc1ccc(-c2nnc(-c3cnn(-c4ccccc4)c3C)c3nocc23)cc1,1280.0,active,"{0, 3, 4.754340000000004, 69.63, 6, 367.4120000000002}",0.0,3.0,4.754340000000004,69.63,6.0,367.4120000000002
CHEMBL409468,NS(=O)(=O)c1ccc(-c2nc(NCc3ccco3)cc(C(F)(F)F)n2)cc1,358426.41,inactive,"{2, 3.0149000000000017, 5, 6, 398.36600000000004, 111.11000000000001}",2.0,3.0149000000000017,5.0,6.0,398.36600000000004,111.11000000000001
CHEMBL272627,CS(=O)(=O)c1ccc(-c2nc(NCc3ccsc3)cc(C(F)(F)F)n2)cc1,46.5,active,"{1, 4.239500000000003, 5, 6, 71.95, 413.446}",1.0,4.239500000000003,5.0,6.0,71.95,413.446
CHEMBL3425979,CCOC1(c2ccc(O)c(O)c2)Oc2ccc(CCO)cc2OC1O,6040.0,active,"{1.6116999999999992, 4, 5, 7, 108.61000000000001, 348.35100000000006}",1.6116999999999992,4.0,5.0,7.0,108.61000000000001,348.35100000000006
CHEMBL3402594,Cc1c(CC(=O)NC(C)C)cc(-c2ccc(S(C)(=O)=O)cc2)n1-c1cccc(F)c1,7000.0,active,"{1, 4, 68.17, 6, 4.062420000000003, 428.5290000000001}",1.0,4.0,68.17,6.0,4.062420000000003,428.5290000000001
CHEMBL2160145,O=C1CSC(N2N=C(c3ccc(Cl)c(Cl)c3)CC2c2ccc(Br)cc2)=N1,7600.0,active,"{0, 2, 4, 5.536400000000003, 45.03, 469.19100000000014}",0.0,2.0,4.0,5.536400000000003,45.03,469.19100000000014
CHEMBL3309446,NS(=O)(=O)c1ccc(N2N=C(C(F)(F)F)CC2c2ccc3c(c2)OCO3)cc1,15.0,active,"{1, 2.9324000000000012, 3, 6, 413.3770000000001, 94.22000000000001}",1.0,2.9324000000000012,3.0,6.0,413.3770000000001,94.22000000000001
CHEMBL3309825,O=S(=O)(c1ccccc1)N1N=C(C(F)(F)F)CC1c1cccc2c1OCCO2,27090.0,inactive,"{0, 3, 68.2, 5, 3.511800000000002, 412.3890000000002}",0.0,3.0,68.2,5.0,3.511800000000002,412.3890000000002
CHEMBL293229,OCc1ccc(-c2ccsc2-c2ccc(F)cc2)cc1,30000.0,inactive,"{1, 2, 3, 4.713500000000003, 20.23, 284.35499999999996}",1.0,2.0,3.0,4.713500000000003,20.23,284.35499999999996
CHEMBL4063273,COc1cc(/C=C/C(=O)c2ccc(Nc3nc(N4CCOCC4)nc(N4CCOCC4)n3)cc2)cc(OC)c1OC,870.0,active,"{1, 3.210300000000001, 10, 12, 562.6270000000004, 120.4}",1.0,3.210300000000001,10.0,12.0,562.6270000000004,120.4
CHEMBL4791001,COC(=O)CC1N(C(=O)Nc2nnc(C)s2)C(=O)c2ccccc2S1(=O)=O,799900.0,inactive,"{1, 1.19732, 3, 135.63, 9, 410.43300000000016}",1.0,1.19732,3.0,135.63,9.0,410.43300000000016
CHEMBL4799825,COC(=O)CC1NC(=O)c2ccccc2S1(=O)=O,275800.0,inactive,"{0.09289999999999982, 1, 2, 5, 269.278, 89.53999999999999}",0.09289999999999982,1.0,2.0,5.0,269.278,89.53999999999999
CHEMBL4754793,COC(=O)CC1N(C(=O)Nc2ncc(C)s2)C(=O)c2ccccc2S1(=O)=O,194000.0,inactive,"{1, 1.80232, 3, 8, 409.44500000000016, 122.73999999999998}",1.0,1.80232,3.0,8.0,409.44500000000016,122.73999999999998
CHEMBL3289927,CCOC(OCC)c1ccc(/C=C2\CN(C)C/C(=C\c3ccc(C(OCC)OCC)cc3)C2=O)cc1,38210.0,inactive,"{0, 5.811300000000006, 6, 12, 493.6440000000003, 57.230000000000004}",0.0,5.811300000000006,6.0,12.0,493.6440000000003,57.230000000000004
CHEMBL3309823,O=S(=O)(c1ccccc1)N1N=C(C(F)(F)F)CC1c1ccc2c(c1)OCCO2,1970.0,active,"{0, 3, 68.2, 5, 3.511800000000002, 412.3890000000002}",0.0,3.0,68.2,5.0,3.511800000000002,412.3890000000002
CHEMBL274990,CS(=O)(=O)c1ccc(-n2nc(C(F)(F)F)cc2-c2ccc(F)cc2)cc1,100.0,active,"{384.35400000000004, 0, 3, 4, 4.1007000000000025, 51.96}",384.35400000000004,0.0,3.0,4.0,4.1007000000000025,51.96
CHEMBL3331466,CC(C)c1c(COC(=O)C(C)c2cccc(C(=O)c3ccccc3)c2)n(C)n(-c2ccccc2)c1=O,40.0,active,"{0, 482.58000000000015, 5.377300000000005, 70.30000000000001, 6, 8}",0.0,482.58000000000015,5.377300000000005,70.30000000000001,6.0,8.0
CHEMBL274893,CS(=O)(=O)c1ccc(C2=C(c3ccc(F)cc3)CCC2)cc1,26.0,active,"{0, 2, 3, 34.14, 4.323900000000004, 316.3970000000001}",0.0,2.0,3.0,34.14,4.323900000000004,316.3970000000001
CHEMBL3322420,NS(=O)(=O)c1ccc(N2CCN=C2c2ccc(F)c(F)c2)cc1,6700.0,active,"{1, 1.8790000000000002, 3, 4, 75.76, 337.351}",1.0,1.8790000000000002,3.0,4.0,75.76,337.351
CHEMBL2333755,CCN(CC)C(=O)/C=C/c1c(/C=C/c2ccc(OC)cc2)cc(OC)cc1OC,4670.0,active,"{0, 4, 4.764400000000005, 9, 395.49900000000014, 48.0}",0.0,4.0,4.764400000000005,9.0,395.49900000000014,48.0
CHEMBL4455511,CCc1ccc(-n2cc(CNC(=O)C(=O)c3cc4ccccc4[nH]3)nn2)cc1,120.0,active,"{2, 2.8101000000000003, 5, 6, 373.416, 92.67}",2.0,2.8101000000000003,5.0,6.0,373.416,92.67
CHEMBL4471323,CCC1SCC(=O)N1c1c(C#N)c2n(c1C(=O)Nc1ccccc1)CCC2,10790.0,inactive,"{1, 3.3741800000000026, 4, 5, 78.13, 380.4730000000001}",1.0,3.3741800000000026,4.0,5.0,78.13,380.4730000000001
CHEMBL4528233,CCC1SCC(=O)N1c1c(C#N)c2n(c1C(=O)Nc1ccc(Cl)cc1)CCC2,1150.0,active,"{1, 4, 5, 4.027580000000002, 78.13, 414.9180000000001}",1.0,4.0,5.0,4.027580000000002,78.13,414.9180000000001
CHEMBL4440531,CCO/C=N/c1nnc(-c2ccccc2)o1,110.0,active,"{0, 2.432900000000001, 4, 5, 217.22800000000004, 60.510000000000005}",0.0,2.432900000000001,4.0,5.0,217.22800000000004,60.510000000000005
CHEMBL2023860,COc1ccccc1-c1csc(Nc2ccc3c(c2)OCO3)n1,930.0,active,"{1, 4, 4.291000000000002, 326.37700000000007, 6, 52.61}",1.0,4.0,4.291000000000002,326.37700000000007,6.0,52.61
CHEMBL1907465,COc1ccccc1-c1csc(Nc2ccc(Oc3ccccc3)cc2)n1,5000.0,active,"{1, 5, 6, 6.354600000000004, 43.379999999999995, 374.4650000000001}",1.0,5.0,6.0,6.354600000000004,43.379999999999995,374.4650000000001
CHEMBL2283156,CCCCCCCC(=C(c1ccccc1)c1ccccc1)c1ccc(S(C)(=O)=O)cc1,150.0,active,"{0, 2, 34.14, 7.40970000000001, 10, 432.6290000000002}",0.0,2.0,34.14,7.40970000000001,10.0,432.6290000000002
CHEMBL2283181,CCCC/C(=C(\c1ccccc1)c1ccc(N=[N+]=[N-])cc1)c1ccccc1,1000.0,active,"{0, 353.46900000000005, 1, 7, 7.7777000000000065, 48.760000000000005}",0.0,353.46900000000005,1.0,7.0,7.7777000000000065,48.760000000000005
CHEMBL2283178,C/C(=C(\c1ccccc1)c1ccc(NS(C)(=O)=O)cc1)c1ccccc1,33100.0,inactive,"{1, 2, 5, 5.037100000000004, 363.482, 46.17}",1.0,2.0,5.0,5.037100000000004,363.482,46.17
CHEMBL3325870,Cc1nn(-c2ccccc2)c(Cl)c1/C=N/Nc1nc2ccccc2[nH]c1=O,32000.0,inactive,"{2, 3.5166200000000014, 4, 6, 87.96000000000001, 378.8230000000001}",2.0,3.5166200000000014,4.0,6.0,87.96000000000001,378.8230000000001
CHEMBL2315853,O=C(N[C@H]1CCC[C@@H]1OCc1ccccc1)C1CCN(c2nc3cc(Cl)ccc3o2)CC1,100000.0,inactive,"{1, 67.6, 4.951700000000004, 5, 453.9700000000003, 6}",1.0,67.6,4.951700000000004,5.0,453.9700000000003,6.0
CHEMBL4797489,C/C(=N\Nc1nc(-c2ccc(Cl)cc2)cs1)c1nnn(-c2ccc(C(=O)O)cc2)c1C,70.0,active,"{2, 452.9270000000002, 4.8869200000000035, 6, 8, 105.29}",2.0,452.9270000000002,4.8869200000000035,6.0,8.0,105.29
CHEMBL118,Cc1ccc(-c2cc(C(F)(F)F)nn2-c2ccc(S(N)(=O)=O)cc2)cc1,390000.0,inactive,"{1, 3, 4, 3.5139200000000006, 77.98, 381.3790000000001}",1.0,3.0,4.0,3.5139200000000006,77.98,381.3790000000001
CHEMBL71010,NS(=O)(=O)c1ccc(-c2coc(=O)n2-c2ccccc2Cl)cc1,6501.3,active,"{1, 2.3983000000000008, 3, 5, 350.783, 95.30000000000001}",1.0,2.3983000000000008,3.0,5.0,350.783,95.30000000000001
CHEMBL601015,CS(=O)(=O)c1ccc(-n2nc(C(F)(F)F)cc2C2=CCN(CCCCO[N+](=O)[O-])CC2)cc1,12800.0,inactive,"{0, 3.372200000000002, 488.4880000000004, 9, 8, 107.57000000000002}",0.0,3.372200000000002,488.4880000000004,9.0,8.0,107.57000000000002
CHEMBL1078378,CCc1cccc(Nc2cnccc2NS(C)(=O)=O)c1,100000.0,inactive,"{2, 291.37600000000003, 4, 5, 2.7591, 71.09}",2.0,291.37600000000003,4.0,5.0,2.7591,71.09
CHEMBL2234866,Cn1cccc1CCCNc1cc(C(F)(F)F)nc(-c2ccc(S(C)(=O)=O)cc2)n1,251258.06,inactive,"{1, 3.9491000000000023, 6, 7, 76.88, 438.47500000000014}",1.0,3.9491000000000023,6.0,7.0,76.88,438.47500000000014
CHEMBL270294,CS(=O)(=O)c1ccc(-c2nc(SCc3cccs3)cc(C(F)(F)F)n2)cc1,243904605.0,inactive,"{0, 4.919700000000003, 5, 6, 430.49800000000005, 59.92}",0.0,4.919700000000003,5.0,6.0,430.49800000000005,59.92
CHEMBL271763,CS(=O)(=O)c1ccc(-c2nc(NCc3ccncc3)cc(C(F)(F)F)n2)cc1,3350117.2,inactive,"{1, 3.573000000000002, 5, 6, 84.84, 408.40500000000003}",1.0,3.573000000000002,5.0,6.0,84.84,408.40500000000003
CHEMBL272627,CS(=O)(=O)c1ccc(-c2nc(NCc3ccsc3)cc(C(F)(F)F)n2)cc1,21505522.57,inactive,"{1, 4.239500000000003, 5, 6, 71.95, 413.446}",1.0,4.239500000000003,5.0,6.0,71.95,413.446
CHEMBL2315015,COc1ccc2cc([C@H](C)C(=O)OCCn3c4ccccc4c(=O)c4ccccc43)ccc2c1,6800.0,active,"{0, 451.5220000000001, 5, 6, 5.663400000000005, 57.53}",0.0,451.5220000000001,5.0,6.0,5.663400000000005,57.53
CHEMBL2315853,O=C(N[C@H]1CCC[C@@H]1OCc1ccccc1)C1CCN(c2nc3cc(Cl)ccc3o2)CC1,7560.0,active,"{1, 67.6, 4.951700000000004, 5, 453.9700000000003, 6}",1.0,67.6,4.951700000000004,5.0,453.9700000000003,6.0
CHEMBL4473089,CCCCn1c(C)c2c(c1C)C(=O)N(CN1CCN(c3ccccc3F)CC1)C2=O,44000.0,inactive,"{0, 3.4198400000000024, 5, 6, 48.790000000000006, 412.5090000000001}",0.0,3.4198400000000024,5.0,6.0,48.790000000000006,412.5090000000001
CHEMBL4559331,NS(=O)(=O)c1ccc(-c2nnnn2-c2ccc(CCO)cc2)cc1,99000.0,inactive,"{0.5114999999999994, 2, 5, 7, 345.38400000000007, 123.99000000000002}",0.5114999999999994,2.0,5.0,7.0,345.38400000000007,123.99000000000002
CHEMBL4588254,NS(=O)(=O)c1ccc(-c2nnnn2-c2ccc(CO)cc2)cc1,24000.0,inactive,"{0.46899999999999975, 2, 4, 7, 331.357, 123.99000000000002}",0.46899999999999975,2.0,4.0,7.0,331.357,123.99000000000002
CHEMBL183279,COc1ccc(Sc2c(C#N)[nH]c3cc(S(C)(=O)=O)ccc23)c(Cl)c1,330.0,active,"{1, 4, 5, 4.256280000000002, 392.8890000000001, 82.94999999999999}",1.0,4.0,5.0,4.256280000000002,392.8890000000001,82.94999999999999
CHEMBL5280391,CC1=NN(c2ccccc2)C(=O)/C1=N/Nc1cccc(-c2nc3ccccc3s2)c1,100.0,active,"{1, 4, 69.95, 6, 5.153900000000003, 411.4900000000001}",1.0,4.0,69.95,6.0,5.153900000000003,411.4900000000001
CHEMBL322703,CC1(C)OC(=O)C(Oc2ccc(Br)cn2)=C1c1ccc(S(C)(=O)=O)cc1,20.0,active,"{0, 3.3731000000000027, 4, 6, 82.56, 438.29900000000015}",0.0,3.3731000000000027,4.0,6.0,82.56,438.29900000000015
CHEMBL5266991,C=C1c2nc3ccccc3n2CC(c2ccc(S(C)(=O)=O)cc2)N1c1cc(OC)c(OC)c(OC)c1,110.0,active,"{0, 4.6978000000000035, 6, 8, 82.89000000000001, 505.5960000000003}",0.0,4.6978000000000035,6.0,8.0,82.89000000000001,505.5960000000003
CHEMBL5284968,C[C@H](NC(=O)c1nc2c(cnn2-c2ccccc2)c(=O)[nH]1)c1ccccc1,11700.0,inactive,"{2, 2.599800000000001, 4, 5, 359.38900000000007, 92.66999999999999}",2.0,2.599800000000001,4.0,5.0,359.38900000000007,92.66999999999999
CHEMBL5279915,Cc1cc(-c2ccccc2)n(-c2nc3c(cnn3-c3ccccc3)c(=O)n2-c2ccccc2)n1,870.0,active,"{0, 4, 4.732520000000004, 70.53, 7, 444.4980000000001}",0.0,4.0,4.732520000000004,70.53,7.0,444.4980000000001
CHEMBL4537621,COc1ccc2cc(CCS(C)(=O)=O)ccc2c1,10000.0,inactive,"{0, 2.4355, 3, 4, 264.34599999999995, 43.370000000000005}",0.0,2.4355,3.0,4.0,264.34599999999995,43.370000000000005
CHEMBL2063734,CC(C(=O)O)c1ccc(OC2CCCC2)cc1F,26300.0,inactive,"{1, 2, 3.335200000000002, 4, 46.53, 252.2849999999999}",1.0,2.0,3.335200000000002,4.0,46.53,252.2849999999999
CHEMBL1775091,c1ccc(Oc2ccc(OCCN3CCCC3)cc2)nc1,34400.0,inactive,"{0, 34.59, 3.3485000000000014, 4, 6, 284.3589999999999}",0.0,34.59,3.3485000000000014,4.0,6.0,284.3589999999999
CHEMBL1775096,CS(=O)(=O)c1ccc(Oc2ccc(OCCN3CCCC3)cc2)c([N+](=O)[O-])c1,100000.0,inactive,"{0, 98.98000000000002, 3.265200000000002, 7, 8, 406.4600000000002}",0.0,98.98000000000002,3.265200000000002,7.0,8.0,406.4600000000002
CHEMBL1775102,Fc1ccc(Oc2ccc(OCCN3CCCC3)cc2)cc1,100000.0,inactive,"{0, 3, 4.092600000000003, 6, 301.36099999999993, 21.700000000000003}",0.0,3.0,4.092600000000003,6.0,301.36099999999993,21.700000000000003
CHEMBL1775087,O=[N+]([O-])c1ccccc1Oc1ccc(OCCN2CCCC2)cc1,8400.0,active,"{0, 64.84, 3.8617000000000026, 5, 7, 328.3680000000001}",0.0,64.84,3.8617000000000026,5.0,7.0,328.3680000000001
CHEMBL1775109,CS(=O)(=O)N(c1cccc(Oc2ccc(OCCN3CCCC3)cc2)c1)S(C)(=O)=O,100000.0,inactive,"{0, 2.679100000000001, 454.5700000000003, 7, 9, 93.22}",0.0,2.679100000000001,454.5700000000003,7.0,9.0,93.22
CHEMBL4794203,C/C(=N\NC(N)=S)c1nnn(-c2ccc(Cl)cc2)c1C,240.0,active,"{1.78632, 2, 3, 5, 81.12, 308.79800000000006}",1.78632,2.0,3.0,5.0,81.12,308.79800000000006
CHEMBL4061105,Cc1c(C(=O)NCCc2ccccc2)nc2ccc(Cl)cc2c1O,2540.0,active,"{2, 3, 4, 3.874720000000003, 340.8100000000001, 62.22}",2.0,3.0,4.0,3.874720000000003,340.8100000000001,62.22
CHEMBL1682201,CC(=O)c1ccc(Nc2cccc(C(=O)O)c2)cc1,100000.0,inactive,"{2, 3, 4, 66.4, 3.3310000000000004, 255.273}",2.0,3.0,4.0,66.4,3.3310000000000004,255.273
CHEMBL4449420,Nc1onc(-c2ccc([N+](=O)[O-])cc2)c1-c1ccc(F)cc1,50000.0,inactive,"{1, 3, 3.6381000000000014, 5, 299.26099999999997, 95.19}",1.0,3.0,3.6381000000000014,5.0,299.26099999999997,95.19
CHEMBL4867038,CCCCOc1nc(-c2ccc(F)cc2)c(-c2ccc(S(C)(=O)=O)cc2)cc1CO,49.0,active,"{1, 4.629400000000006, 5, 8, 76.49, 429.5130000000002}",1.0,4.629400000000006,5.0,8.0,76.49,429.5130000000002
CHEMBL4870569,CCCCOc1nc(OCC2(O)CCC2)c(-c2ccc(S(C)(=O)=O)cc2)cc1CO,37.0,active,"{2, 3.117100000000002, 7, 105.95, 10, 435.54200000000014}",2.0,3.117100000000002,7.0,105.95,10.0,435.54200000000014
CHEMBL4859571,CC(C)(O)COc1nc(OCCCC(F)(F)F)c(CO)cc1-c1ccc(S(C)(=O)=O)cc1,360.0,active,"{2, 3.5154000000000023, 7, 105.94999999999999, 10, 477.50100000000015}",2.0,3.5154000000000023,7.0,105.94999999999999,10.0,477.50100000000015
CHEMBL1630255,CC(C)CN(C)c1cc2c(cc1Cl)C=C(C(=O)O)[C@H](C(F)(F)F)O2,85.0,active,"{1, 3, 4, 4.223500000000002, 363.763, 49.77000000000001}",1.0,3.0,4.0,4.223500000000002,363.763,49.77000000000001
CHEMBL1630256,CC(C)CN(C)c1cc2c(cc1Cl)C=C(C(=O)O)[C@@H](C(F)(F)F)O2,870.0,active,"{1, 3, 4, 4.223500000000002, 363.763, 49.77000000000001}",1.0,3.0,4.0,4.223500000000002,363.763,49.77000000000001
CHEMBL4872034,O=C(NCCc1c[nH]c2ccccc12)c1ccccc1Nc1cccc(F)c1,40000.0,inactive,"{2, 3, 5.023100000000003, 6, 373.4310000000001, 56.92}",2.0,3.0,5.023100000000003,6.0,373.4310000000001,56.92
CHEMBL4858939,O=C(NCCc1c[nH]c2ccccc12)c1ccccc1Nc1ccc(Cl)cc1,3980.0,active,"{2, 3, 389.8860000000001, 6, 5.537400000000003, 56.92}",2.0,3.0,389.8860000000001,6.0,5.537400000000003,56.92
CHEMBL4873475,O=C(NCCc1c[nH]c2ccccc12)c1ccccc1Nc1ccc(C(F)(F)F)cc1,40000.0,inactive,"{2, 3, 5.902800000000004, 6, 423.4380000000001, 56.92}",2.0,3.0,5.902800000000004,6.0,423.4380000000001,56.92
CHEMBL4861158,COc1cc(Nc2ccccc2C(=O)NCCc2c[nH]c3ccccc23)cc(OC)c1OC,8290.0,active,"{3, 4.909800000000004, 5, 9, 84.61000000000001, 445.5190000000002}",3.0,4.909800000000004,5.0,9.0,84.61000000000001,445.5190000000002
CHEMBL275664,CC1(O)OC(=O)C(c2ccc(Cl)cc2)=C1c1ccc(S(C)(=O)=O)cc1,1700.0,active,"{1, 2.919600000000001, 3, 5, 80.67, 378.8330000000001}",1.0,2.919600000000001,3.0,5.0,80.67,378.8330000000001
CHEMBL18040,CC1(O)OC(=O)C(c2ccc(F)cc2)=C1c1ccc(S(C)(=O)=O)cc1,1800.0,active,"{1, 2.4053000000000004, 3, 5, 362.3780000000001, 80.67}",1.0,2.4053000000000004,3.0,5.0,362.3780000000001,80.67
CHEMBL18796,CC1(O)OC(=O)C(Oc2ccc(F)c(F)c2)=C1c1ccc(S(C)(=O)=O)cc1,33000.0,inactive,"{1, 2.4237, 4, 6, 396.3670000000001, 89.9}",1.0,2.4237,4.0,6.0,396.3670000000001,89.9
CHEMBL16826,CC(C)(C)c1cc(-c2nnc(N=C(N)N)s2)cc(C(C)(C)C)c1O,17000.0,inactive,"{2, 3, 3.410600000000002, 5, 110.41, 347.4880000000001}",2.0,3.0,3.410600000000002,5.0,110.41,347.4880000000001
CHEMBL4471266,CS(=O)(=O)c1ccc(Cc2nnnn2-c2ccc(CO)cc2)cc1,38000.0,inactive,"{1, 97.97000000000001, 1.1489, 5, 7, 344.3960000000001}",1.0,97.97000000000001,1.1489,5.0,7.0,344.3960000000001
CHEMBL17062,Cc1nc(-c2ccc(S(N)(=O)=O)cc2)c(-c2ccccc2)s1,29.0,active,"{1, 3, 4, 3.432920000000002, 73.05, 330.43399999999997}",1.0,3.0,4.0,3.432920000000002,73.05,330.43399999999997
CHEMBL302527,C=CCn1cc(-c2ccc(F)cc2)c(-c2ccc(S(C)(=O)=O)cc2)n1,100000.0,inactive,"{0, 3.945700000000003, 4, 356.422, 5, 51.96}",0.0,3.945700000000003,4.0,356.422,5.0,51.96
CHEMBL118,Cc1ccc(-c2cc(C(F)(F)F)nn2-c2ccc(S(N)(=O)=O)cc2)cc1,7.0,active,"{1, 3, 4, 3.5139200000000006, 77.98, 381.3790000000001}",1.0,3.0,4.0,3.5139200000000006,77.98,381.3790000000001
CHEMBL4062843,CN(C)/C=C/C(=O)c1ccc(Nc2nc(N3CCOCC3)nc(N3CCOCC3)n2)cc1,550.0,active,"{1, 1.5464000000000002, 7, 10, 439.5200000000003, 95.95}",1.0,1.5464000000000002,7.0,10.0,439.5200000000003,95.95
CHEMBL4089144,COc1cc(C2CC(c3ccc(Nc4nc(N5CCCCC5)nc(N5CCCCC5)n4)cc3)=NN2C(C)=O)cc(OC)c1OC,690.0,active,"{1, 5.319200000000005, 614.7510000000003, 9, 11, 117.53999999999999}",1.0,5.319200000000005,614.7510000000003,9.0,11.0,117.53999999999999
CHEMBL4104574,CC(=O)c1ccc(Nc2nc(N3CCCCC3)nc(N3CCCCC3)n2)cc1,2410.0,active,"{1, 3.7984000000000027, 5, 7, 74.25, 380.49600000000015}",1.0,3.7984000000000027,5.0,7.0,74.25,380.49600000000015
CHEMBL324670,CC1(C)OC(=O)C(Sc2ccccc2)=C1c1ccc(S(C)(=O)=O)cc1,1500.0,active,"{0, 3.9289000000000023, 4, 5, 374.4830000000001, 60.440000000000005}",0.0,3.9289000000000023,4.0,5.0,374.4830000000001,60.440000000000005
CHEMBL110392,Cc1cccc(OC2=C(c3ccc(S(C)(=O)=O)cc3)C(C)(C)OC2=O)c1,280.0,active,"{0, 3.524020000000002, 4, 5, 69.67000000000002, 372.4420000000001}",0.0,3.524020000000002,4.0,5.0,69.67000000000002,372.4420000000001
CHEMBL428710,CS(=O)(=O)c1ccc(C2=C(c3cc(Cl)ccn3)C(=O)CC2)cc1,190.0,active,"{0, 64.1, 3, 4, 3.412200000000002, 347.82300000000015}",0.0,64.1,3.0,4.0,3.412200000000002,347.82300000000015
CHEMBL410419,CC1(C)OC(=O)C(Nc2ccccc2)=C1c1ccc(S(C)(=O)=O)cc1,500.0,active,"{1, 3.248700000000002, 4, 5, 357.4310000000001, 72.47}",1.0,3.248700000000002,4.0,5.0,357.4310000000001,72.47
CHEMBL157714,C=Cc1nc2sc(-c3ccc(S(C)(=O)=O)cc3)c(-c3ccccc3)n2n1,4100.0,active,"{0, 64.33, 4, 4.171300000000003, 6, 381.4820000000001}",0.0,64.33,4.0,4.171300000000003,6.0,381.4820000000001
CHEMBL43282,CS(=O)(=O)c1ccc(-n2cc(C(F)(F)F)nc2-c2cccc(F)c2)cc1,120.0,active,"{384.35400000000004, 0, 3, 4, 4.1007000000000025, 51.96}",384.35400000000004,0.0,3.0,4.0,4.1007000000000025,51.96
CHEMBL3977032,CCC(C(=O)N1CCN(c2ccccc2)CC1)n1sc2nc(C)cc(C)c2c1=O,343600.0,inactive,"{0, 3.374740000000002, 4, 58.440000000000005, 6, 410.54300000000023}",0.0,3.374740000000002,4.0,58.440000000000005,6.0,410.54300000000023
CHEMBL67581,COc1ccc(-n2nc(C(=O)CCCO[N+](=O)[O-])cc2-c2ccc(S(C)(=O)=O)cc2)cc1,2500.0,active,"{0, 130.63, 3.122600000000002, 9, 10, 459.48000000000013}",0.0,130.63,3.122600000000002,9.0,10.0,459.48000000000013
CHEMBL5290170,COc1ccc2c(c1)c(Cc1nonc1O)c(C)n2C(=O)c1ccccc1,100000.0,inactive,"{1, 3.326220000000001, 4, 7, 363.37300000000005, 90.38}",1.0,3.326220000000001,4.0,7.0,363.37300000000005,90.38
CHEMBL5181965,NS(=O)(=O)c1ccc(-n2nc3ccccc3c2-c2ccc([18F])cc2)cc1,400.0,active,"{1, 3, 4, 3.479000000000002, 77.98, 366.40793800000006}",1.0,3.0,4.0,3.479000000000002,77.98,366.40793800000006
CHEMBL1221730,CCC(=C(c1ccccc1)c1ccccc1)c1ccc(S(C)(=O)=O)cc1,1200.0,active,"{0, 2, 34.14, 5, 5.459200000000005, 362.4940000000001}",0.0,2.0,34.14,5.0,5.459200000000005,362.4940000000001
CHEMBL5266357,N#Cc1c(-c2ccc(Cl)cc2)csc1NC(=O)CN1CCOCC1,5450.0,active,"{65.36, 1, 3.2108800000000013, 4, 5, 361.85400000000027}",65.36,1.0,3.2108800000000013,4.0,5.0,361.85400000000027
CHEMBL5198267,CC1=NN(c2ccccc2C(=O)O)C(=O)/C1=N/Nc1ccc(S(N)(=O)=O)cc1,720.0,active,"{1.2227999999999997, 3, 5, 7, 401.4040000000001, 154.51999999999998}",1.2227999999999997,3.0,5.0,7.0,401.4040000000001,154.51999999999998
CHEMBL5274157,CSc1nn(-c2ccc(S(C)(=O)=O)cc2)c2ncnc(NCC(=O)/N=C/c3ccco3)c12,100.0,active,"{1, 2.591500000000001, 132.34, 7, 10, 470.5360000000002}",1.0,2.591500000000001,132.34,7.0,10.0,470.5360000000002
CHEMBL313048,CS(=O)(=O)c1ccc([C@@H](CO)[C@H](C(=O)O)c2ccccc2)cc1,33000.0,inactive,"{2, 2.0344, 4, 6, 334.39300000000003, 91.67}",2.0,2.0344,4.0,6.0,334.39300000000003,91.67
CHEMBL3746930,NS(=O)(=O)c1ccc(N2N=C(c3ccco3)CC2c2ccccc2)cc1,3890.0,active,"{1, 3.282700000000003, 4, 5, 367.43, 88.9}",1.0,3.282700000000003,4.0,5.0,367.43,88.9
CHEMBL18251,CC1(O)OC(=O)C(c2ccc(Cl)c(Cl)c2)=C1c1ccc(S(C)(=O)=O)cc1,70.0,active,"{1, 3, 3.573000000000003, 5, 80.67, 413.27800000000013}",1.0,3.0,3.573000000000003,5.0,80.67,413.27800000000013
CHEMBL18316,CC1(O)OC(=O)C(c2ccccc2)=C1c1ccc(S(C)(=O)=O)cc1,160.0,active,"{1, 2.2662000000000004, 3, 5, 80.67, 344.3880000000001}",1.0,2.2662000000000004,3.0,5.0,80.67,344.3880000000001
CHEMBL280009,CC1(O)OC(=O)C(c2ccc(F)c(F)c2)=C1c1ccc(S(C)(=O)=O)cc1,200.0,active,"{1, 2.5444000000000004, 3, 5, 80.67, 380.36800000000005}",1.0,2.5444000000000004,3.0,5.0,80.67,380.36800000000005
CHEMBL280009,CC1(O)OC(=O)C(c2ccc(F)c(F)c2)=C1c1ccc(S(C)(=O)=O)cc1,6300.0,active,"{1, 2.5444000000000004, 3, 5, 80.67, 380.36800000000005}",1.0,2.5444000000000004,3.0,5.0,80.67,380.36800000000005
CHEMBL274893,CS(=O)(=O)c1ccc(C2=C(c3ccc(F)cc3)CCC2)cc1,300.0,active,"{0, 2, 3, 34.14, 4.323900000000004, 316.3970000000001}",0.0,2.0,3.0,34.14,4.323900000000004,316.3970000000001
CHEMBL2087935,NS(=O)(=O)c1ccc(NN2C(=O)CSC2c2ccccc2)cc1,78200.0,inactive,"{1.9351000000000005, 2, 4, 5, 92.5, 349.437}",1.9351000000000005,2.0,4.0,5.0,92.5,349.437
CHEMBL338371,Cc1cc(=O)c(-c2ccc3c(c2)CCCC3)c(-c2ccc(S(C)(=O)=O)cc2)o1,10000.0,inactive,"{0, 64.35, 3, 4, 4.564520000000004, 394.4920000000001}",0.0,64.35,3.0,4.0,4.564520000000004,394.4920000000001
CHEMBL455027,COc1cc(C(O)C(COC(=O)/C=C/c2ccc(O)cc2)Oc2ccc(/C=C/COC(=O)/C=C/c3ccc(O)cc3)cc2OC)ccc1O,100.0,active,"{161.20999999999998, 4, 5.8280000000000065, 11, 15, 668.6950000000003}",161.20999999999998,4.0,5.8280000000000065,11.0,15.0,668.6950000000003
CHEMBL107706,CC1(C)OC(=O)C(Oc2ccc(F)cn2)=C1c1ccc(S(C)(=O)=O)cc1,40.0,active,"{0, 2.7497000000000016, 4, 6, 82.56, 377.3930000000001}",0.0,2.7497000000000016,4.0,6.0,82.56,377.3930000000001
CHEMBL89392,CS(=O)(=O)c1ccc([C@H]2COC(=O)[C@H]2c2ccccc2)cc1,100000.0,inactive,"{0, 2.5143000000000004, 3, 4, 60.440000000000005, 316.378}",0.0,2.5143000000000004,3.0,4.0,60.440000000000005,316.378
CHEMBL399198,COc1ccc2c(c1)c(CC(=O)NCC(C)(C)CO[N+](=O)[O-])c(C)n2C(=O)c1ccc(Cl)cc1,1200.0,active,"{1, 4.193420000000003, 7, 487.94000000000017, 9, 112.69999999999999}",1.0,4.193420000000003,7.0,487.94000000000017,9.0,112.69999999999999
CHEMBL429796,COc1ccc2c(c1)c(CCOC(=O)NS(=O)(=O)NCCCO[N+](=O)[O-])c(C)n2C(=O)c1ccc(Cl)cc1,100000.0,inactive,"{2, 3.0017200000000015, 168.1, 10, 12, 568.9920000000003}",2.0,3.0017200000000015,168.1,10.0,12.0,568.9920000000003
CHEMBL322807,CC1(C)OC(=O)C(Oc2ncccc2Cl)=C1c1ccc(S(C)(=O)=O)cc1,90.0,active,"{0, 3.264000000000002, 4, 6, 393.8480000000001, 82.56}",0.0,3.264000000000002,4.0,6.0,393.8480000000001,82.56
CHEMBL2023859,Clc1ccccc1-c1csc(Nc2ccc3c(c2)OCO3)n1,910.0,active,"{1, 3, 4.935800000000002, 5, 330.7960000000001, 43.379999999999995}",1.0,3.0,4.935800000000002,5.0,330.7960000000001,43.379999999999995
CHEMBL4569865,CCOc1ccc(-c2cc(C(=O)OCCCN3CCOCC3)nn2-c2ccc(S(N)(=O)=O)cc2)cc1,7640.0,active,"{1, 514.6040000000003, 2.4645, 9, 10, 125.97999999999999}",1.0,514.6040000000003,2.4645,9.0,10.0,125.97999999999999
CHEMBL4571604,C(=N/Nc1nnc(-c2ccncc2)o1)\c1ccccc1,430.0,active,"{1, 2.5776000000000003, 4, 6, 265.276, 76.2}",1.0,2.5776000000000003,4.0,6.0,265.276,76.2
CHEMBL29620,NS(=O)(=O)c1ccc(-n2nc(C(F)(F)F)cc2-c2cccc(F)c2)cc1,7730.0,active,"{385.34200000000004, 1, 3, 4, 3.3446000000000016, 77.98}",385.34200000000004,1.0,3.0,4.0,3.3446000000000016,77.98
CHEMBL287447,NS(=O)(=O)c1ccc(-n2nc(CO)c(Cl)c2-c2ccc(Cl)cc2)cc1,340.0,active,"{2, 98.21000000000001, 4, 5, 2.985800000000001, 398.2710000000001}",2.0,98.21000000000001,4.0,5.0,2.985800000000001,398.2710000000001
CHEMBL190011,COC1(c2cc(-c3ccc(S(C)(=O)=O)cc3)n(-c3ccc(C)cc3)n2)CCCO1,1200.0,active,"{0, 3.860820000000003, 5, 70.42, 6, 412.5110000000002}",0.0,3.860820000000003,5.0,70.42,6.0,412.5110000000002
CHEMBL278336,CS(=O)(=O)c1ccc(C2=C(C#Cc3ccccc3)C(=O)CC2)cc1,640.0,active,"{0, 2, 3, 3.258300000000002, 336.41200000000015, 51.21}",0.0,2.0,3.0,3.258300000000002,336.41200000000015,51.21
CHEMBL29887,COc1ccc(-c2cc(C(F)(F)F)nn2-c2ccc(S(N)(=O)=O)cc2)cc1C,9.3,active,"{1, 3.522520000000001, 4, 5, 87.21000000000001, 411.40500000000014}",1.0,3.522520000000001,4.0,5.0,87.21000000000001,411.40500000000014
CHEMBL27975,NS(=O)(=O)c1ccc(-n2ncc(Br)c2-c2ccc(Cl)cc2)cc1,31.0,active,"{1, 3, 4, 3.6026000000000016, 77.98, 412.69600000000014}",1.0,3.0,4.0,3.6026000000000016,77.98,412.69600000000014
CHEMBL149076,Cc1csc2nc(-c3ccccc3)c(-c3ccc(S(C)(=O)=O)cc3)n12,3000.0,active,"{0, 3, 4.441720000000004, 5, 368.4830000000001, 51.44}",0.0,3.0,4.441720000000004,5.0,368.4830000000001,51.44
CHEMBL282084,Nc1ccc(-c2cc(C(F)(F)F)nn2-c2ccc(S(N)(=O)=O)cc2)cc1,340.0,active,"{2, 3, 2.787700000000001, 5, 104.0, 382.3670000000001}",2.0,3.0,2.787700000000001,5.0,104.0,382.3670000000001
CHEMBL72294,Cc1ccc(-n2c(-c3ccc(S(N)(=O)=O)cc3)c(C)oc2=O)cc1,1700.0,active,"{1, 2.36174, 3, 5, 344.3920000000001, 95.30000000000001}",1.0,2.36174,3.0,5.0,344.3920000000001,95.30000000000001
CHEMBL376143,CCS(=O)(=O)Nc1ccncc1Oc1ccccc1,14110.0,inactive,"{1, 2.6355000000000004, 4, 5, 68.29, 278.333}",1.0,2.6355000000000004,4.0,5.0,68.29,278.333
CHEMBL2171253,C[C@H](C(=O)O)c1ccc2c3cc(Cl)ccc3n(C(=O)c3cocn3)c2c1,2500.0,active,"{1, 3, 4.312500000000003, 5, 368.7760000000001, 85.33}",1.0,3.0,4.312500000000003,5.0,368.7760000000001,85.33
CHEMBL4177185,CS(=O)(=O)c1ccc2c(c1)c1c(n2S(=O)(=O)c2ccc(Cl)cc2)CCCC1,340.0,active,"{0, 3, 3.8140000000000027, 5, 423.9430000000002, 73.21000000000001}",0.0,3.0,3.8140000000000027,5.0,423.9430000000002,73.21000000000001
CHEMBL4165597,CS(=O)(=O)c1ccc2c(c1)c1c(n2C(=O)c2ccc(Cl)cc2)CCCC1,810.0,active,"{0, 2, 387.88800000000015, 4, 4.265500000000003, 56.14}",0.0,2.0,387.88800000000015,4.0,4.265500000000003,56.14
CHEMBL1684148,C=CCOc1c(OC)cc2oc(C)cc(=O)c2c1O,18010.0,inactive,"{1, 2.3804200000000004, 4, 5, 262.26099999999997, 68.9}",1.0,2.3804200000000004,4.0,5.0,262.26099999999997,68.9
CHEMBL5190903,CCOC(=O)c1c(O)ccc2ccn(C)c12,380000.0,inactive,"{1, 2, 2.0606, 4, 51.46, 219.23999999999998}",1.0,2.0,2.0606,4.0,51.46,219.23999999999998
CHEMBL4096865,Cc1ccc(NC(=O)c2c(N=Cc3cccnc3)c(C#N)c3n2CCC3)cc1,160.0,active,"{1, 4, 5, 4.0123000000000015, 369.4280000000002, 83.07}",1.0,4.0,5.0,4.0123000000000015,369.4280000000002,83.07
CHEMBL3973623,CC(=O)c1ccc(C(=O)O)c(Nc2ccccc2C(=O)O)c1,100000.0,inactive,"{3, 4, 5, 3.0292000000000012, 103.7, 299.28200000000004}",3.0,4.0,5.0,3.0292000000000012,103.7,299.28200000000004
CHEMBL4434843,COc1ccc2c(c1)c(Cc1nonc1O)c(C)n2C(=O)c1ccc(Cl)cc1,100000.0,inactive,"{1, 3.9796200000000024, 4, 7, 397.8180000000001, 90.38}",1.0,3.9796200000000024,4.0,7.0,397.8180000000001,90.38
CHEMBL4454204,Cc1ccc(-n2cc(COc3ccc(/C=C4\SC(=S)NC4=O)cc3)nn2)cc1,410.0,active,"{1, 3.6435200000000014, 69.03999999999999, 5, 7, 408.5080000000001}",1.0,3.6435200000000014,69.03999999999999,5.0,7.0,408.5080000000001
CHEMBL1903990,COc1ccc(-c2csc(Nc3ccc(Oc4ccccc4)cc3)n2)cc1,5000.0,active,"{1, 5, 6, 6.354600000000004, 43.379999999999995, 374.46500000000003}",1.0,5.0,6.0,6.354600000000004,43.379999999999995,374.46500000000003
CHEMBL283086,Cc1nn(-c2ccc(S(N)(=O)=O)cc2)c(-c2ccccc2)c1Cl,28.18,active,"{1, 3, 4, 3.1485200000000013, 77.98, 347.827}",1.0,3.0,4.0,3.1485200000000013,77.98,347.827
CHEMBL92107,CS(=O)(=O)c1ccc(C2=C(c3ccc(F)c(F)c3)CC3(CC3)C2)cc1,3.311,active,"{0, 2, 3, 34.14, 4.853100000000004, 360.4250000000002}",0.0,2.0,3.0,34.14,4.853100000000004,360.4250000000002
CHEMBL558340,CS(=O)(=O)c1ccc(C2=C(c3ccc(Cl)c(Cl)c3)CC3(CC3)C2)cc1,3.02,active,"{0, 2, 3, 34.14, 5.881700000000004, 393.3350000000002}",0.0,2.0,3.0,34.14,5.881700000000004,393.3350000000002
CHEMBL300597,COc1c(Cl)cc(-c2cc(F)c(F)cc2-c2ccc(S(N)(=O)=O)cc2)cc1Cl,20.89,active,"{1, 3, 4, 69.39, 5.261600000000003, 444.28600000000006}",1.0,3.0,4.0,69.39,5.261600000000003,444.28600000000006
CHEMBL46712,Cc1cccc(-c2nc(C(F)(F)F)cn2-c2ccc(S(C)(=O)=O)cc2)c1,80.0,active,"{0, 3, 4, 4.270020000000003, 51.96, 380.3910000000001}",0.0,3.0,4.0,4.270020000000003,51.96,380.3910000000001
CHEMBL44468,COc1cccc(-c2nc(C(F)(F)F)cn2-c2ccc(S(C)(=O)=O)cc2)c1,346.74,active,"{0, 3.970200000000003, 4, 5, 396.3900000000001, 61.190000000000005}",0.0,3.970200000000003,4.0,5.0,396.3900000000001,61.190000000000005
CHEMBL110145,Cc1ncccc1-c1nc(C(F)(F)F)cn1-c1ccc(S(N)(=O)=O)cc1,2818.38,active,"{1, 2.90892, 3, 5, 90.87, 382.3670000000001}",1.0,2.90892,3.0,5.0,90.87,382.3670000000001
CHEMBL4545249,COc1ccc(-c2cc(C(=O)N3CCOCC3)nn2-c2ccc(S(N)(=O)=O)cc2)cc1,2010.0,active,"{1, 1.6676999999999995, 5, 7, 116.75, 442.49700000000007}",1.0,1.6676999999999995,5.0,7.0,116.75,442.49700000000007
CHEMBL4072244,N#Cc1c(N=Cc2cccs2)c(C(=O)Nc2ccc(Cl)cc2)n2c1CCC2,360.0,active,"{1, 4, 5, 70.18, 5.023780000000003, 394.88700000000017}",1.0,4.0,5.0,70.18,5.023780000000003,394.88700000000017
CHEMBL2160139,Cc1cccc(C2CC(c3ccc(C)c(C)c3)=NN2C2=NC(=O)CS2)c1,2700.0,active,"{0, 2, 4, 4.392360000000004, 363.4860000000001, 45.03}",0.0,2.0,4.0,4.392360000000004,363.4860000000001,45.03
CHEMBL2159921,Cc1ccc(C2=NN(C3=NC(=O)CS3)C(c3ccccc3)C2)cc1C,500.0,active,"{0, 2, 4, 4.083940000000003, 45.03, 349.4590000000001}",0.0,2.0,4.0,4.083940000000003,45.03,349.4590000000001
CHEMBL118,Cc1ccc(-c2cc(C(F)(F)F)nn2-c2ccc(S(N)(=O)=O)cc2)cc1,100.0,active,"{1, 3, 4, 3.5139200000000006, 77.98, 381.3790000000001}",1.0,3.0,4.0,3.5139200000000006,77.98,381.3790000000001
CHEMBL4438502,O=C1NC(=S)S/C1=C\c1ccc(OCc2cn(CC(=O)c3ccc(Br)cc3)nn2)cc1,110.0,active,"{1, 515.4140000000002, 3.9913000000000025, 7, 8, 86.11}",1.0,515.4140000000002,3.9913000000000025,7.0,8.0,86.11
CHEMBL4515463,Cc1ccc(-c2cc(C(=O)N3CCSCC3)nn2-c2ccc(S(N)(=O)=O)cc2)cc1,890.0,active,"{1, 98.28999999999999, 2.684120000000001, 4, 6, 442.5660000000001}",1.0,98.28999999999999,2.684120000000001,4.0,6.0,442.5660000000001
CHEMBL4857562,Cc1ccccc1-c1cc(C)n(S(=O)(=O)Oc2ccccc2)n1,11130.0,inactive,"{0, 3.338840000000001, 4, 5, 328.393, 61.19}",0.0,3.338840000000001,4.0,5.0,328.393,61.19
CHEMBL269832,CS(=O)(=O)c1ccc(-c2nc(O)cc(NCc3ccccc3)n2)cc1,49.3,active,"{2, 355.41900000000004, 2.8648000000000016, 5, 6, 92.18}",2.0,355.41900000000004,2.8648000000000016,5.0,6.0,92.18
CHEMBL1958350,COc1ccc2c(c1)c(CC(=O)Oc1ccc(CCO)cc1)c(C)n2C(=O)c1ccc(Cl)cc1,4600.0,active,"{1, 4.983120000000004, 6, 7, 77.76, 477.9440000000001}",1.0,4.983120000000004,6.0,7.0,77.76,477.9440000000001
CHEMBL3576985,COC(=O)CNC(=O)[C@@H](Cc1c[nH]c2ccccc12)NC(=O)C(=O)c1cn(S(=O)(=O)c2ccc(C)cc2)c2ccccc12,10310.0,inactive,"{2.867420000000001, 3, 8, 10, 600.6530000000002, 156.42999999999998}",2.867420000000001,3.0,8.0,10.0,600.6530000000002,156.42999999999998
CHEMBL4643198,CC[C@H](C)[C@H](Nc1nc(Cl)nc(Nc2ccc(N3CCOCC3=O)cc2)n1)C(=O)OC,6000.0,active,"{448.91100000000034, 2, 2.6314, 8, 9, 118.57000000000001}",448.91100000000034,2.0,2.6314,8.0,9.0,118.57000000000001
CHEMBL2063732,CC(C(=O)O)c1ccc(OC2CCCC2=O)cc1F,24100.0,inactive,"{1, 2.5142000000000007, 3, 4, 266.2679999999999, 63.6}",1.0,2.5142000000000007,3.0,4.0,266.2679999999999,63.6
CHEMBL1946749,O=C(O)Cc1c(-c2ccccc2)n(C(=O)c2ccc(Cl)cc2)c2ccccc12,400000.0,inactive,"{1, 3, 4, 389.8380000000001, 5.277300000000004, 59.3}",1.0,3.0,4.0,389.8380000000001,5.277300000000004,59.3
CHEMBL403099,Cc1ccsc1CNc1cc(C(F)(F)F)nc(-c2ccc(S(C)(=O)=O)cc2)n1,527.8,active,"{1, 4.547920000000003, 5, 6, 71.95, 427.4730000000001}",1.0,4.547920000000003,5.0,6.0,71.95,427.4730000000001
CHEMBL2333733,COc1ccc(/C=C/c2cc(OC)cc(OC)c2/C=C/C(=O)N2CC(C)CC(C)C2)cc1,1980.0,active,"{0, 4, 5.400500000000005, 7, 48.00000000000001, 435.5640000000002}",0.0,4.0,5.400500000000005,7.0,48.00000000000001,435.5640000000002
CHEMBL155185,CS(=O)(=O)c1ccc(-n2nc(-c3ccc(F)cc3)c3c2CCCC3)cc1,10000.0,inactive,"{0, 3, 4, 3.9607000000000028, 370.44900000000024, 51.96}",0.0,3.0,4.0,3.9607000000000028,370.44900000000024,51.96
CHEMBL213326,COc1ccc(/N=N/c2ccc(S(N)(=O)=O)cc2)cc1OC,4280.0,active,"{321.35800000000006, 1, 2.7666000000000004, 5, 6, 103.33999999999999}",321.35800000000006,1.0,2.7666000000000004,5.0,6.0,103.33999999999999
CHEMBL2334141,CCCCNC(=O)/C=C/c1c(/C=C/c2ccc(OC)cc2)cc(OC)cc1OC,1020.0,active,"{1, 4, 4.812300000000004, 10, 395.49900000000014, 56.790000000000006}",1.0,4.0,4.812300000000004,10.0,395.49900000000014,56.790000000000006
CHEMBL361472,Cc1ccc(-c2nn3ncccc3c2-c2ccc(S(C)(=O)=O)cc2)cc1,17.0,active,"{0, 64.33000000000001, 3, 3.7752200000000027, 5, 363.4420000000001}",0.0,64.33000000000001,3.0,3.7752200000000027,5.0,363.4420000000001
CHEMBL4065185,N#Cc1c(N=Cc2ccco2)c(C(=O)Nc2ccc(Cl)cc2)n2c1CCC2,450.0,active,"{1, 4, 5, 4.555280000000002, 83.32, 378.81900000000013}",1.0,4.0,5.0,4.555280000000002,83.32,378.81900000000013
CHEMBL319284,CS(=O)(=O)c1ccc(-c2cc(CCC(=O)O)sc2-c2ccc(F)cc2)cc1,300000.0,inactive,"{1, 4, 4.641900000000003, 6, 71.44, 404.48400000000004}",1.0,4.0,4.641900000000003,6.0,71.44,404.48400000000004
CHEMBL2283161,CC(C)Oc1ccc(-c2ccc(/C(=C\c3ccc(S(C)(=O)=O)cc3)C(=O)O)cc2)cc1,320.0,active,"{1, 4, 5.169500000000005, 7, 80.67, 436.52900000000017}",1.0,4.0,5.169500000000005,7.0,80.67,436.52900000000017
CHEMBL1221730,CCC(=C(c1ccccc1)c1ccccc1)c1ccc(S(C)(=O)=O)cc1,1250.0,active,"{0, 2, 34.14, 5, 5.459200000000005, 362.4940000000001}",0.0,2.0,34.14,5.0,5.459200000000005,362.4940000000001
CHEMBL2283179,CS(=O)(=O)Nc1ccc(/C(=C(\c2ccccc2)C2CCCCC2)c2ccccc2)cc1,100000.0,inactive,"{1, 2, 6, 6.597500000000006, 46.17, 431.6010000000003}",1.0,2.0,6.0,6.597500000000006,46.17,431.6010000000003
CHEMBL2347670,CS(=O)(=O)c1ccc(-c2[nH]c(S(C)(=O)=O)nc2-c2ccc(Cl)cc2)cc1,310.0,active,"{96.96, 1, 3.204100000000002, 4, 5, 410.9040000000001}",96.96,1.0,3.204100000000002,4.0,5.0,410.9040000000001
CHEMBL3098650,O=C(CSc1nnc(-c2ccncc2)o1)N/N=C/c1ccc([N+](=O)[O-])cc1,38.0,active,"{384.3770000000002, 1, 2.2822000000000005, 7, 136.41, 9}",384.3770000000002,1.0,2.2822000000000005,7.0,136.41,9.0
CHEMBL299765,CS(=O)(=O)c1ccc(C2=C(c3ccc(F)c(F)c3)C(=O)N(c3ccccc3)C2)cc1,1000.0,active,"{0, 3, 4, 4.325900000000003, 425.45600000000013, 54.45}",0.0,3.0,4.0,4.325900000000003,425.45600000000013,54.45
CHEMBL3601279,Cc1ccc(-c2c(Cl)c(CO[N+](=O)[O-])nn2-c2ccc(S(N)(=O)=O)cc2)cc1,280.0,active,"{1, 130.35, 2.856820000000001, 422.85000000000014, 7, 6}",1.0,130.35,2.856820000000001,422.85000000000014,7.0,6.0
CHEMBL5275892,CS(=O)(=O)c1ccc(C(=O)/C=C/c2ccc(Cl)c(Cl)c2)cc1,180.0,active,"{0, 3, 355.2420000000001, 4, 4.293000000000003, 51.21}",0.0,3.0,355.2420000000001,4.0,4.293000000000003,51.21
CHEMBL5273343,CCCCNc1cc(-c2n[nH]c(=S)o2)cc(S(N)(=O)=O)c1Oc1ccccc1,5730.0,active,"{3, 420.51600000000013, 4.050890000000002, 7, 8, 123.24}",3.0,420.51600000000013,4.050890000000002,7.0,8.0,123.24
CHEMBL5279920,C=CCn1c(-c2ccc(C)cc2)cs/c1=N\NC(=O)c1cc(NCCCC)c(Oc2ccccc2)c(S(N)(=O)=O)c1,1520.0,active,"{3, 5.608420000000004, 8, 12, 591.7590000000004, 127.81}",3.0,5.608420000000004,8.0,12.0,591.7590000000004,127.81
CHEMBL5275104,CS(=O)(=O)c1ccc(-c2nn(-c3ccc(S(N)(=O)=O)cc3)cc2C=O)cc1,17.0,active,"{1, 129.19, 1.4027, 5, 7, 405.45700000000016}",1.0,129.19,1.4027,5.0,7.0,405.45700000000016
CHEMBL5288258,NS(=O)(=O)c1ccc(-n2cc(-c3ccc(C(F)(F)F)cc3)nn2)cc1,3324.0,active,"{1, 2.6005000000000003, 3, 5, 368.34, 90.87}",1.0,2.6005000000000003,3.0,5.0,368.34,90.87
CHEMBL5271933,NS(=O)(=O)c1ccc(C(=O)OCCn2cc(-c3ccc(C(F)(F)F)cc3)nn2)cc1,131.0,active,"{1, 2.4683, 6, 7, 117.17000000000002, 440.40299999999996}",1.0,2.4683,6.0,7.0,117.17000000000002,440.40299999999996
CHEMBL5281098,CC1=NN(c2ccc(S(N)(=O)=O)cc2)C(=O)/C1=C\c1c[nH]c2ccccc12,150.0,active,"{2, 3, 4, 2.6214000000000004, 108.61999999999998, 380.42900000000003}",2.0,3.0,4.0,2.6214000000000004,108.61999999999998,380.42900000000003
CHEMBL5290801,CC1=NN(c2ccc(S(N)(=O)=O)cc2)C(=O)/C1=C\c1cccc(OCc2ccccc2)c1,150.0,active,"{1, 3.7191000000000027, 5, 102.05999999999999, 6, 447.51600000000013}",1.0,3.7191000000000027,5.0,102.05999999999999,6.0,447.51600000000013
CHEMBL2391052,Cc1c(/C=N\O)cc(-c2ccc(S(C)(=O)=O)cc2)n1-c1ccc(F)c(F)c1,17300.0,inactive,"{1, 3.9425200000000027, 4, 5, 390.41100000000006, 71.66}",1.0,3.9425200000000027,4.0,5.0,390.41100000000006,71.66
CHEMBL1289128,CCCc1cc(OC(F)(F)F)cc2c1O[C@@H](C(F)(F)F)C(C(=O)O)=C2,1700.0,active,"{1, 3, 4, 4.3290000000000015, 370.245, 55.760000000000005}",1.0,3.0,4.0,4.3290000000000015,370.245,55.760000000000005
CHEMBL155927,CS(=O)(=O)c1ccc(-c2sc3nc(C(F)(F)F)nn3c2-c2cccc(F)c2)cc1,12882495.52,inactive,"{0, 64.33, 3, 4.686200000000003, 6, 441.4310000000001}",0.0,64.33,3.0,4.686200000000003,6.0,441.4310000000001
CHEMBL3264688,O=[N+]([O-])c1ccc(-n2cc(CSc3nc4ccccc4o3)nn2)cc1,9870.0,active,"{0, 353.36300000000006, 99.88, 3.6090000000000018, 5, 8}",0.0,353.36300000000006,99.88,3.6090000000000018,5.0,8.0
CHEMBL3264689,c1ccc(-n2cc(CSc3nc4ccccc4o3)nn2)cc1,6420.0,active,"{0, 3.700800000000002, 4, 6, 308.366, 56.74}",0.0,3.700800000000002,4.0,6.0,308.366,56.74
CHEMBL3264697,Cc1ccccc1-n1cc(CSc2nc3ccccc3o2)nn1,4680.0,active,"{0, 322.39300000000003, 4, 4.009220000000004, 6, 56.74}",0.0,322.39300000000003,4.0,4.009220000000004,6.0,56.74
CHEMBL3596285,CC1(C)CC(c2ccc(Cl)cc2)C(CN2CCC(c3noc4cc(F)ccc34)CC2)=NO1,4100.0,active,"{0, 4, 5, 6.138400000000006, 455.9610000000002, 50.86}",0.0,4.0,5.0,6.138400000000006,455.9610000000002,50.86
CHEMBL3264696,Fc1ccc(-n2cc(CSc3nc4ccccc4o3)nn2)cc1,5210.0,active,"{0, 3.8399000000000028, 4, 326.35600000000005, 6, 56.74}",0.0,3.8399000000000028,4.0,326.35600000000005,6.0,56.74
CHEMBL3264702,CCOc1ccc(-n2cc(CSc3nc4ccccc4o3)nn2)cc1,3500.0,active,"{352.41900000000004, 0, 65.97, 4.099500000000003, 6, 7}",352.41900000000004,0.0,65.97,4.099500000000003,6.0,7.0
CHEMBL3823759,Cc1ccc(-c2cc(C(=O)N/N=C/c3c(Cl)c4ccccc4oc3=O)nn2-c2ccc(S(N)(=O)=O)cc2)c(C)c1,7130.0,active,"{576.0340000000002, 2, 4.327240000000002, 6, 8, 149.65}",576.0340000000002,2.0,4.327240000000002,6.0,8.0,149.65
CHEMBL416146,Cc1ccc(-c2ncc(Cl)cc2-c2ccc(S(C)(=O)=O)cc2)cn1,810.0,active,"{0, 3, 4, 4.175920000000004, 358.8500000000001, 59.92}",0.0,3.0,4.0,4.175920000000004,358.8500000000001,59.92
CHEMBL5184562,O=C(c1cc2cc(Cl)ccc2n1Cc1ccc(F)cc1)N1CCN(c2ccccc2)CC1,23.21,active,"{0, 3, 4, 5.444500000000006, 28.480000000000004, 447.94100000000026}",0.0,3.0,4.0,5.444500000000006,28.480000000000004,447.94100000000026
CHEMBL5200916,O=C(c1cc2ccccc2n1Cc1ccc(F)cc1)N1CCN(c2ncccn2)CC1,92.54,active,"{0, 3.581100000000002, 4, 5, 54.260000000000005, 415.4720000000002}",0.0,3.581100000000002,4.0,5.0,54.260000000000005,415.4720000000002
CHEMBL5087242,COc1cc(NC(=O)c2ccccc2Nc2cccc(Cl)c2C)cc(OC)c1OC,117440.0,inactive,"{2, 68.82000000000001, 5, 5.670120000000003, 7, 426.9000000000002}",2.0,68.82000000000001,5.0,5.670120000000003,7.0,426.9000000000002
CHEMBL5287123,CC1=c2c(OCc3nnc(SCC(=O)N4CCN(c5ncccn5)CC4)o3)nn(C)c(=O)c2=C(C)C1c1ccccc1,6800.0,active,"{0, 1.111800000000001, 132.37, 8, 586.6780000000003, 12}",0.0,1.111800000000001,132.37,8.0,586.6780000000003,12.0
CHEMBL118,Cc1ccc(-c2cc(C(F)(F)F)nn2-c2ccc(S(N)(=O)=O)cc2)cc1,110.0,active,"{1, 3, 4, 3.5139200000000006, 77.98, 381.3790000000001}",1.0,3.0,4.0,3.5139200000000006,77.98,381.3790000000001
CHEMBL5275883,CCCc1ccc(/C=C2\S/C(=N/c3nnc(C)s3)NC2=O)cc1,100.0,active,"{1, 67.24000000000001, 4, 3.690620000000002, 6, 344.465}",1.0,67.24000000000001,4.0,3.690620000000002,6.0,344.465
CHEMBL5276444,Cc1nnc(/N=C2\NC(=O)/C(=C/c3ccsc3)S2)s1,250.0,active,"{1, 2, 67.24000000000001, 2.799620000000001, 7, 308.413}",1.0,2.0,67.24000000000001,2.799620000000001,7.0,308.413
CHEMBL5268121,N#Cc1ccc(-c2nc(N3CCOCC3)sc2C(=O)c2cccs2)cc1,90.0,active,"{0, 66.22, 3.8108800000000027, 4, 7, 381.482}",0.0,66.22,3.8108800000000027,4.0,7.0,381.482
CHEMBL5277910,CCOP(=O)(OCC)C(NC(=O)c1cc(-c2cccc(F)c2)n(-c2ccc(S(N)(=O)=O)cc2)n1)c1ccccc1,280.0,active,"{2, 5.020500000000003, 8, 586.5820000000002, 11, 142.61}",2.0,5.020500000000003,8.0,586.5820000000002,11.0,142.61
CHEMBL3127309,COc1c(-c2cc(C(F)(F)F)nn2-c2ccc(S(N)(=O)=O)cc2)c(O)c(OC)c2occc12,520.0,active,"{129.81, 2, 483.42400000000026, 3.674500000000001, 5, 8}",129.81,2.0,483.42400000000026,3.674500000000001,5.0,8.0
CHEMBL3747566,NS(=O)(=O)c1ccc(N2N=C(C(=O)O)CC2c2cccs2)cc1,1840.0,active,"{1.7874999999999999, 2, 4, 6, 113.06000000000002, 351.409}",1.7874999999999999,2.0,4.0,6.0,113.06000000000002,351.409
CHEMBL118,Cc1ccc(-c2cc(C(F)(F)F)nn2-c2ccc(S(N)(=O)=O)cc2)cc1,260.0,active,"{1, 3, 4, 3.5139200000000006, 77.98, 381.3790000000001}",1.0,3.0,4.0,3.5139200000000006,77.98,381.3790000000001
CHEMBL118,Cc1ccc(-c2cc(C(F)(F)F)nn2-c2ccc(S(N)(=O)=O)cc2)cc1,870.0,active,"{1, 3, 4, 3.5139200000000006, 77.98, 381.3790000000001}",1.0,3.0,4.0,3.5139200000000006,77.98,381.3790000000001
CHEMBL460615,CCCCCCC(Sc1nc(Cl)cc(NCCOc2ccccc2)n1)C(=O)OCC,10.0,active,"{1, 452.02000000000027, 5.615100000000005, 7, 73.34000000000002, 14}",1.0,452.02000000000027,5.615100000000005,7.0,73.34000000000002,14.0
CHEMBL460185,CCCCCCC(Sc1nc(Cl)cc(NCCc2ccccc2)n1)C(=O)O,10.0,active,"{2, 5, 5.300300000000005, 75.11, 12, 407.96700000000016}",2.0,5.0,5.300300000000005,75.11,12.0,407.96700000000016
CHEMBL561891,CS(=O)(=O)c1ccc(-c2cc(C(F)(F)F)nc(NC3CCCCC3)n2)cc1,0.5,active,"{1, 4, 5, 4.310500000000003, 71.95, 399.4380000000002}",1.0,4.0,5.0,4.310500000000003,71.95,399.4380000000002
CHEMBL605820,Cc1c(CC(=O)OC(C)C)cc(-c2ccc(S(C)(=O)=O)cc2)n1-c1ccccc1,2500.0,active,"{0, 65.37, 4.3503200000000035, 5, 6, 411.52300000000014}",0.0,65.37,4.3503200000000035,5.0,6.0,411.52300000000014
CHEMBL4873966,Cc1cc(-c2ccc(F)cc2)nn1S(=O)(=O)Oc1ccccc1,10000.0,inactive,"{0, 3.1695200000000012, 4, 5, 332.35600000000005, 61.19}",0.0,3.1695200000000012,4.0,5.0,332.35600000000005,61.19
CHEMBL16828,COc1c(C(C)(C)C)cc(-c2nnc(S)s2)cc1C(C)(C)C,1500.0,active,"{1, 2, 35.010000000000005, 5, 5.097400000000004, 336.5260000000001}",1.0,2.0,35.010000000000005,5.0,5.097400000000004,336.5260000000001
CHEMBL2283173,CS(=O)(=O)c1ccc(/C=C(\c2ccccc2)c2ccc(F)c(F)c2)cc1,970.0,active,"{0, 2, 34.14, 4, 4.957200000000004, 370.4200000000001}",0.0,2.0,34.14,4.0,4.957200000000004,370.4200000000001
CHEMBL285975,COC(=O)c1cc2cc(S(C)(=O)=O)ccc2n1Cc1ccc(Cl)cc1,4300.0,active,"{0, 65.37, 3.533100000000002, 4, 5, 377.84900000000005}",0.0,65.37,3.533100000000002,4.0,5.0,377.84900000000005
CHEMBL4644150,CSc1nc2ccccc2n1-c1csc(NCC(C)=O)n1,69.0,active,"{1, 3.2048000000000014, 5, 7, 59.81, 318.42700000000013}",1.0,3.2048000000000014,5.0,7.0,59.81,318.42700000000013
CHEMBL3824071,CCOc1ccc(-c2cc(C(=O)N/N=C/c3c(Cl)c4ccccc4oc3=O)nn2-c2ccc(S(N)(=O)=O)cc2)cc1,8830.0,active,"{2, 4.1091000000000015, 8, 9, 592.0330000000002, 158.88}",2.0,4.1091000000000015,8.0,9.0,592.0330000000002,158.88
CHEMBL329292,COc1ccc2c(c1)c(CC(=O)Nc1ccc(-c3ccccc3)cc1)c(C)n2C(=O)c1ccc(Cl)cc1,500.0,active,"{1, 4, 6, 7.148420000000005, 60.33, 509.0050000000002}",1.0,4.0,6.0,7.148420000000005,60.33,509.0050000000002
CHEMBL4644265,COC(=O)[C@H](Cc1ccc(O)cc1)n1cc(COc2nc(Cl)nc(N3CCOCC3)n2)nn1,3000.0,active,"{1, 1.1944999999999997, 8, 137.61, 12, 475.89300000000026}",1.0,1.1944999999999997,8.0,137.61,12.0,475.89300000000026
CHEMBL348104,Cc1nc2sc(-c3ccc(S(C)(=O)=O)cc3)c(-c3cccc(F)c3)n2n1,150.0,active,"{0, 64.33, 3, 387.46100000000007, 3.9758200000000032, 6}",0.0,64.33,3.0,387.46100000000007,3.9758200000000032,6.0
CHEMBL108857,CC1(C)OC(=O)C(Oc2cccc(Cl)n2)=C1c1ccc(S(C)(=O)=O)cc1,350.0,active,"{0, 3.264000000000002, 4, 6, 393.8480000000001, 82.56}",0.0,3.264000000000002,4.0,6.0,393.8480000000001,82.56
CHEMBL417894,CS(=O)(=O)c1ccc(-c2nc(C(F)(F)F)cn2-c2ccc(F)cc2)cc1,5850.0,active,"{384.35400000000004, 0, 3, 4, 4.1007000000000025, 51.96}",384.35400000000004,0.0,3.0,4.0,4.1007000000000025,51.96
CHEMBL4571917,Clc1ccc(/C=N/c2nnc(-c3ccccc3)o2)cc1,300.0,active,"{0, 3, 4, 4.140600000000003, 51.28, 283.718}",0.0,3.0,4.0,4.140600000000003,51.28,283.718
CHEMBL363228,Cc1onc(-c2ccc(Cl)o2)c1-c1ccccc1,100000.0,inactive,"{0, 2, 3, 259.69199999999995, 4.5634200000000025, 39.17}",0.0,2.0,3.0,259.69199999999995,4.5634200000000025,39.17
CHEMBL432260,COc1ccc2c(c1)c(CC(=O)N[C@@H](CO)CCSC)c(C)n2C(=O)c1ccc(Cl)cc1,250.0,active,"{2, 4.0729200000000025, 6, 9, 80.56, 475.0100000000001}",2.0,4.0729200000000025,6.0,9.0,80.56,475.0100000000001
CHEMBL29847,Cc1ccc(-c2cc(C(F)F)nn2-c2ccc(S(N)(=O)=O)cc2)o1,3290.0,active,"{353.3500000000001, 1, 3.0257199999999997, 4, 5, 91.12}",353.3500000000001,1.0,3.0257199999999997,4.0,5.0,91.12
CHEMBL157623,CS(=O)(=O)c1ccc(-c2c(-c3ccccc3)sc3nncn23)cc1,229086765.3,inactive,"{0, 64.33, 3, 355.4440000000001, 3.5283000000000015, 6}",0.0,64.33,3.0,355.4440000000001,3.5283000000000015,6.0
CHEMBL348115,CC(C)c1nc2sc(-c3ccc(S(C)(=O)=O)cc3)c(-c3ccccc3)n2n1,10964781.96,inactive,"{0, 64.33, 4, 4.651700000000004, 6, 397.5250000000001}",0.0,64.33,4.0,4.651700000000004,6.0,397.5250000000001
CHEMBL2283163,CC(C)Oc1ccc(-c2cccc(/C(=C\c3ccc(S(C)(=O)=O)cc3)C(=O)O)c2)cc1,100000.0,inactive,"{1, 4, 5.1695000000000055, 7, 80.67, 436.52900000000017}",1.0,4.0,5.1695000000000055,7.0,80.67,436.52900000000017
CHEMBL2283176,CCCC/C(=C(\c1ccccc1)c1ccc(NS(C)(=O)=O)cc1)c1ccccc1,320.0,active,"{1, 2, 6.207400000000006, 8, 46.17, 405.56300000000016}",1.0,2.0,6.207400000000006,8.0,46.17,405.56300000000016
CHEMBL2334137,COc1ccc(/C=C/c2cc(OC)cc(OC)c2/C=C/C(=O)N2CCCC(C)C2)cc1,7090.0,active,"{0, 4, 421.5370000000002, 5.154500000000005, 7, 48.00000000000001}",0.0,4.0,421.5370000000002,5.154500000000005,7.0,48.00000000000001
CHEMBL155898,CS(=O)(=O)c1ccc(-c2cnn(Cc3ccccc3)c(=O)c2OCC2CC2)cc1,3.0,active,"{0, 3.150900000000002, 6, 7, 78.26, 410.49500000000023}",0.0,3.150900000000002,6.0,7.0,78.26,410.49500000000023
CHEMBL298269,NS(=O)(=O)c1ccc(-n2cc(C(F)(F)F)nc2-c2cccc(Cl)c2)cc1,8.0,active,"{1, 3, 4, 3.858900000000002, 77.98, 401.797}",1.0,3.0,4.0,3.858900000000002,77.98,401.797
CHEMBL4086242,CCCCCCCCCCCCCCCCCC(=O)c1c(O)c(-c2ccc(O)cc2)c[nH]c1=O,10000.0,inactive,"{3, 4, 7.897300000000009, 18, 469.6660000000001, 90.38999999999999}",3.0,4.0,7.897300000000009,18.0,469.6660000000001,90.38999999999999
CHEMBL118,Cc1ccc(-c2cc(C(F)(F)F)nn2-c2ccc(S(N)(=O)=O)cc2)cc1,40.0,active,"{1, 3, 4, 3.5139200000000006, 77.98, 381.3790000000001}",1.0,3.0,4.0,3.5139200000000006,77.98,381.3790000000001
CHEMBL259468,CCN(CC)c1cc(NCc2cccs2)nc(-c2ccc(S(C)(=O)=O)cc2)n1,163938138.7,inactive,"{416.5720000000001, 1, 4.066900000000003, 7, 8, 75.19}",416.5720000000001,1.0,4.066900000000003,7.0,8.0,75.19
CHEMBL257295,CS(=O)(=O)c1ccc(-c2nc(NC3CCCCC3)cc(C(F)(F)F)n2)cc1,238.5,active,"{1, 4, 5, 4.310500000000003, 71.95, 399.43800000000005}",1.0,4.0,5.0,4.310500000000003,71.95,399.43800000000005
CHEMBL42884,Cc1cc(F)cc(-c2nc(C(F)(F)F)cn2-c2ccc(S(C)(=O)=O)cc2)c1,109.65,active,"{0, 3, 4, 4.409120000000003, 398.3810000000001, 51.96}",0.0,3.0,4.0,4.409120000000003,398.3810000000001,51.96
CHEMBL108201,COc1ccc(C2=C(c3ccc(S(C)(=O)=O)cc3)CCC2)cc1,5.012,active,"{0, 3, 4, 4.193400000000004, 328.4330000000001, 43.370000000000005}",0.0,3.0,4.0,4.193400000000004,328.4330000000001,43.370000000000005
CHEMBL106302,CC1(C)OC(=O)C(Oc2cc(F)cc(F)c2)=C1c1ccc(S(C)(=O)=O)cc1,40.0,active,"{0, 3.493800000000002, 4, 5, 69.67, 394.3950000000001}",0.0,3.493800000000002,4.0,5.0,69.67,394.3950000000001
CHEMBL122,CS(=O)(=O)c1ccc(C2=C(c3ccccc3)C(=O)OC2)cc1,32.0,active,"{0, 2.5577000000000005, 3, 4, 314.3620000000001, 60.44}",0.0,2.5577000000000005,3.0,4.0,314.3620000000001,60.44
CHEMBL416146,Cc1ccc(-c2ncc(Cl)cc2-c2ccc(S(C)(=O)=O)cc2)cn1,347.0,active,"{0, 3, 4, 4.175920000000004, 358.8500000000001, 59.92}",0.0,3.0,4.0,4.175920000000004,358.8500000000001,59.92
CHEMBL101503,CS(=O)(=O)c1ccc(-c2ccccc2-c2ccccc2)cc1,11000.0,inactive,"{0, 2, 3, 34.14, 4.424100000000004, 308.40200000000004}",0.0,2.0,3.0,34.14,4.424100000000004,308.40200000000004
CHEMBL118,Cc1ccc(-c2cc(C(F)(F)F)nn2-c2ccc(S(N)(=O)=O)cc2)cc1,132.0,active,"{1, 3, 4, 3.5139200000000006, 77.98, 381.3790000000001}",1.0,3.0,4.0,3.5139200000000006,77.98,381.3790000000001
CHEMBL329688,COc1ccc(C2SCC(=O)N2CCN2C(=O)CSC2c2ccc(OC)cc2)cc1,1120.0,active,"{0, 3.5520000000000023, 6, 7, 59.08, 444.5780000000001}",0.0,3.5520000000000023,6.0,7.0,59.08,444.5780000000001
CHEMBL29920,NS(=O)(=O)c1ccc(-n2nc(C(F)(F)F)cc2-c2ccccc2)cc1,32.0,active,"{1, 3, 4, 3.2055000000000016, 77.98, 367.35200000000003}",1.0,3.0,4.0,3.2055000000000016,77.98,367.35200000000003
CHEMBL108201,COc1ccc(C2=C(c3ccc(S(C)(=O)=O)cc3)CCC2)cc1,7.0,active,"{0, 3, 4, 4.193400000000004, 328.4330000000001, 43.370000000000005}",0.0,3.0,4.0,4.193400000000004,328.4330000000001,43.370000000000005
CHEMBL2334134,C=CCN(CC=C)C(=O)/C=C/c1c(/C=C/c2ccc(OC)cc2)cc(OC)cc1OC,8010.0,active,"{0, 419.5210000000002, 4, 5.096600000000005, 11, 48.0}",0.0,419.5210000000002,4.0,5.096600000000005,11.0,48.0
CHEMBL2334143,CCCCCCCCNC(=O)/C=C/c1c(/C=C/c2ccc(OC)cc2)cc(OC)cc1OC,20090.0,inactive,"{1, 451.60700000000026, 4, 6.372700000000006, 14, 56.790000000000006}",1.0,451.60700000000026,4.0,6.372700000000006,14.0,56.790000000000006
CHEMBL428710,CS(=O)(=O)c1ccc(C2=C(c3cc(Cl)ccn3)C(=O)CC2)cc1,520.0,active,"{0, 64.1, 3, 4, 3.412200000000002, 347.82300000000015}",0.0,64.1,3.0,4.0,3.412200000000002,347.82300000000015
CHEMBL410419,CC1(C)OC(=O)C(Nc2ccccc2)=C1c1ccc(S(C)(=O)=O)cc1,4500.0,active,"{1, 3.248700000000002, 4, 5, 357.4310000000001, 72.47}",1.0,3.248700000000002,4.0,5.0,357.4310000000001,72.47
CHEMBL54039,COc1ccc(-c2ccccc2-c2ccc(S(N)(=O)=O)cc2)cc1Cl,19.0,active,"{1, 3, 4, 69.39, 4.330000000000003, 373.8610000000001}",1.0,3.0,4.0,69.39,4.330000000000003,373.8610000000001
CHEMBL328906,Cc1ccc2c(c1)CSc1c(C(F)(F)F)nn(-c3ccc(S(N)(=O)=O)cc3)c1-2,21.88,active,"{1, 2, 4.119620000000002, 5, 425.4570000000001, 77.98}",1.0,2.0,4.119620000000002,5.0,425.4570000000001,77.98
CHEMBL4168891,NS(=O)(=O)c1ccc(N2N=C(c3ccc(N4CCOCC4)cc3)CC2c2ccc(F)cc2F)cc1,80.0,active,"{1, 3.8045000000000027, 5, 6, 498.55500000000023, 88.23}",1.0,3.8045000000000027,5.0,6.0,498.55500000000023,88.23
CHEMBL538919,C[C@@H]1O[C@@H](O[C@H]2[C@H](O)[C@@H](O)[C@H](OC[C@H]3O[C@@H](OC(=O)[C@]45CCC(C)(C)C[C@H]4C4=CC[C@@H]6[C@@]7(C)CC[C@H](O[C@@H]8OC[C@H](O)[C@H](O)[C@H]8O)[C@@](C)(CO)[C@@H]7CC[C@@]6(C)[C@]4(C)CC5)[C@H](O)[C@@H](O)[C@@H]3O)O[C@@H]2CO)[C@H](O)[C@H](O)[C@H]1O,50000.0,inactive,"{353.90000000000003, 11, 13, 1075.2490000000007, 22, -1.3961999999999886}",353.90000000000003,11.0,13.0,1075.2490000000007,22.0,-1.3961999999999886
CHEMBL126369,COc1ccc(Oc2c(-c3ccc(S(C)(=O)=O)cc3)oc(C)cc2=O)c(Cl)c1,180.0,active,"{0, 420.8700000000001, 5, 6, 4.4730200000000035, 82.81}",0.0,420.8700000000001,5.0,6.0,4.4730200000000035,82.81
CHEMBL118,Cc1ccc(-c2cc(C(F)(F)F)nn2-c2ccc(S(N)(=O)=O)cc2)cc1,1200.0,active,"{1, 3, 4, 3.5139200000000006, 77.98, 381.3790000000001}",1.0,3.0,4.0,3.5139200000000006,77.98,381.3790000000001
CHEMBL3905241,Cc1cc(C)c2c(=O)n(CCCC(=O)O)sc2n1,269153.48,inactive,"{1, 1.93964, 4, 5, 72.19, 266.32199999999995}",1.0,1.93964,4.0,5.0,72.19,266.32199999999995
CHEMBL3948850,Cc1cc(C)c2c(=O)n(CCCC(=O)N3CCN(c4ccccc4)CC3)sc2n1,389045.14,inactive,"{0, 3.2038400000000022, 58.440000000000005, 5, 6, 410.5430000000001}",0.0,3.2038400000000022,58.440000000000005,5.0,6.0,410.5430000000001
CHEMBL3104556,Cc1c(CC(=O)NCCO[N+](=O)[O-])cc(-c2ccc(S(C)(=O)=O)cc2)n1-c1ccc(F)cc1,1700.0,active,"{1, 2.8623200000000013, 7, 9, 120.53999999999999, 475.49800000000016}",1.0,2.8623200000000013,7.0,9.0,120.53999999999999,475.49800000000016
CHEMBL259468,CCN(CC)c1cc(NCc2cccs2)nc(-c2ccc(S(C)(=O)=O)cc2)n1,6.1,active,"{416.5720000000001, 1, 4.066900000000003, 7, 8, 75.19}",416.5720000000001,1.0,4.066900000000003,7.0,8.0,75.19
CHEMBL270078,CS(=O)(=O)c1ccc(-c2nc(Cl)cc(NCc3cccs3)n2)cc1,1.2,active,"{1, 3.874100000000002, 5, 6, 71.95, 379.89400000000006}",1.0,3.874100000000002,5.0,6.0,71.95,379.89400000000006
CHEMBL4177170,NCCOc1nc(Cl)nc(Nc2ccc(N3CCOCC3=O)cc2)n1,90000.0,inactive,"{0.9692999999999994, 2, 6, 8, 364.7930000000002, 115.49}",0.9692999999999994,2.0,6.0,8.0,364.7930000000002,115.49
CHEMBL500675,CS(=O)(=O)c1ccc(-c2[nH]c3ccc(Cl)cc3c2-c2cccc(Cl)c2)cc1,0.8,active,"{416.3290000000002, 1, 2, 3, 6.212200000000004, 49.93}",416.3290000000002,1.0,2.0,3.0,6.212200000000004,49.93
CHEMBL500943,CC(=O)NS(=O)(=O)c1ccc(-c2[nH]c3ccccc3c2-c2ccccc2)cc1,0.18,active,"{2, 3, 4, 4.326700000000002, 390.4640000000001, 79.03}",2.0,3.0,4.0,4.326700000000002,390.4640000000001,79.03
CHEMBL502554,CS(=O)(=O)c1ccc(-c2[nH]c3ccccc3c2-c2ccc(Br)cc2)cc1,0.37,active,"{1, 2, 3, 5.667900000000004, 426.3350000000001, 49.93}",1.0,2.0,3.0,5.667900000000004,426.3350000000001,49.93
CHEMBL500675,CS(=O)(=O)c1ccc(-c2[nH]c3ccc(Cl)cc3c2-c2cccc(Cl)c2)cc1,0.7998,active,"{416.3290000000002, 1, 2, 3, 6.212200000000004, 49.93}",416.3290000000002,1.0,2.0,3.0,6.212200000000004,49.93
CHEMBL51085,O=c1c2ccccc2[se]n1-c1ccccc1,0.0,active,"{0, 1, 2, 2.0477, 274.181, 22.0}",0.0,1.0,2.0,2.0477,274.181,22.0
CHEMBL25,CC(=O)Oc1ccccc1C(=O)O,2400.0,active,"{1, 2, 3, 1.3101, 180.15899999999996, 63.60000000000001}",1.0,2.0,3.0,1.3101,180.15899999999996,63.60000000000001
CHEMBL5093769,COc1ccc(CNC(=O)c2ccccc2Nc2ccccc2)cc1,17430.0,inactive,"{2, 3, 4.368800000000003, 6, 332.403, 50.36}",2.0,3.0,4.368800000000003,6.0,332.403,50.36
CHEMBL118,Cc1ccc(-c2cc(C(F)(F)F)nn2-c2ccc(S(N)(=O)=O)cc2)cc1,70.0,active,"{1, 3, 4, 3.5139200000000006, 77.98, 381.3790000000001}",1.0,3.0,4.0,3.5139200000000006,77.98,381.3790000000001
CHEMBL118,Cc1ccc(-c2cc(C(F)(F)F)nn2-c2ccc(S(N)(=O)=O)cc2)cc1,0.52,active,"{1, 3, 4, 3.5139200000000006, 77.98, 381.3790000000001}",1.0,3.0,4.0,3.5139200000000006,77.98,381.3790000000001
CHEMBL4160466,O=C1COCCN1c1ccc(Nc2nc(Cl)nc(N3CCN(c4ccccc4)CC3)n2)cc1,100000.0,inactive,"{1, 2.958400000000001, 5, 8, 465.9450000000003, 86.71999999999998}",1.0,2.958400000000001,5.0,8.0,465.9450000000003,86.71999999999998
CHEMBL4173819,Cc1ccc(Nc2nc(Cl)nc(Nc3ccc(N4CCOCC4=O)cc3)n2)cc1,70000.0,inactive,"{2, 3.6838200000000016, 5, 7, 410.86500000000024, 92.27}",2.0,3.6838200000000016,5.0,7.0,410.86500000000024,92.27
CHEMBL4172724,O=C1COCCN1c1ccc(Nc2nc(Cl)nc(Nc3ccc(Br)cc3)n2)cc1,500.0,active,"{2, 4.137900000000002, 5, 7, 475.7340000000001, 92.27}",2.0,4.137900000000002,5.0,7.0,475.7340000000001,92.27
CHEMBL118,Cc1ccc(-c2cc(C(F)(F)F)nn2-c2ccc(S(N)(=O)=O)cc2)cc1,350.0,active,"{1, 3, 4, 3.5139200000000006, 77.98, 381.3790000000001}",1.0,3.0,4.0,3.5139200000000006,77.98,381.3790000000001
CHEMBL5094553,COc1cc(NC(=O)c2ccccc2Nc2cccc(C(F)(F)F)c2)cc(OC)c1OC,150000.0,inactive,"{2, 68.82000000000001, 5, 5.727100000000004, 7, 446.4250000000002}",2.0,68.82000000000001,5.0,5.727100000000004,7.0,446.4250000000002
CHEMBL4761676,O=C(NCCc1c[nH]c2ccc(Cl)cc12)c1ccccc1Nc1ccccc1,1340.0,active,"{2, 3, 389.8860000000001, 6, 5.537400000000003, 56.92}",2.0,3.0,389.8860000000001,6.0,5.537400000000003,56.92
CHEMBL122,CS(=O)(=O)c1ccc(C2=C(c3ccccc3)C(=O)OC2)cc1,196.0,active,"{0, 2.5577000000000005, 3, 4, 314.3620000000001, 60.44}",0.0,2.5577000000000005,3.0,4.0,314.3620000000001,60.44
CHEMBL127153,Cc1ccc(Oc2c(-c3ccc(S(C)(=O)=O)cc3)oc(C)cc2=O)c(Cl)c1,240.0,active,"{0, 4, 5, 4.772840000000003, 73.58000000000001, 404.8710000000002}",0.0,4.0,5.0,4.772840000000003,73.58000000000001,404.8710000000002
CHEMBL154,COc1ccc2cc([C@H](C)C(=O)O)ccc2c1,2500.0,active,"{1, 2, 3, 3.036500000000001, 230.26299999999998, 46.53}",1.0,2.0,3.0,3.036500000000001,230.26299999999998,46.53
CHEMBL4063300,CS(=O)(=O)c1ccc(-n2nccc2-c2ccc(Nc3nc(N4CCOCC4)nc(N4CCOCC4)n3)cc2)cc1,740.0,active,"{1, 2.5446, 7, 12, 562.6560000000005, 127.6}",1.0,2.5446,7.0,12.0,562.6560000000005,127.6
CHEMBL126683,Cc1cc(=O)c(Oc2ccc(I)cc2)c(-c2ccc(S(C)(=O)=O)cc2)o1,410.02,active,"{0, 482.2950000000002, 4, 5, 4.415620000000003, 73.58000000000001}",0.0,482.2950000000002,4.0,5.0,4.415620000000003,73.58000000000001
CHEMBL4644109,Nc1ccc(-n2c(-c3ccc(Cl)cc3)nc3ccccc32)cc1,193000.0,inactive,"{1, 2, 3, 4.928100000000002, 43.84, 319.7950000000001}",1.0,2.0,3.0,4.928100000000002,43.84,319.7950000000001
CHEMBL4782861,CC1NC(=O)c2ccccc2S1(=O)=O,423900.0,inactive,"{0, 1, 0.5497000000000001, 3, 211.24199999999996, 63.24}",0.0,1.0,0.5497000000000001,3.0,211.24199999999996,63.24
CHEMBL4641800,CSc1nc2ccccc2n1Cc1nnc2n1N=C(c1ccc(C)cc1)CS2,250.0,active,"{0, 4, 4.064520000000003, 8, 406.54000000000013, 60.89}",0.0,4.0,4.064520000000003,8.0,406.54000000000013,60.89
CHEMBL1950011,CCc1ccc2c(CC(=O)O)c(C(=O)c3cc(C)ccn3)[nH]c2c1,414.0,active,"{2, 322.364, 3, 5, 3.2918200000000013, 83.04999999999998}",2.0,322.364,3.0,5.0,3.2918200000000013,83.04999999999998
CHEMBL1950012,Cc1ccnc(C(=O)c2[nH]c3ccc(C(C)(C)C)cc3c2CC(=O)O)c1,41.5,active,"{2, 3, 4, 4.026920000000002, 83.05, 350.4180000000001}",2.0,3.0,4.0,4.026920000000002,83.05,350.4180000000001
CHEMBL1950009,Cc1ccnc(C(=O)c2[nH]c3cc(F)ccc3c2CC(=O)O)c1,155.0,active,"{2, 3, 4, 2.868520000000001, 83.05, 312.3}",2.0,3.0,4.0,2.868520000000001,83.05,312.3
CHEMBL122,CS(=O)(=O)c1ccc(C2=C(c3ccccc3)C(=O)OC2)cc1,15.0,active,"{0, 2.5577000000000005, 3, 4, 314.3620000000001, 60.44}",0.0,2.5577000000000005,3.0,4.0,314.3620000000001,60.44
CHEMBL4873961,Cc1cc(-c2ccccn2)nn1S(=O)(=O)Oc1ccccc1,100.0,active,"{0, 2.42542, 4, 6, 74.08, 315.354}",0.0,2.42542,4.0,6.0,74.08,315.354
CHEMBL4869860,Cc1ccc2c(CSc3nnc(CSc4nc5cc(Cl)ccc5o4)o3)cc(=O)oc2c1,13.67,active,"{0, 5.863620000000003, 6, 9, 471.9470000000003, 95.16000000000001}",0.0,5.863620000000003,6.0,9.0,471.9470000000003,95.16000000000001
CHEMBL1957881,Cc1ccc(/N=C/c2cn(Cc3ccccc3)c3ccccc23)cc1,17500.0,inactive,"{0, 2, 324.427, 4, 5.748620000000004, 17.29}",0.0,2.0,324.427,4.0,5.748620000000004,17.29
CHEMBL13980,CCCC(=O)c1cc(C(C)(C)C)c2c(c1)C(C)(C)CO2,95.0,active,"{0, 2, 3, 4.636900000000004, 274.404, 26.3}",0.0,2.0,3.0,4.636900000000004,274.404,26.3
CHEMBL28527,NS(=O)(=O)c1ccc(-n2nc(C(F)(F)F)cc2-c2ccc(F)cc2)cc1,41.0,active,"{385.34200000000004, 1, 3, 4, 3.3446000000000016, 77.98}",385.34200000000004,1.0,3.0,4.0,3.3446000000000016,77.98
CHEMBL4440931,Clc1ccc(-c2cc(-c3cn(-c4ccccc4)nc3-c3ccc(OCc4ccccc4)cc3)on2)cc1,1250.0,active,"{0, 5, 7, 8.093700000000005, 53.08, 503.98900000000026}",0.0,5.0,7.0,8.093700000000005,53.08,503.98900000000026
CHEMBL1689432,O=C(Cc1ccccc1)OCCS(=O)(=O)NO,100000.0,inactive,"{0.08090000000000008, 2, 259.28299999999996, 5, 6, 92.7}",0.08090000000000008,2.0,259.28299999999996,5.0,6.0,92.7
CHEMBL2153825,Cc1c(C(N)C(=O)OCCCO[N+](=O)[O-])cc(-c2ccc(S(C)(=O)=O)cc2)n1-c1ccc(F)cc1,820.0,active,"{1, 3.136720000000002, 9, 10, 143.76000000000002, 505.5240000000001}",1.0,3.136720000000002,9.0,10.0,143.76000000000002,505.5240000000001
CHEMBL297799,Cc1cc(-c2nc(C(F)(F)F)cn2-c2ccc(S(C)(=O)=O)cc2)ccc1F,170.0,active,"{0, 3, 4, 4.409120000000003, 398.3810000000001, 51.96}",0.0,3.0,4.0,4.409120000000003,398.3810000000001,51.96
CHEMBL4870684,CCCCOc1nc(OCC(C)(C)O)c(-c2ccc(S(C)(=O)=O)cc2)cc1C(C)O,2340.0,active,"{2, 3.534000000000003, 7, 105.95, 10, 437.55800000000016}",2.0,3.534000000000003,7.0,105.95,10.0,437.55800000000016
CHEMBL4877517,CCCCOc1nc(OCC(C)(C)O)c(-c2ccc(S(C)(=O)=O)cc2)cc1COCCO,540.0,active,"{2, 2.9896000000000025, 8, 13, 115.18, 467.5840000000003}",2.0,2.9896000000000025,8.0,13.0,115.18,467.5840000000003
CHEMBL4846538,CCCCOc1nc(OCC(C)(C)O)c(-c2ccc(S(C)(=O)=O)cc2)cc1C(=O)O,50000.0,inactive,"{2, 3.1789000000000014, 7, 10, 437.5140000000002, 123.02}",2.0,3.1789000000000014,7.0,10.0,437.5140000000002,123.02
CHEMBL3884141,Cc1ccc(-c2cc(C(=O)NCCCCCCC(=O)NO)nn2-c2ccc(S(C)(=O)=O)cc2)cc1,4440.0,active,"{130.39, 3, 3.4369200000000015, 7, 11, 498.6050000000001}",130.39,3.0,3.4369200000000015,7.0,11.0,498.6050000000001
CHEMBL3974298,Cc1cc(C)c2c(=O)n(CCC(=O)N3CCN(c4cccc(Cl)c4)CC3)sc2n1,295120.92,inactive,"{0, 3.4671400000000023, 4, 6, 430.9610000000001, 58.440000000000005}",0.0,3.4671400000000023,4.0,6.0,430.9610000000001,58.440000000000005
CHEMBL3903347,Cc1cc(C)c2c(=O)n(CCC(=O)N3CCN(c4ccccc4)CC3)sc2n1,281838.29,inactive,"{0, 2.813740000000001, 4, 6, 396.5160000000001, 58.440000000000005}",0.0,2.813740000000001,4.0,6.0,396.5160000000001,58.440000000000005
CHEMBL3958352,O=C(CCn1sc2ccccc2c1=O)N1CCN(c2cccc(Cl)c2)CC1,128824.96,inactive,"{0, 3.455300000000002, 4, 5, 45.550000000000004, 401.9190000000001}",0.0,3.455300000000002,4.0,5.0,45.550000000000004,401.9190000000001
CHEMBL13920,C#CCCCC(=O)c1cc(C(C)(C)C)c2c(c1)C(C)(C)CO2,15.0,active,"{0, 2, 4, 4.640300000000004, 298.42600000000004, 26.3}",0.0,2.0,4.0,4.640300000000004,298.42600000000004,26.3
CHEMBL277118,CSc1ccc(C2=C(c3ccc(S(C)(=O)=O)cc3)C(C)(O)OC2=O)cc1,1700.0,active,"{1, 2.988100000000001, 4, 390.4820000000001, 6, 80.67000000000002}",1.0,2.988100000000001,4.0,390.4820000000001,6.0,80.67000000000002
CHEMBL4450052,C=C(C)[C@@H]1CC[C@]2(C)CC[C@]3(C)[C@H](CCC4[C@@]5(C)[C@H](O)C[C@H](OC(C)=O)C(C)(C)[C@@H]5CC[C@]43C)[C@@H]12,540000.0,inactive,"{1, 2, 3, 484.7650000000003, 7.56640000000001, 46.53}",1.0,2.0,3.0,484.7650000000003,7.56640000000001,46.53
CHEMBL42709,Cc1cc(Cl)cc(-c2nc(C(F)(F)F)cn2-c2ccc(S(N)(=O)=O)cc2)c1,39.81,active,"{1, 3, 4, 4.167320000000003, 77.98, 415.8240000000001}",1.0,3.0,4.0,4.167320000000003,77.98,415.8240000000001
CHEMBL1147,NS(=O)(=O)c1ccc(-c2c(-c3ccccc3)noc2CO)cc1,181.97,active,"{2, 2.1483, 4, 5, 330.36500000000007, 106.42000000000002}",2.0,2.1483,4.0,5.0,330.36500000000007,106.42000000000002
CHEMBL4066899,Cc1c(C(=O)N2CCNCC2)nc2ccc(Cl)cc2c1O,2810.0,active,"{65.46000000000001, 2, 1, 4, 1.9476200000000001, 305.76500000000004}",65.46000000000001,2.0,1.0,4.0,1.9476200000000001,305.76500000000004
CHEMBL4109738,Cc1c(CC(=O)N[C@H](CO)C(=O)O)cc(-c2ccc(S(C)(=O)=O)cc2)n1-c1cccc(F)c1,57.0,active,"{2.09952, 3, 6, 8, 474.51000000000016, 125.70000000000002}",2.09952,3.0,6.0,8.0,474.51000000000016,125.70000000000002
CHEMBL1939511,Cc1c(CC(=O)OCCCO)cc(-c2ccc(S(C)(=O)=O)cc2)n1-c1cccc(F)c1,23.0,active,"{1, 3.463420000000002, 6, 8, 85.6, 445.5120000000001}",1.0,3.463420000000002,6.0,8.0,85.6,445.5120000000001
CHEMBL2337405,Cc1c(CCOCCCO[N+](=O)[O-])cc(-c2ccc(S(C)(=O)=O)cc2)n1-c1cccc(F)c1,430.0,active,"{0, 100.66999999999999, 4.152820000000004, 7, 11, 476.5260000000002}",0.0,100.66999999999999,4.152820000000004,7.0,11.0,476.5260000000002
CHEMBL118,Cc1ccc(-c2cc(C(F)(F)F)nn2-c2ccc(S(N)(=O)=O)cc2)cc1,2900.0,active,"{1, 3, 4, 3.5139200000000006, 77.98, 381.3790000000001}",1.0,3.0,4.0,3.5139200000000006,77.98,381.3790000000001
CHEMBL460015,CS(=O)(=O)Nn1c(Sc2cc([N+](=O)[O-])cc([N+](=O)[O-])c2)nc2sc(-c3ccccc3)cc2c1=O,3400.0,active,"{1, 3.5957000000000017, 7, 167.34000000000003, 519.5420000000003, 11}",1.0,3.5957000000000017,7.0,167.34000000000003,519.5420000000003,11.0
CHEMBL481613,CS(=O)(=O)c1ccc(C#Cc2ccc(=O)n(C(F)F)c2)cc1,5100.0,active,"{0, 2, 323.32, 4, 2.0467, 56.14}",0.0,2.0,323.32,4.0,2.0467,56.14
CHEMBL118,Cc1ccc(-c2cc(C(F)(F)F)nn2-c2ccc(S(N)(=O)=O)cc2)cc1,54.0,active,"{1, 3, 4, 3.5139200000000006, 77.98, 381.3790000000001}",1.0,3.0,4.0,3.5139200000000006,77.98,381.3790000000001
CHEMBL296662,COc1ccc(-c2nc(C(F)(F)F)cn2-c2ccc(S(N)(=O)=O)cc2)cc1F,30.2,active,"{1, 3.353200000000001, 4, 5, 87.21000000000001, 415.3680000000001}",1.0,3.353200000000001,4.0,5.0,87.21000000000001,415.3680000000001
CHEMBL321182,Cc1cc(F)ccc1C1=C(c2ccc(S(C)(=O)=O)cc2)CCC1,75.86,active,"{0, 2, 3, 34.14, 4.6323200000000035, 330.42400000000015}",0.0,2.0,3.0,34.14,4.6323200000000035,330.42400000000015
CHEMBL35992,CS(=O)(=O)Nc1cc2c(cc1Sc1ccccn1)C(=O)CC2,100.0,active,"{1, 2.733200000000001, 4, 5, 76.13, 334.42200000000014}",1.0,2.733200000000001,4.0,5.0,76.13,334.42200000000014
CHEMBL29133,Cc1c(C(F)(F)F)nn(-c2ccc(S(N)(=O)=O)cc2)c1-c1ccc(Cl)cc1,21.88,active,"{1, 3, 4, 4.167320000000003, 77.98, 415.8240000000002}",1.0,3.0,4.0,4.167320000000003,77.98,415.8240000000002
CHEMBL1275921,CC(C(=O)[O-])c1ccc(CC2CCCC2=O)cc1F.[Na+],14300.0,inactive,"{0, 3, 4, 57.199999999999996, 286.27799999999996, -1.4051999999999973}",0.0,3.0,4.0,57.199999999999996,286.27799999999996,-1.4051999999999973
CHEMBL118,Cc1ccc(-c2cc(C(F)(F)F)nn2-c2ccc(S(N)(=O)=O)cc2)cc1,280.0,active,"{1, 3, 4, 3.5139200000000006, 77.98, 381.3790000000001}",1.0,3.0,4.0,3.5139200000000006,77.98,381.3790000000001
CHEMBL29899,CN(C)c1ccc(-c2cc(C(F)(F)F)nn2-c2ccc(S(N)(=O)=O)cc2)cc1F,5.7,active,"{1, 3.4106000000000005, 4, 5, 428.41100000000006, 81.22}",1.0,3.4106000000000005,4.0,5.0,428.41100000000006,81.22
CHEMBL1210074,CC(=O)OC(C)O/N=[N+](/[O-])c1ccc(-c2cc(C(F)(F)F)nn2-c2ccc(S(N)(=O)=O)cc2)cc1,3300.0,active,"{513.4540000000002, 1, 3.640200000000001, 7, 9, 151.94}",513.4540000000002,1.0,3.640200000000001,7.0,9.0,151.94
CHEMBL118,Cc1ccc(-c2cc(C(F)(F)F)nn2-c2ccc(S(N)(=O)=O)cc2)cc1,68.0,active,"{1, 3, 4, 3.5139200000000006, 77.98, 381.3790000000001}",1.0,3.0,4.0,3.5139200000000006,77.98,381.3790000000001
CHEMBL518935,Oc1ccc([C@H]2Oc3ccc(/C=C/c4cc(O)cc(O)c4)cc3[C@@H]2c2cc(O)cc(O)c2)cc1,3700.0,active,"{4, 5, 454.4780000000001, 6, 5.650600000000008, 110.38000000000001}",4.0,5.0,454.4780000000001,6.0,5.650600000000008,110.38000000000001
CHEMBL4545038,Nc1nc(-c2ccc(Cl)cc2)cc(-c2cn(-c3ccccc3)nc2-c2ccc(OCc3ccccc3)cc2)n1,3990.0,active,"{1, 6, 7, 7.477900000000006, 78.85, 530.0310000000002}",1.0,6.0,7.0,7.477900000000006,78.85,530.0310000000002
CHEMBL122,CS(=O)(=O)c1ccc(C2=C(c3ccccc3)C(=O)OC2)cc1,530.0,active,"{0, 2.5577000000000005, 3, 4, 314.3620000000001, 60.44}",0.0,2.5577000000000005,3.0,4.0,314.3620000000001,60.44
CHEMBL1290801,Cc1cc(OC(F)(F)F)cc2c1O[C@@H](C(F)(F)F)C(C(=O)O)=C2,100000.0,inactive,"{1, 2, 3, 3.684920000000001, 342.1910000000001, 55.760000000000005}",1.0,2.0,3.0,3.684920000000001,342.1910000000001,55.760000000000005
CHEMBL118,Cc1ccc(-c2cc(C(F)(F)F)nn2-c2ccc(S(N)(=O)=O)cc2)cc1,950.0,active,"{1, 3, 4, 3.5139200000000006, 77.98, 381.3790000000001}",1.0,3.0,4.0,3.5139200000000006,77.98,381.3790000000001
CHEMBL409468,NS(=O)(=O)c1ccc(-c2nc(NCc3ccco3)cc(C(F)(F)F)n2)cc1,14.4,active,"{2, 3.0149000000000017, 5, 6, 398.36600000000004, 111.11000000000001}",2.0,3.0149000000000017,5.0,6.0,398.36600000000004,111.11000000000001
CHEMBL270351,NS(=O)(=O)c1ccc(-c2nc(NCc3csc4ccccc34)cc(C(F)(F)F)n2)cc1,10000.0,inactive,"{97.97000000000001, 2, 4.636600000000002, 5, 6, 464.4940000000001}",97.97000000000001,2.0,4.636600000000002,5.0,6.0,464.4940000000001
CHEMBL1034,O=C([O-])Cc1ccccc1Nc1c(Cl)cccc1Cl.[Na+],800.0,active,"{0.03339999999999904, 1, 3, 4, 52.16, 318.135}",0.03339999999999904,1.0,3.0,4.0,52.16,318.135
CHEMBL270730,Cn1cccc1CNc1cc(C(F)(F)F)nc(-c2ccc(S(C)(=O)=O)cc2)n1,177.8,active,"{1, 3.5165000000000015, 5, 6, 76.88, 410.4210000000001}",1.0,3.5165000000000015,5.0,6.0,76.88,410.4210000000001
CHEMBL271551,CS(=O)(=O)c1ccc(-c2nc(NCc3ccco3)cc(C(F)(F)F)n2)cc1,200.7,active,"{1, 3.7710000000000026, 5, 6, 397.37800000000004, 85.09}",1.0,3.7710000000000026,5.0,6.0,397.37800000000004,85.09
CHEMBL432335,NS(=O)(=O)c1ccc(-c2coc(=O)n2C2CCCCC2)cc1,18900.0,inactive,"{1, 322.3860000000001, 3, 2.2609000000000004, 5, 95.30000000000001}",1.0,322.3860000000001,3.0,2.2609000000000004,5.0,95.30000000000001
CHEMBL281978,NS(=O)(=O)c1ccc(-n2nc(C(F)(F)F)cc2-c2ccc(Cl)cc2Cl)cc1,56.23,active,"{1, 3, 4, 4.512300000000002, 77.98, 436.2420000000001}",1.0,3.0,4.0,4.512300000000002,77.98,436.2420000000001
CHEMBL236906,CC(=O)O[C@@H]1CC[C@@]2(C)[C@@H](CC[C@]3(C)[C@@H]2CC=C2[C@@H]4[C@@H](C)[C@H](C)CC[C@]4(C)CC[C@]23C)[C@@]1(C)C(=O)O,40000.0,inactive,"{1, 2, 3, 7.660300000000008, 498.7480000000004, 63.60000000000001}",1.0,2.0,3.0,7.660300000000008,498.7480000000004,63.60000000000001
CHEMBL4570802,COc1ccc(-c2c(-c3ccc(F)cc3)noc2CC(=O)O)cc1,50000.0,inactive,"{1, 3.783400000000002, 4, 5, 327.31100000000004, 72.56}",1.0,3.783400000000002,4.0,5.0,327.31100000000004,72.56
CHEMBL416146,Cc1ccc(-c2ncc(Cl)cc2-c2ccc(S(C)(=O)=O)cc2)cn1,430.0,active,"{0, 3, 4, 4.175920000000004, 358.8500000000001, 59.92}",0.0,3.0,4.0,4.175920000000004,358.8500000000001,59.92
CHEMBL416146,Cc1ccc(-c2ncc(Cl)cc2-c2ccc(S(C)(=O)=O)cc2)cn1,611.0,active,"{0, 3, 4, 4.175920000000004, 358.8500000000001, 59.92}",0.0,3.0,4.0,4.175920000000004,358.8500000000001,59.92
CHEMBL4529762,Brc1ccc(-c2nnc(CSc3nnc(-c4ccncc4)o3)o2)cc1,53.0,active,"{416.2600000000001, 0, 4.236400000000002, 5, 8, 90.73}",416.2600000000001,0.0,4.236400000000002,5.0,8.0,90.73
CHEMBL4573875,O=[N+]([O-])c1ccc(/C=N/c2nnc(-c3cccnc3)o2)cc1,210.0,active,"{0, 2.790400000000001, 4, 7, 295.25800000000004, 107.31}",0.0,2.790400000000001,4.0,7.0,295.25800000000004,107.31
CHEMBL4475508,O=[N+]([O-])c1ccc(/C=N/c2nnc(-c3ccccc3)o2)cc1,94.0,active,"{0, 3.3954000000000013, 4, 294.27000000000004, 6, 94.42}",0.0,3.3954000000000013,4.0,294.27000000000004,6.0,94.42
CHEMBL75435,C[C@H](C(=O)O)c1cccc(C(=O)c2ccccc2)c1,230.0,active,"{1, 2, 3.1057000000000015, 4, 54.37, 254.285}",1.0,2.0,3.1057000000000015,4.0,54.37,254.285
CHEMBL3809863,CC(C)C[C@H](NC(=O)CNC(=O)[C@@H](NC(=O)OCc1ccccc1)C(C)C)C(=O)N[C@@H](C)C(=O)O,50.0,active,"{1.173800000000002, 162.93, 5, 6, 492.5730000000002, 13}",1.173800000000002,162.93,5.0,6.0,492.5730000000002,13.0
CHEMBL3810057,O=C(O)CNC(=O)CNC(=O)OCc1ccccc1,2000.0,active,"{0.11359999999999992, 3, 4, 6, 104.73, 266.253}",0.11359999999999992,3.0,4.0,6.0,104.73,266.253
CHEMBL5421326,Nc1n[nH]c(/N=C2/C(=O)Nc3ccc(S(=O)(=O)N4CCCC4)cc32)c1/N=N/c1ccc(O)cc1,36550.0,inactive,"{480.5100000000003, 2.970300000000001, 4, 5, 9, 178.48999999999998}",480.5100000000003,2.970300000000001,4.0,5.0,9.0,178.48999999999998
CHEMBL461883,CCCCC(Sc1nc(OCCc2ccccc2)cc(OCCc2ccccc2)n1)C(=O)O,10.0,active,"{1, 5.455100000000005, 6, 14, 81.54, 466.60300000000024}",1.0,5.455100000000005,6.0,14.0,81.54,466.60300000000024
CHEMBL406434,COC(=O)c1ccc(/C=N/c2ccc(S(N)(=O)=O)cc2)cc1,2730.0,active,"{1, 98.82, 1.8712000000000002, 4, 5, 318.354}",1.0,98.82,1.8712000000000002,4.0,5.0,318.354
CHEMBL179512,COc1cc(/C=C/C(O)=C/C(=O)/C=C/c2ccc(O)cc2)ccc1O,21360.0,inactive,"{3, 3.8440000000000025, 5, 6, 338.35900000000004, 86.99000000000001}",3.0,3.8440000000000025,5.0,6.0,338.35900000000004,86.99000000000001
CHEMBL180239,COc1cc(/C=C/c2cc(/C=C/c3ccc(O)c(OC)c3)[nH]n2)ccc1O,9700.0,active,"{3, 4.178900000000003, 5, 6, 364.401, 87.60000000000001}",3.0,4.178900000000003,5.0,6.0,364.401,87.60000000000001
CHEMBL122,CS(=O)(=O)c1ccc(C2=C(c3ccccc3)C(=O)OC2)cc1,340.0,active,"{0, 2.5577000000000005, 3, 4, 314.3620000000001, 60.44}",0.0,2.5577000000000005,3.0,4.0,314.3620000000001,60.44
CHEMBL118,Cc1ccc(-c2cc(C(F)(F)F)nn2-c2ccc(S(N)(=O)=O)cc2)cc1,2.0,active,"{1, 3, 4, 3.5139200000000006, 77.98, 381.3790000000001}",1.0,3.0,4.0,3.5139200000000006,77.98,381.3790000000001
CHEMBL18797,CSc1ccc(/C=C2/C(C)=C(CC(=O)O)c3cc(F)ccc32)cc1,100.0,active,"{1, 2, 4, 37.3, 5.350000000000005, 340.419}",1.0,2.0,4.0,37.3,5.350000000000005,340.419
CHEMBL5424006,CN(C)c1ccc(/C=N/NC(=O)c2cnn(-c3ccc(S(N)(=O)=O)cc3)c2N)cc1,80.0,active,"{0.9318000000000002, 3, 6, 8, 427.4900000000001, 148.70000000000002}",0.9318000000000002,3.0,6.0,8.0,427.4900000000001,148.70000000000002
CHEMBL5413403,Nc1c(C(=O)N/N=C/c2cccs2)cnn1-c1ccc(S(N)(=O)=O)cc1,60.0,active,"{0.9272999999999997, 3, 5, 390.45000000000016, 8, 145.46}",0.9272999999999997,3.0,5.0,390.45000000000016,8.0,145.46
CHEMBL72294,Cc1ccc(-n2c(-c3ccc(S(N)(=O)=O)cc3)c(C)oc2=O)cc1,1698.24,active,"{1, 2.36174, 3, 5, 344.3920000000001, 95.30000000000001}",1.0,2.36174,3.0,5.0,344.3920000000001,95.30000000000001
CHEMBL48568,CC(C)(C)c1cc(/C=C2\OC(=O)NC2=O)cc(C(C)(C)C)c1O,34000.0,inactive,"{1, 2, 3.5945000000000022, 4, 75.63, 317.38500000000005}",1.0,2.0,3.5945000000000022,4.0,75.63,317.38500000000005
CHEMBL122,CS(=O)(=O)c1ccc(C2=C(c3ccccc3)C(=O)OC2)cc1,500.0,active,"{0, 2.5577000000000005, 3, 4, 314.3620000000001, 60.44}",0.0,2.5577000000000005,3.0,4.0,314.3620000000001,60.44
CHEMBL118,Cc1ccc(-c2cc(C(F)(F)F)nn2-c2ccc(S(N)(=O)=O)cc2)cc1,50.0,active,"{1, 3, 4, 3.5139200000000006, 77.98, 381.3790000000001}",1.0,3.0,4.0,3.5139200000000006,77.98,381.3790000000001
CHEMBL72515,COc1ccc(-n2c(-c3ccc(S(N)(=O)=O)cc3)coc2=O)cc1Cl,779.83,active,"{1, 2.4069000000000003, 4, 6, 104.53, 380.8090000000001}",1.0,2.4069000000000003,4.0,6.0,104.53,380.8090000000001
CHEMBL363228,Cc1onc(-c2ccc(Cl)o2)c1-c1ccccc1,100000.0,inactive,"{0, 2, 3, 259.69199999999995, 4.5634200000000025, 39.17}",0.0,2.0,3.0,259.69199999999995,4.5634200000000025,39.17
CHEMBL25,CC(=O)Oc1ccccc1C(=O)O,1050000.0,inactive,"{1, 2, 3, 1.3101, 180.15899999999996, 63.60000000000001}",1.0,2.0,3.0,1.3101,180.15899999999996,63.60000000000001
CHEMBL118,Cc1ccc(-c2cc(C(F)(F)F)nn2-c2ccc(S(N)(=O)=O)cc2)cc1,63.0,active,"{1, 3, 4, 3.5139200000000006, 77.98, 381.3790000000001}",1.0,3.0,4.0,3.5139200000000006,77.98,381.3790000000001
CHEMBL319512,COc1ccc2c(c1)CSc1c(C(F)(F)F)nn(-c3ccc(S(N)(=O)=O)cc3)c1-2,12.88,active,"{1, 3, 3.8198000000000025, 6, 87.21000000000001, 441.45600000000013}",1.0,3.0,3.8198000000000025,6.0,87.21000000000001,441.45600000000013
CHEMBL5191675,[11CH3]Oc1ccc(-c2cc(C(F)(F)F)nn2-c2ccc(S(N)(=O)=O)cc2)cc1,8.0,active,"{1, 3.214100000000001, 4, 5, 396.37843360000005, 87.21000000000001}",1.0,3.214100000000001,4.0,5.0,396.37843360000005,87.21000000000001
CHEMBL435381,COc1ccc(-c2c(Cl)ncn2-c2ccc(S(N)(=O)=O)cc2)cc1F,100.0,active,"{1, 2.9878, 4, 5, 87.21000000000001, 381.8160000000001}",1.0,2.9878,4.0,5.0,87.21000000000001,381.8160000000001
CHEMBL118,Cc1ccc(-c2cc(C(F)(F)F)nn2-c2ccc(S(N)(=O)=O)cc2)cc1,484.0,active,"{1, 3, 4, 3.5139200000000006, 77.98, 381.3790000000001}",1.0,3.0,4.0,3.5139200000000006,77.98,381.3790000000001
CHEMBL25,CC(=O)Oc1ccccc1C(=O)O,1000000.0,inactive,"{1, 2, 3, 1.3101, 180.15899999999996, 63.60000000000001}",1.0,2.0,3.0,1.3101,180.15899999999996,63.60000000000001
CHEMBL4444603,COc1ccccc1/C=C/C1=NN(c2ccc(F)cc2)C(=O)CC1,48.79,active,"{0, 3, 324.35500000000013, 4, 4.030500000000003, 41.9}",0.0,3.0,324.35500000000013,4.0,4.030500000000003,41.9
CHEMBL4547736,Cc1cccc(/C=C/C2=NN(c3ccc(F)cc3)C(=O)CC2)c1,52.34,active,"{0, 32.67, 2, 3, 4.330320000000004, 308.3560000000001}",0.0,32.67,2.0,3.0,4.330320000000004,308.3560000000001
CHEMBL3747306,NS(=O)(=O)c1ccc(N2N=C(c3cccs3)CC2c2ccc(Cl)cc2)cc1,2640.0,active,"{417.9430000000001, 1, 4, 5, 4.404600000000003, 75.76}",417.9430000000001,1.0,4.0,5.0,4.404600000000003,75.76
CHEMBL43616,CS(=O)(=O)c1ccc(-n2cc(C(F)(F)F)nc2-c2cccc(Br)c2)cc1,79.43,active,"{0, 3, 4, 4.724100000000003, 51.96, 445.26000000000005}",0.0,3.0,4.0,4.724100000000003,51.96,445.26000000000005
CHEMBL28664,NS(=O)(=O)c1ccc(-n2nc(C(F)(F)F)cc2-c2ccc([N+](=O)[O-])cc2)cc1,2630.0,active,"{1, 3.1137000000000015, 4, 6, 121.12, 412.3490000000001}",1.0,3.1137000000000015,4.0,6.0,121.12,412.3490000000001
CHEMBL3741399,C#Cc1cccc(Nc2ncnc3cc(OCCOC(=O)c4ccccc4OC(C)=O)c(OCCOC(=O)c4ccccc4OC(C)=O)cc23)c1,10000.0,inactive,"{161.47, 1, 5.676900000000005, 13, 14, 689.6770000000002}",161.47,1.0,5.676900000000005,13.0,14.0,689.6770000000002
CHEMBL3746878,CS(=O)(=O)c1ccc(N2N=C(C(=O)O)CC2c2ccco2)cc1,2110.0,active,"{1, 2.0751, 100.18, 4, 6, 334.353}",1.0,2.0751,100.18,4.0,6.0,334.353
CHEMBL274893,CS(=O)(=O)c1ccc(C2=C(c3ccc(F)cc3)CCC2)cc1,160.0,active,"{0, 2, 3, 34.14, 4.323900000000004, 316.3970000000001}",0.0,2.0,3.0,34.14,4.323900000000004,316.3970000000001
CHEMBL118,Cc1ccc(-c2cc(C(F)(F)F)nn2-c2ccc(S(N)(=O)=O)cc2)cc1,80.0,active,"{1, 3, 4, 3.5139200000000006, 77.98, 381.3790000000001}",1.0,3.0,4.0,3.5139200000000006,77.98,381.3790000000001
CHEMBL553,C#Cc1cccc(Nc2ncnc3cc(OCCOC)c(OCCOC)cc23)c1,10000.0,inactive,"{1, 3.405100000000002, 7, 393.4430000000002, 10, 74.73000000000002}",1.0,3.405100000000002,7.0,393.4430000000002,10.0,74.73000000000002
CHEMBL15770,CC1=C(CC(=O)O)c2cc(F)ccc2/C1=C\c1ccc([S+](C)[O-])cc1,8800.0,active,"{1, 2, 356.41800000000006, 4, 4.365500000000003, 60.36}",1.0,2.0,356.41800000000006,4.0,4.365500000000003,60.36
CHEMBL1814714,COc1ccc(-c2cc(C(C)C(=O)[O-])ccc2CC2CCCC2=O)cc1.[Na+],1000000.0,inactive,"{0, 0.13130000000000086, 66.43, 4, 6, 374.41200000000015}",0.0,0.13130000000000086,66.43,4.0,6.0,374.41200000000015
CHEMBL1916964,O=C(NS(=O)(=O)c1ccc(Br)cc1)c1ccccn1,3600.0,active,"{1, 1.9627999999999997, 3, 4, 76.13, 341.18600000000004}",1.0,1.9627999999999997,3.0,4.0,76.13,341.18600000000004
CHEMBL1916965,Cc1ccc(S(=O)(=O)NC(=O)c2ccccn2)cc1,8000.0,active,"{1, 1.50872, 3, 4, 76.13, 276.317}",1.0,1.50872,3.0,4.0,76.13,276.317
CHEMBL118,Cc1ccc(-c2cc(C(F)(F)F)nn2-c2ccc(S(N)(=O)=O)cc2)cc1,150.0,active,"{1, 3, 4, 3.5139200000000006, 77.98, 381.3790000000001}",1.0,3.0,4.0,3.5139200000000006,77.98,381.3790000000001
CHEMBL28528,Cc1ccc(-c2c(C#N)cnn2-c2ccc(S(N)(=O)=O)cc2)cc1,75.86,active,"{1, 2.3668000000000005, 3, 5, 101.76999999999998, 338.39200000000005}",1.0,2.3668000000000005,3.0,5.0,101.76999999999998,338.39200000000005
CHEMBL4791495,COc1ccc(-c2noc(CC(=O)Nc3ccc(NC(=O)Cc4onc(-c5ccc(OC)cc5)c4-c4ccc(OC)cc4)cc3)c2-c2ccc(OC)cc2)cc1,50000.0,inactive,"{2, 8.727400000000003, 10, 750.8080000000002, 14, 147.17999999999998}",2.0,8.727400000000003,10.0,750.8080000000002,14.0,147.17999999999998
CHEMBL118,Cc1ccc(-c2cc(C(F)(F)F)nn2-c2ccc(S(N)(=O)=O)cc2)cc1,30.0,active,"{1, 3, 4, 3.5139200000000006, 77.98, 381.3790000000001}",1.0,3.0,4.0,3.5139200000000006,77.98,381.3790000000001
CHEMBL311498,Oc1cc(O)c2c(c1)O[C@H](c1ccc(O)c(O)c1)[C@@H](O)C2,130000.0,inactive,"{1, 290.271, 1.5460999999999998, 5, 6, 110.38000000000001}",1.0,290.271,1.5460999999999998,5.0,6.0,110.38000000000001
CHEMBL18797,CSc1ccc(/C=C2/C(C)=C(CC(=O)O)c3cc(F)ccc32)cc1,1537.0,active,"{1, 2, 4, 37.3, 5.350000000000005, 340.419}",1.0,2.0,4.0,37.3,5.350000000000005,340.419
CHEMBL283178,CSc1ccc(-c2cc(C(F)(F)F)nn2-c2ccc(S(N)(=O)=O)cc2)cc1,9.0,active,"{1, 3.9274000000000022, 4, 5, 77.98, 413.4460000000001}",1.0,3.9274000000000022,4.0,5.0,77.98,413.4460000000001
CHEMBL97059,NS(=O)(=O)c1ccc(-n2nc(C(F)(F)F)c3c2-c2cc(F)c(F)cc2CS3)cc1,6.001,active,"{1, 2, 4.089400000000002, 5, 77.98, 447.4100000000001}",1.0,2.0,4.089400000000002,5.0,77.98,447.4100000000001
CHEMBL108201,COc1ccc(C2=C(c3ccc(S(C)(=O)=O)cc3)CCC2)cc1,5.0,active,"{0, 3, 4, 4.193400000000004, 328.4330000000001, 43.370000000000005}",0.0,3.0,4.0,4.193400000000004,328.4330000000001,43.370000000000005
CHEMBL501208,CS(=O)(=O)c1ccc(-c2[nH]c3ccccc3c2-c2ccc(F)cc2)cc1,20.0,active,"{1, 2, 3, 5.044500000000004, 365.4290000000001, 49.93}",1.0,2.0,3.0,5.044500000000004,365.4290000000001,49.93
CHEMBL105350,O=C(/C=C/c1ccc(O)cc1)CC(=O)/C=C/c1ccc(O)cc1,36370.0,inactive,"{2, 3.3527000000000022, 4, 6, 74.6, 308.333}",2.0,3.3527000000000022,4.0,6.0,74.6,308.333
CHEMBL416146,Cc1ccc(-c2ncc(Cl)cc2-c2ccc(S(C)(=O)=O)cc2)cn1,81.0,active,"{0, 3, 4, 4.175920000000004, 358.8500000000001, 59.92}",0.0,3.0,4.0,4.175920000000004,358.8500000000001,59.92
CHEMBL3963184,CC(C)(C)C1=NN(c2ccc(S(=O)(=O)O)cc2)C(c2ccc(Cl)cc2)C1,100000.0,inactive,"{1, 3, 4, 69.97, 4.940200000000004, 392.90800000000013}",1.0,3.0,4.0,69.97,4.940200000000004,392.90800000000013
CHEMBL118,Cc1ccc(-c2cc(C(F)(F)F)nn2-c2ccc(S(N)(=O)=O)cc2)cc1,70.0,active,"{1, 3, 4, 3.5139200000000006, 77.98, 381.3790000000001}",1.0,3.0,4.0,3.5139200000000006,77.98,381.3790000000001
CHEMBL122,CS(=O)(=O)c1ccc(C2=C(c3ccccc3)C(=O)OC2)cc1,500.0,active,"{0, 2.5577000000000005, 3, 4, 314.3620000000001, 60.44}",0.0,2.5577000000000005,3.0,4.0,314.3620000000001,60.44
CHEMBL865,Cc1onc(-c2ccccc2)c1-c1ccc(S(N)(=O)=O)cc1,50.0,active,"{1, 2.9644200000000005, 3, 4, 86.19, 314.36600000000004}",1.0,2.9644200000000005,3.0,4.0,86.19,314.36600000000004
CHEMBL4466770,N#Cc1cnn(-c2ccc(S(N)(=O)=O)cc2)c1/N=C/c1ccc(Cl)cc1,189.77,active,"{385.836, 1, 2.7953800000000006, 4, 6, 114.12999999999998}",385.836,1.0,2.7953800000000006,4.0,6.0,114.12999999999998
CHEMBL118,Cc1ccc(-c2cc(C(F)(F)F)nn2-c2ccc(S(N)(=O)=O)cc2)cc1,35.56,active,"{1, 3, 4, 3.5139200000000006, 77.98, 381.3790000000001}",1.0,3.0,4.0,3.5139200000000006,77.98,381.3790000000001
CHEMBL2283172,CS(=O)(=O)c1ccc(/C=C(\c2ccccc2)c2ccc(F)cc2)cc1,32.0,active,"{352.43000000000006, 0, 2, 34.14, 4, 4.818100000000004}",352.43000000000006,0.0,2.0,34.14,4.0,4.818100000000004
CHEMBL2283169,CCCC/C(=C(\c1ccccc1)c1ccc(S(C)(=O)=O)cc1)c1cc(C(C)(C)C)c(O)c(C(C)(C)C)c1,3300.0,active,"{1, 3, 518.7630000000004, 7, 8.540000000000006, 54.370000000000005}",1.0,3.0,518.7630000000004,7.0,8.540000000000006,54.370000000000005
CHEMBL118,Cc1ccc(-c2cc(C(F)(F)F)nn2-c2ccc(S(N)(=O)=O)cc2)cc1,540.0,active,"{1, 3, 4, 3.5139200000000006, 77.98, 381.3790000000001}",1.0,3.0,4.0,3.5139200000000006,77.98,381.3790000000001
CHEMBL3355610,[2H]C([2H])([2H])C([2H])([2H])c1cc(OC(F)(F)F)cc2c1OC(C(F)(F)F)C(C(=O)O)=C2,61.0,active,"{1, 3, 4, 3.9389000000000003, 361.24850889000004, 55.760000000000005}",1.0,3.0,4.0,3.9389000000000003,361.24850889000004,55.760000000000005
CHEMBL118,Cc1ccc(-c2cc(C(F)(F)F)nn2-c2ccc(S(N)(=O)=O)cc2)cc1,160.0,active,"{1, 3, 4, 3.5139200000000006, 77.98, 381.3790000000001}",1.0,3.0,4.0,3.5139200000000006,77.98,381.3790000000001
CHEMBL4583354,O=C(/C=C/C1=Cc2c(ccc3ccccc23)OC1)c1ccc(C(F)(F)F)cc1,330.0,active,"{0, 2, 3, 6.073500000000005, 26.3, 380.365}",0.0,2.0,3.0,6.073500000000005,26.3,380.365
CHEMBL4570476,CCc1ccc(C(=O)/C=C/C2=Cc3c(ccc4ccccc34)OC2)cc1,430.0,active,"{0, 2, 4, 5.617100000000006, 340.4220000000001, 26.3}",0.0,2.0,4.0,5.617100000000006,340.4220000000001,26.3
CHEMBL25,CC(=O)Oc1ccccc1C(=O)O,18000000.0,inactive,"{1, 2, 3, 1.3101, 180.15899999999996, 63.60000000000001}",1.0,2.0,3.0,1.3101,180.15899999999996,63.60000000000001
CHEMBL118,Cc1ccc(-c2cc(C(F)(F)F)nn2-c2ccc(S(N)(=O)=O)cc2)cc1,290.0,active,"{1, 3, 4, 3.5139200000000006, 77.98, 381.3790000000001}",1.0,3.0,4.0,3.5139200000000006,77.98,381.3790000000001
CHEMBL118,Cc1ccc(-c2cc(C(F)(F)F)nn2-c2ccc(S(N)(=O)=O)cc2)cc1,200.0,active,"{1, 3, 4, 3.5139200000000006, 77.98, 381.3790000000001}",1.0,3.0,4.0,3.5139200000000006,77.98,381.3790000000001
CHEMBL29839,COc1ccc(-c2cc(C(F)(F)F)nn2-c2ccc(S(N)(=O)=O)cc2)cc1,8.0,active,"{1, 3.214100000000001, 4, 5, 397.3780000000001, 87.21000000000001}",1.0,3.214100000000001,4.0,5.0,397.3780000000001,87.21000000000001
CHEMBL118,Cc1ccc(-c2cc(C(F)(F)F)nn2-c2ccc(S(N)(=O)=O)cc2)cc1,800.0,active,"{1, 3, 4, 3.5139200000000006, 77.98, 381.3790000000001}",1.0,3.0,4.0,3.5139200000000006,77.98,381.3790000000001
CHEMBL3914590,CC(C)(C)C1=NN(c2ccc(C(=O)O)cc2)C(c2ccc([N+](=O)[O-])cc2)C1,100000.0,inactive,"{96.04, 1, 4, 5, 4.646500000000004, 367.40500000000014}",96.04,1.0,4.0,5.0,4.646500000000004,367.40500000000014
CHEMBL4097555,COc1cc(C2CC(c3ccc(Nc4nc(N5CCOCC5)nc(N5CCOCC5)n4)cc3)=NN2C(C)=O)cc(OC)c1OC,2860.0,active,"{1, 3.011800000000001, 136.0, 9, 618.6950000000003, 13}",1.0,3.011800000000001,136.0,9.0,618.6950000000003,13.0
CHEMBL1171250,C[C@@H]1O[C@@H](O[C@H]2[C@H](O)[C@@H](O)[C@H](OC[C@H]3O[C@@H](OC(=O)[C@]45CCC(C)(C)C[C@H]4C4=CC[C@@H]6[C@@]7(C)CC[C@H](O[C@@H]8OC[C@H](O)[C@H](O)[C@H]8O)C(C)(C)[C@@H]7CC[C@@]6(C)[C@]4(C)CC5)[C@H](O)[C@@H](O)[C@@H]3O)O[C@@H]2CO)[C@H](O)[C@H](O)[C@H]1O,50000.0,inactive,"{-0.36859999999998944, 1059.2500000000005, 10, 12, 333.67, 21}",-0.36859999999998944,1059.2500000000005,10.0,12.0,333.67,21.0
CHEMBL109017,Cc1csc(-c2nc(C(F)(F)F)cn2-c2ccc(S(N)(=O)=O)cc2)n1,109.65,active,"{1, 2.9704200000000007, 3, 388.3960000000001, 6, 90.87}",1.0,2.9704200000000007,3.0,388.3960000000001,6.0,90.87
CHEMBL122,CS(=O)(=O)c1ccc(C2=C(c3ccccc3)C(=O)OC2)cc1,280.0,active,"{0, 2.5577000000000005, 3, 4, 314.3620000000001, 60.44}",0.0,2.5577000000000005,3.0,4.0,314.3620000000001,60.44
CHEMBL122,CS(=O)(=O)c1ccc(C2=C(c3ccccc3)C(=O)OC2)cc1,500.0,active,"{0, 2.5577000000000005, 3, 4, 314.3620000000001, 60.44}",0.0,2.5577000000000005,3.0,4.0,314.3620000000001,60.44
CHEMBL118,Cc1ccc(-c2cc(C(F)(F)F)nn2-c2ccc(S(N)(=O)=O)cc2)cc1,1000.0,active,"{1, 3, 4, 3.5139200000000006, 77.98, 381.3790000000001}",1.0,3.0,4.0,3.5139200000000006,77.98,381.3790000000001
CHEMBL118,Cc1ccc(-c2cc(C(F)(F)F)nn2-c2ccc(S(N)(=O)=O)cc2)cc1,56.0,active,"{1, 3, 4, 3.5139200000000006, 77.98, 381.3790000000001}",1.0,3.0,4.0,3.5139200000000006,77.98,381.3790000000001
CHEMBL3127461,COc1cc2occc2c(OC)c1-c1cc(-c2ccc(F)cc2)n(-c2ccc(S(N)(=O)=O)cc2)n1,460.0,active,"{1, 4.756200000000004, 6, 7, 109.58, 493.51600000000013}",1.0,4.756200000000004,6.0,7.0,109.58,493.51600000000013
CHEMBL3127459,COc1cc2occc2c(OC)c1-c1cc(-c2ccccc2)n(-c2ccc(S(N)(=O)=O)cc2)n1,35000.0,inactive,"{1, 4.617100000000004, 6, 7, 109.58, 475.5260000000001}",1.0,4.617100000000004,6.0,7.0,109.58,475.5260000000001
CHEMBL3410346,NS(=O)(=O)c1ccc(N2N=C3c4ccccc4CCC3C2c2ccc(F)cc2)cc1,15320.0,inactive,"{1, 3, 4, 421.4970000000001, 4.001100000000004, 75.76}",1.0,3.0,4.0,421.4970000000001,4.001100000000004,75.76
CHEMBL525021,Cc1ccc(-c2c(-c3ccc(S(C)(=O)=O)cc3)[nH]c3ccccc23)cc1C,0.1698,active,"{1, 2, 3, 5.5222400000000045, 49.93, 375.4930000000001}",1.0,2.0,3.0,5.5222400000000045,49.93,375.4930000000001
CHEMBL502285,CS(=O)(=O)c1ccc(-c2[nH]c3ccc(Cl)cc3c2-c2ccccc2)cc1,0.3597,active,"{1, 2, 3, 5.558800000000004, 49.93, 381.8840000000001}",1.0,2.0,3.0,5.558800000000004,49.93,381.8840000000001
CHEMBL561539,Cc1c(CC(=O)O)c2cccnc2n1S(=O)(=O)c1ccc(Cl)cc1,10000.0,inactive,"{1, 2.8622200000000015, 4, 5, 364.81000000000006, 89.25999999999999}",1.0,2.8622200000000015,4.0,5.0,364.81000000000006,89.25999999999999
CHEMBL118,Cc1ccc(-c2cc(C(F)(F)F)nn2-c2ccc(S(N)(=O)=O)cc2)cc1,430000.0,inactive,"{1, 3, 4, 3.5139200000000006, 77.98, 381.3790000000001}",1.0,3.0,4.0,3.5139200000000006,77.98,381.3790000000001
CHEMBL4533116,COC(=O)CNC(=O)[C@H](Cc1ccccc1)NC(=O)[C@@H]1CCCN1C(=O)[C@H](Cc1ccccc1)NC(=O)[C@H](C)NC(=O)OCc1ccccc1,5000.0,active,"{2.0365000000000038, 4, 8, 172.23999999999998, 685.7780000000002, 15}",2.0365000000000038,4.0,8.0,172.23999999999998,685.7780000000002,15.0
CHEMBL4445524,O=C(O)CCCc1nc(-c2ccc(Cl)c(Cl)c2)c(-c2ccccc2)o1,420.0,active,"{1, 3, 5.722700000000004, 6, 376.23900000000015, 63.33}",1.0,3.0,5.722700000000004,6.0,376.23900000000015,63.33
CHEMBL1171446,COc1ccc(/C=C/C(=O)O[C@H]2[C@H](O[C@H]3[C@H](O)[C@@H](O)[C@H](O[C@@H]4CO[C@@H](O[C@@H]5[C@@H](O)[C@H](C)O[C@@H](O[C@H]6[C@H](O[C@H]7CC[C@]8(C)[C@H]9CC=C%10[C@@H]%11CC(C)(C)CC[C@]%11(C(=O)O[C@@H]%11O[C@H](CO[C@@H]%12O[C@H](CO)[C@@H](O[C@@H]%13O[C@@H](C)[C@H](O)[C@@H](O)[C@H]%13O)[C@H](O)[C@H]%12O)[C@@H](O)[C@H](O)[C@H]%11O)CC[C@@]%10(C)[C@]9(C)CC[C@H]8C7(C)C)OC[C@H](O)[C@@H]6O)[C@@H]5O)[C@H](O)[C@@H]4O)O[C@@H]3CO)O[C@H](CO)[C@@H](O)[C@@H]2O[C@@H]2O[C@H](CO[C@@H]3O[C@@H](C)[C@H](O)[C@@H](O)[C@H]3O)[C@@H](O)[C@H](O)[C@H]2O)cc1O,8500.0,active,"{2146.242999999999, 783.4100000000004, 51, -8.750600000000071, 27, 29}",2146.242999999999,783.4100000000004,51.0,-8.750600000000071,27.0,29.0
CHEMBL4452534,CC(C(=O)Nc1c(C#N)cnn1-c1ccc(S(N)(=O)=O)cc1)N1CCOCC1,122.8,active,"{0.050580000000000735, 2, 5, 8, 143.34, 404.4520000000003}",0.050580000000000735,2.0,5.0,8.0,143.34,404.4520000000003
CHEMBL3113238,O=S(=O)(Nc1ccncc1Nc1ccc(O)c(Br)c1)C(F)(F)F,100000.0,inactive,"{3, 4, 5, 3.5548, 91.32000000000001, 412.187}",3.0,4.0,5.0,3.5548,91.32000000000001,412.187
CHEMBL4444718,CC(C)[C@@H]1CC[C@]2(C)[C@@H]3C(C=C4[C@@H]5CC(C)(C)CC[C@]5(C)CC[C@]42C)OC(=O)CC[C@]31C,650000.0,inactive,"{0, 1, 2, 7.95950000000001, 440.7120000000004, 26.3}",0.0,1.0,2.0,7.95950000000001,440.7120000000004,26.3
CHEMBL4443307,COOC[C@@]1(C)CC[C@]2(C)CC[C@]3(C)[C@@H]4CCc5cc(O)c(O)cc5[C@]4(C)CC[C@@]3(C)C2C1,430000.0,inactive,"{2, 3, 4, 6.908800000000009, 456.66700000000026, 58.92}",2.0,3.0,4.0,6.908800000000009,456.66700000000026,58.92
CHEMBL4521969,NS(=O)(=O)c1ccc(-n2nc(C(=O)N3CCOCC3)cc2-c2cccc(F)c2)cc1,230.0,active,"{1, 1.7982000000000002, 4, 6, 107.52000000000001, 430.4610000000001}",1.0,1.7982000000000002,4.0,6.0,107.52000000000001,430.4610000000001
CHEMBL1288469,O=Cc1ccc2c(c1)C=C(C(=O)O)C(C(F)(F)F)O2,730.0,active,"{1, 2, 3, 2.2904, 272.178, 63.60000000000001}",1.0,2.0,3.0,2.2904,272.178,63.60000000000001
CHEMBL4872909,O=C(NCCc1c[nH]c2ccccc12)c1ccccc1Nc1ccccc1F,4230.0,active,"{2, 3, 5.023100000000003, 6, 373.4310000000001, 56.92}",2.0,3.0,5.023100000000003,6.0,373.4310000000001,56.92
CHEMBL1288601,COc1cc(Cl)c2c(c1)C=C(C(=O)O)C(C(F)(F)F)O2,240.0,active,"{1, 2, 3, 3.139900000000001, 308.639, 55.760000000000005}",1.0,2.0,3.0,3.139900000000001,308.639,55.760000000000005
CHEMBL4294127,CS(=O)(=O)c1ccc(-c2c(-c3ccc(F)cc3)noc2Cl)cc1,351.0,active,"{0, 3, 4, 4.204600000000003, 60.17, 351.78600000000006}",0.0,3.0,4.0,4.204600000000003,60.17,351.78600000000006
CHEMBL4856182,Cc1ccc2oc(=O)cc(CSc3nnc(CSc4nc5ccccc5o4)o3)c2c1,19.95,active,"{0, 5.210220000000002, 6, 9, 437.5020000000001, 95.16}",0.0,5.210220000000002,6.0,9.0,437.5020000000001,95.16
CHEMBL118,Cc1ccc(-c2cc(C(F)(F)F)nn2-c2ccc(S(N)(=O)=O)cc2)cc1,65.0,active,"{1, 3, 4, 3.5139200000000006, 77.98, 381.3790000000001}",1.0,3.0,4.0,3.5139200000000006,77.98,381.3790000000001
CHEMBL122,CS(=O)(=O)c1ccc(C2=C(c3ccccc3)C(=O)OC2)cc1,500.0,active,"{0, 2.5577000000000005, 3, 4, 314.3620000000001, 60.44}",0.0,2.5577000000000005,3.0,4.0,314.3620000000001,60.44
CHEMBL4166937,CS(=O)(=O)c1ccc(C2NN=C(c3ccc([N+](=O)[O-])cc3)O2)cc1,480.0,active,"{1, 1.9785, 4, 7, 110.9, 347.3520000000001}",1.0,1.9785,4.0,7.0,110.9,347.3520000000001
CHEMBL4278439,CS(=O)(=O)c1ccc(-c2c(-c3ccc(F)cc3)noc2C=O)cc1,13777.0,inactive,"{0, 3.3637000000000024, 4, 5, 77.24000000000001, 345.35100000000006}",0.0,3.3637000000000024,4.0,5.0,77.24000000000001,345.35100000000006
CHEMBL372838,Cc1onc(-c2ccc(F)cc2)c1-c1ccc(S(N)(=O)=O)cc1,73.0,active,"{1, 3, 4, 3.1035200000000005, 332.35600000000005, 86.19}",1.0,3.0,4.0,3.1035200000000005,332.35600000000005,86.19
CHEMBL4288684,CS(=O)(=O)c1ccc(-c2conc2-c2ccc(F)cc2)cc1,57.0,active,"{0, 3, 4, 3.5512000000000024, 60.17, 317.341}",0.0,3.0,4.0,3.5512000000000024,60.17,317.341
CHEMBL118,Cc1ccc(-c2cc(C(F)(F)F)nn2-c2ccc(S(N)(=O)=O)cc2)cc1,90.0,active,"{1, 3, 4, 3.5139200000000006, 77.98, 381.3790000000001}",1.0,3.0,4.0,3.5139200000000006,77.98,381.3790000000001
CHEMBL122,CS(=O)(=O)c1ccc(C2=C(c3ccccc3)C(=O)OC2)cc1,20.0,active,"{0, 2.5577000000000005, 3, 4, 314.3620000000001, 60.44}",0.0,2.5577000000000005,3.0,4.0,314.3620000000001,60.44
CHEMBL29500,NS(=O)(=O)c1ccc(-n2nc(C(F)(F)F)cc2-c2ccc3c(c2)CCC3)cc1,31.0,active,"{1, 3, 4, 3.694200000000003, 77.98, 407.4170000000002}",1.0,3.0,4.0,3.694200000000003,77.98,407.4170000000002
CHEMBL270078,CS(=O)(=O)c1ccc(-c2nc(Cl)cc(NCc3cccs3)n2)cc1,1.2,active,"{1, 3.874100000000002, 5, 6, 71.95, 379.89400000000006}",1.0,3.874100000000002,5.0,6.0,71.95,379.89400000000006
CHEMBL4859331,O=C(NCCc1c[nH]c2ccccc12)c1ccccc1Nc1cccc(Br)c1,40000.0,inactive,"{2, 3, 5.646500000000003, 6, 434.3370000000001, 56.92}",2.0,3.0,5.646500000000003,6.0,434.3370000000001,56.92
CHEMBL2023949,CCc1sc(Nc2ccc(Oc3ccccc3)cc2)nc1C,5000.0,active,"{1, 34.15, 4, 5, 5.549820000000004, 310.422}",1.0,34.15,4.0,5.0,5.549820000000004,310.422
CHEMBL4443726,O=C(/C=C/c1cn(-c2ccccc2)nc1-c1ccc(OCc2ccccc2)cc1)c1ccccc1,1880.0,active,"{0, 4, 7.014400000000006, 456.5450000000002, 8, 44.120000000000005}",0.0,4.0,7.014400000000006,456.5450000000002,8.0,44.120000000000005
CHEMBL416146,Cc1ccc(-c2ncc(Cl)cc2-c2ccc(S(C)(=O)=O)cc2)cn1,81.0,active,"{0, 3, 4, 4.175920000000004, 358.8500000000001, 59.92}",0.0,3.0,4.0,4.175920000000004,358.8500000000001,59.92
CHEMBL4856194,O=c1cc(CSc2nnc(CSc3nc4ccccc4o3)o2)c2c(ccc3ccccc32)o1,24.59,active,"{0, 6, 6.055000000000004, 9, 473.53500000000025, 95.16}",0.0,6.0,6.055000000000004,9.0,473.53500000000025,95.16
CHEMBL4861765,COc1ccc2nc(O)c(/C=N/n3c(=S)[nH]nc(Cc4ccccc4)c3=O)cc2c1,68.0,active,"{2, 419.46600000000024, 3.036290000000001, 5, 8, 105.39000000000001}",2.0,419.46600000000024,3.036290000000001,5.0,8.0,105.39000000000001
CHEMBL134342,O=C(O)CCCC[C@@H]1CCSS1,0.0,active,"{1, 2.7851000000000017, 3, 37.3, 5, 206.332}",1.0,2.7851000000000017,3.0,37.3,5.0,206.332
CHEMBL118,Cc1ccc(-c2cc(C(F)(F)F)nn2-c2ccc(S(N)(=O)=O)cc2)cc1,0.52,active,"{1, 3, 4, 3.5139200000000006, 77.98, 381.3790000000001}",1.0,3.0,4.0,3.5139200000000006,77.98,381.3790000000001
CHEMBL4876293,O=c1c(Cc2cccs2)n[nH]c(=S)n1/N=C/c1cc2ccccc2nc1O,79.0,active,"{96.16000000000001, 2, 3.0891900000000017, 4, 8, 395.4690000000001}",96.16000000000001,2.0,3.0891900000000017,4.0,8.0,395.4690000000001
CHEMBL2333737,COc1ccc(/C=C/c2cc(OC)cc(OC)c2/C=C/C(=O)N2CCN(C)CC2)cc1,5780.0,active,"{0, 3.6700000000000026, 5, 422.5250000000002, 7, 51.24000000000001}",0.0,3.6700000000000026,5.0,422.5250000000002,7.0,51.24000000000001
CHEMBL2334136,COc1ccc(/C=C/c2cc(OC)cc(OC)c2/C=C/C(=O)N2CCCCC2C)cc1,6690.0,active,"{0, 4, 421.5370000000002, 5.297000000000005, 7, 48.00000000000001}",0.0,4.0,421.5370000000002,5.297000000000005,7.0,48.00000000000001
CHEMBL4452435,S=c1nc(-c2ccc(Cl)cc2)cc(-c2cn(-c3ccccc3)nc2-c2ccc(OCc3ccccc3)cc2)[nH]1,1100.0,active,"{1, 547.0830000000003, 5, 7, 8.558290000000005, 55.73}",1.0,547.0830000000003,5.0,7.0,8.558290000000005,55.73
CHEMBL865,Cc1onc(-c2ccccc2)c1-c1ccc(S(N)(=O)=O)cc1,5.0,active,"{1, 2.9644200000000005, 3, 4, 86.19, 314.36600000000004}",1.0,2.9644200000000005,3.0,4.0,86.19,314.36600000000004
CHEMBL313584,CS(=O)(=O)c1ccc([C@H]2COC(=O)[C@@H]2c2ccccc2)cc1,30000.0,inactive,"{0, 2.5143000000000004, 3, 4, 60.440000000000005, 316.378}",0.0,2.5143000000000004,3.0,4.0,60.440000000000005,316.378
CHEMBL127560,Cc1cc(=O)c(Oc2ccc(OC(F)(F)F)cc2)c(-c2ccc(S(C)(=O)=O)cc2)o1,1440.0,active,"{0, 4.709620000000004, 5, 6, 82.81, 440.39500000000015}",0.0,4.709620000000004,5.0,6.0,82.81,440.39500000000015
CHEMBL42561,Cc1ccc(-c2nc(C(F)(F)F)cn2-c2ccc(S(C)(=O)=O)cc2)cc1,180.0,active,"{0, 3, 4, 4.270020000000003, 51.96, 380.3910000000001}",0.0,3.0,4.0,4.270020000000003,51.96,380.3910000000001
CHEMBL281504,N#Cc1ccc(-c2cc(C(F)F)nn2-c2ccc(S(N)(=O)=O)cc2)cc1,29700.0,inactive,"{1, 2.9959799999999994, 4, 101.76999999999998, 5, 374.37200000000007}",1.0,2.9959799999999994,4.0,101.76999999999998,5.0,374.37200000000007
CHEMBL127211,Cc1cc(=O)c(Oc2ccc(F)cc2F)c(-c2ccc(S(C)(=O)=O)cc2)o1,80.0,active,"{0, 4, 5, 4.089220000000004, 392.3790000000001, 73.58000000000001}",0.0,4.0,5.0,4.089220000000004,392.3790000000001,73.58000000000001
CHEMBL300982,CC1(C)Cc2c(-c3ccccc3)c(-c3ccc(Cl)cc3)c(CC(=O)O)n2C1,4700.0,active,"{1, 2, 4, 5.684900000000004, 42.23, 379.88700000000017}",1.0,2.0,4.0,5.684900000000004,42.23,379.88700000000017
CHEMBL109017,Cc1csc(-c2nc(C(F)(F)F)cn2-c2ccc(S(N)(=O)=O)cc2)n1,110.0,active,"{1, 2.9704200000000007, 3, 388.3960000000001, 6, 90.87}",1.0,2.9704200000000007,3.0,388.3960000000001,6.0,90.87
CHEMBL275664,CC1(O)OC(=O)C(c2ccc(Cl)cc2)=C1c1ccc(S(C)(=O)=O)cc1,110.0,active,"{1, 2.919600000000001, 3, 5, 80.67, 378.8330000000001}",1.0,2.919600000000001,3.0,5.0,80.67,378.8330000000001
CHEMBL435381,COc1ccc(-c2c(Cl)ncn2-c2ccc(S(N)(=O)=O)cc2)cc1F,5.0,active,"{1, 2.9878, 4, 5, 87.21000000000001, 381.8160000000001}",1.0,2.9878,4.0,5.0,87.21000000000001,381.8160000000001
CHEMBL4555690,CCOC(=O)CSc1nnc(-c2ccc(S(C)(=O)=O)cc2)c(-c2ccccc2)n1,10100.0,inactive,"{0, 99.11, 3.264300000000002, 7, 8, 429.52300000000014}",0.0,99.11,3.264300000000002,7.0,8.0,429.52300000000014
CHEMBL4474936,CCOC(=O)CSc1nnc(-c2ccc(S(C)(=O)=O)cc2)c(-c2ccc(Cl)cc2)n1,10100.0,inactive,"{0, 99.11, 3.9177000000000035, 7, 8, 463.96800000000013}",0.0,99.11,3.9177000000000035,7.0,8.0,463.96800000000013
CHEMBL29136,N#Cc1cc(-c2ccc(F)cc2)n(-c2ccc(S(N)(=O)=O)cc2)n1,340.0,active,"{1, 2.1974799999999997, 3, 101.77, 5, 342.3550000000001}",1.0,2.1974799999999997,3.0,101.77,5.0,342.3550000000001
CHEMBL29920,NS(=O)(=O)c1ccc(-n2nc(C(F)(F)F)cc2-c2ccccc2)cc1,32.0,active,"{1, 3, 4, 3.2055000000000016, 77.98, 367.35200000000003}",1.0,3.0,4.0,3.2055000000000016,77.98,367.35200000000003
CHEMBL118,Cc1ccc(-c2cc(C(F)(F)F)nn2-c2ccc(S(N)(=O)=O)cc2)cc1,11.2,active,"{1, 3, 4, 3.5139200000000006, 77.98, 381.3790000000001}",1.0,3.0,4.0,3.5139200000000006,77.98,381.3790000000001
CHEMBL118,Cc1ccc(-c2cc(C(F)(F)F)nn2-c2ccc(S(N)(=O)=O)cc2)cc1,130.0,active,"{1, 3, 4, 3.5139200000000006, 77.98, 381.3790000000001}",1.0,3.0,4.0,3.5139200000000006,77.98,381.3790000000001
CHEMBL4160954,CS(=O)(=O)c1ccc(-n2nc(-c3ccc(O)cc3)cc2-c2ccc(C(F)(F)F)cc2)cc1,970.0,active,"{1, 4, 5, 5.3342000000000045, 72.19, 458.4610000000001}",1.0,4.0,5.0,5.3342000000000045,72.19,458.4610000000001
CHEMBL89429,CS(=O)(=O)c1ccc(C2=CC3(C=C2c2ccc(F)cc2)CC3)cc1,26.0,active,"{0, 2, 3, 34.14, 4.490000000000004, 340.4190000000001}",0.0,2.0,3.0,34.14,4.490000000000004,340.4190000000001
CHEMBL3265345,Clc1ccc(-c2nnc(-c3cn(-c4ccccc4)nc3-c3ccccc3)o2)cc1,38000.0,inactive,"{0, 4, 5, 5.909700000000004, 398.8530000000001, 56.74}",0.0,4.0,5.0,5.909700000000004,398.8530000000001,56.74
CHEMBL595153,CSc1ccc(C2=C(c3ccc(O)cc3)C(=O)NC2=O)cc1,21010.0,inactive,"{2, 3, 4, 66.4, 2.6813000000000002, 311.362}",2.0,3.0,4.0,66.4,2.6813000000000002,311.362
CHEMBL3237075,COc1ccc(-n2nc(C(=O)NN)nc2-c2cc(OC)c(OC)c(OC)c2)cc1,46300.0,inactive,"{1.5721999999999998, 2, 7, 9, 399.4070000000002, 122.75000000000001}",1.5721999999999998,2.0,7.0,9.0,399.4070000000002,122.75000000000001
CHEMBL3576974,Cc1ccc(S(=O)(=O)n2cc(C(=O)C(=O)NCC(=O)N[C@@H](Cc3c[nH]c4ccccc34)C(=O)O)c3ccccc32)cc1,99.0,active,"{2.779020000000002, 4, 167.42999999999998, 7, 586.6260000000002, 10}",2.779020000000002,4.0,167.42999999999998,7.0,586.6260000000002,10.0
CHEMBL5267820,CC1=NNC(=O)/C1=N/Nc1cccc(-c2nc3ccccc3s2)c1,100.0,active,"{2, 3, 3.236900000000001, 6, 78.74, 335.39200000000005}",2.0,3.0,3.236900000000001,6.0,78.74,335.39200000000005
CHEMBL274990,CS(=O)(=O)c1ccc(-n2nc(C(F)(F)F)cc2-c2ccc(F)cc2)cc1,90.0,active,"{384.35400000000004, 0, 3, 4, 4.1007000000000025, 51.96}",384.35400000000004,0.0,3.0,4.0,4.1007000000000025,51.96
CHEMBL3735721,CS(=O)(=O)c1ccc(C2=NN(c3ccc(S(N)(=O)=O)cc3)C(c3ccc(Cl)cc3)C2)cc1,2670.0,active,"{1, 3.7466000000000026, 5, 6, 490.0060000000002, 109.9}",1.0,3.7466000000000026,5.0,6.0,490.0060000000002,109.9
CHEMBL4536976,O=C1CCC(/C=C/c2cccnc2)=NN1,19.32,active,"{1, 2, 3, 1.3608, 201.229, 54.35}",1.0,2.0,3.0,1.3608,201.229,54.35
CHEMBL3402597,CCOC(=O)Cc1cc(-c2ccc(S(N)(=O)=O)cc2)n(-c2ccc(F)cc2)c1C,1070.0,active,"{416.4740000000001, 1, 3.344820000000002, 5, 6, 91.39000000000001}",416.4740000000001,1.0,3.344820000000002,5.0,6.0,91.39000000000001
CHEMBL4473414,COC(=O)CNC(=O)[C@H](C)NC(=O)[C@@H]1CCCN1C(=O)CNC(=O)CNC(=O)[C@H](C)N,2000.0,active,"{5, 8, 10, -3.6490999999999936, 442.47300000000024, 189.03}",5.0,8.0,10.0,-3.6490999999999936,442.47300000000024,189.03
CHEMBL865,Cc1onc(-c2ccccc2)c1-c1ccc(S(N)(=O)=O)cc1,183.0,active,"{1, 2.9644200000000005, 3, 4, 86.19, 314.36600000000004}",1.0,2.9644200000000005,3.0,4.0,86.19,314.36600000000004
CHEMBL43331,COc1c(C)cc(-c2nc(C(F)(F)F)cn2-c2ccc(S(C)(=O)=O)cc2)cc1C,720.0,active,"{0, 4, 5, 4.587040000000004, 424.44400000000013, 61.190000000000005}",0.0,4.0,5.0,4.587040000000004,424.44400000000013,61.190000000000005
CHEMBL25,CC(=O)Oc1ccccc1C(=O)O,12360.0,inactive,"{1, 2, 3, 1.3101, 180.15899999999996, 63.60000000000001}",1.0,2.0,3.0,1.3101,180.15899999999996,63.60000000000001
CHEMBL118,Cc1ccc(-c2cc(C(F)(F)F)nn2-c2ccc(S(N)(=O)=O)cc2)cc1,40.0,active,"{1, 3, 4, 3.5139200000000006, 77.98, 381.3790000000001}",1.0,3.0,4.0,3.5139200000000006,77.98,381.3790000000001
CHEMBL5190868,O=C(c1nn(Cc2ccc(F)cc2)c2ccccc12)N1CCN(c2ncccn2)CC1,135.59,active,"{416.4600000000002, 0, 2.9761000000000006, 67.15, 4, 6}",416.4600000000002,0.0,2.9761000000000006,67.15,4.0,6.0
CHEMBL4475138,Cc1c2c(c(C)n1-c1ccccc1)C(=O)N(CN1CCN(S(C)(=O)=O)CC1)C2=O,43800.0,inactive,"{416.5030000000002, 0, 1.2248399999999997, 4, 6, 82.93}",416.5030000000002,0.0,1.2248399999999997,4.0,6.0,82.93
CHEMBL2398537,Cc1ccc(-c2cn(Cc3ccc(S(N)(=O)=O)cc3)nn2)cc1,1200.0,active,"{1, 1.9492199999999997, 4, 5, 328.39700000000005, 90.87}",1.0,1.9492199999999997,4.0,5.0,328.39700000000005,90.87
CHEMBL2398535,NS(=O)(=O)c1ccc(Cn2cc(-c3ccc(F)cc3)nn2)cc1,1500.0,active,"{1, 1.7798999999999998, 4, 5, 332.35999999999996, 90.87}",1.0,1.7798999999999998,4.0,5.0,332.35999999999996,90.87
CHEMBL43493,Cc1ccc(-c2nc(C(F)(F)F)cn2-c2ccc(S(C)(=O)=O)cc2)cc1C,331.13,active,"{0, 3, 4, 4.578440000000004, 394.4180000000001, 51.96}",0.0,3.0,4.0,4.578440000000004,394.4180000000001,51.96
CHEMBL46712,Cc1cccc(-c2nc(C(F)(F)F)cn2-c2ccc(S(C)(=O)=O)cc2)c1,60.26,active,"{0, 3, 4, 4.270020000000003, 51.96, 380.3910000000001}",0.0,3.0,4.0,4.270020000000003,51.96,380.3910000000001
CHEMBL5423515,CCOC(=O)C1=Nc2c(/N=N/c3ccc(O)cc3)c(N)nn2C1=O,79320.0,inactive,"{1.8756999999999993, 2, 4, 328.2880000000001, 10, 144.51999999999998}",1.8756999999999993,2.0,4.0,328.2880000000001,10.0,144.51999999999998
CHEMBL5416397,Cc1cc(=O)n2nc(N)c(/N=N/c3ccc(O)cc3)c2[nH]1,5680.0,active,"{2, 3, 2.0342199999999995, 7, 121.13, 284.27900000000005}",2.0,3.0,2.0342199999999995,7.0,121.13,284.27900000000005
CHEMBL5289753,COc1c(O)cc2c3c1COc1cc(O)cc(c1-3)CC2,12000.0,inactive,"{1, 2, 2.764400000000001, 4, 270.284, 58.92}",1.0,2.0,2.764400000000001,4.0,270.284,58.92
CHEMBL5412102,COc1ccc(/C=C/C(=O)c2nn(-c3ccc(F)cc3)c(C)c2C(=O)/C=C/c2ccc(OC)cc2)cc1,320.0,active,"{0, 70.42, 6, 6.129220000000006, 9, 496.53800000000024}",0.0,70.42,6.0,6.129220000000006,9.0,496.53800000000024
CHEMBL5279742,Clc1ccccc1-c1nnc(Cn2c(CN3CCOCC3)nc3ccccc32)o1,8000.0,active,"{0, 3.6202000000000023, 69.21000000000001, 5, 7, 409.8770000000002}",0.0,3.6202000000000023,69.21000000000001,5.0,7.0,409.8770000000002
CHEMBL5083953,Cc1ccc(S(=O)(=O)n2cc(C(=O)C(=O)N[C@H](C(=O)NCC(=O)O)c3c[nH]c4ccccc34)c3ccccc32)cc1,540.0,active,"{2.9090200000000026, 4, 167.42999999999998, 7, 9, 572.5990000000003}",2.9090200000000026,4.0,167.42999999999998,7.0,9.0,572.5990000000003
CHEMBL5078078,CC(C)(O)c1ccc(N2Cc3c(ccnc3-c3ccc(F)cc3OCC(F)(F)F)C2=O)cc1,10000.0,inactive,"{1, 4, 5, 5.216600000000003, 460.42700000000013, 62.660000000000004}",1.0,4.0,5.0,5.216600000000003,460.42700000000013,62.660000000000004
CHEMBL29920,NS(=O)(=O)c1ccc(-n2nc(C(F)(F)F)cc2-c2ccccc2)cc1,45.0,active,"{1, 3, 4, 3.2055000000000016, 77.98, 367.35200000000003}",1.0,3.0,4.0,3.2055000000000016,77.98,367.35200000000003
CHEMBL4868808,COc1ccc2oc(=O)cc(CSc3nnc(CSc4nc5ccccc5o4)o3)c2c1,32.93,active,"{0, 4.910400000000003, 453.5010000000002, 7, 104.39, 10}",0.0,4.910400000000003,453.5010000000002,7.0,104.39,10.0
CHEMBL3952880,COc1ccc(-c2nc(NCC(=O)N3CCCCC3)sc2-c2ccc(OC)cc2)cc1,16120.0,inactive,"{1, 4.918700000000004, 6, 7, 437.5650000000001, 63.69}",1.0,4.918700000000004,6.0,7.0,437.5650000000001,63.69
CHEMBL4103022,Cc1c(C(=O)NCCc2ccc(N3CCCC3)cc2)nc2ccc(Cl)cc2c1O,1690.0,active,"{65.46000000000001, 2, 4, 5, 4.4749200000000044, 409.9170000000001}",65.46000000000001,2.0,4.0,5.0,4.4749200000000044,409.9170000000001
CHEMBL3775510,CCCCCCNC(=O)Oc1cccc(-c2ccc(C(C)C(=O)O)cc2C(F)(F)F)c1,200.0,active,"{2, 3, 6.229200000000004, 9, 75.63, 437.45800000000014}",2.0,3.0,6.229200000000004,9.0,75.63,437.45800000000014
CHEMBL3774541,CC(C(=O)O)c1ccc(-c2cccc(OC(=O)NCC3CCCCC3)c2)c(F)c1,100000.0,inactive,"{2, 3, 5.349500000000005, 6, 75.63, 399.4620000000003}",2.0,3.0,5.349500000000005,6.0,75.63,399.4620000000003
CHEMBL518507,O=C(O)CSc1nc(OCCc2ccccc2)cc(OCCc2ccccc2)n1,10.0,active,"{1, 3.8963000000000028, 6, 11, 81.54, 410.4950000000002}",1.0,3.8963000000000028,6.0,11.0,81.54,410.4950000000002
CHEMBL4072884,CCCCCCCC(=O)c1c(O)c(-c2ccc(O)cc2)c[nH]c1=O,10000.0,inactive,"{3, 4, 3.9963000000000033, 8, 329.396, 90.38999999999999}",3.0,4.0,3.9963000000000033,8.0,329.396,90.38999999999999
CHEMBL4859662,Cc1cc(-c2ccc(Br)cc2)nn1S(=O)(=O)Oc1ccccc1,200.0,active,"{0, 3.7929200000000023, 4, 5, 393.2620000000001, 61.19}",0.0,3.7929200000000023,4.0,5.0,393.2620000000001,61.19
CHEMBL4085615,Cc1ccc(C(=O)c2conc2C(=O)c2cnn(-c3ccccc3)c2C)cc1,1120.0,active,"{0, 3.9391400000000028, 5, 6, 77.99000000000001, 371.3960000000001}",0.0,3.9391400000000028,5.0,6.0,77.99000000000001,371.3960000000001
CHEMBL118,Cc1ccc(-c2cc(C(F)(F)F)nn2-c2ccc(S(N)(=O)=O)cc2)cc1,65.0,active,"{1, 3, 4, 3.5139200000000006, 77.98, 381.3790000000001}",1.0,3.0,4.0,3.5139200000000006,77.98,381.3790000000001
CHEMBL4870569,CCCCOc1nc(OCC2(O)CCC2)c(-c2ccc(S(C)(=O)=O)cc2)cc1CO,120.0,active,"{2, 3.117100000000002, 7, 105.95, 10, 435.54200000000014}",2.0,3.117100000000002,7.0,105.95,10.0,435.54200000000014
CHEMBL118,Cc1ccc(-c2cc(C(F)(F)F)nn2-c2ccc(S(N)(=O)=O)cc2)cc1,336.0,active,"{1, 3, 4, 3.5139200000000006, 77.98, 381.3790000000001}",1.0,3.0,4.0,3.5139200000000006,77.98,381.3790000000001
CHEMBL4216426,COC(=O)COc1ccc(/C=C/c2ccc(Cl)cc2)cc1,7522.0,active,"{0, 35.53, 3, 5, 4.062200000000003, 302.757}",0.0,35.53,3.0,5.0,4.062200000000003,302.757
CHEMBL4162061,CS(=O)(=O)c1ccc2c(c1)c1c(n2Cc2ccc(Cl)cc2)CCCC1=O,580.0,active,"{0, 3, 387.8880000000002, 4, 4.265500000000004, 56.14}",0.0,3.0,387.8880000000002,4.0,4.265500000000004,56.14
CHEMBL4169347,CS(=O)(=O)c1ccc2c(c1)c1c(n2C(=O)c2ccc(Cl)cc2)CCCC1=O,230.0,active,"{0, 2, 3.905700000000003, 5, 73.21000000000001, 401.87100000000015}",0.0,2.0,3.905700000000003,5.0,73.21000000000001,401.87100000000015
CHEMBL154,COc1ccc2cc([C@H](C)C(=O)O)ccc2c1,12400.0,inactive,"{1, 2, 3, 3.036500000000001, 230.26299999999998, 46.53}",1.0,2.0,3.0,3.036500000000001,230.26299999999998,46.53
CHEMBL5082428,CCOC(=O)[C@H](OCc1cnnn1[C@@H](Cc1ccc(O)cc1)C(=O)OC)[C@@H](OCc1cnnn1[C@@H](Cc1ccc(O)cc1)C(=O)OC)C(=O)OCC,700.0,active,"{225.54, 2, 1.7911999999999981, 18, 19, 724.7240000000003}",225.54,2.0,1.7911999999999981,18.0,19.0,724.7240000000003
CHEMBL5085564,COc1cc(-c2cc(C(=O)CCCOc3ccc4ccc(=O)oc4c3)nn2-c2ccccc2)cc(OC)c1OC,230.0,active,"{0, 5.713400000000005, 102.02000000000001, 9, 11, 540.5720000000001}",0.0,5.713400000000005,102.02000000000001,9.0,11.0,540.5720000000001
CHEMBL595852,CSc1ccc(C2=C(c3ccc(NC(C)=O)cc3)C(=O)OC2=O)cc1,20110.0,inactive,"{353.3990000000001, 1, 3.3611000000000013, 4, 5, 72.47}",353.3990000000001,1.0,3.3611000000000013,4.0,5.0,72.47
CHEMBL118,Cc1ccc(-c2cc(C(F)(F)F)nn2-c2ccc(S(N)(=O)=O)cc2)cc1,80.0,active,"{1, 3, 4, 3.5139200000000006, 77.98, 381.3790000000001}",1.0,3.0,4.0,3.5139200000000006,77.98,381.3790000000001
CHEMBL449930,CS(=O)(=O)c1ccc(-n2cc(-c3ccccc3)nn2)cc1,150.0,active,"{0, 64.85, 2.3378000000000005, 3, 5, 299.355}",0.0,64.85,2.3378000000000005,3.0,5.0,299.355
CHEMBL404362,CCc1c(NCc2ccc(F)cc2)nc(-c2ccc(S(C)(=O)=O)cc2)nc1C(F)(F)F,9727696.22,inactive,"{1, 4.879500000000003, 5, 453.46100000000007, 6, 71.95}",1.0,4.879500000000003,5.0,453.46100000000007,6.0,71.95
CHEMBL405564,CS(=O)(=O)c1ccc(-c2nccc(NCc3cccs3)n2)cc1,108697611.2,inactive,"{1, 3.2207000000000017, 5, 6, 71.95, 345.449}",1.0,3.2207000000000017,5.0,6.0,71.95,345.449
CHEMBL272393,CS(=O)(=O)c1ccc(-c2nc(O)cc(NCc3cccs3)n2)cc1,12594473.01,inactive,"{2, 2.9263000000000012, 5, 7, 361.44800000000004, 92.18}",2.0,2.9263000000000012,5.0,7.0,361.44800000000004,92.18
CHEMBL257491,CCCCCNc1cc(C(F)(F)F)nc(-c2ccc(S(C)(=O)=O)cc2)n1,1372524.17,inactive,"{1, 387.4270000000001, 4.168000000000003, 5, 71.95, 7}",1.0,387.4270000000001,4.168000000000003,5.0,71.95,7.0
CHEMBL405123,CS(=O)(=O)c1ccc(-c2nc(NCc3nccs3)cc(C(F)(F)F)n2)cc1,11961895.39,inactive,"{1, 3.634500000000002, 5, 7, 84.84, 414.434}",1.0,3.634500000000002,5.0,7.0,84.84,414.434
CHEMBL13878,C#CCCCC(=O)c1cc(C(C)(C)C)c(O)c(C(C)(C)C)c1,100.0,active,"{1, 2, 4, 37.3, 4.973400000000005, 300.442}",1.0,2.0,4.0,37.3,4.973400000000005,300.442
CHEMBL29439,CNc1ccc(-c2cc(C(F)(F)F)nn2-c2ccc(S(N)(=O)=O)cc2)cc1,16.0,active,"{2, 3.2472000000000003, 4, 5, 396.39400000000006, 90.00999999999999}",2.0,3.2472000000000003,4.0,5.0,396.39400000000006,90.00999999999999
CHEMBL745,NS(=O)(=O)c1ccc(-n2nc(C(F)(F)F)cc2-c2ccc(CO)cc2)cc1,93300.0,inactive,"{2, 98.21000000000001, 4, 5, 2.697800000000001, 397.3780000000001}",2.0,98.21000000000001,4.0,5.0,2.697800000000001,397.3780000000001
CHEMBL280573,Cc1cnn(-c2ccc(S(N)(=O)=O)cc2)c1-c1ccccc1,47100.0,inactive,"{1, 2.495120000000001, 3, 4, 77.98, 313.382}",1.0,2.495120000000001,3.0,4.0,77.98,313.382
CHEMBL122,CS(=O)(=O)c1ccc(C2=C(c3ccccc3)C(=O)OC2)cc1,500.0,active,"{0, 2.5577000000000005, 3, 4, 314.3620000000001, 60.44}",0.0,2.5577000000000005,3.0,4.0,314.3620000000001,60.44
CHEMBL5279593,CSc1ccc(-c2cn3c(c2-c2ccc(C)cc2)CCC3)cc1,900.0,active,"{0, 2, 3, 4.93, 5.798620000000005, 319.47300000000007}",0.0,2.0,3.0,4.93,5.798620000000005,319.47300000000007
CHEMBL5289473,CS(=O)(=O)Nc1ccc(-c2cn3c(c2-c2ccccc2)CCC3)cc1,3600.0,active,"{352.4590000000002, 1, 3, 4, 4.139800000000003, 51.1}",352.4590000000002,1.0,3.0,4.0,4.139800000000003,51.1
CHEMBL111657,CS(=O)(=O)c1ccc(C2=C(c3ccc(F)c(F)c3)CCC2)cc1,51.29,active,"{0, 2, 3, 34.14, 4.463000000000004, 334.3870000000001}",0.0,2.0,3.0,34.14,4.463000000000004,334.3870000000001
CHEMBL126810,Cc1cc(=O)c(-c2ccc(F)cc2F)c(-c2ccc(S(C)(=O)=O)cc2)o1,1119.95,active,"{0, 64.35, 3, 4, 3.9639200000000034, 376.38000000000005}",0.0,64.35,3.0,4.0,3.9639200000000034,376.38000000000005
CHEMBL118,Cc1ccc(-c2cc(C(F)(F)F)nn2-c2ccc(S(N)(=O)=O)cc2)cc1,1300.0,active,"{1, 3, 4, 3.5139200000000006, 77.98, 381.3790000000001}",1.0,3.0,4.0,3.5139200000000006,77.98,381.3790000000001
CHEMBL338927,Cc1cc(=O)c(-c2ccc(Br)cc2)c(-c2ccc(S(C)(=O)=O)cc2)o1,1730.21,active,"{0, 64.35, 3, 419.29600000000016, 4, 4.448220000000004}",0.0,64.35,3.0,419.29600000000016,4.0,4.448220000000004
CHEMBL90447,CS(=O)(=O)c1ccc(C2=C(c3ccc(F)cc3)CC3(CCC3)C2)cc1,4.0,active,"{0, 2, 3, 356.4620000000002, 34.14, 5.104100000000004}",0.0,2.0,3.0,356.4620000000002,34.14,5.104100000000004
CHEMBL118,Cc1ccc(-c2cc(C(F)(F)F)nn2-c2ccc(S(N)(=O)=O)cc2)cc1,1000.0,active,"{1, 3, 4, 3.5139200000000006, 77.98, 381.3790000000001}",1.0,3.0,4.0,3.5139200000000006,77.98,381.3790000000001
CHEMBL418574,NS(=O)(=O)c1ccc(-n2nc(C(F)(F)F)cc2-c2ccccc2F)cc1,57.54,active,"{385.34200000000004, 1, 3, 4, 3.3446000000000016, 77.98}",385.34200000000004,1.0,3.0,4.0,3.3446000000000016,77.98
CHEMBL295739,CC(C)(C)c1cc(/C=C2\SC(=S)NC2=O)cc(C(C)(C)C)c1O,1500.0,active,"{1, 2, 4, 4.476000000000004, 49.33, 349.52100000000013}",1.0,2.0,4.0,4.476000000000004,49.33,349.52100000000013
CHEMBL150,O=c1c(O)c(-c2ccc(O)cc2)oc2cc(O)cc(O)c12,100000.0,inactive,"{1, 2.2824000000000004, 4, 6, 111.13000000000001, 286.23900000000003}",1.0,2.2824000000000004,4.0,6.0,111.13000000000001,286.23900000000003
CHEMBL423638,COC1(c2cc(F)cc(OCc3cc(-c4ccccc4)n(-c4ccc(S(C)(=O)=O)cc4)n3)c2)CCOCC1,9700.0,active,"{0, 5.313000000000005, 7, 8, 79.65, 536.6250000000001}",0.0,5.313000000000005,7.0,8.0,79.65,536.6250000000001
CHEMBL4111609,Cc1c(CC(=O)N[C@H](CO[N+](=O)[O-])C(=O)O)cc(-c2ccc(S(C)(=O)=O)cc2)n1-c1cccc(F)c1,140.0,active,"{2, 2.315520000000001, 519.5070000000002, 8, 10, 157.84}",2.0,2.315520000000001,519.5070000000002,8.0,10.0,157.84
CHEMBL2337408,Cc1c(CCOCCO)cc(-c2ccc(S(C)(=O)=O)cc2)n1-c1cccc(F)c1,46.0,active,"{417.5020000000001, 1, 3.5467200000000023, 68.53, 5, 8}",417.5020000000001,1.0,3.5467200000000023,68.53,5.0,8.0
CHEMBL3971575,COc1ccc(-n2c(-c3ccc(S(C)(=O)=O)cc3)cc(CC(=O)OCCCCO)c2C)cc1,1100.0,active,"{1, 3.7230200000000027, 7, 10, 471.5750000000004, 94.83000000000001}",1.0,3.7230200000000027,7.0,10.0,471.5750000000004,94.83000000000001
CHEMBL5204083,C#CCCCC(=O)Nc1ccc(C(=O)c2ccc(NCc3ccc(-c4ccc(O)c(C(=O)O)c4)o3)cc2)cc1.N,36000.0,inactive,"{163.87, 5, 6.0975000000000055, 7, 11, 539.5880000000003}",163.87,5.0,6.0975000000000055,7.0,11.0,539.5880000000003
CHEMBL2017291,COc1cc2c(cc1-c1c(C)noc1C)ncc1[nH]c(=O)n([C@H](C)c3ccccn3)c12,100000.0,inactive,"{1, 98.83, 4, 4.162540000000002, 7, 415.45300000000015}",1.0,98.83,4.0,4.162540000000002,7.0,415.45300000000015
CHEMBL2153827,Cc1c(C(N)C(=O)OCCCCO[N+](=O)[O-])cc(-c2ccc(S(C)(=O)=O)cc2)n1-c1ccc(F)cc1,1000.0,active,"{1, 3.5268200000000025, 519.5510000000002, 9, 11, 143.76000000000002}",1.0,3.5268200000000025,519.5510000000002,9.0,11.0,143.76000000000002
CHEMBL4110339,Cc1c(CC(=O)N[C@H](CO[N+](=O)[O-])C(=O)O)cc(-c2ccc(S(C)(=O)=O)cc2)n1-c1ccc(F)cc1,310.0,active,"{2, 2.315520000000001, 519.5070000000002, 8, 10, 157.84}",2.0,2.315520000000001,519.5070000000002,8.0,10.0,157.84
CHEMBL25,CC(=O)Oc1ccccc1C(=O)O,2400.0,active,"{1, 2, 3, 1.3101, 180.15899999999996, 63.60000000000001}",1.0,2.0,3.0,1.3101,180.15899999999996,63.60000000000001
CHEMBL503824,CCCCCc1cc(O)cc(OC)c1,15920.0,inactive,"{1, 194.27399999999997, 2, 3.1335000000000015, 5, 29.46}",1.0,194.27399999999997,2.0,3.1335000000000015,5.0,29.46
CHEMBL4871667,Cc1ccc2c(CSc3nnc(CSc4nc5ccccc5o4)o3)cc(=O)oc2c1,23.74,active,"{0, 5.210220000000003, 6, 9, 437.50200000000024, 95.16000000000001}",0.0,5.210220000000003,6.0,9.0,437.50200000000024,95.16000000000001
CHEMBL4861713,Cc1cc(-c2ccc(C(F)(F)F)cc2)nn1S(=O)(=O)Oc1ccccc1,10.0,active,"{0, 4, 5, 4.049220000000003, 61.19, 382.3630000000001}",0.0,4.0,5.0,4.049220000000003,61.19,382.3630000000001
CHEMBL4858751,Cc1cc(-c2ccccn2)nn1S(=O)(=O)Oc1ccc(Cl)cc1,5.8,active,"{0, 3.0788200000000012, 4, 6, 74.08, 349.799}",0.0,3.0788200000000012,4.0,6.0,74.08,349.799
CHEMBL4863487,Cc1ccccc1Nc1ccccc1C(=O)NCCc1c[nH]c2ccccc12,40000.0,inactive,"{2, 3, 5.192420000000003, 6, 369.4680000000001, 56.92}",2.0,3.0,5.192420000000003,6.0,369.4680000000001,56.92
CHEMBL4873048,O=C(NCCc1c[nH]c2ccccc12)c1ccccc1Nc1cccc(Cl)c1,40000.0,inactive,"{2, 3, 389.8860000000001, 6, 5.537400000000003, 56.92}",2.0,3.0,389.8860000000001,6.0,5.537400000000003,56.92
CHEMBL5084816,CCOC(=O)[C@H](OCc1cnnn1[C@@H](Cc1c[nH]c2ccccc12)C(=O)OC)[C@@H](OCc1cnnn1[C@@H](Cc1c[nH]c2ccccc12)C(=O)OC)C(=O)OCC,500.0,active,"{2, 770.8000000000001, 3.3426, 16, 19, 216.65999999999994}",2.0,770.8000000000001,3.3426,16.0,19.0,216.65999999999994
CHEMBL5077595,O=C(O)Cn1nncc1CO[C@@H](C(=O)O)[C@@H](OCc1cnnn1CC(=O)O)C(=O)O,4.0,active,"{4, 229.07999999999998, 12, 428.3140000000002, 13, -2.321399999999997}",4.0,229.07999999999998,12.0,428.3140000000002,13.0,-2.321399999999997
CHEMBL408788,CCSc1cc(NCc2ccccc2)nc(-c2ccc(S(C)(=O)=O)cc2)n1,41494448.81,inactive,"{1, 4.271200000000003, 6, 71.95, 7, 399.5410000000001}",1.0,4.271200000000003,6.0,71.95,7.0,399.5410000000001
CHEMBL255378,CC(C)c1cc(NCc2ccccc2)nc(-c2ccc(S(C)(=O)=O)cc2)n1,25.3,active,"{1, 4.282600000000002, 5, 6, 71.95, 381.50100000000015}",1.0,4.282600000000002,5.0,6.0,71.95,381.50100000000015
CHEMBL4633416,COC(=O)[C@H](Cc1ccc(O)cc1)n1cc(COc2nc(Cl)nc(Nc3ccc(N4CCOCC4=O)cc3)n2)nn1,3000.0,active,"{2, 2.4646999999999997, 580.9890000000001, 166.70999999999998, 10, 13}",2.0,2.4646999999999997,580.9890000000001,166.70999999999998,10.0,13.0
CHEMBL4646570,COC(=O)[C@H](Cc1c[nH]c2ccccc12)n1cc(COc2nc(Cl)nc(N3CCOCC3)n2)nn1,10000.0,inactive,"{1, 1.9701999999999995, 133.17000000000002, 8, 11, 498.93100000000027}",1.0,1.9701999999999995,133.17000000000002,8.0,11.0,498.93100000000027
CHEMBL4167700,O=C1COCCN1c1ccc(Nc2nc(Cl)nc(N3CCCC3)n2)cc1,60.0,active,"{1, 2.232, 4, 7, 83.47999999999999, 374.8320000000002}",1.0,2.232,4.0,7.0,83.47999999999999,374.8320000000002
CHEMBL5081272,COC(=O)[C@H](Cc1ccccc1)n1nncc1COc1ccc2ccccc2c1-c1c(OCc2cnnn2[C@@H](Cc2ccccc2)C(=O)OC)ccc2ccccc12,54000.0,inactive,"{0, 132.48, 772.8620000000002, 7.914600000000008, 12, 15}",0.0,132.48,772.8620000000002,7.914600000000008,12.0,15.0
CHEMBL417748,Cc1ccc(-c2cc(F)c(F)cc2-c2ccc(S(C)(=O)=O)cc2)cc1Cl,13.0,active,"{0, 2, 3, 34.14, 5.664120000000004, 392.85400000000016}",0.0,2.0,3.0,34.14,5.664120000000004,392.85400000000016
CHEMBL43089,COc1cc(F)cc(-c2nc(C(F)(F)F)cn2-c2ccc(S(N)(=O)=O)cc2)c1,457.09,active,"{1, 3.353200000000001, 4, 5, 87.21000000000001, 415.3680000000001}",1.0,3.353200000000001,4.0,5.0,87.21000000000001,415.3680000000001
CHEMBL442166,COc1ccc(-c2ccccc2-c2ccc(S(N)(=O)=O)cc2)cc1F,33.0,active,"{1, 3, 4, 69.39, 357.40600000000006, 3.8157000000000023}",1.0,3.0,4.0,69.39,357.40600000000006,3.8157000000000023
CHEMBL257103,CS(=O)(=O)c1ccc(-c2nc(NC3CCCC3)cc(C(F)(F)F)n2)cc1,2101309.38,inactive,"{385.411, 1, 3.9204000000000025, 4, 5, 71.95}",385.411,1.0,3.9204000000000025,4.0,5.0,71.95
CHEMBL289262,CS(=O)(=O)Nc1cc2c(cc1Sc1nccs1)C(=O)CC2,100.0,active,"{1, 2.7947000000000015, 4, 6, 76.13, 340.45100000000014}",1.0,2.7947000000000015,4.0,6.0,76.13,340.45100000000014
CHEMBL5273548,Cc1ccccc1-c1nnc(Cn2c(CN3CCOCC3)nc3ccccc32)o1,11400.0,inactive,"{0, 3.275220000000002, 5, 69.21000000000001, 389.4590000000001, 7}",0.0,3.275220000000002,5.0,69.21000000000001,389.4590000000001,7.0
CHEMBL118,Cc1ccc(-c2cc(C(F)(F)F)nn2-c2ccc(S(N)(=O)=O)cc2)cc1,830.0,active,"{1, 3, 4, 3.5139200000000006, 77.98, 381.3790000000001}",1.0,3.0,4.0,3.5139200000000006,77.98,381.3790000000001
CHEMBL5090568,COc1ccc(NC(=O)c2ccccc2Nc2cccc(C(F)(F)F)c2)cc1OC,150000.0,inactive,"{416.3990000000001, 2, 4, 5.718500000000003, 6, 59.59}",416.3990000000001,2.0,4.0,5.718500000000003,6.0,59.59
CHEMBL3265348,Clc1ccc(-c2nnc(-c3cn(-c4ccccc4)nc3-c3ccc(Cl)cc3)o2)cc1,8700.0,active,"{0, 4, 5, 6.563100000000004, 433.2980000000001, 56.74}",0.0,4.0,5.0,6.563100000000004,433.2980000000001,56.74
CHEMBL289169,CS(=O)(=O)c1ccc(-n2cc(C(F)(F)F)nc2-c2ccccc2Cl)cc1,891.25,active,"{0, 3, 4, 4.615000000000003, 400.8090000000001, 51.96}",0.0,3.0,4.0,4.615000000000003,400.8090000000001,51.96
CHEMBL118,Cc1ccc(-c2cc(C(F)(F)F)nn2-c2ccc(S(N)(=O)=O)cc2)cc1,3600.0,active,"{1, 3, 4, 3.5139200000000006, 77.98, 381.3790000000001}",1.0,3.0,4.0,3.5139200000000006,77.98,381.3790000000001
CHEMBL47147,COc1ccc(-c2nc(C(F)(F)F)cn2-c2ccc(S(N)(=O)=O)cc2)cc1Br,30.2,active,"{1, 3.976600000000002, 4, 5, 87.21000000000001, 476.2740000000001}",1.0,3.976600000000002,4.0,5.0,87.21000000000001,476.2740000000001
CHEMBL101,CCCCC1C(=O)N(c2ccccc2)N(c2ccccc2)C1=O,284000.0,inactive,"{0, 2, 3.7878000000000025, 5, 40.620000000000005, 308.3810000000001}",0.0,2.0,3.7878000000000025,5.0,40.620000000000005,308.3810000000001
CHEMBL2333753,COc1ccc(/C=C/c2cc(OC)cc(OC)c2/C=C/C(=O)Nc2cc(OC)c(OC)c(OC)c2)cc1,6660.0,active,"{1, 5.5605000000000055, 7, 11, 84.48000000000002, 505.56700000000023}",1.0,5.5605000000000055,7.0,11.0,84.48000000000002,505.56700000000023
CHEMBL2171260,COc1ccccc1Cn1c2ccc(Cl)cc2c2ccc(C(C)C(=O)O)cc21,100000.0,inactive,"{1, 3, 5, 5.692900000000005, 393.8700000000001, 51.46}",1.0,3.0,5.0,5.692900000000005,393.8700000000001,51.46
CHEMBL2171256,CC(C(=O)O)c1ccc2c3cc(Cl)ccc3n(Cc3ccccc3)c2c1,100000.0,inactive,"{1, 2, 4, 5.684300000000004, 42.23, 363.8440000000001}",1.0,2.0,4.0,5.684300000000004,42.23,363.8440000000001
CHEMBL3809154,COC(=O)CNC(=O)CNC(=O)OCc1ccccc1,1000.0,active,"{0.20200000000000018, 2, 5, 6, 280.28, 93.73}",0.20200000000000018,2.0,5.0,6.0,280.28,93.73
CHEMBL3309445,NS(=O)(=O)c1ccc(N2N=C(C(F)(F)F)CC2c2ccc3c(c2)OCCO3)cc1,8.0,active,"{1, 2.9749000000000017, 3, 6, 427.40400000000017, 94.22000000000001}",1.0,2.9749000000000017,3.0,6.0,427.40400000000017,94.22000000000001
CHEMBL2333740,COc1ccc(/C=C/c2cc(OC)cc(OC)c2/C=C/C(=O)N2CCCC2)cc1,8870.0,active,"{0, 4, 4.518400000000004, 7, 393.4830000000002, 48.00000000000001}",0.0,4.0,4.518400000000004,7.0,393.4830000000002,48.00000000000001
CHEMBL2333739,COc1ccc(/C=C/c2cc(OC)cc(OC)c2/C=C/C(=O)N2CCSCC2)cc1,8010.0,active,"{0, 4.471400000000004, 5, 7, 425.5500000000002, 48.00000000000001}",0.0,4.471400000000004,5.0,7.0,425.5500000000002,48.00000000000001
CHEMBL4855962,O=c1cc(CSc2nnc(CSc3nc4ccccc4o3)o2)c2ccc3ccccc3c2o1,12.82,active,"{0, 6, 6.055000000000004, 9, 473.53500000000025, 95.16}",0.0,6.0,6.055000000000004,9.0,473.53500000000025,95.16
CHEMBL127125,Cc1cc(=O)c(Oc2ccccc2)c(-c2ccc(S(C)(=O)=O)cc2)o1,1000.0,active,"{0, 3.8110200000000027, 356.3990000000001, 5, 4, 73.58000000000001}",0.0,3.8110200000000027,356.3990000000001,5.0,4.0,73.58000000000001
CHEMBL2160141,Cc1ccc(C2=NN(C3=NC(=O)CS3)C(c3ccccc3C)C2)cc1C,6300.0,active,"{0, 2, 4, 4.392360000000004, 363.48600000000016, 45.03}",0.0,2.0,4.0,4.392360000000004,363.48600000000016,45.03
CHEMBL28487,Nc1cnn(-c2ccc(S(N)(=O)=O)cc2)c1-c1ccccc1,29700.0,inactive,"{1.7689000000000004, 2, 3, 5, 104.0, 314.37}",1.7689000000000004,2.0,3.0,5.0,104.0,314.37
CHEMBL377353,NS(=O)(=O)c1ccc(/N=N/c2ccc(O)c(C(=O)O)c2)cc1,8890.0,active,"{321.314, 2.1532, 3, 4, 6, 142.41}",321.314,2.1532,3.0,4.0,6.0,142.41
CHEMBL1171449,C[C@@H]1O[C@@H](O[C@H]2[C@H](O[C@H]3CC[C@]4(C)[C@H]5CC=C6[C@@H]7CC(C)(C)CC[C@]7(C(=O)O[C@@H]7O[C@H](CO[C@@H]8O[C@H](CO)[C@@H](O[C@@H]9O[C@@H](C)[C@H](O)[C@@H](O)[C@H]9O)[C@H](O)[C@H]8O)[C@@H](O)[C@H](O)[C@H]7O)CC[C@@]6(C)[C@]5(C)CC[C@H]4C3(C)CO)OC[C@H](O)[C@@H]2O)[C@H](O)[C@H](O)[C@H]1O,50000.0,inactive,"{1221.391000000001, 13, 15, 26, 412.8200000000001, -2.5443999999999893}",1221.391000000001,13.0,15.0,26.0,412.8200000000001,-2.5443999999999893
CHEMBL4862802,CCCOc1nc(OCC(C)(C)O)c(-c2ccc(S(C)(=O)=O)cc2)cc1CO,840.0,active,"{2, 2.582900000000001, 7, 105.95, 9, 409.50400000000013}",2.0,2.582900000000001,7.0,105.95,9.0,409.50400000000013
CHEMBL4867405,COCCOc1nc(OCC(C)(C)O)c(-c2ccc(S(C)(=O)=O)cc2)cc1CO,18200.0,inactive,"{1.8192999999999997, 2, 8, 425.50300000000016, 10, 115.17999999999999}",1.8192999999999997,2.0,8.0,425.50300000000016,10.0,115.17999999999999
CHEMBL4278024,CS(=O)(=O)c1ccc(-c2conc2-c2ccccc2)cc1,247.0,active,"{0, 3, 4, 3.4121000000000024, 299.351, 60.17}",0.0,3.0,4.0,3.4121000000000024,299.351,60.17
CHEMBL549519,CS(=O)(=O)c1ccc(-c2cc(C(F)(F)F)nc(NC3CCNCC3)n2)cc1,10000.0,inactive,"{2, 2.729800000000001, 4, 6, 400.42600000000016, 83.98}",2.0,2.729800000000001,4.0,6.0,400.42600000000016,83.98
CHEMBL466863,CC(=O)OCO/N=[N+](\[O-])N1CCC[C@H]1COC(=O)C(C)c1ccc(CC(C)C)cc1,6400.0,active,"{0, 3.3259000000000025, 421.4940000000002, 103.5, 7, 10}",0.0,3.3259000000000025,421.4940000000002,103.5,7.0,10.0
CHEMBL311498,Oc1cc(O)c2c(c1)O[C@H](c1ccc(O)c(O)c1)[C@@H](O)C2,93300.0,inactive,"{1, 290.271, 1.5460999999999998, 5, 6, 110.38000000000001}",1.0,290.271,1.5460999999999998,5.0,6.0,110.38000000000001
CHEMBL3810371,COC(=O)[C@H](CC(C)C)NC(=O)[C@H](Cc1ccccc1)NC(=O)CNC(=O)CNC(=O)OCc1ccccc1,20000.0,inactive,"{1.4604000000000041, 4, 7, 14, 151.92999999999998, 540.6170000000003}",1.4604000000000041,4.0,7.0,14.0,151.92999999999998,540.6170000000003
CHEMBL3808516,COC(=O)[C@H](CC(C)C)NC(=O)[C@@H](NC(=O)[C@H](C)NC(=O)CNC(=O)OCc1ccccc1)C(C)C,22000.0,inactive,"{1.2622000000000042, 4, 7, 13, 151.92999999999998, 506.60000000000025}",1.2622000000000042,4.0,7.0,13.0,151.92999999999998,506.60000000000025
CHEMBL3604187,CCOc1cc(/C=C2\SC(=S)N(NC(=O)c3ccccc3Cl)C2=O)ccc1O,10000.0,inactive,"{2, 3.990500000000003, 5, 6, 78.87, 434.9260000000001}",2.0,3.990500000000003,5.0,6.0,78.87,434.9260000000001
CHEMBL4559652,COC(=O)[C@H](Cc1ccccc1)NC(=O)[C@@H]1CCCN1C(=O)CNC(=O)[C@H](CCSC)NC(=O)OCc1ccccc1,100.0,active,"{2.042200000000001, 3, 8, 14, 143.14, 598.7220000000003}",2.042200000000001,3.0,8.0,14.0,143.14,598.7220000000003
CHEMBL257295,CS(=O)(=O)c1ccc(-c2nc(NC3CCCCC3)cc(C(F)(F)F)n2)cc1,238.5,active,"{1, 4, 5, 4.310500000000003, 71.95, 399.43800000000005}",1.0,4.0,5.0,4.310500000000003,71.95,399.43800000000005
CHEMBL271338,CS(=O)(=O)c1ccc(-c2nc(NCc3cccs3)cc(C(F)(F)F)n2)cc1,22.4,active,"{1, 4.239500000000003, 5, 6, 71.95, 413.446}",1.0,4.239500000000003,5.0,6.0,71.95,413.446
CHEMBL3822638,COc1ccc(-c2cc(C(=O)N/N=C/c3c(Cl)c4ccccc4oc3=O)nn2-c2ccc(S(N)(=O)=O)cc2)cc1OC,10410.0,inactive,"{608.0320000000003, 2, 3.7276000000000016, 8, 168.10999999999999, 10}",608.0320000000003,2.0,3.7276000000000016,8.0,168.10999999999999,10.0
CHEMBL3823208,NS(=O)(=O)c1ccc(-n2nc(C(=O)N/N=C/c3c(Cl)c4ccccc4oc3=O)cc2-c2cccc(Cl)c2)cc1,540.0,active,"{2, 4.363800000000003, 582.4250000000002, 6, 8, 149.65}",2.0,4.363800000000003,582.4250000000002,6.0,8.0,149.65
CHEMBL4209915,COc1ccc(-c2nc3cc(NC(=O)c4ccc(O)cc4)ccc3o2)cc1OC,45540.0,inactive,"{2, 4.469900000000003, 5, 390.39500000000015, 6, 93.82000000000001}",2.0,4.469900000000003,5.0,390.39500000000015,6.0,93.82000000000001
CHEMBL274893,CS(=O)(=O)c1ccc(C2=C(c3ccc(F)cc3)CCC2)cc1,25.7,active,"{0, 2, 3, 34.14, 4.323900000000004, 316.3970000000001}",0.0,2.0,3.0,34.14,4.323900000000004,316.3970000000001
CHEMBL29136,N#Cc1cc(-c2ccc(F)cc2)n(-c2ccc(S(N)(=O)=O)cc2)n1,338.84,active,"{1, 2.1974799999999997, 3, 101.77, 5, 342.3550000000001}",1.0,2.1974799999999997,3.0,101.77,5.0,342.3550000000001
CHEMBL42225,CS(=O)(=O)c1ccc(-n2cc(C(F)(F)F)nc2-c2ccccc2)cc1,130.0,active,"{0, 3, 4, 3.9616000000000025, 366.36400000000003, 51.96}",0.0,3.0,4.0,3.9616000000000025,366.36400000000003,51.96
CHEMBL52888,COc1ccc(-c2cc(F)c(F)cc2-c2ccc(S(N)(=O)=O)cc2)cc1OC,64.57,active,"{1, 3.963400000000002, 4, 5, 78.62, 405.42200000000014}",1.0,3.963400000000002,4.0,5.0,78.62,405.42200000000014
CHEMBL287170,NC(=O)c1nn(-c2ccc(S(N)(=O)=O)cc2)c(-c2ccc(Cl)cc2)c1Cl,1096.48,active,"{2, 2.5924000000000014, 4, 5, 121.07, 411.2700000000001}",2.0,2.5924000000000014,4.0,5.0,121.07,411.2700000000001
CHEMBL282084,Nc1ccc(-c2cc(C(F)(F)F)nn2-c2ccc(S(N)(=O)=O)cc2)cc1,338.84,active,"{2, 3, 2.787700000000001, 5, 104.0, 382.3670000000001}",2.0,3.0,2.787700000000001,5.0,104.0,382.3670000000001
CHEMBL29887,COc1ccc(-c2cc(C(F)(F)F)nn2-c2ccc(S(N)(=O)=O)cc2)cc1C,9.333,active,"{1, 3.522520000000001, 4, 5, 87.21000000000001, 411.40500000000014}",1.0,3.522520000000001,4.0,5.0,87.21000000000001,411.40500000000014
CHEMBL286277,NS(=O)(=O)c1ccc(-n2ncc(F)c2-c2ccccc2)cc1,4660.0,active,"{1, 2.3258, 3, 4, 77.98, 317.34499999999997}",1.0,2.3258,3.0,4.0,77.98,317.34499999999997
CHEMBL118,Cc1ccc(-c2cc(C(F)(F)F)nn2-c2ccc(S(N)(=O)=O)cc2)cc1,110.0,active,"{1, 3, 4, 3.5139200000000006, 77.98, 381.3790000000001}",1.0,3.0,4.0,3.5139200000000006,77.98,381.3790000000001
CHEMBL151,O=c1cc(-c2ccc(O)c(O)c2)oc2cc(O)cc(O)c12,2.5,active,"{1, 2.2824000000000004, 4, 6, 111.13000000000001, 286.23900000000003}",1.0,2.2824000000000004,4.0,6.0,111.13000000000001,286.23900000000003
CHEMBL118,Cc1ccc(-c2cc(C(F)(F)F)nn2-c2ccc(S(N)(=O)=O)cc2)cc1,39.81,active,"{1, 3, 4, 3.5139200000000006, 77.98, 381.3790000000001}",1.0,3.0,4.0,3.5139200000000006,77.98,381.3790000000001
CHEMBL283038,Cc1ccc(-c2cc(C(F)(F)F)nn2-c2ccc(S(N)(=O)=O)cc2)c(C)c1,120.0,active,"{1, 3, 4, 3.8223400000000014, 395.4060000000001, 77.98}",1.0,3.0,4.0,3.8223400000000014,395.4060000000001,77.98
CHEMBL1171451,C[C@@H]1O[C@@H](O[C@H]2[C@H](O)[C@@H](O)[C@H](OC[C@H]3O[C@@H](OC(=O)[C@]45CCC(C)(C)C[C@H]4C4=CC[C@@H]6[C@@]7(C)CC[C@H](O[C@@H]8OC[C@H](O)[C@H](O)[C@H]8O[C@@H]8O[C@@H](C)[C@H](O)[C@@H](O[C@@H]9OC[C@@H](O)[C@@H](O)[C@H]9O)[C@H]8O)[C@@](C)(CO)[C@@H]7CC[C@@]6(C)[C@]4(C)CC5)[C@H](O)[C@@H](O)[C@@H]3O)O[C@@H]2CO)[C@H](O)[C@H](O)[C@H]1O,50000.0,inactive,"{1353.5060000000012, 15, 17, 471.7400000000001, -4.081099999999998, 30}",1353.5060000000012,15.0,17.0,471.7400000000001,-4.081099999999998,30.0
CHEMBL506880,C[C@@H]1O[C@@H](O[C@H]2[C@H](O[C@H]3CC[C@]4(C)[C@H]5CC=C6[C@@H]7CC(C)(C)CC[C@]7(C(=O)O[C@@H]7O[C@H](CO[C@@H]8O[C@H](CO)[C@@H](O[C@@H]9O[C@@H](C)[C@H](O)[C@@H](O)[C@H]9O)[C@H](O)[C@H]8O)[C@@H](O)[C@H](O)[C@H]7O)CC[C@@]6(C)[C@]5(C)CC[C@H]4C3(C)C)OC[C@H](O)[C@@H]2O)[C@H](O)[C@H](O)[C@H]1O,50000.0,inactive,"{392.5900000000001, 12, 14, 1205.3920000000007, 25, -1.5167999999999877}",392.5900000000001,12.0,14.0,1205.3920000000007,25.0,-1.5167999999999877
CHEMBL3100127,O=C1/C(=C\c2cn(CCCOc3cc(O)c4c(=O)cc(-c5ccccc5)oc4c3)c3ccccc23)c2ccccc2N1c1c(Cl)cccc1Cl,7300.0,active,"{1, 6, 8, 10.11509999999999, 84.91, 699.59}",1.0,6.0,8.0,10.11509999999999,84.91,699.59
CHEMBL3100129,CC1=NN(c2cccc(Cl)c2)C(=O)/C1=C\c1cn(CCCOc2cc(O)c3c(=O)cc(-c4ccccc4)oc3c2)c2ccccc12,700.0,active,"{1, 97.27, 7, 8, 8.048900000000007, 630.1000000000004}",1.0,97.27,7.0,8.0,8.048900000000007,630.1000000000004
CHEMBL3576986,COC(=O)CNC(=O)[C@H](Cc1c[nH]c2ccccc12)NC(=O)C(=O)c1cn(S(=O)(=O)c2ccc(C)cc2)c2ccccc12,47.0,active,"{2.867420000000001, 3, 8, 10, 600.6530000000002, 156.42999999999998}",2.867420000000001,3.0,8.0,10.0,600.6530000000002,156.42999999999998
CHEMBL3576987,COC(=O)[C@@H](Cc1c[nH]c2ccccc12)NC(=O)CNC(=O)C(=O)c1cn(S(=O)(=O)c2ccc(C)cc2)c2ccccc12,6610.0,active,"{2.867420000000001, 3, 8, 10, 600.6530000000002, 156.42999999999998}",2.867420000000001,3.0,8.0,10.0,600.6530000000002,156.42999999999998
CHEMBL4789910,O=C(NCCc1c[nH]c2ccc(O)cc12)c1ccccc1Nc1ccccc1,380.0,active,"{3, 4, 4.589600000000003, 6, 77.15, 371.44000000000005}",3.0,4.0,4.589600000000003,6.0,77.15,371.44000000000005
CHEMBL4560186,N#Cc1c(/N=C/c2cccs2)c(C(=O)Nc2ccc(Br)cc2)n2c1CCC2,9250.0,active,"{1, 4, 5, 70.18, 5.132880000000003, 439.33800000000014}",1.0,4.0,5.0,70.18,5.132880000000003,439.33800000000014
CHEMBL1290433,NS(=O)(=O)c1ccc(-c2cc(Cl)cc3c2OC(C(F)(F)F)C(C(=O)O)=C3)cc1,758.0,active,"{2, 3, 4, 3.4457000000000013, 106.69000000000001, 433.79100000000005}",2.0,3.0,4.0,3.4457000000000013,106.69000000000001,433.79100000000005
CHEMBL89578,CC1(C)CC(c2ccc(F)cc2)=C(c2ccc(S(C)(=O)=O)cc2)C1,15.0,active,"{0, 2, 3, 34.14, 4.960000000000005, 344.4510000000001}",0.0,2.0,3.0,34.14,4.960000000000005,344.4510000000001
CHEMBL192678,Cc1c(CC(=O)O)cc(-c2ccc(S(C)(=O)=O)cc2)n1-c1ccccc1,7000.0,active,"{1, 3.4833200000000026, 4, 5, 76.37, 369.442}",1.0,3.4833200000000026,4.0,5.0,76.37,369.442
CHEMBL4101105,Cc1c(-c2nnc(-c3cnn(-c4ccccc4)c3C)c3nocc23)cnn1-c1ccccc1,6880.0,active,"{0, 4, 4.940040000000004, 8, 433.47500000000014, 87.44999999999999}",0.0,4.0,4.940040000000004,8.0,433.47500000000014,87.44999999999999
CHEMBL118,Cc1ccc(-c2cc(C(F)(F)F)nn2-c2ccc(S(N)(=O)=O)cc2)cc1,1140.0,active,"{1, 3, 4, 3.5139200000000006, 77.98, 381.3790000000001}",1.0,3.0,4.0,3.5139200000000006,77.98,381.3790000000001
CHEMBL30091,NS(=O)(=O)c1ccc(-n2nc(C(F)(F)F)cc2C2=CCCCC2)cc1,84.0,active,"{1, 3, 4, 3.4959000000000024, 77.98, 371.3840000000002}",1.0,3.0,4.0,3.4959000000000024,77.98,371.3840000000002
CHEMBL52402,NS(=O)(=O)c1ccc(-c2ccccc2-c2ccc(Cl)cc2)cc1,6.026,active,"{1, 2, 3, 4.321400000000003, 343.83500000000004, 60.160000000000004}",1.0,2.0,3.0,4.321400000000003,343.83500000000004,60.160000000000004
CHEMBL4635384,O=C(O)c1ccccc1Nc1nc(Cl)nc(Nc2ccc(N3CCOCC3=O)cc2)n1,1000.0,active,"{129.57, 3, 3.0736000000000008, 6, 8, 440.84700000000026}",129.57,3.0,3.0736000000000008,6.0,8.0,440.84700000000026
CHEMBL4639953,COC(=O)[C@@H](N)Cc1ccc(Oc2nc(Cl)nc(N3CCCCC3)n2)cc1,5000.0,active,"{1, 2.3503999999999996, 6, 103.46, 8, 391.85900000000026}",1.0,2.3503999999999996,6.0,103.46,8.0,391.85900000000026
CHEMBL13878,C#CCCCC(=O)c1cc(C(C)(C)C)c(O)c(C(C)(C)C)c1,100.0,active,"{1, 2, 4, 37.3, 4.973400000000005, 300.442}",1.0,2.0,4.0,37.3,4.973400000000005,300.442
CHEMBL4648690,Clc1ccc(Nc2nc(Cl)nc(OCc3cn(Cc4ccccc4)nn3)n2)cc1,7000.0,active,"{1, 4.140800000000004, 7, 8, 428.2830000000001, 90.64000000000001}",1.0,4.140800000000004,7.0,8.0,428.2830000000001,90.64000000000001
CHEMBL4635388,COC(=O)[C@H](Cc1ccccc1)n1cc(COc2nc(Cl)nc(Nc3ccc(N4CCOCC4=O)cc3)n2)nn1,9000.0,active,"{1, 2.7591, 10, 12, 146.48000000000002, 564.9900000000001}",1.0,2.7591,10.0,12.0,146.48000000000002,564.9900000000001
CHEMBL4451723,c1ccc(COc2ccc(-c3nn(-c4ccccc4)cc3-c3cc(-c4ccccc4)no3)cc2)cc1,2110.0,active,"{0, 5, 7, 7.440300000000006, 53.08, 469.54400000000015}",0.0,5.0,7.0,7.440300000000006,53.08,469.54400000000015
CHEMBL86363,COc1ccc(C2=C(c3ccc(S(C)(=O)=O)cc3)CC3(CC3)C2)cc1Br,1.288,active,"{0, 3, 4, 5.3460000000000045, 43.370000000000005, 433.3670000000002}",0.0,3.0,4.0,5.3460000000000045,43.370000000000005,433.3670000000002
CHEMBL4449489,O=[N+]([O-])c1ccc(/C=N/c2nnc(-c3ccc(Cl)cc3)o2)cc1,130.0,active,"{0, 4, 4.048800000000002, 6, 328.71500000000003, 94.42}",0.0,4.0,4.048800000000002,6.0,328.71500000000003,94.42
CHEMBL4282685,COc1ccc(-c2cs/c(=N\c3ccc(S(N)(=O)=O)cc3)n2-c2ccccc2)cc1,21780.0,inactive,"{1, 4.0942000000000025, 5, 6, 437.5460000000001, 86.68}",1.0,4.0942000000000025,5.0,6.0,437.5460000000001,86.68
CHEMBL3576981,COC(=O)[C@H](Cc1c[nH]c2ccccc12)NC(=O)CNC(=O)C(=O)c1cn(S(=O)(=O)c2ccc(C)cc2)c2ccccc12,8890.0,active,"{2.867420000000001, 3, 8, 10, 600.6530000000002, 156.42999999999998}",2.867420000000001,3.0,8.0,10.0,600.6530000000002,156.42999999999998
CHEMBL3576976,Cc1ccc(S(=O)(=O)n2cc(C(=O)C(=O)N[C@@H](Cc3cnc[nH]3)C(=O)N[C@@H](CCC(=O)O)C(=O)O)c3ccccc32)cc1,540.0,active,"{609.6170000000003, 1.2542200000000006, 5, 9, 13, 217.61999999999998}",609.6170000000003,1.2542200000000006,5.0,9.0,13.0,217.61999999999998
CHEMBL44141,CS(=O)(=O)c1ccc(C2=C3c4ccccc4CCC3OC2=O)cc1,500.0,active,"{0, 2, 2.8725000000000014, 4, 340.4000000000001, 60.440000000000005}",0.0,2.0,2.8725000000000014,4.0,340.4000000000001,60.440000000000005
CHEMBL4437752,N#Cc1cnn(-c2ccc(S(N)(=O)=O)cc2)c1NC(=O)c1ccccc1,56.17,active,"{1.6436799999999998, 2, 130.86999999999998, 4, 6, 367.39000000000004}",1.6436799999999998,2.0,130.86999999999998,4.0,6.0,367.39000000000004
CHEMBL29842,COc1c(C(F)(F)F)nn(-c2ccc(S(N)(=O)=O)cc2)c1-c1ccccc1,79.43,active,"{1, 3.214100000000001, 4, 5, 397.37800000000016, 87.21000000000001}",1.0,3.214100000000001,4.0,5.0,397.37800000000016,87.21000000000001
CHEMBL92154,CS(=O)(=O)c1ccc(C2=C(c3ccc(F)cc3)CC3(CC3)C2)cc1,7.586,active,"{0, 2, 3, 34.14, 4.714000000000004, 342.4350000000002}",0.0,2.0,3.0,34.14,4.714000000000004,342.4350000000002
CHEMBL3809156,COC(=O)[C@H](CC(C)C)NC(=O)[C@H](Cc1ccccc1)NC(=O)CNC(=O)CN,60.0,active,"{-0.5072999999999959, 4, 6, 11, 139.62, 406.4830000000002}",-0.5072999999999959,4.0,6.0,11.0,139.62,406.4830000000002
CHEMBL4576297,CCCCn1c(C)c2c(c1C)C(=O)N(CN1CCN(c3ccccc3Cl)CC1)C2=O,44900.0,inactive,"{0, 3.934140000000003, 5, 6, 428.9640000000001, 48.790000000000006}",0.0,3.934140000000003,5.0,6.0,428.9640000000001,48.790000000000006
CHEMBL4456451,Cc1c2c(c(C)n1-c1cccc(Cl)c1)C(=O)N(CN1CCN(S(C)(=O)=O)CC1)C2=O,44100.0,inactive,"{0, 1.87824, 450.9480000000003, 4, 6, 82.93}",0.0,1.87824,450.9480000000003,4.0,6.0,82.93
CHEMBL118,Cc1ccc(-c2cc(C(F)(F)F)nn2-c2ccc(S(N)(=O)=O)cc2)cc1,16.0,active,"{1, 3, 4, 3.5139200000000006, 77.98, 381.3790000000001}",1.0,3.0,4.0,3.5139200000000006,77.98,381.3790000000001
CHEMBL4563408,O=C(Nc1ccc(OC(F)F)nc1)NC1CCN(c2ncnc3c2nc(-c2ccccc2Cl)n3-c2ccc(Cl)cc2)CC1,10000.0,inactive,"{2, 6.576200000000005, 7, 8, 110.09, 625.467}",2.0,6.576200000000005,7.0,8.0,110.09,625.467
CHEMBL3740850,C#Cc1cccc(Nc2ncnc3cc(OCCOC(=O)C(C)c4ccc5cc(OC)ccc5c4)c(OCCOC)cc23)c1,10000.0,inactive,"{1, 101.03000000000002, 6.267400000000006, 9, 13, 591.6640000000002}",1.0,101.03000000000002,6.267400000000006,9.0,13.0,591.6640000000002
CHEMBL3742059,C#Cc1cccc(Nc2ncnc3cc(OCCOC(=O)CC4=C(C)/C(=C\c5ccc([S+](C)[O-])cc5)c5ccc(F)cc54)c(OCCOC)cc23)c1,10000.0,inactive,"{1, 7.596400000000008, 9, 717.8190000000002, 14, 114.86000000000001}",1.0,7.596400000000008,9.0,717.8190000000002,14.0,114.86000000000001
CHEMBL83527,COc1cc(/C=C/c2ccc(O)cc2)cc(OC)c1,820.0,active,"{256.301, 1, 3, 4, 3.5798000000000023, 38.69}",256.301,1.0,3.0,4.0,3.5798000000000023,38.69
CHEMBL5087462,COc1ccc(NC(=O)c2ccccc2Nc2cccc(Cl)c2C)cc1,33610.0,inactive,"{2, 3, 5, 5.652920000000003, 366.84800000000007, 50.36}",2.0,3.0,5.0,5.652920000000003,366.84800000000007,50.36
CHEMBL5081898,COc1ccc(NC(=O)c2cccnc2Nc2cccc(Cl)c2C)cc1,150000.0,inactive,"{2, 4, 5, 5.047920000000003, 367.8360000000001, 63.25}",2.0,4.0,5.0,5.047920000000003,367.8360000000001,63.25
CHEMBL274893,CS(=O)(=O)c1ccc(C2=C(c3ccc(F)cc3)CCC2)cc1,26.0,active,"{0, 2, 3, 34.14, 4.323900000000004, 316.3970000000001}",0.0,2.0,3.0,34.14,4.323900000000004,316.3970000000001
CHEMBL55189,CS(=O)(=O)c1ccc(-c2nccnc2-c2ccc(F)cc2)cc1,100000.0,inactive,"{0, 3, 4, 3.353200000000002, 328.36800000000005, 59.92}",0.0,3.0,4.0,3.353200000000002,328.36800000000005,59.92
CHEMBL3740595,C#Cc1cccc(Nc2ncnc3cc(OCCOC(=O)Cc4c(C)n(C(=O)c5ccc(Cl)cc5)c5ccc(OC)cc45)c(OCCOC)cc23)c1,10000.0,inactive,"{1, 7.158220000000007, 11, 14, 719.1940000000001, 123.03000000000002}",1.0,7.158220000000007,11.0,14.0,719.1940000000001,123.03000000000002
CHEMBL2063855,CC(C(=O)O)c1ccc(Cc2ccsc2)cc1F,8300.0,active,"{1, 2, 3.666100000000002, 4, 37.3, 264.32099999999997}",1.0,2.0,3.666100000000002,4.0,37.3,264.32099999999997
CHEMBL507430,CC(C)=CCC12Oc3cc(O)c(C4=CC5(C)CC(C4)c4ccc(O)cc4O5)c(O)c3C(=O)C1(O)Oc1cc(O)ccc12,100000.0,inactive,"{3, 5, 5.529000000000008, 9, 145.91, 570.5940000000003}",3.0,5.0,5.529000000000008,9.0,145.91,570.5940000000003
CHEMBL3774572,CC(C(=O)O)c1ccc(-c2cccc(OC(=O)NC3CC3)c2)c(F)c1,74300.0,inactive,"{2, 3, 3.931600000000002, 5, 75.63, 343.3540000000001}",2.0,3.0,3.931600000000002,5.0,75.63,343.3540000000001
CHEMBL3774467,CC(C(=O)O)c1ccc(-c2cccc(OC(=O)NCCC3CCCCC3)c2)c(F)c1,10800.0,inactive,"{2, 3, 5.739600000000006, 7, 75.63, 413.4890000000003}",2.0,3.0,5.739600000000006,7.0,75.63,413.4890000000003
CHEMBL3774781,CC(C)NC(=O)Oc1cccc(-c2ccc(C(C)C(=O)O)cc2F)c1,100000.0,inactive,"{2, 3, 4.177600000000002, 5, 75.63, 345.37}",2.0,3.0,4.177600000000002,5.0,75.63,345.37
CHEMBL3774873,CCCCCCCCNC(=O)Oc1cccc(-c2ccc(C(C)C(=O)O)cc2F)c1,28800.0,inactive,"{2, 3, 6.129700000000006, 11, 75.63, 415.5050000000001}",2.0,3.0,6.129700000000006,11.0,75.63,415.5050000000001
CHEMBL3774442,CCCCCCOC(=O)Nc1cccc(-c2ccc(C(C)C(=O)O)cc2F)c1,170.0,active,"{2, 3, 387.45100000000014, 5.809600000000005, 9, 75.63}",2.0,3.0,387.45100000000014,5.809600000000005,9.0,75.63
CHEMBL3775360,CCCCCCNC(=O)Oc1cccc(-c2ccc(C(C)C(=O)OC)cc2F)c1,100000.0,inactive,"{64.63, 1, 4, 5.437900000000004, 9, 401.4780000000002}",64.63,1.0,4.0,5.437900000000004,9.0,401.4780000000002
CHEMBL3774784,CCCCCCNC(=O)Oc1cccc(-c2ccc([C@H](C)C(=O)O)cc2F)c1,50.0,active,"{2, 3, 387.45100000000014, 5.349500000000004, 9, 75.63}",2.0,3.0,387.45100000000014,5.349500000000004,9.0,75.63
CHEMBL4645058,COC(=O)[C@H](Cc1ccccc1)n1cc(COc2nc(Cl)nc(N3CCCC3)n2)nn1,6000.0,active,"{0, 2.2525000000000004, 8, 10, 108.15, 443.8950000000002}",0.0,2.2525000000000004,8.0,10.0,108.15,443.8950000000002
CHEMBL5196097,[11CH3]Oc1ccc(-c2c(-c3ccc(S(N)(=O)=O)cc3)[nH]c3ccccc23)cc1,0.006,active,"{2, 3, 4, 4.157900000000002, 85.18, 377.45343360000004}",2.0,3.0,4.0,4.157900000000002,85.18,377.45343360000004
CHEMBL1802044,CC(=O)O[C@@H]1CC[C@@]2(C)[C@@H](CC[C@]3(C)[C@@H]2CC=C2[C@@H]4CC(C)(C)CC[C@]4(C)CC[C@]23C)[C@@]1(C)C(=O)O,40000.0,inactive,"{1, 2, 3, 7.804400000000009, 498.74800000000045, 63.60000000000001}",1.0,2.0,3.0,7.804400000000009,498.74800000000045,63.60000000000001
CHEMBL146742,CS(=O)(=O)c1ccc(-c2c(-c3ccccc3)nc3sccn23)cc1,16.0,active,"{0, 354.4560000000001, 3, 4.133300000000003, 5, 51.44}",0.0,354.4560000000001,3.0,4.133300000000003,5.0,51.44
CHEMBL155980,CS(=O)(=O)c1ccc(-c2sc3ncnn3c2-c2cc(F)cc(F)c2)cc1,79432823.47,inactive,"{0, 64.33, 3, 3.8065000000000024, 6, 391.4240000000001}",0.0,64.33,3.0,3.8065000000000024,6.0,391.4240000000001
CHEMBL3234235,CCOC(=O)/C(=C/c1ccc(Br)cc1)CSc1nc(C)cc(C)n1,3170.0,active,"{0, 4.594740000000003, 5, 6, 52.08, 407.33300000000014}",0.0,4.594740000000003,5.0,6.0,52.08,407.33300000000014
CHEMBL4072576,c1cc(-c2ccc(Nc3nc(N4CCOCC4)nc(N4CCOCC4)n3)cc2)on1,1170.0,active,"{1, 1.9433999999999994, 101.67, 5, 10, 409.45000000000016}",1.0,1.9433999999999994,101.67,5.0,10.0,409.45000000000016
CHEMBL111597,CS(=O)(=O)c1ccc(C2=C(c3ccc(Cl)c(Cl)c3)CCC2)cc1,10.0,active,"{0, 2, 3, 34.14, 5.491600000000004, 367.29700000000014}",0.0,2.0,3.0,34.14,5.491600000000004,367.29700000000014
CHEMBL151,O=c1cc(-c2ccc(O)c(O)c2)oc2cc(O)cc(O)c12,100.0,active,"{1, 2.2824000000000004, 4, 6, 111.13000000000001, 286.23900000000003}",1.0,2.2824000000000004,4.0,6.0,111.13000000000001,286.23900000000003
CHEMBL4285920,O=c1c2ccccc2nc(SCc2cn(-c3ccc(Cl)cc3)nn2)n1-c1ccccc1,190.0,active,"{0, 65.6, 4.912100000000004, 5, 7, 445.93500000000006}",0.0,65.6,4.912100000000004,5.0,7.0,445.93500000000006
CHEMBL4742775,COc1ccc2c(c1)c(CCNC(C)=O)cn2C(=O)c1ccc(Cl)cc1,60000.0,inactive,"{1, 3.6704000000000017, 4, 5, 370.836, 60.33}",1.0,3.6704000000000017,4.0,5.0,370.836,60.33
CHEMBL349564,CS(=O)(=O)c1ccc(-c2cnn(Cc3cccs3)c(=O)c2-c2ccc(F)cc2)cc1,410.0,active,"{0, 4.229700000000003, 69.03, 5, 6, 440.52100000000013}",0.0,4.229700000000003,69.03,5.0,6.0,440.52100000000013
CHEMBL3400660,C/C=C(\C)C(=O)O[C@@H]1[C@@H](C)[C@@]2(O)[C@@H](C(=O)C(CO)=C[C@]3(O)C(=O)C(C)=C[C@@H]23)[C@@H]2C(C)(C)[C@]12OC(=O)C(C)CC,50000.0,inactive,"{544.6410000000002, 2.2231999999999994, 3, 6, 9, 147.42999999999998}",544.6410000000002,2.2231999999999994,3.0,6.0,9.0,147.42999999999998
CHEMBL122,CS(=O)(=O)c1ccc(C2=C(c3ccccc3)C(=O)OC2)cc1,530.0,active,"{0, 2.5577000000000005, 3, 4, 314.3620000000001, 60.44}",0.0,2.5577000000000005,3.0,4.0,314.3620000000001,60.44
CHEMBL4544804,COc1ccc(-c2c(-c3ccc(N)cc3)noc2C)cc1,50000.0,inactive,"{1, 3, 4, 3.907820000000002, 280.327, 61.28}",1.0,3.0,4.0,3.907820000000002,280.327,61.28
CHEMBL4571499,COc1ccc(-c2noc(CCO)c2-c2ccc(OC)cc2)cc1,190.0,active,"{64.72000000000001, 1, 3.5606000000000018, 5, 325.36400000000003, 6}",64.72000000000001,1.0,3.5606000000000018,5.0,325.36400000000003,6.0
CHEMBL118,Cc1ccc(-c2cc(C(F)(F)F)nn2-c2ccc(S(N)(=O)=O)cc2)cc1,45.0,active,"{1, 3, 4, 3.5139200000000006, 77.98, 381.3790000000001}",1.0,3.0,4.0,3.5139200000000006,77.98,381.3790000000001
CHEMBL501208,CS(=O)(=O)c1ccc(-c2[nH]c3ccccc3c2-c2ccc(F)cc2)cc1,1200.0,active,"{1, 2, 3, 5.044500000000004, 365.4290000000001, 49.93}",1.0,2.0,3.0,5.044500000000004,365.4290000000001,49.93
CHEMBL4564780,COc1ccccc1/C=C/C1=NN(c2ccccc2)C(=O)CC1,134.58,active,"{0, 3, 4, 3.8914000000000026, 41.9, 306.3650000000001}",0.0,3.0,4.0,3.8914000000000026,41.9,306.3650000000001
CHEMBL1939668,Cc1c(CC(=O)OCCO[N+](=O)[O-])cc(-c2ccc(S(C)(=O)=O)cc2)n1-c1ccccc1,43.0,active,"{0, 3.150220000000002, 8, 9, 458.49200000000013, 117.74000000000001}",0.0,3.150220000000002,8.0,9.0,458.49200000000013,117.74000000000001
CHEMBL2337404,Cc1c(CCOCCCO[N+](=O)[O-])cc(-c2ccc(S(C)(=O)=O)cc2)n1-c1ccccc1,15.0,active,"{0, 100.66999999999999, 4.013720000000004, 7, 458.5360000000002, 11}",0.0,100.66999999999999,4.013720000000004,7.0,458.5360000000002,11.0
CHEMBL1939512,Cc1c(CC(=O)OCCO)cc(-c2ccc(S(C)(=O)=O)cc2)n1-c1ccc(F)cc1,89.0,active,"{1, 3.0733200000000016, 6, 7, 431.4850000000001, 85.6}",1.0,3.0733200000000016,6.0,7.0,431.4850000000001,85.6
CHEMBL108978,CS(=O)(=O)c1ccc(-n2cc(C(F)(F)F)nc2-c2cc3ccccc3cn2)cc1,1202.26,active,"{0, 417.4120000000001, 64.85, 3, 4.509800000000003, 5}",0.0,417.4120000000001,64.85,3.0,4.509800000000003,5.0
CHEMBL29583,COc1ccc(-n2nc(C(F)(F)F)cc2-c2ccc(S(N)(=O)=O)cc2)cc1,6.761,active,"{1, 3.214100000000001, 4, 5, 397.3780000000001, 87.21000000000001}",1.0,3.214100000000001,4.0,5.0,397.3780000000001,87.21000000000001
CHEMBL106151,COc1ccc(-c2nc(C(F)(F)F)cn2-c2ccc(S(C)(=O)=O)cc2)cn1,1202.26,active,"{0, 3.3652000000000015, 4, 6, 74.08000000000001, 397.3780000000001}",0.0,3.3652000000000015,4.0,6.0,74.08000000000001,397.3780000000001
CHEMBL108936,Cc1ccc(-c2nc(C(F)(F)F)cn2-c2ccc(S(N)(=O)=O)cc2)cn1,288.4,active,"{1, 2.90892, 3, 5, 90.87, 382.3670000000001}",1.0,2.90892,3.0,5.0,90.87,382.3670000000001
CHEMBL443791,Cc1cc(-c2cc(F)c(F)cc2-c2ccc(S(C)(=O)=O)cc2)ccc1F,5.012,active,"{0, 2, 3, 34.14, 5.149820000000004, 376.3990000000001}",0.0,2.0,3.0,34.14,5.149820000000004,376.3990000000001
CHEMBL274990,CS(=O)(=O)c1ccc(-n2nc(C(F)(F)F)cc2-c2ccc(F)cc2)cc1,100.0,active,"{384.35400000000004, 0, 3, 4, 4.1007000000000025, 51.96}",384.35400000000004,0.0,3.0,4.0,4.1007000000000025,51.96
CHEMBL45192,NS(=O)(=O)c1ccc(-n2cc(C(F)(F)F)nc2-c2ccc(Cl)cc2)cc1,10.0,active,"{1, 3, 4, 3.858900000000002, 77.98, 401.797}",1.0,3.0,4.0,3.858900000000002,77.98,401.797
CHEMBL5287285,CC1=NN(c2ccccc2)C(=O)/C1=N/Nc1cccc(-c2nc3ccccc3[nH]2)c1,170.0,active,"{2, 4, 5, 4.420500000000003, 394.4380000000001, 85.74000000000001}",2.0,4.0,5.0,4.420500000000003,394.4380000000001,85.74000000000001
CHEMBL5289200,CCOP(=O)(OCC)C(NC(=O)c1cc(-c2cccc3ccccc23)n(-c2ccc(S(N)(=O)=O)cc2)n1)c1ccc(Br)cc1,220.0,active,"{2, 6.797100000000006, 8, 11, 142.61, 697.5480000000001}",2.0,6.797100000000006,8.0,11.0,142.61,697.5480000000001
CHEMBL5288533,Cc1c(-c2ccccc2)n(C(=O)c2ccc(Cl)cc2)c2ccc(S(C)(=O)=O)cc12,1650.0,active,"{0, 3, 4, 5.362120000000004, 423.9210000000001, 56.14}",0.0,3.0,4.0,5.362120000000004,423.9210000000001,56.14
CHEMBL4465168,NS(=O)(=O)c1ccc(-n2nc(C(=O)N3CCSCC3)cc2-c2ccc(Br)cc2)cc1,1280.0,active,"{1, 98.29, 3.138200000000002, 4, 6, 507.4350000000001}",1.0,98.29,3.138200000000002,4.0,6.0,507.4350000000001
CHEMBL162424,c1ccc(Oc2ccc(OCCN3CCCC3)cc2)cc1,100000.0,inactive,"{0, 3, 3.9535000000000027, 6, 21.700000000000003, 283.3709999999999}",0.0,3.0,3.9535000000000027,6.0,21.700000000000003,283.3709999999999
CHEMBL1775090,O=[N+]([O-])c1ccc(Oc2ccc(OCCN3CCCC3)cc2)c([N+](=O)[O-])c1,100000.0,inactive,"{0, 3.7699000000000025, 7, 8, 107.98000000000002, 373.3650000000001}",0.0,3.7699000000000025,7.0,8.0,107.98000000000002,373.3650000000001
CHEMBL1775092,c1cc(Oc2ccc(OCCN3CCCC3)cc2)ccn1,100000.0,inactive,"{0, 34.59, 3.3485000000000014, 4, 6, 284.3589999999999}",0.0,34.59,3.3485000000000014,4.0,6.0,284.3589999999999
CHEMBL1775101,FC(F)(F)c1ccc(Oc2ccc(OCCN3CCCC3)cc2)cc1,100000.0,inactive,"{0, 3, 4.972300000000005, 6, 21.700000000000003, 351.3680000000001}",0.0,3.0,4.972300000000005,6.0,21.700000000000003,351.3680000000001
CHEMBL1775106,Nc1cccc(Oc2ccc(OCCN3CCCC3)cc2)c1,100000.0,inactive,"{1, 3.535700000000002, 4, 6, 298.38599999999997, 47.720000000000006}",1.0,3.535700000000002,4.0,6.0,298.38599999999997,47.720000000000006
CHEMBL1775098,O=[N+]([O-])c1cccnc1Oc1ccc(OCCN2CCCC2)cc1,100000.0,inactive,"{0, 3.256700000000002, 6, 7, 329.3560000000001, 77.73}",0.0,3.256700000000002,6.0,7.0,329.3560000000001,77.73
CHEMBL1775106,Nc1cccc(Oc2ccc(OCCN3CCCC3)cc2)c1,100000.0,inactive,"{1, 3.535700000000002, 4, 6, 298.38599999999997, 47.720000000000006}",1.0,3.535700000000002,4.0,6.0,298.38599999999997,47.720000000000006
CHEMBL1775107,Nc1ccc(Oc2ccc(OCCN3CCCC3)cc2)cc1,100000.0,inactive,"{1, 3.535700000000003, 4, 6, 298.3859999999999, 47.720000000000006}",1.0,3.535700000000003,4.0,6.0,298.3859999999999,47.720000000000006
CHEMBL3775610,CCCCCCNC(=O)Oc1ccccc1-c1ccc(C(C)C(=O)O)cc1F,100000.0,inactive,"{2, 3, 387.45100000000014, 5.349500000000004, 9, 75.63}",2.0,3.0,387.45100000000014,5.349500000000004,9.0,75.63
CHEMBL271763,CS(=O)(=O)c1ccc(-c2nc(NCc3ccncc3)cc(C(F)(F)F)n2)cc1,298.5,active,"{1, 3.573000000000002, 5, 6, 84.84, 408.40500000000003}",1.0,3.573000000000002,5.0,6.0,84.84,408.40500000000003
CHEMBL271338,CS(=O)(=O)c1ccc(-c2nc(NCc3cccs3)cc(C(F)(F)F)n2)cc1,2.1,active,"{1, 4.239500000000003, 5, 6, 71.95, 413.446}",1.0,4.239500000000003,5.0,6.0,71.95,413.446
CHEMBL4857790,Cc1ccc2nc(O)c(/C=N/n3c(=S)[nH]nc(Cc4ccccc4)c3=O)cc2c1,280.0,active,"{96.16, 2, 3.3361100000000006, 4, 7, 403.4670000000002}",96.16,2.0,3.3361100000000006,4.0,7.0,403.4670000000002
CHEMBL4867950,O=c1c(Cc2ccccc2)n[nH]c(=S)n1/N=C/c1cc2cc(OCc3ccccc3)ccc2nc1O,47.0,active,"{2, 4.606690000000004, 7, 8, 105.39, 495.56400000000025}",2.0,4.606690000000004,7.0,8.0,105.39,495.56400000000025
CHEMBL270293,COc1cc(NCc2cccs2)nc(-c2ccc(S(C)(=O)=O)cc2)n1,0.4,active,"{1, 3.229300000000002, 6, 7, 81.17999999999999, 375.47500000000014}",1.0,3.229300000000002,6.0,7.0,81.17999999999999,375.47500000000014
CHEMBL482206,CS(=O)(=O)c1cccc(C#Cc2ccc(=O)n(C(F)F)c2)c1,3700.0,active,"{0, 2, 323.32, 4, 2.0467000000000004, 56.14}",0.0,2.0,323.32,4.0,2.0467000000000004,56.14
CHEMBL348645,CS(=O)(=O)c1ccc(-c2sc3ncnn3c2-c2ccc(F)c(F)c2)cc1,47863009.23,inactive,"{0, 64.33, 3, 3.8065000000000024, 6, 391.4240000000001}",0.0,64.33,3.0,3.8065000000000024,6.0,391.4240000000001
CHEMBL4283242,O=c1c2ccccc2nc(SCc2cn(-c3ccc(Cl)cc3)nn2)n1-c1ccc(Cl)cc1,530.0,active,"{480.3800000000001, 0, 65.6, 5, 5.565500000000004, 7}",480.3800000000001,0.0,65.6,5.0,5.565500000000004,7.0
CHEMBL321156,NS(=O)(=O)c1ccc(-n2cc(C(F)(F)F)nc2-c2cccs2)cc1,70.79,active,"{1, 3, 3.2670000000000012, 5, 77.98, 373.38100000000003}",1.0,3.0,3.2670000000000012,5.0,77.98,373.38100000000003
CHEMBL348104,Cc1nc2sc(-c3ccc(S(C)(=O)=O)cc3)c(-c3cccc(F)c3)n2n1,151356124.8,inactive,"{0, 64.33, 3, 387.46100000000007, 3.9758200000000032, 6}",0.0,64.33,3.0,387.46100000000007,3.9758200000000032,6.0
CHEMBL1171450,C[C@@H]1O[C@@H](O[C@H]2[C@H](O)[C@@H](O)[C@H](OC[C@H]3O[C@@H](OC(=O)[C@]45CCC(C)(C)C[C@H]4C4=CC[C@@H]6[C@@]7(C)CC[C@H](O[C@@H]8OC[C@H](O)[C@H](O)[C@H]8O[C@@H]8O[C@@H](C)[C@H](O)[C@@H](O[C@@H]9OC[C@@H](O)[C@@H](O)[C@H]9O)[C@H]8O)C(C)(C)[C@@H]7CC[C@@]6(C)[C@]4(C)CC5)[C@H](O)[C@@H](O)[C@@H]3O)O[C@@H]2CO)[C@H](O)[C@H](O)[C@H]1O,50000.0,inactive,"{451.5100000000001, 14, 16, -3.053499999999994, 1337.507000000001, 29}",451.5100000000001,14.0,16.0,-3.053499999999994,1337.507000000001,29.0
CHEMBL1171447,COc1ccc(/C=C/C(=O)O[C@H]2[C@H](O[C@H]3[C@H](O)[C@@H](O)[C@H](O[C@@H]4CO[C@@H](O[C@@H]5[C@@H](O)[C@H](C)O[C@@H](O[C@H]6[C@H](O[C@H]7CC[C@]8(C)[C@H]9CC=C%10[C@@H]%11CC(C)(C)CC[C@]%11(C(=O)O[C@@H]%11O[C@H](CO[C@@H]%12O[C@H](CO)[C@@H](O[C@@H]%13O[C@@H](C)[C@H](O)[C@@H](O)[C@H]%13O)[C@H](O)[C@H]%12O)[C@@H](O)[C@H](O)[C@H]%11O)CC[C@@]%10(C)[C@]9(C)CC[C@H]8C7(C)C)OC[C@H](O)[C@@H]6O)[C@@H]5O)[C@H](O)[C@@H]4O)O[C@@H]3CO)O[C@H](CO)[C@@H](O)[C@@H]2O[C@@H]2O[C@H](CO[C@@H]3O[C@@H](C)[C@H](O)[C@@H](O)[C@H]3O[C@@H]3O[C@H](CO)[C@@H](O)[C@H](O)[C@H]3O)[C@@H](O)[C@H](O)[C@H]2O)cc1O,6700.0,active,"{32, 2308.383999999996, -10.926400000000047, 30, 56, 862.5600000000005}",32.0,2308.383999999996,-10.926400000000047,30.0,56.0,862.5600000000005
CHEMBL3355602,[2H]C([2H])([2H])c1cc2c(c(C([2H])([2H])[2H])c1Cl)C=C(C(=O)O)C(C(F)(F)F)O2,54.0,active,"{1, 2, 3, 3.748140000000001, 46.53, 312.70361066799995}",1.0,2.0,3.0,3.748140000000001,46.53,312.70361066799995
CHEMBL4547430,N#CC1=C(N)OC(c2ccc(Cl)cc2)=CC1c1cn(-c2ccccc2)nc1-c1ccc(OCc2ccccc2)cc1,11640.0,inactive,"{1, 6, 7, 7.620480000000005, 557.0530000000003, 86.09000000000002}",1.0,6.0,7.0,7.620480000000005,557.0530000000003,86.09000000000002
CHEMBL4463182,NC(=S)n1nc(-c2ccc(Cl)cc2)cc1-c1cn(-c2ccccc2)nc1-c1ccc(OCc2ccccc2)cc1,4690.0,active,"{1, 70.89, 6, 7, 7.393900000000006, 562.0980000000003}",1.0,70.89,6.0,7.0,7.393900000000006,562.0980000000003
CHEMBL865,Cc1onc(-c2ccccc2)c1-c1ccc(S(N)(=O)=O)cc1,5.012,active,"{1, 2.9644200000000005, 3, 4, 86.19, 314.36600000000004}",1.0,2.9644200000000005,3.0,4.0,86.19,314.36600000000004
CHEMBL106192,CS(=O)(=O)c1ccc(-n2cc(C(F)(F)F)nc2-c2nccc3ccccc23)cc1,1698.24,active,"{0, 417.4120000000001, 64.85, 3, 4.509800000000003, 5}",0.0,417.4120000000001,64.85,3.0,4.509800000000003,5.0
CHEMBL118,Cc1ccc(-c2cc(C(F)(F)F)nn2-c2ccc(S(N)(=O)=O)cc2)cc1,79.0,active,"{1, 3, 4, 3.5139200000000006, 77.98, 381.3790000000001}",1.0,3.0,4.0,3.5139200000000006,77.98,381.3790000000001
CHEMBL42175,CS(=O)(=O)c1ccc(-n2cc(C(F)(F)F)nc2-c2cccc(Cl)c2)cc1,60.26,active,"{0, 3, 4, 4.615000000000003, 400.8090000000001, 51.96}",0.0,3.0,4.0,4.615000000000003,400.8090000000001,51.96
CHEMBL3290441,COc1cc(/C=C/c2cc(/C=C/c3cc(CC=C(C)C)c(O)c(OC)c3)[nH]n2)cc(CC=C(C)C)c1O,13.0,active,"{3, 5, 7.196300000000007, 10, 500.63900000000024, 87.60000000000001}",3.0,5.0,7.196300000000007,10.0,500.63900000000024,87.60000000000001
CHEMBL2337409,Cc1c(CCOCCO)cc(-c2ccc(S(C)(=O)=O)cc2)n1-c1ccc(F)cc1,400.0,active,"{417.5020000000001, 1, 3.5467200000000023, 68.53, 5, 8}",417.5020000000001,1.0,3.5467200000000023,68.53,5.0,8.0
CHEMBL5396677,Nc1c(C(=O)N/N=C/c2ccccc2[N+](=O)[O-])cnn1-c1ccc(S(N)(=O)=O)cc1,140.0,active,"{0.7739999999999997, 3, 6, 9, 429.4180000000002, 188.6}",0.7739999999999997,3.0,6.0,9.0,429.4180000000002,188.6
CHEMBL122,CS(=O)(=O)c1ccc(C2=C(c3ccccc3)C(=O)OC2)cc1,27.0,active,"{0, 2.5577000000000005, 3, 4, 314.3620000000001, 60.44}",0.0,2.5577000000000005,3.0,4.0,314.3620000000001,60.44
CHEMBL4759732,COc1ccc(-c2noc(CC(=O)Nc3ccc(-c4ccc(N)cc4)cc3)c2-c2ccc(OC)cc2)cc1,300.0,active,"{2, 99.61, 6, 6.456200000000005, 8, 505.5740000000002}",2.0,99.61,6.0,6.456200000000005,8.0,505.5740000000002
CHEMBL4539136,Cc1ccc(-c2cc(C(=O)N3CCOCC3)nn2-c2ccc(S(N)(=O)=O)cc2)cc1,930.0,active,"{1, 1.9675199999999995, 4, 6, 426.4980000000001, 107.52000000000001}",1.0,1.9675199999999995,4.0,6.0,426.4980000000001,107.52000000000001
CHEMBL42180,Cc1ccc(-c2nc(C(F)(F)F)cn2-c2ccc(S(C)(=O)=O)cc2)cc1F,109.65,active,"{0, 3, 4, 4.409120000000003, 398.3810000000001, 51.96}",0.0,3.0,4.0,4.409120000000003,398.3810000000001,51.96
CHEMBL4748665,COC(=O)CC1N(C(=O)Nc2cccc(C)n2)C(=O)c2ccccc2S1(=O)=O,288200.0,inactive,"{1, 1.74082, 3, 7, 403.41600000000017, 122.73999999999998}",1.0,1.74082,3.0,7.0,403.41600000000017,122.73999999999998
CHEMBL2315014,CC(C)Cc1ccc(C(C)C(=O)OCCn2c3ccccc3c(=O)c3ccccc32)cc1,670.0,active,"{0, 4, 5.700100000000005, 7, 427.5440000000001, 48.3}",0.0,4.0,5.700100000000005,7.0,427.5440000000001,48.3
CHEMBL2347669,CS(=O)(=O)c1ccc(-c2[nH]c(S(C)(=O)=O)nc2-c2ccccc2)cc1,280.0,active,"{96.96, 1, 2.550700000000001, 4, 5, 376.45900000000006}",96.96,1.0,2.550700000000001,4.0,5.0,376.45900000000006
CHEMBL4745894,COc1ccc(NC(=O)N2C(=O)c3ccccc3S(=O)(=O)C2C)cc1,227500.0,inactive,"{1, 2, 2.5028000000000006, 5, 360.3910000000001, 92.78}",1.0,2.0,2.5028000000000006,5.0,360.3910000000001,92.78
CHEMBL4466030,Cc1cc(-n2cc(-c3ccc(N)cc3)nn2)n(-c2ccc(S(C)(=O)=O)cc2)n1,80.0,active,"{1, 2.4141200000000005, 4, 8, 394.46000000000015, 108.69000000000001}",1.0,2.4141200000000005,4.0,8.0,394.46000000000015,108.69000000000001
CHEMBL2181776,Cn1c(-c2ccccn2)c(C2CCCC2)c2ccc(C(=O)NC3(C(=O)Nc4ccc(/C=C/C(=O)O)cc4)CCC3)cc21,10000.0,inactive,"{3, 5, 6.2869000000000055, 8, 113.32000000000001, 562.6700000000001}",3.0,5.0,6.2869000000000055,8.0,113.32000000000001,562.6700000000001
CHEMBL118,Cc1ccc(-c2cc(C(F)(F)F)nn2-c2ccc(S(N)(=O)=O)cc2)cc1,270.0,active,"{1, 3, 4, 3.5139200000000006, 77.98, 381.3790000000001}",1.0,3.0,4.0,3.5139200000000006,77.98,381.3790000000001
CHEMBL4868061,Cc1cccc(Nc2ccccc2C(=O)NCCc2c[nH]c3ccccc23)c1,30960.0,inactive,"{2, 3, 5.192420000000003, 6, 369.468, 56.92}",2.0,3.0,5.192420000000003,6.0,369.468,56.92
CHEMBL4868438,COc1ccc2oc(=O)cc(CSc3nnc(CSc4nc5cc(Cl)ccc5o4)o3)c2c1,44.54,active,"{0, 5.563800000000003, 7, 104.39, 487.94600000000025, 10}",0.0,5.563800000000003,7.0,104.39,487.94600000000025,10.0
CHEMBL408215,NS(=O)(=O)c1ccc(-c2nc(NCc3ccsc3)cc(C(F)(F)F)n2)cc1,19268149.18,inactive,"{97.97000000000001, 2, 3.4834000000000014, 5, 6, 414.434}",97.97000000000001,2.0,3.4834000000000014,5.0,6.0,414.434
CHEMBL2234865,CS(=O)(=O)c1ccc(-c2nc(NCCCc3cccs3)cc(C(F)(F)F)n2)cc1,1210.0,active,"{1, 4.672100000000004, 6, 71.95, 7, 441.5}",1.0,4.672100000000004,6.0,71.95,7.0,441.5
CHEMBL118,Cc1ccc(-c2cc(C(F)(F)F)nn2-c2ccc(S(N)(=O)=O)cc2)cc1,52.0,active,"{1, 3, 4, 3.5139200000000006, 77.98, 381.3790000000001}",1.0,3.0,4.0,3.5139200000000006,77.98,381.3790000000001
CHEMBL52020,Cc1cc(-c2cc(F)c(F)cc2-c2ccc(S(N)(=O)=O)cc2)ccc1F,1.995,active,"{1, 2, 3, 4.393720000000002, 377.3870000000001, 60.160000000000004}",1.0,2.0,3.0,4.393720000000002,377.3870000000001,60.160000000000004
CHEMBL75435,C[C@H](C(=O)O)c1cccc(C(=O)c2ccccc2)c1,27.0,active,"{1, 2, 3.1057000000000015, 4, 54.37, 254.285}",1.0,2.0,3.1057000000000015,4.0,54.37,254.285
CHEMBL155898,CS(=O)(=O)c1ccc(-c2cnn(Cc3ccccc3)c(=O)c2OCC2CC2)cc1,360.0,active,"{0, 3.150900000000002, 6, 7, 78.26, 410.49500000000023}",0.0,3.150900000000002,6.0,7.0,78.26,410.49500000000023
CHEMBL4161423,CS(=O)(=O)c1ccc(-c2nc(SCCN(O)C(N)=O)nn2-c2ccc(Br)cc2)cc1,150.0,active,"{512.4110000000002, 2, 131.41, 2.962300000000001, 7, 8}",512.4110000000002,2.0,131.41,2.962300000000001,7.0,8.0
CHEMBL1171258,COc1ccc(/C=C/C(=O)O[C@H]2[C@H](O[C@H]3[C@H](O)[C@@H](O)[C@H](O[C@@H]4CO[C@@H](O[C@@H]5[C@@H](O)[C@H](C)O[C@@H](O[C@H]6[C@H](O[C@H]7CC[C@]8(C)[C@H]9CC=C%10[C@@H]%11CC(C)(C)CC[C@]%11(C(=O)O[C@@H]%11O[C@H](CO[C@@H]%12O[C@H](CO)[C@@H](O[C@@H]%13O[C@@H](C)[C@H](O)[C@@H](O)[C@H]%13O)[C@H](O)[C@H]%12O)[C@@H](O)[C@H](O)[C@H]%11O)CC[C@@]%10(C)[C@]9(C)CC[C@H]8C7(C)C)OC[C@H](O)[C@@H]6O)[C@@H]5O)[C@H](O)[C@@H]4O)O[C@@H]3CO)O[C@H](CO)[C@@H](O)[C@@H]2O)cc1O,8800.0,active,"{645.3400000000003, 42, 1837.9600000000005, 22, 24, -5.426600000000017}",645.3400000000003,42.0,1837.9600000000005,22.0,24.0,-5.426600000000017
CHEMBL1257225,COc1ccc2c(c1)c(CC(=O)O)c(C)n2CC1=CCC(=O)N(C(F)F)C1,100000.0,inactive,"{1, 2.9667200000000014, 4, 6, 71.77, 378.37500000000006}",1.0,2.9667200000000014,4.0,6.0,71.77,378.37500000000006
CHEMBL46584,NS(=O)(=O)c1ccc(-n2cc(C(F)(F)F)nc2-c2cccc(Br)c2)cc1,7.079,active,"{1, 3, 4, 3.9680000000000026, 77.98, 446.24800000000005}",1.0,3.0,4.0,3.9680000000000026,77.98,446.24800000000005
CHEMBL415895,CS(=O)(=O)c1ccc(-n2cc(C#N)nc2-c2ccc(Cl)cc2)cc1,230.0,active,"{0, 3, 3.467880000000002, 5, 357.822, 75.75}",0.0,3.0,3.467880000000002,5.0,357.822,75.75
CHEMBL118,Cc1ccc(-c2cc(C(F)(F)F)nn2-c2ccc(S(N)(=O)=O)cc2)cc1,4.8,active,"{1, 3, 4, 3.5139200000000006, 77.98, 381.3790000000001}",1.0,3.0,4.0,3.5139200000000006,77.98,381.3790000000001
CHEMBL1221795,CS(=O)(=O)c1ccc(C(CCF)=C(c2ccccc2)c2ccccc2)cc1,100000.0,inactive,"{0, 2, 34.14, 5.408800000000005, 6, 380.48400000000004}",0.0,2.0,34.14,5.408800000000005,6.0,380.48400000000004
CHEMBL4537499,Cc1c2c(c(C)n1-c1cccc(Cl)c1)C(=O)N(CN1CCN(c3ccccc3)CC1)C2=O,43900.0,inactive,"{448.9540000000003, 0, 4, 5, 4.123240000000004, 48.790000000000006}",448.9540000000003,0.0,4.0,5.0,4.123240000000004,48.790000000000006
CHEMBL118,Cc1ccc(-c2cc(C(F)(F)F)nn2-c2ccc(S(N)(=O)=O)cc2)cc1,300.0,active,"{1, 3, 4, 3.5139200000000006, 77.98, 381.3790000000001}",1.0,3.0,4.0,3.5139200000000006,77.98,381.3790000000001
CHEMBL101503,CS(=O)(=O)c1ccc(-c2ccccc2-c2ccccc2)cc1,11000.0,inactive,"{0, 2, 3, 34.14, 4.424100000000004, 308.40200000000004}",0.0,2.0,3.0,34.14,4.424100000000004,308.40200000000004
CHEMBL5290087,COc1ccccc1-c1nnc(Cn2c(CN3CCOCC3)nc3ccccc32)o1,13700.0,inactive,"{0, 2.9754000000000014, 6, 8, 78.44000000000001, 405.45800000000014}",0.0,2.9754000000000014,6.0,8.0,78.44000000000001,405.45800000000014
CHEMBL154,COc1ccc2cc([C@H](C)C(=O)O)ccc2c1,10070.0,inactive,"{1, 2, 3, 3.036500000000001, 230.26299999999998, 46.53}",1.0,2.0,3.0,3.036500000000001,230.26299999999998,46.53
CHEMBL274990,CS(=O)(=O)c1ccc(-n2nc(C(F)(F)F)cc2-c2ccc(F)cc2)cc1,200.0,active,"{384.35400000000004, 0, 3, 4, 4.1007000000000025, 51.96}",384.35400000000004,0.0,3.0,4.0,4.1007000000000025,51.96
CHEMBL57837,Cc1cc(-c2cc(F)c(F)cc2-c2ccc(S(C)(=O)=O)cc2)ccc1Cl,6.026,active,"{0, 2, 3, 34.14, 5.664120000000004, 392.85400000000016}",0.0,2.0,3.0,34.14,5.664120000000004,392.85400000000016
CHEMBL3906394,O=C(Cn1cnc(-c2ccccc2)c1-c1ccccc1)N1CCCCC1,13120.0,inactive,"{0, 3, 4, 4.229600000000003, 38.13, 345.44600000000025}",0.0,3.0,4.0,4.229600000000003,38.13,345.44600000000025
CHEMBL4167700,O=C1COCCN1c1ccc(Nc2nc(Cl)nc(N3CCCC3)n2)cc1,60.0,active,"{1, 2.232, 4, 7, 83.47999999999999, 374.8320000000002}",1.0,2.232,4.0,7.0,83.47999999999999,374.8320000000002
CHEMBL118,Cc1ccc(-c2cc(C(F)(F)F)nn2-c2ccc(S(N)(=O)=O)cc2)cc1,40.0,active,"{1, 3, 4, 3.5139200000000006, 77.98, 381.3790000000001}",1.0,3.0,4.0,3.5139200000000006,77.98,381.3790000000001
CHEMBL4102029,Cc1c(C(=O)c2nocc2C(=O)c2ccccc2)cnn1-c1ccccc1,1490.0,active,"{0, 3.630720000000002, 5, 357.369, 6, 77.99000000000001}",0.0,3.630720000000002,5.0,357.369,6.0,77.99000000000001
CHEMBL4867901,Cc1cc(C)c2c(CSc3nnc(CSc4nc5cc(Cl)ccc5o4)o3)cc(=O)oc2c1,13.23,active,"{0, 485.9740000000002, 6, 6.1720400000000035, 9, 95.16000000000001}",0.0,485.9740000000002,6.0,6.1720400000000035,9.0,95.16000000000001
CHEMBL2283174,CS(=O)(=O)c1ccc(/C=C(\c2ccccc2)c2ccc(Cl)cc2)cc1,114.0,active,"{0, 2, 34.14, 4, 5.332400000000004, 368.8850000000001}",0.0,2.0,34.14,4.0,5.332400000000004,368.8850000000001
CHEMBL116438,COc1cc(/C=C/C(=O)/C=C(O)/C=C/c2ccc(O)c(OC)c2)ccc1O,100000.0,inactive,"{96.22000000000001, 3, 3.852600000000003, 6, 7, 368.3850000000001}",96.22000000000001,3.0,3.852600000000003,6.0,7.0,368.3850000000001
CHEMBL2334130,CCCCN(CCCC)C(=O)/C=C/c1c(/C=C/c2ccc(OC)cc2)cc(OC)cc1OC,10080.0,inactive,"{0, 451.6070000000002, 4, 6.324800000000007, 13, 48.0}",0.0,451.6070000000002,4.0,6.324800000000007,13.0,48.0
CHEMBL118,Cc1ccc(-c2cc(C(F)(F)F)nn2-c2ccc(S(N)(=O)=O)cc2)cc1,300.0,active,"{1, 3, 4, 3.5139200000000006, 77.98, 381.3790000000001}",1.0,3.0,4.0,3.5139200000000006,77.98,381.3790000000001
CHEMBL158316,CS(=O)(=O)c1ccc(-c2sc3ncnn3c2-c2ccccc2)cc1,10000000.0,inactive,"{0, 64.33, 3, 355.4440000000001, 3.5283000000000024, 6}",0.0,64.33,3.0,355.4440000000001,3.5283000000000024,6.0
CHEMBL329919,NS(=O)(=O)c1ccc(-n2nc(C(F)(F)F)c3c2-c2ccccc2CS3)cc1,20.0,active,"{1, 2, 3.811200000000002, 5, 77.98, 411.43000000000006}",1.0,2.0,3.811200000000002,5.0,77.98,411.43000000000006
CHEMBL118,Cc1ccc(-c2cc(C(F)(F)F)nn2-c2ccc(S(N)(=O)=O)cc2)cc1,1110.0,active,"{1, 3, 4, 3.5139200000000006, 77.98, 381.3790000000001}",1.0,3.0,4.0,3.5139200000000006,77.98,381.3790000000001
CHEMBL4845806,O=C(NCCc1c[nH]c2ccccc12)c1ccccc1Nc1ccccc1I,40000.0,inactive,"{481.3370000000001, 2, 3, 5.488600000000003, 6, 56.92}",481.3370000000001,2.0,3.0,5.488600000000003,6.0,56.92
CHEMBL230006,CC1(C)[C@@H](O)CC[C@]2(C)[C@H]3C(=O)C=C4[C@@H]5C[C@@](C)(C(=O)O)CC[C@]5(C)CC[C@@]4(C)[C@]3(C)CC[C@@H]12,40000.0,inactive,"{1, 2, 3, 6.412600000000007, 74.6, 470.6940000000004}",1.0,2.0,3.0,6.412600000000007,74.6,470.6940000000004
CHEMBL5279940,CN1C/C(=C\c2ccc(Cl)s2)C2=NN(c3ccccc3)C(c3ccc(Cl)s3)C2C1,2.0,active,"{0, 3, 5, 6.678900000000005, 460.45500000000015, 18.84}",0.0,3.0,5.0,6.678900000000005,460.45500000000015,18.84
CHEMBL4474324,COC(=O)CNC(=O)[C@H](C)NC(=O)[C@@H]1CCCN1C(=O)CNC(=O)[C@H](C)N,100.0,active,"{385.42100000000016, 4, 7, 8, -2.7652999999999945, 159.93}",385.42100000000016,4.0,7.0,8.0,-2.7652999999999945,159.93
CHEMBL5181234,COC(=O)C([11CH3])c1cccc(C(=O)c2ccccc2)c1,2900.0,active,"{0, 3, 4, 3.1941000000000015, 267.3124336, 43.370000000000005}",0.0,3.0,4.0,3.1941000000000015,267.3124336,43.370000000000005
CHEMBL4444391,Cc1cc(-n2cc(-c3ccc(F)cc3)nn2)n(-c2ccc(S(C)(=O)=O)cc2)n1,60.0,active,"{0, 2.971020000000001, 4, 7, 397.4350000000001, 82.67}",0.0,2.971020000000001,4.0,7.0,397.4350000000001,82.67
CHEMBL4856646,COc1ccc2nc(O)c(/C=N/n3c(=S)[nH]nc(Cc4cc(OC)c(OC)c(OC)c4)c3=O)cc2c1,60.0,active,"{2, 3.062090000000002, 133.08, 8, 11, 509.54400000000044}",2.0,3.062090000000002,133.08,8.0,11.0,509.54400000000044
CHEMBL3325874,Cc1nn(-c2ccccc2)c(N2CCNCC2)c1/C=N/Nc1nc2ccccc2nc1O,16000.0,inactive,"{2.685120000000001, 3, 5, 103.49000000000001, 9, 428.50000000000006}",2.685120000000001,3.0,5.0,103.49000000000001,9.0,428.50000000000006
CHEMBL111787,NS(=O)(=O)c1ccc(C2=C(c3ccc(F)c(F)c3)CCC2)cc1,18.2,active,"{1, 2, 3, 3.7069000000000027, 335.37500000000006, 60.160000000000004}",1.0,2.0,3.0,3.7069000000000027,335.37500000000006,60.160000000000004
CHEMBL4161755,COc1ccc2c(c1)c1c(n2C(=O)c2ccc(Cl)cc2)CC(C)(C)CC1=O,970.0,active,"{0, 2, 4, 5.146900000000004, 48.3, 381.8590000000002}",0.0,2.0,4.0,5.146900000000004,48.3,381.8590000000002
CHEMBL1939670,Cc1c(CC(=O)OCCO[N+](=O)[O-])cc(-c2ccc(S(C)(=O)=O)cc2)n1-c1cccc(F)c1,3200.0,active,"{0, 3.289320000000002, 8, 9, 117.74000000000001, 476.48200000000014}",0.0,3.289320000000002,8.0,9.0,117.74000000000001,476.48200000000014
CHEMBL3104559,Cc1c(CC(=O)NCCCO)cc(-c2ccc(S(C)(=O)=O)cc2)n1-c1cccc(F)c1,14.0,active,"{2, 3.0364200000000015, 5, 8, 88.4, 444.52800000000013}",2.0,3.0364200000000015,5.0,8.0,88.4,444.52800000000013
CHEMBL3104539,Cc1c(CC(=O)NCCO)cc(-c2ccc(S(C)(=O)=O)cc2)n1-c1ccc(F)cc1,300.0,active,"{2, 2.646320000000001, 5, 7, 430.50100000000015, 88.4}",2.0,2.646320000000001,5.0,7.0,430.50100000000015,88.4
CHEMBL1171453,C[C@@H]1O[C@@H](O[C@H]2[C@H](O)[C@@H](O)[C@H](OC[C@H]3O[C@@H](OC(=O)[C@]45CCC(C)(C)C[C@H]4C4=CC[C@@H]6[C@@]7(C)CC[C@H](O[C@@H]8OC[C@H](O)[C@H](O)[C@H]8O[C@@H]8O[C@@H](C)[C@H](O)[C@@H](O[C@@H]9OC[C@@H](O[C@@H]%10O[C@H](CO)[C@@H](O)[C@H](O)[C@H]%10O)[C@@H](O)[C@H]9O)[C@H]8O)[C@@](C)(CO)[C@@H]7CC[C@@]6(C)[C@]4(C)CC5)[C@H](O)[C@@H](O)[C@@H]3O)O[C@@H]2CO)[C@H](O)[C@H](O)[C@H]1O,50000.0,inactive,"{35, 550.8900000000002, 1515.6470000000013, 18, 20, -6.256900000000013}",35.0,550.8900000000002,1515.6470000000013,18.0,20.0,-6.256900000000013
CHEMBL4868446,CC(C)(O)COc1nc(OCCC(F)(F)F)c(CO)cc1-c1ccc(S(C)(=O)=O)cc1,130.0,active,"{2, 3.125300000000002, 7, 9, 105.94999999999999, 463.47400000000016}",2.0,3.125300000000002,7.0,9.0,105.94999999999999,463.47400000000016
CHEMBL4848190,CCc1cnc(OCC(C)(C)O)c(-c2ccc(S(C)(=O)=O)cc2)c1,3240.0,active,"{1, 2.864200000000001, 5, 6, 76.49000000000001, 349.45200000000006}",1.0,2.864200000000001,5.0,6.0,76.49000000000001,349.45200000000006
CHEMBL4868926,O=C(NCCc1c[nH]c2ccccc12)c1ccccc1Nc1ccccc1Br,40000.0,inactive,"{2, 3, 5.646500000000003, 6, 434.3370000000001, 56.92}",2.0,3.0,5.646500000000003,6.0,434.3370000000001,56.92
CHEMBL1939677,COc1ccc(-n2c(-c3ccc(S(C)(=O)=O)cc3)cc(CC(=O)OCCCO[N+](=O)[O-])c2C)cc1,2.0,active,"{0, 3.5489200000000025, 9, 11, 502.5450000000004, 126.97000000000003}",0.0,3.5489200000000025,9.0,11.0,502.5450000000004,126.97000000000003
CHEMBL2337406,Cc1c(CCOCCCO[N+](=O)[O-])cc(-c2ccc(S(C)(=O)=O)cc2)n1-c1ccc(F)cc1,190.0,active,"{0, 100.66999999999999, 4.152820000000004, 7, 11, 476.5260000000002}",0.0,100.66999999999999,4.152820000000004,7.0,11.0,476.5260000000002
CHEMBL1939680,Cc1c(CC(=O)OCCO)cc(-c2ccc(S(C)(=O)=O)cc2)n1-c1cccc(F)c1,85.0,active,"{1, 3.0733200000000016, 6, 7, 431.4850000000001, 85.6}",1.0,3.0733200000000016,6.0,7.0,431.4850000000001,85.6
CHEMBL3325873,Cc1nn(-c2ccccc2)c(N2CCCCC2)c1/C=N/Nc1nc2ccccc2nc1O,22000.0,inactive,"{2, 4.265820000000004, 5, 8, 427.512, 91.46000000000001}",2.0,4.265820000000004,5.0,8.0,427.512,91.46000000000001
CHEMBL5272219,CC(=O)c1cc2cc(-c3cccc(Cl)c3)oc2cc1O,2810.0,active,"{1, 2, 3, 4.661400000000002, 50.44, 286.714}",1.0,2.0,3.0,4.661400000000002,50.44,286.714
CHEMBL5180809,O=C1C[C@]23CC[C@H](O)[C@]2(COC3=O)c2c(O)ccc(O)c21,25500.0,inactive,"{0, 0.6198999999999999, 290.271, 3, 6, 104.06}",0.0,0.6198999999999999,290.271,3.0,6.0,104.06
CHEMBL4872636,COc1cc(Cc2n[nH]c(=S)n(/N=C/c3cc4cc(C)ccc4nc3O)c2=O)cc(OC)c1OC,65.0,active,"{2, 3.3619100000000017, 7, 10, 493.54500000000036, 123.85000000000002}",2.0,3.3619100000000017,7.0,10.0,493.54500000000036,123.85000000000002
CHEMBL1390514,FC(F)(F)c1ccc(CSc2nccn2-c2ccccc2)cc1,100000.0,inactive,"{0, 3, 4, 5.183400000000003, 334.36600000000004, 17.82}",0.0,3.0,4.0,5.183400000000003,334.36600000000004,17.82
CHEMBL4278258,COc1cc([C@@H]2CC(=O)c3c(cc4c(c3O)C=CC(C)(CCC=C(C)C)O4)O2)ccc1O,9500.0,active,"{2, 5, 6, 5.723600000000005, 436.50400000000025, 85.22000000000001}",2.0,5.0,6.0,5.723600000000005,436.50400000000025,85.22000000000001
CHEMBL5404402,O=C(CNc1ncnc2sc3c(c12)CCCC3)NN=Cc1ccc(Cl)cc1,660.0,active,"{2, 3.785700000000002, 5, 6, 79.27, 399.90700000000004}",2.0,3.785700000000002,5.0,6.0,79.27,399.90700000000004
CHEMBL1939671,Cc1c(CC(=O)OCCCO[N+](=O)[O-])cc(-c2ccc(S(C)(=O)=O)cc2)n1-c1cccc(F)c1,7.0,active,"{0, 3.679420000000002, 8, 490.5090000000001, 10, 117.74000000000001}",0.0,3.679420000000002,8.0,490.5090000000001,10.0,117.74000000000001
CHEMBL3104544,Cc1c(CC(=O)NC(CCO[N+](=O)[O-])C(=O)O)cc(-c2ccc(S(C)(=O)=O)cc2)n1-c1ccc(F)cc1,1600.0,active,"{2, 2.7056200000000015, 8, 11, 533.5340000000002, 157.84}",2.0,2.7056200000000015,8.0,11.0,533.5340000000002,157.84
CHEMBL2337396,Cc1c(CCOCCO)cc(-c2ccc(S(C)(=O)=O)cc2)n1-c1ccc(F)c(F)c1,420.0,active,"{1, 3.6858200000000023, 68.53, 5, 8, 435.49200000000013}",1.0,3.6858200000000023,68.53,5.0,8.0,435.49200000000013
CHEMBL5426167,CCOC(=O)CC(=O)Nc1[nH]nc(N)c1/N=N/c1ccc(O)cc1,124640.0,inactive,"{2.004599999999999, 4, 6, 8, 332.32000000000005, 155.04999999999998}",2.004599999999999,4.0,6.0,8.0,332.32000000000005,155.04999999999998
CHEMBL29717,NS(=O)(=O)c1ccc(-n2nc(C(F)(F)F)cc2-c2ccc(Cl)c(Cl)c2)cc1,15.0,active,"{1, 3, 4, 4.512300000000002, 77.98, 436.2420000000001}",1.0,3.0,4.0,4.512300000000002,77.98,436.2420000000001
CHEMBL44977,CN(C)c1ccc(-c2nc(C(F)(F)F)cn2-c2ccc(S(C)(=O)=O)cc2)cc1F,331.13,active,"{0, 4, 5, 4.166700000000002, 427.42300000000006, 55.2}",0.0,4.0,5.0,4.166700000000002,427.42300000000006,55.2
CHEMBL327078,Cc1ccc(-c2nc(C(F)(F)F)cn2-c2ccc(S(N)(=O)=O)cc2)nc1,724.44,active,"{1, 2.90892, 3, 5, 90.87, 382.3670000000001}",1.0,2.90892,3.0,5.0,90.87,382.3670000000001
CHEMBL297108,Cc1ccc(-c2nc(C(F)(F)F)cn2-c2ccc(S(N)(=O)=O)cc2)cc1,40.0,active,"{1, 3, 4, 3.5139200000000015, 77.98, 381.3790000000001}",1.0,3.0,4.0,3.5139200000000015,77.98,381.3790000000001
CHEMBL3104556,Cc1c(CC(=O)NCCO[N+](=O)[O-])cc(-c2ccc(S(C)(=O)=O)cc2)n1-c1ccc(F)cc1,240.0,active,"{1, 2.8623200000000013, 7, 9, 120.53999999999999, 475.49800000000016}",1.0,2.8623200000000013,7.0,9.0,120.53999999999999,475.49800000000016
CHEMBL1939515,CSc1ccc(-n2c(-c3ccc(S(C)(=O)=O)cc3)cc(CC(=O)OCCCO)c2C)cc1,260.0,active,"{1, 4.046220000000003, 7, 9, 85.60000000000001, 473.6160000000003}",1.0,4.046220000000003,7.0,9.0,85.60000000000001,473.6160000000003
CHEMBL118,Cc1ccc(-c2cc(C(F)(F)F)nn2-c2ccc(S(N)(=O)=O)cc2)cc1,30.0,active,"{1, 3, 4, 3.5139200000000006, 77.98, 381.3790000000001}",1.0,3.0,4.0,3.5139200000000006,77.98,381.3790000000001
CHEMBL328146,CS(=O)(=O)c1ccc(C2=C(c3ccc(F)cc3)CC3(CCCCC3)C2)cc1,100000.0,inactive,"{384.5160000000003, 0, 2, 3, 34.14, 5.884300000000005}",384.5160000000003,0.0,2.0,3.0,34.14,5.884300000000005
CHEMBL110331,Cc1cccc(-c2nc(C(F)(F)F)cn2-c2ccc(S(N)(=O)=O)cc2)n1,416.87,active,"{1, 2.90892, 3, 5, 90.87, 382.3670000000001}",1.0,2.90892,3.0,5.0,90.87,382.3670000000001
CHEMBL110660,Cc1cc(-c2nc(C(F)(F)F)cn2-c2ccc(S(N)(=O)=O)cc2)no1,407.38,active,"{1, 2.50192, 3, 6, 104.01, 372.3280000000001}",1.0,2.50192,3.0,6.0,104.01,372.3280000000001
CHEMBL326639,Cc1nc(-c2nc(C(F)(F)F)cn2-c2ccc(S(C)(=O)=O)cc2)cs1,933.25,active,"{0, 64.85, 3, 387.4080000000001, 3.7265200000000016, 6}",0.0,64.85,3.0,387.4080000000001,3.7265200000000016,6.0
CHEMBL13878,C#CCCCC(=O)c1cc(C(C)(C)C)c(O)c(C(C)(C)C)c1,100.0,active,"{1, 2, 4, 37.3, 4.973400000000005, 300.442}",1.0,2.0,4.0,37.3,4.973400000000005,300.442
CHEMBL3576982,COC(=O)CC[C@@H](NC(=O)[C@@H](Cc1cnc[nH]1)NC(=O)C(=O)c1cn(S(=O)(=O)c2ccc(C)cc2)c2ccccc12)C(=O)OC,8330.0,active,"{1.4310200000000013, 3, 195.61999999999995, 11, 13, 637.6710000000003}",1.4310200000000013,3.0,195.61999999999995,11.0,13.0,637.6710000000003
CHEMBL3576979,Cc1ccc(S(=O)(=O)n2cc(C(=O)C(=O)N[C@@H](Cc3c[nH]c4ccccc34)C(=O)NCC(=O)O)c3ccccc32)cc1,6.3,active,"{2.77902, 4, 167.42999999999998, 7, 586.6260000000003, 10}",2.77902,4.0,167.42999999999998,7.0,586.6260000000003,10.0
CHEMBL5275735,COc1ccc(/C=C2/SC(=S)C(Nc3nc4c(cnn4-c4ccccc4)c(=O)n3-c3ccccc3)C2=O)cc1OC,370.0,active,"{1, 100.27, 581.6790000000002, 5.053500000000004, 7, 11}",1.0,100.27,581.6790000000002,5.053500000000004,7.0,11.0
CHEMBL5283786,CS(=O)(=O)c1ccc(-c2cc3ccccc3n2Cc2ccc(Cl)cc2)cc1,110.0,active,"{0, 3, 4, 5.413500000000004, 39.07, 395.9110000000002}",0.0,3.0,4.0,5.413500000000004,39.07,395.9110000000002
CHEMBL5283831,CS(=O)(=O)c1ccc(-c2cc3cc(F)ccc3n2Cc2ccc(Cl)cc2)cc1,150.0,active,"{0, 3, 4, 5.552600000000004, 39.07, 413.90100000000007}",0.0,3.0,4.0,5.552600000000004,39.07,413.90100000000007
CHEMBL5271448,CCCOC(=O)c1nc2c(cnn2-c2ccccc2)c(=O)[nH]1,31400.0,inactive,"{1, 1.6756, 4, 6, 298.302, 89.87}",1.0,1.6756,4.0,6.0,298.302,89.87
CHEMBL5267222,C=C1C(O)CCC2C1(C)CCC(C)C2(C)CCC1=CC(=O)OC1O,12.82,active,"{2, 3, 4, 66.76, 3.3378000000000028, 334.456}",2.0,3.0,4.0,66.76,3.3378000000000028,334.456
CHEMBL5284686,CCOP(=O)(OCC)C(NC(=O)c1cc(-c2cccc3ccccc23)n(-c2ccc(S(N)(=O)=O)cc2)n1)c1ccc(Cl)cc1,220.0,active,"{2, 6.688000000000006, 8, 11, 653.0970000000001, 142.61}",2.0,6.688000000000006,8.0,11.0,653.0970000000001,142.61
CHEMBL5276722,CCOP(=O)(OCC)C(NC(=O)c1cc(-c2cccs2)n(-c2ccc(S(N)(=O)=O)cc2)n1)c1ccc(Br)cc1,220.0,active,"{2, 5.7054000000000045, 9, 11, 653.5170000000002, 142.61}",2.0,5.7054000000000045,9.0,11.0,653.5170000000002,142.61
CHEMBL5273576,CCOP(=O)(OCC)C(NC(=O)c1cc(-c2ccc(OC)cc2)n(-c2ccc(S(N)(=O)=O)cc2)n1)c1ccccc1,280.0,active,"{2, 4.890000000000003, 9, 12, 598.6180000000002, 151.83999999999997}",2.0,4.890000000000003,9.0,12.0,598.6180000000002,151.83999999999997
CHEMBL5279070,CCOP(=O)(OCC)C(C)NC(=O)c1cc(-c2cccc(OC)c2)n(-c2ccc(S(N)(=O)=O)cc2)n1,280.0,active,"{2, 3.537200000000002, 9, 11, 151.83999999999997, 536.5470000000003}",2.0,3.537200000000002,9.0,11.0,151.83999999999997,536.5470000000003
CHEMBL5267093,CCOP(=O)(OCC)C(NC(=O)c1cc(-c2cccc(OC)c2)n(-c2ccc(S(N)(=O)=O)cc2)n1)c1ccc(Br)cc1,280.0,active,"{2, 677.5140000000001, 5.652500000000004, 9, 12, 151.83999999999997}",2.0,677.5140000000001,5.652500000000004,9.0,12.0,151.83999999999997
CHEMBL5265750,COc1cc(C2CC(c3cccc(-n4cnnn4)c3)=NN2C(C)=O)cc(OC)c1OC,39.0,active,"{0, 2.385700000000001, 422.4450000000003, 103.96000000000001, 6, 9}",0.0,2.385700000000001,422.4450000000003,103.96000000000001,6.0,9.0
CHEMBL5283848,COc1ccc(C2CC(c3cccc(-n4cnnn4)c3)=NN2)cc1OC,39.0,active,"{1, 2.1182, 5, 8, 86.45, 350.38200000000006}",1.0,2.1182,5.0,8.0,86.45,350.38200000000006
CHEMBL5275198,CC(=O)N1N=C(C)/C(=N\Nc2cccc(-c3nc4ccccc4s3)c2)C1=O,100.0,active,"{1, 3, 3.495800000000002, 7, 87.02000000000001, 377.4290000000001}",1.0,3.0,3.495800000000002,7.0,87.02000000000001,377.4290000000001
CHEMBL118,Cc1ccc(-c2cc(C(F)(F)F)nn2-c2ccc(S(N)(=O)=O)cc2)cc1,45.0,active,"{1, 3, 4, 3.5139200000000006, 77.98, 381.3790000000001}",1.0,3.0,4.0,3.5139200000000006,77.98,381.3790000000001
CHEMBL865,Cc1onc(-c2ccccc2)c1-c1ccc(S(N)(=O)=O)cc1,5.0,active,"{1, 2.9644200000000005, 3, 4, 86.19, 314.36600000000004}",1.0,2.9644200000000005,3.0,4.0,86.19,314.36600000000004
CHEMBL156399,CCc1nc2sc(-c3ccc(S(C)(=O)=O)cc3)c(-c3ccccc3)n2n1,15135612.48,inactive,"{0, 64.33, 4, 4.090700000000004, 6, 383.49800000000005}",0.0,64.33,4.0,4.090700000000004,6.0,383.49800000000005
CHEMBL403957,CS(=O)(=O)c1ccc(-c2nc(NCc3ccc(Cl)s3)cc(C(F)(F)F)n2)cc1,185186788.4,inactive,"{1, 4.892900000000003, 5, 6, 71.95, 447.8910000000001}",1.0,4.892900000000003,5.0,6.0,71.95,447.8910000000001
CHEMBL118,Cc1ccc(-c2cc(C(F)(F)F)nn2-c2ccc(S(N)(=O)=O)cc2)cc1,40.0,active,"{1, 3, 4, 3.5139200000000006, 77.98, 381.3790000000001}",1.0,3.0,4.0,3.5139200000000006,77.98,381.3790000000001
CHEMBL4063233,NS(=O)(=O)c1ccc(-n2nc(C(=O)OCCOc3cc(=O)oc4ccccc34)cc2-c2cccc(Cl)c2)cc1,1430.0,active,"{1, 4.182300000000002, 8, 9, 143.72000000000003, 565.9910000000002}",1.0,4.182300000000002,8.0,9.0,143.72000000000003,565.9910000000002
CHEMBL122,CS(=O)(=O)c1ccc(C2=C(c3ccccc3)C(=O)OC2)cc1,1000.0,active,"{0, 2.5577000000000005, 3, 4, 314.3620000000001, 60.44}",0.0,2.5577000000000005,3.0,4.0,314.3620000000001,60.44
CHEMBL122,CS(=O)(=O)c1ccc(C2=C(c3ccccc3)C(=O)OC2)cc1,300.0,active,"{0, 2.5577000000000005, 3, 4, 314.3620000000001, 60.44}",0.0,2.5577000000000005,3.0,4.0,314.3620000000001,60.44
CHEMBL118,Cc1ccc(-c2cc(C(F)(F)F)nn2-c2ccc(S(N)(=O)=O)cc2)cc1,70.0,active,"{1, 3, 4, 3.5139200000000006, 77.98, 381.3790000000001}",1.0,3.0,4.0,3.5139200000000006,77.98,381.3790000000001
CHEMBL127674,Cc1ccc(C2=C(c3ccc(S(C)(=O)=O)cc3)CCC2)cc1,3.0,active,"{0, 2, 3, 34.14, 4.4932200000000035, 312.43400000000014}",0.0,2.0,3.0,34.14,4.4932200000000035,312.43400000000014
CHEMBL118,Cc1ccc(-c2cc(C(F)(F)F)nn2-c2ccc(S(N)(=O)=O)cc2)cc1,12.0,active,"{1, 3, 4, 3.5139200000000006, 77.98, 381.3790000000001}",1.0,3.0,4.0,3.5139200000000006,77.98,381.3790000000001
CHEMBL432945,COc1ccc(C2=C(c3ccc(S(N)(=O)=O)cc3)CC3(CC3)C2)cc1,1.0,active,"{1, 3, 355.4590000000002, 4, 69.39, 3.8274000000000026}",1.0,3.0,355.4590000000002,4.0,69.39,3.8274000000000026
CHEMBL118,Cc1ccc(-c2cc(C(F)(F)F)nn2-c2ccc(S(N)(=O)=O)cc2)cc1,40.0,active,"{1, 3, 4, 3.5139200000000006, 77.98, 381.3790000000001}",1.0,3.0,4.0,3.5139200000000006,77.98,381.3790000000001
CHEMBL118,Cc1ccc(-c2cc(C(F)(F)F)nn2-c2ccc(S(N)(=O)=O)cc2)cc1,8770.0,active,"{1, 3, 4, 3.5139200000000006, 77.98, 381.3790000000001}",1.0,3.0,4.0,3.5139200000000006,77.98,381.3790000000001
CHEMBL5274509,COc1ccc(/C=c2\c(=O)[nH]n3c(=O)c4ccccc4nc23)cc1OC,284.3,active,"{1, 1.1008999999999995, 3, 6, 85.69000000000001, 349.3460000000001}",1.0,1.1008999999999995,3.0,6.0,85.69000000000001,349.3460000000001
CHEMBL5279742,Clc1ccccc1-c1nnc(Cn2c(CN3CCOCC3)nc3ccccc32)o1,8000.0,active,"{0, 3.6202000000000023, 69.21000000000001, 5, 7, 409.8770000000002}",0.0,3.6202000000000023,69.21000000000001,5.0,7.0,409.8770000000002
CHEMBL118,Cc1ccc(-c2cc(C(F)(F)F)nn2-c2ccc(S(N)(=O)=O)cc2)cc1,300.0,active,"{1, 3, 4, 3.5139200000000006, 77.98, 381.3790000000001}",1.0,3.0,4.0,3.5139200000000006,77.98,381.3790000000001
CHEMBL3774867,CC(C)CNC(=O)Oc1cccc(-c2ccc(C(C)C(=O)O)cc2F)c1,100000.0,inactive,"{2, 3, 4.425200000000003, 6, 359.39700000000005, 75.63}",2.0,3.0,4.425200000000003,6.0,359.39700000000005,75.63
CHEMBL3775104,CCCCCNC(=O)Oc1cccc(-c2ccc(C(C)C(=O)O)cc2F)c1,160.0,active,"{2, 3, 4.959400000000003, 8, 75.63, 373.4240000000001}",2.0,3.0,4.959400000000003,8.0,75.63,373.4240000000001
CHEMBL3747733,COc1ccc(C2CC(c3ccco3)=NN2c2ccc(S(N)(=O)=O)cc2)cc1,1980.0,active,"{1, 98.13, 3.2913000000000014, 5, 6, 397.45600000000013}",1.0,98.13,3.2913000000000014,5.0,6.0,397.45600000000013
CHEMBL5424814,CCOC(=O)CNc1ncnc2sc3c(c12)CCCC3,110.0,active,"{64.11, 1, 2.5451000000000006, 291.3760000000001, 4, 6}",64.11,1.0,2.5451000000000006,291.3760000000001,4.0,6.0
CHEMBL5433854,O=C(CNc1ncnc2sc3c(c12)CCCC3)NN=Cc1cccc(Cl)c1,650.0,active,"{2, 3.785700000000002, 5, 6, 79.27, 399.90700000000004}",2.0,3.785700000000002,5.0,6.0,79.27,399.90700000000004
CHEMBL3740850,C#Cc1cccc(Nc2ncnc3cc(OCCOC(=O)C(C)c4ccc5cc(OC)ccc5c4)c(OCCOC)cc23)c1,23000.0,inactive,"{1, 101.03000000000002, 6.267400000000006, 9, 13, 591.6640000000002}",1.0,101.03000000000002,6.267400000000006,9.0,13.0,591.6640000000002
CHEMBL3746891,NS(=O)(=O)c1ccc(N2N=C(c3cccs3)CC2c2cccs2)cc1,6110.0,active,"{1, 3.812700000000003, 4, 389.5270000000001, 6, 75.76}",1.0,3.812700000000003,4.0,389.5270000000001,6.0,75.76
CHEMBL3747437,NS(=O)(=O)c1ccc(N2N=C(c3ccco3)CC2c2ccc(Cl)cc2)cc1,1520.0,active,"{1, 3.9361000000000033, 4, 5, 401.875, 88.9}",1.0,3.9361000000000033,4.0,5.0,401.875,88.9
CHEMBL3746265,NS(=O)(=O)c1ccc(N2N=C(c3cccs3)CC2c2ccc(C(F)(F)F)cc2)cc1,970.0,active,"{1, 451.4950000000001, 4, 5, 4.770000000000004, 75.76}",1.0,451.4950000000001,4.0,5.0,4.770000000000004,75.76
CHEMBL1814813,CN=[S+](C)([O-])c1ccc(C2=C(c3ccccc3)C(=O)OC2)cc1,156.0,active,"{0, 3, 4, 3.240700000000002, 327.4050000000001, 61.72}",0.0,3.0,4.0,3.240700000000002,327.4050000000001,61.72
CHEMBL5418554,COc1ccc(-c2nc3c(/N=N/c4ccc(O)cc4)c(N)nn3c(N)c2C#N)cc1,21110.0,inactive,"{160.2, 3, 4, 3.561980000000001, 10, 400.40200000000016}",160.2,3.0,4.0,3.561980000000001,10.0,400.40200000000016
CHEMBL5408465,Nc1nn2c(-c3cccs3)cc(-c3cccs3)nc2c1/N=N/c1ccc(O)cc1,3370.0,active,"{418.5070000000001, 2, 4, 101.16, 5.8895000000000035, 9}",418.5070000000001,2.0,4.0,101.16,5.8895000000000035,9.0
CHEMBL118,Cc1ccc(-c2cc(C(F)(F)F)nn2-c2ccc(S(N)(=O)=O)cc2)cc1,440.0,active,"{1, 3, 4, 3.5139200000000006, 77.98, 381.3790000000001}",1.0,3.0,4.0,3.5139200000000006,77.98,381.3790000000001
CHEMBL4758894,COc1ccc(-c2noc(CC(=O)Nc3ccc(N)cc3)c2-c2ccc(OC)cc2)cc1,500.0,active,"{2, 99.61, 4.789200000000003, 6, 7, 429.47600000000017}",2.0,99.61,4.789200000000003,6.0,7.0,429.47600000000017
CHEMBL4172740,CS(=O)(=O)c1ccc2c(c1)c1c(n2S(=O)(=O)c2ccc(Cl)cc2)CCCC1=O,790.0,active,"{0, 3, 3.454200000000002, 6, 437.9260000000002, 90.28}",0.0,3.0,3.454200000000002,6.0,437.9260000000002,90.28
CHEMBL4528376,Cc1c2c(c(C)n1-c1ccccc1)C(=O)N(CN1CCN(c3ccccc3)CC1)C2=O,42500.0,inactive,"{0, 3.4698400000000023, 4, 5, 48.790000000000006, 414.5090000000002}",0.0,3.4698400000000023,4.0,5.0,48.790000000000006,414.5090000000002
CHEMBL4546047,CCCCn1c(C)c2c(c1C)C(=O)N(CN1CCN(c3ccccc3OCC)CC1)C2=O,53900.0,inactive,"{0, 3.679440000000003, 6, 8, 438.57200000000023, 58.02}",0.0,3.679440000000003,6.0,8.0,438.57200000000023,58.02
CHEMBL4559732,Cc1c2c(c(C)n1-c1cccc(Cl)c1)C(=O)N(CN1CCN(c3ccccc3F)CC1)C2=O,44900.0,inactive,"{0, 4, 5, 4.262340000000004, 48.790000000000006, 466.9440000000003}",0.0,4.0,5.0,4.262340000000004,48.790000000000006,466.9440000000003
CHEMBL4471677,CCCCn1c(C)c2c(c1C)C(=O)N(CN1CCN(c3ccc(F)cc3F)CC1)C2=O,45400.0,inactive,"{0, 3.5589400000000024, 5, 6, 430.49900000000014, 48.790000000000006}",0.0,3.5589400000000024,5.0,6.0,430.49900000000014,48.790000000000006
CHEMBL4556356,COc1ccccc1N1CCN(CN2C(=O)c3c(c(C)n(-c4ccccc4)c3C)C2=O)CC1,46400.0,inactive,"{0, 3.4784400000000026, 5, 6, 58.02, 444.5350000000002}",0.0,3.4784400000000026,5.0,6.0,58.02,444.5350000000002
CHEMBL5171570,[11CH3]S(=O)(=O)c1ccc(C2=C(c3ccccc3)C(=O)OC2)cc1,18.0,active,"{0, 2.5577000000000005, 3, 4, 313.3624336000001, 60.44}",0.0,2.5577000000000005,3.0,4.0,313.3624336000001,60.44
CHEMBL4293163,NS(=O)(=O)c1ccc(-c2conc2-c2ccccc2)cc1,48.0,active,"{1, 2.6560000000000015, 3, 4, 300.339, 86.19000000000001}",1.0,2.6560000000000015,3.0,4.0,300.339,86.19000000000001
CHEMBL5288656,CCOP(=O)(OCC)C(NC(=O)c1cc(-c2cccc3ccccc23)n(-c2ccc(F)cc2)n1)c1ccc(Cl)cc1,220.0,active,"{1, 6, 8.179700000000006, 10, 592.0070000000002, 82.45}",1.0,6.0,8.179700000000006,10.0,592.0070000000002,82.45
CHEMBL5271327,CCOP(=O)(OCC)C(NC(=O)c1cc(-c2cccs2)n(-c2ccc(S(N)(=O)=O)cc2)n1)c1ccc(OC)cc1,220.0,active,"{2, 4.951500000000003, 10, 12, 151.84, 604.6470000000002}",2.0,4.951500000000003,10.0,12.0,151.84,604.6470000000002
CHEMBL5284171,C=CCn1c(-c2ccc(OC)cc2)cs/c1=N\NC(=O)c1cc(NCCCC)c(Oc2ccccc2)c(S(N)(=O)=O)c1,1520.0,active,"{3, 5.308600000000003, 9, 137.04, 13, 607.7580000000003}",3.0,5.308600000000003,9.0,137.04,13.0,607.7580000000003
CHEMBL5271593,CC1=NN(c2ccc(S(N)(=O)=O)cc2)C(=O)/C1=C\c1ccc(F)cc1C,150.0,active,"{1, 2.587620000000001, 3, 4, 373.40900000000005, 92.82999999999998}",1.0,2.587620000000001,3.0,4.0,373.40900000000005,92.82999999999998
CHEMBL5270907,O=C1CS/C(=N/c2nnc(-c3ccccc3)s2)N1,190.0,active,"{1, 2, 67.24, 2.0556, 6, 276.346}",1.0,2.0,67.24,2.0556,6.0,276.346
CHEMBL4293285,NS(=O)(=O)c1ccc(/N=c2\scc(-c3ccc(Cl)cc3)n2-c2ccccc2)cc1,16210.0,inactive,"{1, 4, 5, 4.7390000000000025, 77.45000000000002, 441.96500000000003}",1.0,4.0,5.0,4.7390000000000025,77.45000000000002,441.96500000000003
CHEMBL331921,Cc1cnc2c(-c3ccc(F)cc3)c(-c3ccc(S(C)(=O)=O)cc3)nn2c1C,12.0,active,"{0, 64.33, 3, 4.2227400000000035, 5, 395.4590000000001}",0.0,64.33,3.0,4.2227400000000035,5.0,395.4590000000001
CHEMBL1672583,CS(=O)(=O)c1ccc(-n2nc(C(F)(F)F)cc2-c2ccc(I)cc2)cc1,5200.0,active,"{0, 3, 4, 4.566200000000003, 492.26000000000005, 51.96}",0.0,3.0,4.0,4.566200000000003,492.26000000000005,51.96
CHEMBL442767,Cc1cc(=O)c(Oc2ccc(Cl)cc2F)c(-c2ccc(S(C)(=O)=O)cc2)o1,200.0,active,"{0, 4, 5, 4.603520000000003, 73.58000000000001, 408.8340000000001}",0.0,4.0,5.0,4.603520000000003,73.58000000000001,408.8340000000001
CHEMBL122,CS(=O)(=O)c1ccc(C2=C(c3ccccc3)C(=O)OC2)cc1,12.0,active,"{0, 2.5577000000000005, 3, 4, 314.3620000000001, 60.44}",0.0,2.5577000000000005,3.0,4.0,314.3620000000001,60.44
CHEMBL320926,Cc1ncc(-c2nc(C(F)(F)F)cn2-c2ccc(S(N)(=O)=O)cc2)s1,426.58,active,"{1, 2.97042, 3, 388.3960000000001, 6, 90.87}",1.0,2.97042,3.0,388.3960000000001,6.0,90.87
CHEMBL5085349,COc1ccc(CCNC(=O)c2ccccc2Nc2ccccc2)cc1,150000.0,inactive,"{2, 3, 4.411300000000003, 7, 50.36, 346.43000000000006}",2.0,3.0,4.411300000000003,7.0,50.36,346.43000000000006
CHEMBL3322410,NS(=O)(=O)c1ccc(N2CCN=C2c2ccc(Cl)cc2)cc1,3400.0,active,"{1, 2.2542, 3, 4, 75.76, 335.816}",1.0,2.2542,3.0,4.0,75.76,335.816
CHEMBL47147,COc1ccc(-c2nc(C(F)(F)F)cn2-c2ccc(S(N)(=O)=O)cc2)cc1Br,30.0,active,"{1, 3.976600000000002, 4, 5, 87.21000000000001, 476.2740000000001}",1.0,3.976600000000002,4.0,5.0,87.21000000000001,476.2740000000001
CHEMBL118,Cc1ccc(-c2cc(C(F)(F)F)nn2-c2ccc(S(N)(=O)=O)cc2)cc1,40.0,active,"{1, 3, 4, 3.5139200000000006, 77.98, 381.3790000000001}",1.0,3.0,4.0,3.5139200000000006,77.98,381.3790000000001
CHEMBL122,CS(=O)(=O)c1ccc(C2=C(c3ccccc3)C(=O)OC2)cc1,360.0,active,"{0, 2.5577000000000005, 3, 4, 314.3620000000001, 60.44}",0.0,2.5577000000000005,3.0,4.0,314.3620000000001,60.44
CHEMBL122,CS(=O)(=O)c1ccc(C2=C(c3ccccc3)C(=O)OC2)cc1,500000.0,inactive,"{0, 2.5577000000000005, 3, 4, 314.3620000000001, 60.44}",0.0,2.5577000000000005,3.0,4.0,314.3620000000001,60.44
CHEMBL179723,CS(=O)(=O)c1ccc(C=C(c2ccc(F)cc2)c2ccc(F)cc2)cc1,32000.0,inactive,"{0, 2, 34.14, 4, 4.957200000000004, 370.4200000000001}",0.0,2.0,34.14,4.0,4.957200000000004,370.4200000000001
CHEMBL405127,CS(=O)(=O)c1ccc(/C=C(/C(=O)O)c2ccccc2)cc1,3000.0,active,"{1, 2.715300000000001, 3, 4, 71.44, 302.351}",1.0,2.715300000000001,3.0,4.0,71.44,302.351
CHEMBL5191702,O=c1[nH]cc(CSc2ccc(C(F)F)cc2)[nH]c1=O,10000.0,inactive,"{65.72, 2, 3, 4, 2.2931, 284.28700000000003}",65.72,2.0,3.0,4.0,2.2931,284.28700000000003
CHEMBL10345,CC(C)OC1=C(c2ccc(S(C)(=O)=O)cc2)C(C)(C)OC1=O,300.0,active,"{0, 2.561600000000001, 324.3980000000001, 5, 4, 69.67000000000002}",0.0,2.561600000000001,324.3980000000001,5.0,4.0,69.67000000000002
CHEMBL5090304,COC(=O)[C@H](CO)n1nncc1COc1ccc2ccccc2c1-c1c(OCc2cnnn2[C@@H](CO)C(=O)OC)ccc2ccccc12,30000.0,inactive,"{2, 3.413800000000001, 172.93999999999997, 652.6640000000002, 13, 14}",2.0,3.413800000000001,172.93999999999997,652.6640000000002,13.0,14.0
CHEMBL374130,CC(C)=CCC/C(C)=C/Cc1c(O)cc2c(c1O)C(=O)C[C@@H](c1ccc(O)cc1)O2,6000.0,active,"{3, 5, 6, 5.745100000000007, 86.99000000000001, 408.49400000000014}",3.0,5.0,6.0,5.745100000000007,86.99000000000001,408.49400000000014
CHEMBL403099,Cc1ccsc1CNc1cc(C(F)(F)F)nc(-c2ccc(S(C)(=O)=O)cc2)n1,1894698.01,inactive,"{1, 4.547920000000003, 5, 6, 71.95, 427.4730000000001}",1.0,4.547920000000003,5.0,6.0,71.95,427.4730000000001
CHEMBL257295,CS(=O)(=O)c1ccc(-c2nc(NC3CCCCC3)cc(C(F)(F)F)n2)cc1,4192953.06,inactive,"{1, 4, 5, 4.310500000000003, 71.95, 399.43800000000005}",1.0,4.0,5.0,4.310500000000003,71.95,399.43800000000005
CHEMBL257103,CS(=O)(=O)c1ccc(-c2nc(NC3CCCC3)cc(C(F)(F)F)n2)cc1,475.9,active,"{385.411, 1, 3.9204000000000025, 4, 5, 71.95}",385.411,1.0,3.9204000000000025,4.0,5.0,71.95
CHEMBL270730,Cn1cccc1CNc1cc(C(F)(F)F)nc(-c2ccc(S(C)(=O)=O)cc2)n1,28.8,active,"{1, 3.5165000000000015, 5, 6, 76.88, 410.4210000000001}",1.0,3.5165000000000015,5.0,6.0,76.88,410.4210000000001
CHEMBL5283166,COc1ccc(-c2nc(-c3cn(C)c4ccccc34)c(C(=O)c3ccc(C#N)cc3)s2)cc1OC,2100.0,active,"{0, 6, 7, 6.088680000000005, 77.14, 479.56100000000026}",0.0,6.0,7.0,6.088680000000005,77.14,479.56100000000026
CHEMBL409627,C=C1C(=O)O[C@@H]2[C@H]1[C@@H](OC(C)=O)C[C@H](C)[C@@H]1CCC(=O)[C@@]21C,2900.0,active,"{0, 1, 2.0410999999999997, 69.67, 5, 306.358}",0.0,1.0,2.0410999999999997,69.67,5.0,306.358
CHEMBL118,Cc1ccc(-c2cc(C(F)(F)F)nn2-c2ccc(S(N)(=O)=O)cc2)cc1,50.0,active,"{1, 3, 4, 3.5139200000000006, 77.98, 381.3790000000001}",1.0,3.0,4.0,3.5139200000000006,77.98,381.3790000000001
CHEMBL118,Cc1ccc(-c2cc(C(F)(F)F)nn2-c2ccc(S(N)(=O)=O)cc2)cc1,40.0,active,"{1, 3, 4, 3.5139200000000006, 77.98, 381.3790000000001}",1.0,3.0,4.0,3.5139200000000006,77.98,381.3790000000001
CHEMBL5409427,O=C(CNc1ncnc2sc3c(c12)CCCC3)NN=Cc1ccc(Cl)c(Cl)c1,70.0,active,"{2, 4.439100000000003, 5, 6, 79.27, 434.3520000000001}",2.0,4.439100000000003,5.0,6.0,79.27,434.3520000000001
CHEMBL5403984,O=C(CNc1ncnc2sc3c(c12)CCCC3)NN=Cc1ccco1,1130.0,active,"{2, 355.423, 2.7253000000000007, 5, 7, 92.41}",2.0,355.423,2.7253000000000007,5.0,7.0,92.41
CHEMBL5399127,CC1(O)CC(c2ccccc2)=NN1C(=O)CNc1ncnc2sc3c(c12)CCCC3,960.0,active,"{2, 3.3271000000000015, 4, 421.5260000000003, 7, 90.71000000000001}",2.0,3.3271000000000015,4.0,421.5260000000003,7.0,90.71000000000001
CHEMBL5400672,NNC(=O)CNc1nc(-c2ccccc2)nc2sc3c(c12)CCCC3,700.0,active,"{353.45100000000025, 2.6389000000000005, 3, 4, 6, 92.92999999999999}",353.45100000000025,2.6389000000000005,3.0,4.0,6.0,92.92999999999999
CHEMBL12952,COc1ccc2cc(C(C)C(=O)O)ccc2c1,280.0,active,"{1, 2, 3, 3.036500000000001, 230.26299999999998, 46.53}",1.0,2.0,3.0,3.036500000000001,230.26299999999998,46.53
CHEMBL25,CC(=O)Oc1ccccc1C(=O)O,10000.0,inactive,"{1, 2, 3, 1.3101, 180.15899999999996, 63.60000000000001}",1.0,2.0,3.0,1.3101,180.15899999999996,63.60000000000001
CHEMBL28528,Cc1ccc(-c2c(C#N)cnn2-c2ccc(S(N)(=O)=O)cc2)cc1,76.0,active,"{1, 2.3668000000000005, 3, 5, 101.76999999999998, 338.39200000000005}",1.0,2.3668000000000005,3.0,5.0,101.76999999999998,338.39200000000005
CHEMBL5420858,Nc1c(C(=O)N/N=C/c2ccccc2Cl)cnn1-c1ccc(S(N)(=O)=O)cc1,130.0,active,"{1.5192, 418.86600000000016, 3, 5, 7, 145.46}",1.5192,418.86600000000016,3.0,5.0,7.0,145.46
CHEMBL18797,CSc1ccc(/C=C2/C(C)=C(CC(=O)O)c3cc(F)ccc32)cc1,140.0,active,"{1, 2, 4, 37.3, 5.350000000000005, 340.419}",1.0,2.0,4.0,37.3,5.350000000000005,340.419
CHEMBL1939678,Cc1c(CC(=O)OCCO)cc(-c2ccc(S(C)(=O)=O)cc2)n1-c1ccccc1,27.0,active,"{1, 2.9342200000000016, 6, 7, 85.6, 413.4950000000001}",1.0,2.9342200000000016,6.0,7.0,85.6,413.4950000000001
CHEMBL3104558,Cc1c(CC(=O)NCCO)cc(-c2ccc(S(C)(=O)=O)cc2)n1-c1cccc(F)c1,290.0,active,"{2, 2.646320000000001, 5, 7, 430.50100000000015, 88.4}",2.0,2.646320000000001,5.0,7.0,430.50100000000015,88.4
CHEMBL3927064,COc1ccc(C2CC(c3ccccc3OC)=NN2c2ccc(C(=O)O)cc2)cc1,100000.0,inactive,"{1, 4.757700000000003, 5, 6, 71.36, 402.4500000000001}",1.0,4.757700000000003,5.0,6.0,71.36,402.4500000000001
CHEMBL4591824,O=C(c1cc2cc(Cl)ccc2n1Cc1ccc(Cl)cc1)N1CCN(Cc2ccc(Cl)cc2)CC1,31.91,active,"{512.8680000000003, 0, 3, 5, 6.607800000000007, 28.480000000000004}",512.8680000000003,0.0,3.0,5.0,6.607800000000007,28.480000000000004
CHEMBL118,Cc1ccc(-c2cc(C(F)(F)F)nn2-c2ccc(S(N)(=O)=O)cc2)cc1,1000.0,active,"{1, 3, 4, 3.5139200000000006, 77.98, 381.3790000000001}",1.0,3.0,4.0,3.5139200000000006,77.98,381.3790000000001
CHEMBL5088859,COc1ccc(NC(=O)c2ncccc2Nc2cccc(C(F)(F)F)c2)cc1,150000.0,inactive,"{2, 387.36100000000005, 4, 5, 5.104900000000002, 63.25}",2.0,387.36100000000005,4.0,5.0,5.104900000000002,63.25
CHEMBL5403077,Nc1c(C(=O)N/N=C/c2cccc([N+](=O)[O-])c2)cnn1-c1ccc(S(N)(=O)=O)cc1,100.0,active,"{0.7739999999999997, 3, 6, 9, 429.4180000000002, 188.6}",0.7739999999999997,3.0,6.0,9.0,429.4180000000002,188.6
CHEMBL3100125,O=C1Nc2ccccc2/C1=C/c1cn(CCCOc2cc(O)c3c(=O)cc(-c4ccccc4)oc3c2)c2ccccc12,7900.0,active,"{2, 6, 7, 7.082100000000007, 554.6020000000002, 93.7}",2.0,6.0,7.0,7.082100000000007,554.6020000000002,93.7
CHEMBL296673,Cc1ccc(-c2nc(C(F)(F)F)cn2-c2ccc(S(C)(=O)=O)cc2)cc1Cl,30.0,active,"{0, 3, 4, 4.923420000000004, 51.96, 414.8360000000001}",0.0,3.0,4.0,4.923420000000004,51.96,414.8360000000001
CHEMBL274990,CS(=O)(=O)c1ccc(-n2nc(C(F)(F)F)cc2-c2ccc(F)cc2)cc1,100.0,active,"{384.35400000000004, 0, 3, 4, 4.1007000000000025, 51.96}",384.35400000000004,0.0,3.0,4.0,4.1007000000000025,51.96
CHEMBL28913,CSc1ccc(-c2cc(C(F)(F)F)nn2-c2ccc(S(N)(=O)=O)cc2)cc1C,3.7,active,"{1, 4, 5, 4.235820000000002, 427.4730000000001, 77.98}",1.0,4.0,5.0,4.235820000000002,427.4730000000001,77.98
CHEMBL1034,O=C([O-])Cc1ccccc1Nc1c(Cl)cccc1Cl.[Na+],1.3,active,"{0.03339999999999904, 1, 3, 4, 52.16, 318.135}",0.03339999999999904,1.0,3.0,4.0,52.16,318.135
CHEMBL122,CS(=O)(=O)c1ccc(C2=C(c3ccccc3)C(=O)OC2)cc1,340.0,active,"{0, 2.5577000000000005, 3, 4, 314.3620000000001, 60.44}",0.0,2.5577000000000005,3.0,4.0,314.3620000000001,60.44
CHEMBL865,Cc1onc(-c2ccccc2)c1-c1ccc(S(N)(=O)=O)cc1,183.0,active,"{1, 2.9644200000000005, 3, 4, 86.19, 314.36600000000004}",1.0,2.9644200000000005,3.0,4.0,86.19,314.36600000000004
CHEMBL283177,NS(=O)(=O)c1ccc(-n2nc(C(F)(F)F)cc2-c2ccc(Cl)s2)cc1,25.7,active,"{1, 3, 3.9204000000000017, 5, 77.98, 407.826}",1.0,3.0,3.9204000000000017,5.0,77.98,407.826
CHEMBL433287,CONC(=O)c1ccccc1Nc1c(Cl)ccc(C)c1Cl,55000.0,inactive,"{2, 3, 4, 325.19500000000005, 4.336620000000003, 50.36}",2.0,3.0,4.0,325.19500000000005,4.336620000000003,50.36
CHEMBL255175,NS(=O)(=O)c1ccc(/N=C/c2ccc([N+](=O)[O-])cc2)cc1,3000.0,active,"{1, 1.9928000000000001, 4, 5, 305.315, 115.66000000000003}",1.0,1.9928000000000001,4.0,5.0,305.315,115.66000000000003
CHEMBL4079043,NS(=O)(=O)c1ccc(-n2nc(C(=O)OCCOc3ccc4ccc(=O)oc4c3)cc2-c2ccccc2)cc1,780.0,active,"{1, 3.528900000000003, 8, 9, 143.72000000000003, 531.5460000000003}",1.0,3.528900000000003,8.0,9.0,143.72000000000003,531.5460000000003
CHEMBL4102241,NS(=O)(=O)c1ccc(-n2nc(C(=O)OCCOc3ccc4ccc(=O)oc4c3)cc2-c2ccc(F)cc2)cc1,530.0,active,"{1, 3.668000000000003, 549.5360000000003, 8, 9, 143.72000000000003}",1.0,3.668000000000003,549.5360000000003,8.0,9.0,143.72000000000003
CHEMBL3921118,CC(C)(C)C1=NN(c2ccc(S(=O)(=O)O)cc2)C(c2ccc(F)cc2)C1,100000.0,inactive,"{1, 3, 4, 69.97, 4.425900000000004, 376.4530000000001}",1.0,3.0,4.0,69.97,4.425900000000004,376.4530000000001
CHEMBL5170378,NC(=O)c1ccc(-c2nc(CSc3nc4ccccc4s3)no2)cc1,6800.0,active,"{1, 3.7375000000000016, 5, 7, 368.44300000000004, 94.9}",1.0,3.7375000000000016,5.0,7.0,368.44300000000004,94.9
CHEMBL42710,C=CCc1ccc(O)c(OC)c1,129000.0,inactive,"{1, 2, 3, 164.20399999999995, 2.1292999999999997, 29.46}",1.0,2.0,3.0,164.20399999999995,2.1292999999999997,29.46
CHEMBL5267685,CCC[C@H](O)CCOC(=O)CC[C@]1(C)C=CC[C@@H](C)[C@@]12C=CC(C)(CC)O2,700.0,active,"{1, 4, 4.957100000000005, 9, 55.760000000000005, 378.55300000000017}",1.0,4.0,4.957100000000005,9.0,55.760000000000005,378.55300000000017
CHEMBL5275290,Nc1c(C(=O)N/N=C/c2ccc(Cl)cc2)sc2nc(-c3ccc(Cl)cc3)cc(-c3cccs3)c12,104.0,active,"{2, 5, 6, 7.344700000000004, 523.4700000000001, 80.37}",2.0,5.0,6.0,7.344700000000004,523.4700000000001,80.37
CHEMBL5272361,O=C(/N=c1/scc(-c2ccccc2)n1-c1ccccc1)c1cccs1,90.0,active,"{0, 34.36, 3, 4, 5.008400000000003, 362.4790000000001}",0.0,34.36,3.0,4.0,5.008400000000003,362.4790000000001
CHEMBL5277598,CCOP(=O)(OCC)C(NC(=O)c1cc(-c2cccc3ccccc23)n(-c2ccccc2F)n1)c1ccc(OC)cc1,220.0,active,"{1, 7, 7.5349000000000075, 11, 587.5880000000002, 91.68}",1.0,7.0,7.5349000000000075,11.0,587.5880000000002,91.68
CHEMBL5289878,CCOP(=O)(OCC)C(NC(=O)c1cc(-c2cccc3ccccc23)n(-c2ccc(F)cc2)n1)c1ccccc1OC,220.0,active,"{1, 7, 7.5349000000000075, 11, 587.5880000000002, 91.68}",1.0,7.0,7.5349000000000075,11.0,587.5880000000002,91.68
CHEMBL5283826,CCOP(=O)(OCC)C(NC(=O)c1cc(-c2ccc(C(F)(F)F)cc2)n(-c2ccc(S(N)(=O)=O)cc2)n1)c1ccccc1,280.0,active,"{2, 5.900200000000005, 8, 11, 142.61, 636.589}",2.0,5.900200000000005,8.0,11.0,142.61,636.589
CHEMBL5288954,NS(=O)(=O)c1ccc(-c2nn(-c3ccc([N+](=O)[O-])cc3)cc2C=O)cc1,17.0,active,"{1, 1.9074000000000002, 5, 7, 138.19000000000003, 372.3620000000001}",1.0,1.9074000000000002,5.0,7.0,138.19000000000003,372.3620000000001
CHEMBL5275155,Cc1c(C(=O)/C=C/c2ccccc2)nnn1-c1ccc(S(N)(=O)=O)cc1,2610.0,active,"{1, 2.1192199999999994, 5, 6, 107.94, 368.4180000000001}",1.0,2.1192199999999994,5.0,6.0,107.94,368.4180000000001
CHEMBL5266412,CC1=C(c2ccc(C(=O)NNC(=S)Nc3ccccc3)cn2)SC2Nc3ccccc3N12,452.0,active,"{3, 4, 4.3640000000000025, 6, 460.5880000000001, 81.32000000000001}",3.0,4.0,4.3640000000000025,6.0,460.5880000000001,81.32000000000001
CHEMBL2337403,Cc1c(CCOCCO[N+](=O)[O-])cc(-c2ccc(S(C)(=O)=O)cc2)n1-c1ccc(F)c(F)c1,920.0,active,"{480.48900000000015, 0, 3.9018200000000025, 100.66999999999999, 7, 10}",480.48900000000015,0.0,3.9018200000000025,100.66999999999999,7.0,10.0
CHEMBL2337398,Cc1c(CCOCCCO)cc(-c2ccc(S(C)(=O)=O)cc2)n1-c1cccc(F)c1,1500.0,active,"{1, 3.9368200000000035, 68.53, 5, 9, 431.52900000000017}",1.0,3.9368200000000035,68.53,5.0,9.0,431.52900000000017
CHEMBL3741424,C#Cc1cccc(Nc2ncnc3cc(OCCOC(=O)c4ccccc4OC(C)=O)c(OCCOC)cc23)c1,10000.0,inactive,"{1, 4.541000000000004, 10, 12, 118.10000000000002, 541.5600000000004}",1.0,4.541000000000004,10.0,12.0,118.10000000000002,541.5600000000004
CHEMBL5273548,Cc1ccccc1-c1nnc(Cn2c(CN3CCOCC3)nc3ccccc32)o1,11400.0,inactive,"{0, 3.275220000000002, 5, 69.21000000000001, 389.4590000000001, 7}",0.0,3.275220000000002,5.0,69.21000000000001,389.4590000000001,7.0
CHEMBL4557726,COc1ccc(-c2c(-c3ccc([N+](=O)[O-])cc3)noc2C)cc1,50000.0,inactive,"{0, 4, 5, 4.233820000000002, 78.4, 310.3090000000001}",0.0,4.0,5.0,4.233820000000002,78.4,310.3090000000001
CHEMBL4475349,COc1ccc(-c2noc(CBr)c2-c2ccc(OC)cc2)cc1,180.0,active,"{0, 4, 5, 4.9207000000000045, 44.49000000000001, 374.23400000000004}",0.0,4.0,5.0,4.9207000000000045,44.49000000000001,374.23400000000004
CHEMBL4441970,COc1ccc(-c2noc(CF)c2-c2ccc(OC)cc2)cc1,300.0,active,"{0, 4, 5, 4.495300000000004, 44.49000000000001, 313.328}",0.0,4.0,5.0,4.495300000000004,44.49000000000001,313.328
CHEMBL118,Cc1ccc(-c2cc(C(F)(F)F)nn2-c2ccc(S(N)(=O)=O)cc2)cc1,100.0,active,"{1, 3, 4, 3.5139200000000006, 77.98, 381.3790000000001}",1.0,3.0,4.0,3.5139200000000006,77.98,381.3790000000001
CHEMBL42595,CS(=O)(=O)c1ccc(-n2cc(C(F)(F)F)nc2-c2ccc(F)c(F)c2)cc1,120.23,active,"{0, 3, 4, 4.2398000000000025, 402.34400000000005, 51.96}",0.0,3.0,4.0,4.2398000000000025,402.34400000000005,51.96
CHEMBL118,Cc1ccc(-c2cc(C(F)(F)F)nn2-c2ccc(S(N)(=O)=O)cc2)cc1,20.0,active,"{1, 3, 4, 3.5139200000000006, 77.98, 381.3790000000001}",1.0,3.0,4.0,3.5139200000000006,77.98,381.3790000000001
CHEMBL323732,CS(=O)(=O)c1ccc(C2=C(c3ccc(C(F)(F)F)c(F)c3)CCC2)cc1,758.58,active,"{384.3940000000001, 0, 2, 3, 34.14, 5.342700000000003}",384.3940000000001,0.0,2.0,3.0,34.14,5.342700000000003
CHEMBL4173449,O=C(NCCc1ccccc1)c1sc2ccccc2c1Br,17670.0,inactive,"{1, 2, 4, 4.636300000000002, 360.27600000000007, 29.1}",1.0,2.0,4.0,4.636300000000002,360.27600000000007,29.1
CHEMBL4740788,COc1ccc(-c2noc(CC(=O)NCCNC(=O)Cc3onc(-c4ccc(OC)cc4)c3-c3ccc(OC)cc3)c2-c2ccc(OC)cc2)cc1,120.0,active,"{2, 6.382600000000007, 10, 15, 147.17999999999998, 702.7640000000002}",2.0,6.382600000000007,10.0,15.0,147.17999999999998,702.7640000000002
CHEMBL4744394,COc1ccc(-c2noc(CC(=O)NCCCCCCCCCCCCNC(=O)Cc3onc(-c4ccc(OC)cc4)c3-c3ccc(OC)cc3)c2-c2ccc(OC)cc2)cc1,50000.0,inactive,"{2, 10, 843.0340000000003, 10.283599999999996, 147.17999999999998, 25}",2.0,10.0,843.0340000000003,10.283599999999996,147.17999999999998,25.0
CHEMBL5270458,CSc1ccc(-c2cn3c(c2-c2ccc(F)cc2)CCC3)cc1,100.0,active,"{0, 2, 3, 323.4360000000001, 4.93, 5.629300000000004}",0.0,2.0,3.0,323.4360000000001,4.93,5.629300000000004
CHEMBL4797164,COc1ccc(/C=N/Nc2nc(-c3ccc(S(C)(=O)=O)cc3)cs2)c(OC)c1,100000.0,inactive,"{417.5120000000001, 1, 3.676800000000002, 7, 8, 89.88000000000001}",417.5120000000001,1.0,3.676800000000002,7.0,8.0,89.88000000000001
CHEMBL4781090,COc1cc(/C=N/Nc2nc(-c3ccc(S(C)(=O)=O)cc3)cs2)cc(OC)c1OC,100000.0,inactive,"{1, 99.11000000000001, 3.6854000000000022, 8, 9, 447.5380000000002}",1.0,99.11000000000001,3.6854000000000022,8.0,9.0,447.5380000000002
CHEMBL110876,Cc1ccsc1-c1nc(C(F)(F)F)cn1-c1ccc(S(C)(=O)=O)cc1,1096.48,active,"{0, 386.4200000000001, 3, 4.331520000000003, 5, 51.96}",0.0,386.4200000000001,3.0,4.331520000000003,5.0,51.96
CHEMBL4790291,C/C(=N\NC(N)=S)c1nnn(-c2ccc(F)cc2)c1C,70.0,active,"{1.27202, 2, 3, 292.3430000000001, 5, 81.12}",1.27202,2.0,3.0,292.3430000000001,5.0,81.12
CHEMBL1034,O=C([O-])Cc1ccccc1Nc1c(Cl)cccc1Cl.[Na+],800.0,active,"{0.03339999999999904, 1, 3, 4, 52.16, 318.135}",0.03339999999999904,1.0,3.0,4.0,52.16,318.135
CHEMBL44829,CN(C)c1cccc(-c2nc(C(F)(F)F)cn2-c2ccc(S(C)(=O)=O)cc2)c1,3235.94,active,"{0, 4, 5, 4.027600000000002, 55.2, 409.43300000000005}",0.0,4.0,5.0,4.027600000000002,55.2,409.43300000000005
CHEMBL4783879,C/C(=N\Nc1nc(-c2ccc(Cl)cc2)cs1)c1nnn(-c2ccc(F)cc2)c1C,50.0,active,"{1, 67.99000000000001, 5, 5.3278200000000036, 7, 426.90800000000013}",1.0,67.99000000000001,5.0,5.3278200000000036,7.0,426.90800000000013
CHEMBL4797170,CC(=O)c1nnn(-c2ccc(Cl)cc2)c1C,120.0,active,"{0, 2, 2.4317200000000003, 4, 235.674, 47.78}",0.0,2.0,2.4317200000000003,4.0,235.674,47.78
CHEMBL4779635,C/C(=N\NC(N)=O)c1nnn(-c2ccc(C(=O)O)cc2)c1C,290.0,active,"{0.6662199999999996, 3, 4, 6, 135.48999999999998, 302.29400000000004}",0.6662199999999996,3.0,4.0,6.0,135.48999999999998,302.29400000000004
CHEMBL4281448,O=c1c2ccccc2nc(SCc2cn(-c3ccccc3)nn2)n1-c1ccccc1,890.0,active,"{0, 65.6, 4.258700000000003, 5, 7, 411.49000000000007}",0.0,65.6,4.258700000000003,5.0,7.0,411.49000000000007
CHEMBL4286599,O=C(O)c1ccc(-n2cc(CSc3nc4ccccc4c(=O)n3-c3ccc(Br)cc3)nn2)cc1,890.0,active,"{1, 4.719400000000003, 102.9, 6, 8, 534.3950000000002}",1.0,4.719400000000003,102.9,6.0,8.0,534.3950000000002
CHEMBL4294497,COc1ccc(-n2c(SCc3cn(-c4ccccc4)nn3)nc3ccccc3c2=O)cc1,1040.0,active,"{0, 4.267300000000002, 6, 8, 74.83000000000001, 441.51600000000013}",0.0,4.267300000000002,6.0,8.0,74.83000000000001,441.51600000000013
CHEMBL4288111,COc1ccc(-n2c(SCc3cn(-c4ccc(Cl)cc4)nn3)nc3ccccc3c2=O)cc1,520.0,active,"{0, 4.9207000000000045, 6, 8, 74.83000000000001, 475.9610000000001}",0.0,4.9207000000000045,6.0,8.0,74.83000000000001,475.9610000000001
CHEMBL18316,CC1(O)OC(=O)C(c2ccccc2)=C1c1ccc(S(C)(=O)=O)cc1,1200.0,active,"{1, 2.2662000000000004, 3, 5, 80.67, 344.3880000000001}",1.0,2.2662000000000004,3.0,5.0,80.67,344.3880000000001
CHEMBL5274847,CC[C@H](CCCC[C@@H]1/C=C\CN/C=C\C1)C[C@@H]1CCC(=O)ON1,800.0,active,"{320.4770000000001, 2, 3.8527000000000022, 4, 8, 50.36}",320.4770000000001,2.0,3.8527000000000022,4.0,8.0,50.36
CHEMBL2283171,Cc1ccc(/C(=C/c2ccc(S(C)(=O)=O)cc2)c2ccccc2)cc1,120.0,active,"{0, 2, 34.14, 4, 4.987420000000005, 348.46700000000004}",0.0,2.0,34.14,4.0,4.987420000000005,348.46700000000004
CHEMBL2283166,CCCC/C(=C(\c1ccccc1)c1cc(C(C)(C)C)c(O)c(C(C)(C)C)c1)c1ccc(S(C)(=O)=O)cc1,360.0,active,"{1, 3, 518.7630000000003, 7, 8.540000000000006, 54.37}",1.0,3.0,518.7630000000003,7.0,8.540000000000006,54.37
CHEMBL442706,NS(=O)(=O)c1ccc(-c2nc(NCc3cc4ccccc4s3)cc(C(F)(F)F)n2)cc1,140.4,active,"{97.97000000000001, 2, 4.636600000000002, 5, 6, 464.494}",97.97000000000001,2.0,4.636600000000002,5.0,6.0,464.494
CHEMBL5198246,Cn1ccc2ccc(C(=O)OCC(F)(F)F)c(O)c21,380000.0,inactive,"{1, 2, 2.603000000000001, 4, 273.2099999999999, 51.46}",1.0,2.0,2.603000000000001,4.0,273.2099999999999,51.46
CHEMBL118,Cc1ccc(-c2cc(C(F)(F)F)nn2-c2ccc(S(N)(=O)=O)cc2)cc1,40.0,active,"{1, 3, 4, 3.5139200000000006, 77.98, 381.3790000000001}",1.0,3.0,4.0,3.5139200000000006,77.98,381.3790000000001
CHEMBL118,Cc1ccc(-c2cc(C(F)(F)F)nn2-c2ccc(S(N)(=O)=O)cc2)cc1,400.0,active,"{1, 3, 4, 3.5139200000000006, 77.98, 381.3790000000001}",1.0,3.0,4.0,3.5139200000000006,77.98,381.3790000000001
CHEMBL118,Cc1ccc(-c2cc(C(F)(F)F)nn2-c2ccc(S(N)(=O)=O)cc2)cc1,40.0,active,"{1, 3, 4, 3.5139200000000006, 77.98, 381.3790000000001}",1.0,3.0,4.0,3.5139200000000006,77.98,381.3790000000001
CHEMBL17184,NS(=O)(=O)c1ccc(C2=C(c3ccc(F)cc3)CC3(CC3)C2)cc1,3.02,active,"{1, 2, 3, 3.957900000000003, 343.4230000000002, 60.160000000000004}",1.0,2.0,3.0,3.957900000000003,343.4230000000002,60.160000000000004
CHEMBL156482,CS(=O)(=O)c1ccc(-c2sc3nc(C(F)(F)F)nn3c2-c2ccccc2)cc1,3.0,active,"{0, 64.33, 3, 4.547100000000003, 6, 423.4410000000001}",0.0,64.33,3.0,4.547100000000003,6.0,423.4410000000001
CHEMBL118,Cc1ccc(-c2cc(C(F)(F)F)nn2-c2ccc(S(N)(=O)=O)cc2)cc1,120.0,active,"{1, 3, 4, 3.5139200000000006, 77.98, 381.3790000000001}",1.0,3.0,4.0,3.5139200000000006,77.98,381.3790000000001
CHEMBL2336619,Cc1ccc(-c2cc(CO)nn2-c2ccc(S(N)(=O)=O)cc2)cc1,1270.0,active,"{1.9874199999999997, 2, 98.21000000000001, 4, 5, 343.40800000000013}",1.9874199999999997,2.0,98.21000000000001,4.0,5.0,343.40800000000013
CHEMBL331921,Cc1cnc2c(-c3ccc(F)cc3)c(-c3ccc(S(C)(=O)=O)cc3)nn2c1C,12.0,active,"{0, 64.33, 3, 4.2227400000000035, 5, 395.4590000000001}",0.0,64.33,3.0,4.2227400000000035,5.0,395.4590000000001
CHEMBL52285,CS(=O)(=O)c1ccc(C2=C(c3cccc(F)c3)C(=O)OC2)cc1,20.0,active,"{0, 2.6968000000000014, 3, 4, 332.3520000000001, 60.44}",0.0,2.6968000000000014,3.0,4.0,332.3520000000001,60.44
CHEMBL95022,N#Cc1nn(-c2ccc(S(N)(=O)=O)cc2)c2c1SCc1cc(F)ccc1-2,141.25,active,"{1, 386.43300000000005, 2, 2.803180000000001, 101.76999999999998, 6}",1.0,386.43300000000005,2.0,2.803180000000001,101.76999999999998,6.0
CHEMBL5192908,COc1ccc(-c2nc(O[11CH3])nn2-c2ccc(OC)cc2)cc1,1000.0,active,"{0, 2.9601000000000015, 5, 6, 310.3414336, 58.400000000000006}",0.0,2.9601000000000015,5.0,6.0,310.3414336,58.400000000000006
CHEMBL122,CS(=O)(=O)c1ccc(C2=C(c3ccccc3)C(=O)OC2)cc1,20.0,active,"{0, 2.5577000000000005, 3, 4, 314.3620000000001, 60.44}",0.0,2.5577000000000005,3.0,4.0,314.3620000000001,60.44
CHEMBL25,CC(=O)Oc1ccccc1C(=O)O,100000.0,inactive,"{1, 2, 3, 1.3101, 180.15899999999996, 63.60000000000001}",1.0,2.0,3.0,1.3101,180.15899999999996,63.60000000000001
CHEMBL52889,COc1ccc(-c2cc(F)c(F)cc2-c2ccc(S(C)(=O)=O)cc2)cc1OC,340.0,active,"{0, 4, 5, 4.7195000000000045, 404.43400000000014, 52.60000000000001}",0.0,4.0,5.0,4.7195000000000045,404.43400000000014,52.60000000000001
CHEMBL5220891,C[C@H](C(=O)OC(Cn1ccnc1)c1ccc(F)cc1)c1ccc(-c2ccccc2)c(F)c1,3760.0,active,"{0, 4, 5.9165000000000045, 7, 44.120000000000005, 432.47000000000014}",0.0,4.0,5.9165000000000045,7.0,44.120000000000005,432.47000000000014
CHEMBL122,CS(=O)(=O)c1ccc(C2=C(c3ccccc3)C(=O)OC2)cc1,20.0,active,"{0, 2.5577000000000005, 3, 4, 314.3620000000001, 60.44}",0.0,2.5577000000000005,3.0,4.0,314.3620000000001,60.44
CHEMBL118,Cc1ccc(-c2cc(C(F)(F)F)nn2-c2ccc(S(N)(=O)=O)cc2)cc1,1000.0,active,"{1, 3, 4, 3.5139200000000006, 77.98, 381.3790000000001}",1.0,3.0,4.0,3.5139200000000006,77.98,381.3790000000001
CHEMBL4528204,NS(=O)(=O)c1ccc(-c2nnnn2-c2ccc(O)cc2)cc1,500000.0,inactive,"{0.6822999999999999, 2, 3, 7, 123.99000000000002, 317.33}",0.6822999999999999,2.0,3.0,7.0,123.99000000000002,317.33
CHEMBL1201124,NC(CO)(CO)CO.O=C(c1ccccc1)c1ccc2n1CCC2C(=O)O,120.0,active,"{-0.048200000000000076, 5, 6, 7, 146.01, 376.40900000000016}",-0.048200000000000076,5.0,6.0,7.0,146.01,376.40900000000016
CHEMBL19299,CC(C(=O)O)c1ccc(CC2CCCC2=O)cc1,13500.0,inactive,"{1, 2, 2.7864000000000013, 4, 54.37, 246.30599999999993}",1.0,2.0,2.7864000000000013,4.0,54.37,246.30599999999993
CHEMBL4532080,NS(=O)(=O)c1ccc(-n2nc(C(=O)N3CCOCC3)cc2-c2cccc(Cl)c2)cc1,240.0,active,"{1, 2.312500000000001, 4, 6, 107.52000000000001, 446.91600000000017}",1.0,2.312500000000001,4.0,6.0,107.52000000000001,446.91600000000017
CHEMBL4559201,NS(=O)(=O)c1ccc(-n2nc(C(=O)N3CCSCC3)cc2-c2ccccc2)cc1,670.0,active,"{1, 98.29, 2.375700000000001, 4, 6, 428.5390000000001}",1.0,98.29,2.375700000000001,4.0,6.0,428.5390000000001
CHEMBL432112,CS(=O)(=O)c1ccc(-n2cc(C(F)(F)F)nc2-c2ccc(F)cc2)cc1,100.0,active,"{384.35400000000004, 0, 3, 4, 4.1007000000000025, 51.96}",384.35400000000004,0.0,3.0,4.0,4.1007000000000025,51.96
CHEMBL3775462,CC(C(=O)O)c1ccc(-c2cccc(OC(=O)NC3CCCCC3)c2)c(F)c1,100000.0,inactive,"{385.43500000000023, 2, 3, 5, 5.101900000000004, 75.63}",385.43500000000023,2.0,3.0,5.0,5.101900000000004,75.63
CHEMBL3775041,CCCCCCNC(=O)Oc1cccc(-c2ccc(C(C)C(=O)O)cc2F)c1,430.0,active,"{2, 3, 387.45100000000014, 5.349500000000004, 9, 75.63}",2.0,3.0,387.45100000000014,5.349500000000004,9.0,75.63
CHEMBL3774706,CCCCCCNC(=O)Oc1cccc(-c2ccc([C@@H](C)C(=O)O)cc2F)c1,22800.0,inactive,"{2, 3, 387.45100000000014, 5.349500000000004, 9, 75.63}",2.0,3.0,387.45100000000014,5.349500000000004,9.0,75.63
CHEMBL3745732,NS(=O)(=O)c1ccc(N2N=C(c3ccco3)CC2c2ccco2)cc1,4130.0,active,"{1, 2.875700000000002, 4, 357.391, 102.04, 6}",1.0,2.875700000000002,4.0,357.391,102.04,6.0
CHEMBL3908211,COc1ccc(-n2c(-c3ccc(S(C)(=O)=O)cc3)cc(CC(=O)OCCCCO[N+](=O)[O-])c2C)cc1,550.0,active,"{0, 3.939020000000003, 516.5720000000005, 9, 12, 126.97000000000003}",0.0,3.939020000000003,516.5720000000005,9.0,12.0,126.97000000000003
CHEMBL1939517,COc1ccc(-n2c(-c3ccc(S(C)(=O)=O)cc3)cc(CC(=O)OCCCO)c2C)cc1,700.0,active,"{1, 3.3329200000000023, 7, 457.54800000000034, 9, 94.83000000000001}",1.0,3.3329200000000023,7.0,457.54800000000034,9.0,94.83000000000001
CHEMBL5275204,O=C(c1cccs1)c1sc(N2CCOCC2)nc1-c1ccc(F)cc1,90.0,active,"{0, 4, 4.078300000000003, 6, 42.43000000000001, 374.462}",0.0,4.0,4.078300000000003,6.0,42.43000000000001,374.462
CHEMBL5269313,CCOP(=O)(OCC)C(NC(=O)c1cc(-c2ccc(F)cc2)n(-c2ccc(S(N)(=O)=O)cc2)n1)c1ccccc1,280.0,active,"{2, 5.020500000000003, 8, 586.5820000000002, 11, 142.61}",2.0,5.020500000000003,8.0,586.5820000000002,11.0,142.61
CHEMBL5281678,COc1ccccc1/C=C/C1=NNC(S)CC1,43.8,active,"{33.62, 2, 3, 4, 2.7037000000000004, 248.351}",33.62,2.0,3.0,4.0,2.7037000000000004,248.351
CHEMBL5289353,Nc1c(C(=O)N/N=C/c2ccccc2)sc2nc(-c3ccc(Cl)cc3)cc(-c3cccs3)c12,104.0,active,"{2, 5, 6, 6.691300000000004, 489.02500000000026, 80.37}",2.0,5.0,6.0,6.691300000000004,489.02500000000026,80.37
CHEMBL5275045,COc1ccnc(Nc2nn3c(SC)c(C#N)c(O)nc3c2C#N)c1,1400.0,active,"{353.3670000000001, 2, 2.0473599999999994, 4, 132.15, 10}",353.3670000000001,2.0,2.0473599999999994,4.0,132.15,10.0
CHEMBL4760140,COc1ccc(-c2noc(CC(=O)Nc3ccc(-c4ccc(NC(=O)Cc5onc(-c6ccc(OC)cc6)c5-c5ccc(OC)cc5)cc4)cc3)c2-c2ccc(OC)cc2)cc1,50000.0,inactive,"{2, 10, 10.394399999999992, 15, 147.17999999999998, 826.9060000000002}",2.0,10.0,10.394399999999992,15.0,147.17999999999998,826.9060000000002
CHEMBL4278833,CC(=O)c1onc(-c2ccc(F)cc2)c1-c1ccc(S(C)(=O)=O)cc1,100000.0,inactive,"{0, 3.7538000000000027, 4, 5, 359.37800000000004, 77.24000000000001}",0.0,3.7538000000000027,4.0,5.0,359.37800000000004,77.24000000000001
CHEMBL118,Cc1ccc(-c2cc(C(F)(F)F)nn2-c2ccc(S(N)(=O)=O)cc2)cc1,700.0,active,"{1, 3, 4, 3.5139200000000006, 77.98, 381.3790000000001}",1.0,3.0,4.0,3.5139200000000006,77.98,381.3790000000001
CHEMBL4289748,C#CCSc1nc2ccccc2c(=O)n1-c1ccc(Br)cc1,180.0,active,"{0, 34.89, 3, 4, 3.8735000000000017, 371.259}",0.0,34.89,3.0,4.0,3.8735000000000017,371.259
CHEMBL4286390,COc1ccc(-n2c(SCc3cn(-c4ccc(C(=O)O)cc4)nn3)nc3ccccc3c2=O)cc1,1340.0,active,"{1, 3.9655000000000014, 485.52500000000015, 7, 9, 112.13}",1.0,3.9655000000000014,485.52500000000015,7.0,9.0,112.13
CHEMBL4288714,COc1ccc(-c2cc(CSc3nc4ccccc4c(=O)n3-c3ccc(Br)cc3)on2)cc1,560.0,active,"{0, 70.15, 6, 520.4080000000002, 7, 6.104100000000004}",0.0,70.15,6.0,520.4080000000002,7.0,6.104100000000004
CHEMBL485462,CCC(C)/C=C(C)/C=C/C=C/C=C/C(=O)c1c(O)c(-c2ccc(O)cc2)c[nH]c1=O,10000.0,inactive,"{3, 4, 5.296800000000006, 8, 405.4940000000001, 90.38999999999999}",3.0,4.0,5.296800000000006,8.0,405.4940000000001,90.38999999999999
CHEMBL1939670,Cc1c(CC(=O)OCCO[N+](=O)[O-])cc(-c2ccc(S(C)(=O)=O)cc2)n1-c1cccc(F)c1,19.0,active,"{0, 3.289320000000002, 8, 9, 117.74000000000001, 476.48200000000014}",0.0,3.289320000000002,8.0,9.0,117.74000000000001,476.48200000000014
CHEMBL4790377,COc1ccc(O)c(/C=N/Nc2nc(-c3ccc(S(C)(=O)=O)cc3)cs2)c1,213.0,active,"{2, 3.373800000000002, 100.88, 6, 8, 403.48500000000007}",2.0,3.373800000000002,100.88,6.0,8.0,403.48500000000007
CHEMBL4790676,COc1cccc(/C=N/Nc2nc(-c3ccc(S(C)(=O)=O)cc3)cs2)c1OC,184.0,active,"{417.51200000000017, 1, 3.676800000000002, 7, 8, 89.88000000000001}",417.51200000000017,1.0,3.676800000000002,7.0,8.0,89.88000000000001
CHEMBL104,Clc1ccccc1C(c1ccccc1)(c1ccccc1)n1ccnc1,41796.0,inactive,"{0, 2, 4, 5.376700000000004, 17.82, 344.845}",0.0,2.0,4.0,5.376700000000004,17.82,344.845
CHEMBL1908355,NC(=O)N1C(=O)/C(=C(\O)c2cccs2)c2cc(Cl)ccc21,267.0,active,"{320.757, 1, 2, 3.2531000000000008, 4, 83.63000000000001}",320.757,1.0,2.0,3.2531000000000008,4.0,83.63000000000001
CHEMBL2023846,Clc1ccc(-c2csc(Nc3ccc(Oc4ccccc4)cc3)n2)cc1,10000.0,inactive,"{1, 34.15, 4, 5, 6.999400000000003, 378.884}",1.0,34.15,4.0,5.0,6.999400000000003,378.884
CHEMBL4279063,C#CCSc1nc2ccccc2c(=O)n1-c1ccc(Cl)cc1,390.0,active,"{0, 34.89, 3, 4, 3.764400000000002, 326.808}",0.0,34.89,3.0,4.0,3.764400000000002,326.808
CHEMBL338347,Cc1cc(=O)c(Oc2ccc(N)cc2)c(-c2ccc(S(C)(=O)=O)cc2)o1,1480.13,active,"{1, 99.60000000000001, 4, 3.3932200000000012, 6, 371.4140000000001}",1.0,99.60000000000001,4.0,3.3932200000000012,6.0,371.4140000000001
CHEMBL68972,CS(=O)(=O)c1ccc(-c2occ(Cl)c(=O)c2-c2cccc(Cl)c2)cc1,1416772.11,inactive,"{0, 64.35, 3, 4, 4.684100000000003, 395.26300000000003}",0.0,64.35,3.0,4.0,4.684100000000003,395.26300000000003
CHEMBL865,Cc1onc(-c2ccccc2)c1-c1ccc(S(N)(=O)=O)cc1,5.0,active,"{1, 2.9644200000000005, 3, 4, 86.19, 314.36600000000004}",1.0,2.9644200000000005,3.0,4.0,86.19,314.36600000000004
CHEMBL42398,Cc1cccc(-c2nc(C(F)(F)F)cn2-c2ccc(S(N)(=O)=O)cc2)c1,30.2,active,"{1, 3, 4, 3.5139200000000015, 77.98, 381.3790000000001}",1.0,3.0,4.0,3.5139200000000015,77.98,381.3790000000001
CHEMBL15058,CC(C)(C)c1cc(C(=O)CCCC2CC2)cc2c1OCCC2(C)C,3000.0,active,"{0, 2, 5, 5.807200000000006, 328.4960000000001, 26.3}",0.0,2.0,5.0,5.807200000000006,328.4960000000001,26.3
CHEMBL43672,NS(=O)(=O)c1ccc(-n2cc(C(F)(F)F)nc2-c2cccc(F)c2)cc1,30.2,active,"{385.34200000000004, 1, 3, 4, 3.3446000000000016, 77.98}",385.34200000000004,1.0,3.0,4.0,3.3446000000000016,77.98
CHEMBL4436821,CC(Cl)C(=O)Nc1c(C#N)cnn1-c1ccc(S(N)(=O)=O)cc1,108.3,active,"{0.9571800000000001, 353.7910000000001, 2, 130.87, 4, 6}",0.9571800000000001,353.7910000000001,2.0,130.87,4.0,6.0
CHEMBL4532877,N#Cc1cnn(-c2ccc(S(N)(=O)=O)cc2)c1NC(=O)CN1CCOCC1,34.21,active,"{-0.33791999999999955, 2, 5, 390.42500000000024, 8, 143.33999999999997}",-0.33791999999999955,2.0,5.0,390.42500000000024,8.0,143.33999999999997
CHEMBL210300,COc1cc(/C=C/c2ccc([N+](=O)[O-])cc2)cc(OC)c1,5940.0,active,"{0, 3.7824000000000026, 4, 5, 285.29900000000004, 61.60000000000001}",0.0,3.7824000000000026,4.0,5.0,285.29900000000004,61.60000000000001
CHEMBL490673,O=[N+]([O-])c1ccc(/C=C/c2cc(O)cc(O)c2)cc1,31600.0,inactive,"{257.245, 2, 3, 4, 3.176400000000001, 83.60000000000001}",257.245,2.0,3.0,4.0,3.176400000000001,83.60000000000001
CHEMBL500387,CC(=O)O[C@@]12[C@H](OC(=O)[C@@H](C(C)C)N(C)C)[C@@H](C)[C@]3(O)[C@@H]4C=C(C)C(=O)[C@@H]4CC(CO)=C[C@H]3[C@@H]1C2(C)C,2200.0,active,"{2, 2.5230999999999995, 517.6630000000004, 6, 8, 113.37000000000002}",2.0,2.5230999999999995,517.6630000000004,6.0,8.0,113.37000000000002
CHEMBL331921,Cc1cnc2c(-c3ccc(F)cc3)c(-c3ccc(S(C)(=O)=O)cc3)nn2c1C,12.0,active,"{0, 64.33, 3, 4.2227400000000035, 5, 395.4590000000001}",0.0,64.33,3.0,4.2227400000000035,5.0,395.4590000000001
CHEMBL3322408,NS(=O)(=O)c1ccc(N2CCN=C2c2ccc(F)cc2)cc1,6900.0,active,"{1, 1.7399000000000002, 3, 4, 75.76, 319.361}",1.0,1.7399000000000002,3.0,4.0,75.76,319.361
CHEMBL25,CC(=O)Oc1ccccc1C(=O)O,2400.0,active,"{1, 2, 3, 1.3101, 180.15899999999996, 63.60000000000001}",1.0,2.0,3.0,1.3101,180.15899999999996,63.60000000000001
CHEMBL91,Clc1ccc(COC(Cn2ccnc2)c2ccc(Cl)cc2Cl)c(Cl)c1,25844.0,inactive,"{416.1350000000001, 0, 3, 6, 6.454800000000002, 27.05}",416.1350000000001,0.0,3.0,6.0,6.454800000000002,27.05
CHEMBL4849659,COc1ccc(N2CCN(CCc3c(C)nc4oc(-c5ccccc5)nn4c3=O)CC2)cc1,7.0,active,"{0, 3.031220000000001, 6, 8, 76.11000000000001, 445.5230000000002}",0.0,3.031220000000001,6.0,8.0,76.11000000000001,445.5230000000002
CHEMBL4878422,Cc1nc2oc(-c3ccc(Cl)cc3)nn2c(=O)c1CCN1CCN(c2ccccc2)CC1,40.0,active,"{0, 449.9420000000003, 66.88, 3.676020000000003, 5, 7}",0.0,449.9420000000003,66.88,3.676020000000003,5.0,7.0
CHEMBL118,Cc1ccc(-c2cc(C(F)(F)F)nn2-c2ccc(S(N)(=O)=O)cc2)cc1,640.0,active,"{1, 3, 4, 3.5139200000000006, 77.98, 381.3790000000001}",1.0,3.0,4.0,3.5139200000000006,77.98,381.3790000000001
CHEMBL2337402,Cc1c(CCOCCO[N+](=O)[O-])cc(-c2ccc(S(C)(=O)=O)cc2)n1-c1ccc(F)cc1,14.0,active,"{0, 3.7627200000000025, 100.66999999999999, 7, 10, 462.49900000000014}",0.0,3.7627200000000025,100.66999999999999,7.0,10.0,462.49900000000014
CHEMBL3104540,Cc1c(CC(=O)NCCCO)cc(-c2ccc(S(C)(=O)=O)cc2)n1-c1ccc(F)cc1,68.0,active,"{2, 3.0364200000000015, 5, 8, 88.4, 444.52800000000013}",2.0,3.0364200000000015,5.0,8.0,88.4,444.52800000000013
CHEMBL2315856,O=C(N[C@H]1CCC[C@@H]1COc1ccccc1)C1CCN(c2nc3cc(Cl)ccc3o2)CC1,33600.0,inactive,"{1, 67.6, 5, 453.9700000000003, 6, 5.061500000000005}",1.0,67.6,5.0,453.9700000000003,6.0,5.061500000000005
CHEMBL2315877,O=C(NC1CCCC1)C1CCN(c2nc3cc(Cl)ccc3o2)CC1,100000.0,inactive,"{1, 3, 4, 3.756400000000003, 58.370000000000005, 347.8460000000002}",1.0,3.0,4.0,3.756400000000003,58.370000000000005,347.8460000000002
CHEMBL4649027,COC(=O)[C@H](Cc1ccccc1)Nc1nc(Cl)nc(Nc2ccc(N3CCOCC3=O)cc2)n1,8000.0,active,"{482.9280000000003, 2, 2.8280000000000003, 8, 9, 118.57000000000001}",482.9280000000003,2.0,2.8280000000000003,8.0,9.0,118.57000000000001
CHEMBL4634582,COC(=O)[C@H](Cc1ccccc1)n1cc(COc2nc(Cl)nc(N3CCOCC3)n2)nn1,200.0,active,"{0, 1.4888999999999997, 8, 11, 459.89400000000023, 117.38000000000001}",0.0,1.4888999999999997,8.0,11.0,459.89400000000023,117.38000000000001
CHEMBL118,Cc1ccc(-c2cc(C(F)(F)F)nn2-c2ccc(S(N)(=O)=O)cc2)cc1,35.0,active,"{1, 3, 4, 3.5139200000000006, 77.98, 381.3790000000001}",1.0,3.0,4.0,3.5139200000000006,77.98,381.3790000000001
CHEMBL43366,Cc1c(C#N)cc(-c2ccc(S(C)(=O)=O)cc2)n1-c1ccc(F)cc1,750.0,active,"{0, 354.406, 3, 4, 3.8670000000000027, 62.86}",0.0,354.406,3.0,4.0,3.8670000000000027,62.86
CHEMBL270293,COc1cc(NCc2cccs2)nc(-c2ccc(S(C)(=O)=O)cc2)n1,400000008.0,inactive,"{1, 3.229300000000002, 6, 7, 81.17999999999999, 375.47500000000014}",1.0,3.229300000000002,6.0,7.0,81.17999999999999,375.47500000000014
CHEMBL269832,CS(=O)(=O)c1ccc(-c2nc(O)cc(NCc3ccccc3)n2)cc1,20284298.83,inactive,"{2, 355.41900000000004, 2.8648000000000016, 5, 6, 92.18}",2.0,355.41900000000004,2.8648000000000016,5.0,6.0,92.18
CHEMBL273118,CS(=O)(=O)c1ccc(-c2nc(NCc3cc4ccccc4s3)cc(C(F)(F)F)n2)cc1,293.4,active,"{1, 5, 6, 71.95, 5.392700000000003, 463.5060000000001}",1.0,5.0,6.0,71.95,5.392700000000003,463.5060000000001
CHEMBL29097,CC(C)c1ccc2c(c1)c(SC(C)(C)C)c(CC(C)(C)C(=O)O)n2Cc1ccc(Cl)cc1,58000.0,inactive,"{1, 3, 7, 8.010300000000008, 42.23, 472.09400000000016}",1.0,3.0,7.0,8.010300000000008,42.23,472.09400000000016
CHEMBL118,Cc1ccc(-c2cc(C(F)(F)F)nn2-c2ccc(S(N)(=O)=O)cc2)cc1,900.0,active,"{1, 3, 4, 3.5139200000000006, 77.98, 381.3790000000001}",1.0,3.0,4.0,3.5139200000000006,77.98,381.3790000000001
CHEMBL5409238,COc1cccc2[nH]cc(-c3cc(-c4ccccc4)oc3-c3ccccc3)c12,100000.0,inactive,"{1, 2, 4, 38.16, 6.770500000000005, 365.43200000000013}",1.0,2.0,4.0,38.16,6.770500000000005,365.43200000000013
CHEMBL305505,NS(=O)(=O)c1ccc(-c2coc(=O)n2-c2cccc3ccccc23)cc1,4698.94,active,"{1, 2.8981000000000012, 3, 5, 366.398, 95.30000000000001}",1.0,2.8981000000000012,3.0,5.0,366.398,95.30000000000001
CHEMBL125460,Cc1cc(=O)c(Oc2ccc(Br)cc2F)c(-c2ccc(S(C)(=O)=O)cc2)o1,149.97,active,"{0, 4, 5, 453.2850000000002, 4.712620000000004, 73.58000000000001}",0.0,4.0,5.0,453.2850000000002,4.712620000000004,73.58000000000001
CHEMBL4293133,C#CCSc1nc2ccccc2c(=O)n1-c1ccccc1,270.0,active,"{0, 34.89, 3, 292.363, 4, 3.1110000000000015}",0.0,34.89,3.0,292.363,4.0,3.1110000000000015
CHEMBL4289328,C#CCSc1nc2ccccc2c(=O)n1-c1ccc(OC)cc1,440.0,active,"{0, 322.38900000000007, 3.119600000000001, 4, 5, 44.120000000000005}",0.0,322.38900000000007,3.119600000000001,4.0,5.0,44.120000000000005
CHEMBL5280862,COc1ccnc(Nc2nn3c(C)cc(C)nc3c2C#N)c1,1110.0,active,"{1, 2.3650200000000003, 3, 294.318, 7, 88.13}",1.0,2.3650200000000003,3.0,294.318,7.0,88.13
CHEMBL29717,NS(=O)(=O)c1ccc(-n2nc(C(F)(F)F)cc2-c2ccc(Cl)c(Cl)c2)cc1,15.0,active,"{1, 3, 4, 4.512300000000002, 77.98, 436.2420000000001}",1.0,3.0,4.0,4.512300000000002,77.98,436.2420000000001
CHEMBL416146,Cc1ccc(-c2ncc(Cl)cc2-c2ccc(S(C)(=O)=O)cc2)cn1,810.0,active,"{0, 3, 4, 4.175920000000004, 358.8500000000001, 59.92}",0.0,3.0,4.0,4.175920000000004,358.8500000000001,59.92
CHEMBL2283165,CS(=O)(=O)c1ccc(/C=C(/C(=O)O)c2cccc(-c3ccc(S(C)(=O)=O)cc3)c2)cc1,2100.0,active,"{1, 3.7858000000000027, 5, 6, 456.54100000000017, 105.57999999999998}",1.0,3.7858000000000027,5.0,6.0,456.54100000000017,105.57999999999998
CHEMBL2283177,CC/C(=C(\c1ccccc1)c1ccc(NS(C)(=O)=O)cc1)c1ccccc1,1800.0,active,"{1, 2, 5.4272000000000045, 6, 46.17, 377.50900000000007}",1.0,2.0,5.4272000000000045,6.0,46.17,377.50900000000007
CHEMBL5076562,COc1ccc(NC(=O)c2ccccc2Nc2cccc(C(F)(F)F)c2)cc1,150000.0,inactive,"{2, 386.37300000000005, 3, 5, 5.709900000000003, 50.36}",2.0,386.37300000000005,3.0,5.0,5.709900000000003,50.36
CHEMBL325755,CS(=O)(=O)c1ccc(-n2cc(C(F)(F)F)nc2-c2cccnc2)cc1,1698.24,active,"{0, 64.85, 3, 3.356600000000002, 5, 367.35200000000003}",0.0,64.85,3.0,3.356600000000002,5.0,367.35200000000003
CHEMBL154,COc1ccc2cc([C@H](C)C(=O)O)ccc2c1,900.0,active,"{1, 2, 3, 3.036500000000001, 230.26299999999998, 46.53}",1.0,2.0,3.0,3.036500000000001,230.26299999999998,46.53
CHEMBL1578132,CC(=O)c1ccc(Nc2nc(N3CCOCC3)nc(N3CCOCC3)n2)cc1,1340.0,active,"{384.44000000000017, 1, 1.4909999999999997, 5, 9, 92.71000000000001}",384.44000000000017,1.0,1.4909999999999997,5.0,9.0,92.71000000000001
CHEMBL118,Cc1ccc(-c2cc(C(F)(F)F)nn2-c2ccc(S(N)(=O)=O)cc2)cc1,40.0,active,"{1, 3, 4, 3.5139200000000006, 77.98, 381.3790000000001}",1.0,3.0,4.0,3.5139200000000006,77.98,381.3790000000001
CHEMBL4472111,CCOC(=O)[C@H](CO)NC(=O)c1cccc(O)c1O,2220.0,active,"{-0.24840000000000084, 4, 5, 6, 269.253, 116.09}",-0.24840000000000084,4.0,5.0,6.0,269.253,116.09
CHEMBL184238,NC(=O)c1cccc(-c2cccc(OC(=O)NC3CCCCC3)c2)c1,100000.0,inactive,"{2, 3, 4, 3.8736000000000024, 81.42000000000002, 338.40700000000015}",2.0,3.0,4.0,3.8736000000000024,81.42000000000002,338.40700000000015
CHEMBL4462846,NC(=S)n1nc(-c2ccccc2)cc1-c1cn(-c2ccccc2)nc1-c1ccc(OCc2ccccc2)cc1,5200.0,active,"{1, 70.89, 7, 6, 6.740500000000005, 527.6530000000002}",1.0,70.89,7.0,6.0,6.740500000000005,527.6530000000002
CHEMBL5434060,O=C(CNc1ncnc2sc3c(c12)CCCC3)NN=Cc1cccs1,920.0,active,"{2, 3.1938000000000013, 5, 7, 79.27, 371.491}",2.0,3.1938000000000013,5.0,7.0,79.27,371.491
CHEMBL274990,CS(=O)(=O)c1ccc(-n2nc(C(F)(F)F)cc2-c2ccc(F)cc2)cc1,1100.0,active,"{384.35400000000004, 0, 3, 4, 4.1007000000000025, 51.96}",384.35400000000004,0.0,3.0,4.0,4.1007000000000025,51.96
CHEMBL118,Cc1ccc(-c2cc(C(F)(F)F)nn2-c2ccc(S(N)(=O)=O)cc2)cc1,40.0,active,"{1, 3, 4, 3.5139200000000006, 77.98, 381.3790000000001}",1.0,3.0,4.0,3.5139200000000006,77.98,381.3790000000001
CHEMBL5397391,CC1=NN(c2ccccc2)C(=O)/C1=C\c1cn(CCCOc2cc(O)c3c(=O)cc(-c4ccccc4)oc3c2)c2ccccc12,700.0,active,"{1, 97.27, 7, 8, 7.395500000000007, 595.6550000000002}",1.0,97.27,7.0,8.0,7.395500000000007,595.6550000000002
CHEMBL499068,COc1ccc(-c2c(-c3ccc(S(N)(=O)=O)cc3)[nH]c3ccccc23)cc1,0.006,active,"{2, 3, 4, 4.157900000000002, 85.18, 378.45300000000003}",2.0,3.0,4.0,4.157900000000002,85.18,378.45300000000003
CHEMBL3905241,Cc1cc(C)c2c(=O)n(CCCC(=O)O)sc2n1,302300.0,inactive,"{1, 1.93964, 4, 5, 72.19, 266.32199999999995}",1.0,1.93964,4.0,5.0,72.19,266.32199999999995
CHEMBL3906347,Cc1cc(C)c2c(=O)n(CC(=O)N3CCN(c4cccc(Cl)c4)CC3)sc2n1,605100.0,inactive,"{416.9340000000001, 0, 3, 3.077040000000002, 6, 58.440000000000005}",416.9340000000001,0.0,3.0,3.077040000000002,6.0,58.440000000000005
CHEMBL3977032,CCC(C(=O)N1CCN(c2ccccc2)CC1)n1sc2nc(C)cc(C)c2c1=O,251188.64,inactive,"{0, 3.374740000000002, 4, 58.440000000000005, 6, 410.54300000000023}",0.0,3.374740000000002,4.0,58.440000000000005,6.0,410.54300000000023
CHEMBL316786,CS(=O)(=O)c1ccc(-c2cc(Sc3ccccc3)sc2-c2ccc(F)cc2)cc1,66000.0,inactive,"{0, 34.14, 4, 5, 6.7759000000000045, 440.5860000000001}",0.0,34.14,4.0,5.0,6.7759000000000045,440.5860000000001
CHEMBL3954425,COc1ccc(C2CC(c3ccc(F)cc3)=NN2c2ccc(C(=O)O)cc2)cc1,100000.0,inactive,"{1, 4, 5, 390.4140000000001, 4.888200000000004, 62.129999999999995}",1.0,4.0,5.0,390.4140000000001,4.888200000000004,62.129999999999995
CHEMBL154,COc1ccc2cc([C@H](C)C(=O)O)ccc2c1,18900.0,inactive,"{1, 2, 3, 3.036500000000001, 230.26299999999998, 46.53}",1.0,2.0,3.0,3.036500000000001,230.26299999999998,46.53
CHEMBL94935,NS(=O)(=O)c1ccc(-n2nc(C(F)(F)F)c3c2-c2ccccc2CC3)cc1,1100.02,active,"{1, 2, 3.304100000000002, 4, 393.3900000000001, 77.98}",1.0,2.0,3.304100000000002,4.0,393.3900000000001,77.98
CHEMBL24837,COc1ccc2c(c1)c(CC(=O)NCCCCO)c(C)n2C(=O)c1ccc(Cl)cc1,280.0,active,"{2, 3.7314200000000026, 5, 8, 428.91600000000005, 80.56}",2.0,3.7314200000000026,5.0,8.0,428.91600000000005,80.56
CHEMBL281847,COc1ccc2c(c1)c(CC(=O)N[C@@H](C)CO)c(C)n2C(=O)c1ccc(Cl)cc1,270.0,active,"{2, 3.3397200000000025, 5, 6, 80.56, 414.8890000000001}",2.0,3.3397200000000025,5.0,6.0,80.56,414.8890000000001
CHEMBL4279217,NS(=O)(=O)c1ccc(/N=c2\scc(-c3cccs3)n2-c2ccccc2)cc1,12610.0,inactive,"{1, 4, 4.147100000000003, 6, 77.45000000000002, 413.54900000000004}",1.0,4.0,4.147100000000003,6.0,77.45000000000002,413.54900000000004
CHEMBL419268,Cc1oc(=O)n(-c2ccc(Cl)c(Cl)c2)c1-c1ccc(S(N)(=O)=O)cc1,230.0,active,"{1, 3, 3.360120000000002, 5, 399.2550000000001, 95.29999999999998}",1.0,3.0,3.360120000000002,5.0,399.2550000000001,95.29999999999998
CHEMBL118,Cc1ccc(-c2cc(C(F)(F)F)nn2-c2ccc(S(N)(=O)=O)cc2)cc1,220.0,active,"{1, 3, 4, 3.5139200000000006, 77.98, 381.3790000000001}",1.0,3.0,4.0,3.5139200000000006,77.98,381.3790000000001
CHEMBL127514,Cc1cc(=O)c(Oc2ccc(Br)cc2)c(-c2ccc(S(C)(=O)=O)cc2)o1,359.75,active,"{0, 4, 5, 4.573520000000004, 73.58000000000001, 435.2950000000002}",0.0,4.0,5.0,4.573520000000004,73.58000000000001,435.2950000000002
CHEMBL5075246,O=C(O)[C@H](OCc1cnnn1[C@@H](Cc1ccccc1)C(=O)O)[C@@H](OCc1cnnn1[C@@H](Cc1ccccc1)C(=O)O)C(=O)O,1000.0,active,"{608.5640000000004, 1.246199999999999, 4, 229.07999999999998, 12, 17}",608.5640000000004,1.246199999999999,4.0,229.07999999999998,12.0,17.0
CHEMBL5085345,COC(=O)[C@H](Cc1ccc(O)cc1)n1nncc1COc1ccc2ccccc2c1-c1c(OCc2cnnn2[C@@H](Cc2ccc(O)cc2)C(=O)OC)ccc2ccccc12,1500.0,active,"{2, 804.8600000000002, 7.325800000000008, 172.93999999999997, 14, 15}",2.0,804.8600000000002,7.325800000000008,172.93999999999997,14.0,15.0
CHEMBL116438,COc1cc(/C=C/C(=O)/C=C(O)/C=C/c2ccc(O)c(OC)c2)ccc1O,11060.0,inactive,"{96.22000000000001, 3, 3.852600000000003, 6, 7, 368.3850000000001}",96.22000000000001,3.0,3.852600000000003,6.0,7.0,368.3850000000001
CHEMBL127268,Cc1cc(=O)c(-c2ccccc2)c(-c2ccc(S(C)(=O)=O)cc2)o1,1840.77,active,"{0, 64.35, 3, 4, 3.6857200000000025, 340.4000000000001}",0.0,64.35,3.0,4.0,3.6857200000000025,340.4000000000001
CHEMBL571,CC(C(=O)O)c1cccc(C(=O)c2ccccc2)c1,785.0,active,"{1, 2, 3.1057000000000015, 4, 54.37, 254.285}",1.0,2.0,3.1057000000000015,4.0,54.37,254.285
CHEMBL5404379,Nc1c(C(=O)N/N=C/c2ccccc2)cnn1-c1ccc(S(N)(=O)=O)cc1,49.0,active,"{384.42100000000016, 0.8658, 3, 5, 7, 145.46}",384.42100000000016,0.8658,3.0,5.0,7.0,145.46
CHEMBL5431270,Nc1c(C(=O)N/N=C/c2ccc(Cl)cc2)cnn1-c1ccc(S(N)(=O)=O)cc1,90.0,active,"{1.5192, 418.86600000000016, 3, 5, 7, 145.46}",1.5192,418.86600000000016,3.0,5.0,7.0,145.46
CHEMBL5408885,Nc1c(C(=O)N/N=C/c2ccc([N+](=O)[O-])cc2)cnn1-c1ccc(S(N)(=O)=O)cc1,156.0,active,"{0.7739999999999997, 3, 6, 9, 429.4180000000002, 188.6}",0.7739999999999997,3.0,6.0,9.0,429.4180000000002,188.6
CHEMBL3104539,Cc1c(CC(=O)NCCO)cc(-c2ccc(S(C)(=O)=O)cc2)n1-c1ccc(F)cc1,1400.0,active,"{2, 2.646320000000001, 5, 7, 430.50100000000015, 88.4}",2.0,2.646320000000001,5.0,7.0,430.50100000000015,88.4
CHEMBL118,Cc1ccc(-c2cc(C(F)(F)F)nn2-c2ccc(S(N)(=O)=O)cc2)cc1,28.0,active,"{1, 3, 4, 3.5139200000000006, 77.98, 381.3790000000001}",1.0,3.0,4.0,3.5139200000000006,77.98,381.3790000000001
CHEMBL28881,CN(C)c1ccc(-c2cc(C(F)(F)F)nn2-c2ccc(S(N)(=O)=O)cc2)cc1,4.7,active,"{1, 3.2715000000000005, 4, 5, 81.22, 410.42100000000005}",1.0,3.2715000000000005,4.0,5.0,81.22,410.42100000000005
CHEMBL5284488,COc1ccc(N2C(=O)/C(=C/c3cn(-c4ccc(S(C)(=O)=O)cc4)nc3-c3cccc(Cl)c3)NC2=S)cc1,560.0,active,"{1, 4.867000000000004, 6, 7, 565.0760000000001, 93.53}",1.0,4.867000000000004,6.0,7.0,565.0760000000001,93.53
CHEMBL5275735,COc1ccc(/C=C2/SC(=S)C(Nc3nc4c(cnn4-c4ccccc4)c(=O)n3-c3ccccc3)C2=O)cc1OC,780.0,active,"{1, 100.27, 581.6790000000002, 5.053500000000004, 7, 11}",1.0,100.27,581.6790000000002,5.053500000000004,7.0,11.0
CHEMBL513184,NS(=O)(=O)c1ccc(-n2cc(-c3ccccc3)nn2)cc1,1300.0,active,"{1, 1.5817, 3, 5, 300.343, 90.87}",1.0,1.5817,3.0,5.0,300.343,90.87
CHEMBL1171834,CCCCC(Sc1nc(OCCC2CCCCC2)cc(OCCC2CCCCC2)n1)C(=O)O,10900.0,inactive,"{1, 6, 6.910500000000007, 14, 81.54, 478.69900000000035}",1.0,6.0,6.910500000000007,14.0,81.54,478.69900000000035
CHEMBL17091,CC(C)(C)c1cc(-c2nsc(N)n2)cc(C(C)(C)C)c1O,20000.0,inactive,"{1, 2, 4.087900000000003, 5, 72.03, 305.44700000000006}",1.0,2.0,4.087900000000003,5.0,72.03,305.44700000000006
CHEMBL5278421,C=CCn1c(-c2ccc(Cl)cc2)cs/c1=N\NC(=O)c1cc(NCCCC)c(Oc2ccccc2)c(S(N)(=O)=O)c1,1520.0,active,"{3, 612.1770000000002, 5.953400000000005, 8, 12, 127.81}",3.0,612.1770000000002,5.953400000000005,8.0,12.0,127.81
CHEMBL5267258,CCCCNc1cc(-c2n[nH]c(=S)n2-c2ccc(Br)cc2)cc(S(N)(=O)=O)c1Oc1ccccc1,170.0,active,"{3, 6.011090000000005, 7, 9, 115.02999999999999, 574.5260000000003}",3.0,6.011090000000005,7.0,9.0,115.02999999999999,574.5260000000003
CHEMBL5266912,COc1ccc(-c2nnc(/N=C3\NC(=O)CS3)s2)cc1OC,190.0,active,"{1, 2.0728, 4, 8, 336.3980000000001, 85.7}",1.0,2.0728,4.0,8.0,336.3980000000001,85.7
CHEMBL5274242,CSc1ccc(-c2cn3c(c2-c2ccccc2)CCC3)cc1,1000.0,active,"{0, 2, 3, 4.93, 5.490200000000004, 305.446}",0.0,2.0,3.0,4.93,5.490200000000004,305.446
CHEMBL5271087,CS(=O)(=O)c1ccc(C(=O)/C=C/c2cccc(Cl)c2Cl)cc1,180.0,active,"{0, 3, 355.2420000000001, 4, 4.293000000000003, 51.21}",0.0,3.0,355.2420000000001,4.0,4.293000000000003,51.21
CHEMBL5287970,CS(=O)(=O)c1ccc(-c2cc(-c3ccc(F)cc3)n(-c3ccc(S(N)(=O)=O)cc3)n2)cc1,43.0,active,"{1, 3.396300000000001, 5, 6, 112.11999999999999, 471.53500000000014}",1.0,3.396300000000001,5.0,6.0,112.11999999999999,471.53500000000014
CHEMBL5284988,CC(=O)Oc1cc2oc(-c3ccccc3)cc2cc1-c1c[se]nn1,50.0,active,"{0, 65.22, 3, 3.539100000000002, 5, 383.26500000000004}",0.0,65.22,3.0,3.539100000000002,5.0,383.26500000000004
CHEMBL5267795,COc1ccccc1/C=c1\c(=O)[nH]n2c(=O)c3ccccc3nc12,47.0,active,"{1, 2, 1.0922999999999994, 5, 76.46000000000001, 319.32000000000005}",1.0,2.0,1.0922999999999994,5.0,76.46000000000001,319.32000000000005
CHEMBL349564,CS(=O)(=O)c1ccc(-c2cnn(Cc3cccs3)c(=O)c2-c2ccc(F)cc2)cc1,50.0,active,"{0, 4.229700000000003, 69.03, 5, 6, 440.52100000000013}",0.0,4.229700000000003,69.03,5.0,6.0,440.52100000000013
CHEMBL118,Cc1ccc(-c2cc(C(F)(F)F)nn2-c2ccc(S(N)(=O)=O)cc2)cc1,280.0,active,"{1, 3, 4, 3.5139200000000006, 77.98, 381.3790000000001}",1.0,3.0,4.0,3.5139200000000006,77.98,381.3790000000001
CHEMBL296447,CS(=O)(=O)c1ccc(-n2cc(C(F)(F)F)nc2-c2ccc3c(c2)OCO3)cc1,169.82,active,"{0, 3, 3.6903000000000024, 70.42, 6, 410.37300000000016}",0.0,3.0,3.6903000000000024,70.42,6.0,410.37300000000016
CHEMBL432112,CS(=O)(=O)c1ccc(-n2cc(C(F)(F)F)nc2-c2ccc(F)cc2)cc1,100.0,active,"{384.35400000000004, 0, 3, 4, 4.1007000000000025, 51.96}",384.35400000000004,0.0,3.0,4.0,4.1007000000000025,51.96
CHEMBL4640256,COC(=O)[C@@H](N)Cc1cn(-c2nc(Cl)nc(N3CCCCC3)n2)c2ccccc12,20.0,active,"{1, 2.502, 99.16, 5, 8, 414.8970000000003}",1.0,2.502,99.16,5.0,8.0,414.8970000000003
CHEMBL4640306,Clc1nc(OCc2cn(Cc3ccccc3)nn2)nc(N2CCOCC2)n1,100.0,active,"{0, 1.5803999999999998, 387.83100000000024, 6, 9, 91.08}",0.0,1.5803999999999998,387.83100000000024,6.0,9.0,91.08
CHEMBL4635571,COC(=O)[C@H](Cc1ccc(O)cc1)n1cc(COc2nc(Cl)nc(N3CCCC3)n2)nn1,4000.0,active,"{128.38, 1, 1.9580999999999997, 8, 11, 459.89400000000023}",128.38,1.0,1.9580999999999997,8.0,11.0,459.89400000000023
CHEMBL3741026,C#Cc1cccc(Nc2ncnc3cc(OCCOC(=O)C(C)c4ccc(CC(C)C)cc4)c(OCCOC)cc23)c1,10000.0,inactive,"{1, 6.304100000000006, 8, 14, 567.6860000000003, 91.80000000000001}",1.0,6.304100000000006,8.0,14.0,567.6860000000003,91.80000000000001
CHEMBL316040,COc1ccc(-n2nc(CCC(=O)N(C)O)cc2-c2ccc(Cl)cc2)cc1,2850.0,active,"{385.851, 1, 67.59, 3.9815000000000023, 5, 6}",385.851,1.0,67.59,3.9815000000000023,5.0,6.0
CHEMBL118,Cc1ccc(-c2cc(C(F)(F)F)nn2-c2ccc(S(N)(=O)=O)cc2)cc1,380.0,active,"{1, 3, 4, 3.5139200000000006, 77.98, 381.3790000000001}",1.0,3.0,4.0,3.5139200000000006,77.98,381.3790000000001
CHEMBL118,Cc1ccc(-c2cc(C(F)(F)F)nn2-c2ccc(S(N)(=O)=O)cc2)cc1,17.79,active,"{1, 3, 4, 3.5139200000000006, 77.98, 381.3790000000001}",1.0,3.0,4.0,3.5139200000000006,77.98,381.3790000000001
CHEMBL4749004,O=C(NCCc1c[nH]c2ccccc12)c1cc2ccccc2cc1O,39210.0,inactive,"{65.12, 2, 3, 4, 3.9992000000000023, 330.38700000000006}",65.12,2.0,3.0,4.0,3.9992000000000023,330.38700000000006
CHEMBL4463619,CCCCCCCCCCCCCC1=CC(=O)C=C(OC)C1=O,880.0,active,"{320.47300000000007, 0, 3, 5.296000000000005, 43.370000000000005, 13}",320.47300000000007,0.0,3.0,5.296000000000005,43.370000000000005,13.0
CHEMBL275376,CC(C)S(=O)(=O)c1c(O)n(Cc2ccc(F)c(F)c2)c(=O)c2ccccc12,200.0,active,"{1, 3.215700000000002, 4, 5, 393.4110000000001, 76.37}",1.0,3.215700000000002,4.0,5.0,393.4110000000001,76.37
CHEMBL5422492,COc1ccc(/C=N/NC(=O)c2cnn(-c3ccc(S(N)(=O)=O)cc3)c2N)cc1,150.0,active,"{0.8744000000000001, 3, 6, 8, 154.69, 414.4470000000001}",0.8744000000000001,3.0,6.0,8.0,154.69,414.4470000000001
CHEMBL5286217,COc1cc(/C=C2\N=C(c3ccccc3)N(c3ccc(C(=O)O)cc3)C2=O)ccc1OC(=O)c1ccccc1,92.0,active,"{1, 5.447100000000004, 6, 518.5250000000003, 7, 105.5}",1.0,5.447100000000004,6.0,518.5250000000003,7.0,105.5
CHEMBL3810027,COC(=O)CNC(=O)[C@@H](NC(=O)OCc1ccccc1)C(C)C,75000.0,inactive,"{1.2266000000000004, 322.36100000000005, 2, 5, 7, 93.73}",1.2266000000000004,322.36100000000005,2.0,5.0,7.0,93.73
CHEMBL1020,Cc1ccc(C(=O)c2ccc(CC(=O)O)n2C)cc1,820.0,active,"{257.289, 1, 3, 4, 2.1916200000000003, 59.300000000000004}",257.289,1.0,3.0,4.0,2.1916200000000003,59.300000000000004
CHEMBL122,CS(=O)(=O)c1ccc(C2=C(c3ccccc3)C(=O)OC2)cc1,480.0,active,"{0, 2.5577000000000005, 3, 4, 314.3620000000001, 60.44}",0.0,2.5577000000000005,3.0,4.0,314.3620000000001,60.44
CHEMBL501208,CS(=O)(=O)c1ccc(-c2[nH]c3ccccc3c2-c2ccc(F)cc2)cc1,0.02,active,"{1, 2, 3, 5.044500000000004, 365.4290000000001, 49.93}",1.0,2.0,3.0,5.044500000000004,365.4290000000001,49.93
CHEMBL303728,COc1ccc(-n2c(-c3ccc(S(N)(=O)=O)cc3)coc2=O)cc1F,1129.8,active,"{1, 1.8926, 4, 6, 104.53, 364.3540000000001}",1.0,1.8926,4.0,6.0,104.53,364.3540000000001
CHEMBL118,Cc1ccc(-c2cc(C(F)(F)F)nn2-c2ccc(S(N)(=O)=O)cc2)cc1,36.0,active,"{1, 3, 4, 3.5139200000000006, 77.98, 381.3790000000001}",1.0,3.0,4.0,3.5139200000000006,77.98,381.3790000000001
CHEMBL96110,COc1cc2c(cc1F)-c1c(c(C(F)(F)F)nn1-c1ccc(S(C)(=O)=O)cc1)SC2,75.01,active,"{0, 3, 4.715000000000003, 6, 458.45800000000014, 61.190000000000005}",0.0,3.0,4.715000000000003,6.0,458.45800000000014,61.190000000000005
CHEMBL27733,CN(C)c1ccccc1-c1cc(C(F)(F)F)nn1-c1ccc(S(N)(=O)=O)cc1,14300.0,inactive,"{1, 3.2715000000000005, 4, 5, 81.22, 410.42100000000005}",1.0,3.2715000000000005,4.0,5.0,81.22,410.42100000000005
CHEMBL3775528,CCCCCCNC(=O)Oc1cccc(-c2ccc(C(C)C(=O)O)cc2N)c1,12100.0,inactive,"{384.47600000000017, 3, 4, 101.64999999999999, 4.792600000000002, 9}",384.47600000000017,3.0,4.0,101.64999999999999,4.792600000000002,9.0
CHEMBL29942,COc1ccccc1-c1cc(C(F)(F)F)nn1-c1ccc(S(N)(=O)=O)cc1,290.0,active,"{1, 3.2141, 4, 5, 397.37800000000004, 87.21000000000001}",1.0,3.2141,4.0,5.0,397.37800000000004,87.21000000000001
CHEMBL10345,CC(C)OC1=C(c2ccc(S(C)(=O)=O)cc2)C(C)(C)OC1=O,300.0,active,"{0, 2.561600000000001, 324.3980000000001, 5, 4, 69.67000000000002}",0.0,2.561600000000001,324.3980000000001,5.0,4.0,69.67000000000002
CHEMBL274990,CS(=O)(=O)c1ccc(-n2nc(C(F)(F)F)cc2-c2ccc(F)cc2)cc1,50.0,active,"{384.35400000000004, 0, 3, 4, 4.1007000000000025, 51.96}",384.35400000000004,0.0,3.0,4.0,4.1007000000000025,51.96
CHEMBL4218075,COC(=O)COc1ccc(/C=C/c2ccc([N+](=O)[O-])cc2)cc1,7461.0,active,"{0, 3.317000000000002, 5, 6, 78.67, 313.309}",0.0,3.317000000000002,5.0,6.0,78.67,313.309
CHEMBL272208,CC(C)Nc1cc(NCc2ccccc2)nc(-c2ccc(S(C)(=O)=O)cc2)n1,3652329.91,inactive,"{2, 3.9795000000000025, 6, 7, 396.51600000000013, 83.98}",2.0,3.9795000000000025,6.0,7.0,396.51600000000013,83.98
CHEMBL270078,CS(=O)(=O)c1ccc(-c2nc(Cl)cc(NCc3cccs3)n2)cc1,833335724.3,inactive,"{1, 3.874100000000002, 5, 6, 71.95, 379.89400000000006}",1.0,3.874100000000002,5.0,6.0,71.95,379.89400000000006
CHEMBL405071,CC(C)(C)c1cc(NCc2cccs2)nc(-c2ccc(S(C)(=O)=O)cc2)n1,32154369.64,inactive,"{1, 4.518200000000004, 5, 6, 71.95, 401.55700000000013}",1.0,4.518200000000004,5.0,6.0,71.95,401.55700000000013
CHEMBL255378,CC(C)c1cc(NCc2ccccc2)nc(-c2ccc(S(C)(=O)=O)cc2)n1,39525739.13,inactive,"{1, 4.282600000000002, 5, 6, 71.95, 381.50100000000015}",1.0,4.282600000000002,5.0,6.0,71.95,381.50100000000015
CHEMBL403827,CS(=O)(=O)c1ccc(-c2nc(NCc3ccc(N)cc3)cc(C(F)(F)F)n2)cc1,4732711.16,inactive,"{97.97, 2, 3.760200000000002, 5, 422.4320000000001, 6}",97.97,2.0,3.760200000000002,5.0,422.4320000000001,6.0
CHEMBL4553272,COc1ccc(/C=C/c2c(CC=C(C)C)c(O)cc(O)c2CC=C(C)C)cc1,4700.0,active,"{2, 3, 6.294200000000007, 7, 49.69, 378.5120000000001}",2.0,3.0,6.294200000000007,7.0,49.69,378.5120000000001
CHEMBL409468,NS(=O)(=O)c1ccc(-c2nc(NCc3ccco3)cc(C(F)(F)F)n2)cc1,2790.0,active,"{2, 3.0149000000000017, 5, 6, 398.36600000000004, 111.11000000000001}",2.0,3.0149000000000017,5.0,6.0,398.36600000000004,111.11000000000001
CHEMBL271337,NS(=O)(=O)c1ccc(-c2nc(NCc3cccs3)cc(C(F)(F)F)n2)cc1,157.6,active,"{97.97000000000001, 2, 3.4834000000000014, 5, 6, 414.434}",97.97000000000001,2.0,3.4834000000000014,5.0,6.0,414.434
CHEMBL28599,Cc1ccccc1-c1cc(C(F)(F)F)nn1-c1ccc(S(N)(=O)=O)cc1,69.0,active,"{1, 3, 4, 3.5139200000000006, 77.98, 381.3790000000001}",1.0,3.0,4.0,3.5139200000000006,77.98,381.3790000000001
CHEMBL29533,NS(=O)(=O)c1ccc(-n2nc(C(F)(F)F)cc2-c2ccccc2Cl)cc1,56.0,active,"{1, 3, 4, 3.858900000000002, 77.98, 401.797}",1.0,3.0,4.0,3.858900000000002,77.98,401.797
CHEMBL273118,CS(=O)(=O)c1ccc(-c2nc(NCc3cc4ccccc4s3)cc(C(F)(F)F)n2)cc1,3408317.15,inactive,"{1, 5, 6, 71.95, 5.392700000000003, 463.5060000000001}",1.0,5.0,6.0,71.95,5.392700000000003,463.5060000000001
CHEMBL271551,CS(=O)(=O)c1ccc(-c2nc(NCc3ccco3)cc(C(F)(F)F)n2)cc1,7142989.31,inactive,"{1, 3.7710000000000026, 5, 6, 397.37800000000004, 85.09}",1.0,3.7710000000000026,5.0,6.0,397.37800000000004,85.09
CHEMBL271338,CS(=O)(=O)c1ccc(-c2nc(NCc3cccs3)cc(C(F)(F)F)n2)cc1,476200667.7,inactive,"{1, 4.239500000000003, 5, 6, 71.95, 413.446}",1.0,4.239500000000003,5.0,6.0,71.95,413.446
CHEMBL403957,CS(=O)(=O)c1ccc(-c2nc(NCc3ccc(Cl)s3)cc(C(F)(F)F)n2)cc1,5.4,active,"{1, 4.892900000000003, 5, 6, 71.95, 447.8910000000001}",1.0,4.892900000000003,5.0,6.0,71.95,447.8910000000001
CHEMBL283425,NS(=O)(=O)c1ccc(-n2nc(C(F)(F)F)cc2-c2ccncc2)cc1,64700.0,inactive,"{1, 2.600500000000001, 3, 5, 368.34000000000003, 90.87}",1.0,2.600500000000001,3.0,5.0,368.34000000000003,90.87
CHEMBL122,CS(=O)(=O)c1ccc(C2=C(c3ccccc3)C(=O)OC2)cc1,427.9,active,"{0, 2.5577000000000005, 3, 4, 314.3620000000001, 60.44}",0.0,2.5577000000000005,3.0,4.0,314.3620000000001,60.44
CHEMBL129473,Cc1cc(=O)c(Oc2ccc([N+](=O)[O-])cc2)c(-c2ccc(S(C)(=O)=O)cc2)o1,3990.25,active,"{0, 3.7192200000000017, 5, 7, 401.39600000000013, 116.71999999999998}",0.0,3.7192200000000017,5.0,7.0,401.39600000000013,116.71999999999998
CHEMBL4173674,O=C1COCCN1c1ccc(Nc2nc(Cl)nc(NCc3ccccc3)n2)cc1,60000.0,inactive,"{2, 3.243900000000002, 6, 7, 410.8650000000001, 92.27}",2.0,3.243900000000002,6.0,7.0,410.8650000000001,92.27
CHEMBL118,Cc1ccc(-c2cc(C(F)(F)F)nn2-c2ccc(S(N)(=O)=O)cc2)cc1,40.0,active,"{1, 3, 4, 3.5139200000000006, 77.98, 381.3790000000001}",1.0,3.0,4.0,3.5139200000000006,77.98,381.3790000000001
CHEMBL4217988,N#Cc1cc(S(=O)(=O)Nc2ncns2)ccc1Oc1ccc(-c2cccc(C(F)(F)F)c2)cc1-c1ccnc(CNCCC2CCNCC2)c1,3650.0,active,"{3, 7.2299800000000065, 10, 12, 141.92, 719.8149999999996}",3.0,7.2299800000000065,10.0,12.0,141.92,719.8149999999996
CHEMBL3099220,CC(C)(C)c1cc(/C=N/NC(=O)c2ccncc2)c(O)c(C(C)(C)C)c1,7110.0,active,"{353.4660000000001, 2, 3, 4, 4.146100000000003, 74.58}",353.4660000000001,2.0,3.0,4.0,4.146100000000003,74.58
CHEMBL118,Cc1ccc(-c2cc(C(F)(F)F)nn2-c2ccc(S(N)(=O)=O)cc2)cc1,40.0,active,"{1, 3, 4, 3.5139200000000006, 77.98, 381.3790000000001}",1.0,3.0,4.0,3.5139200000000006,77.98,381.3790000000001
CHEMBL45139,COc1ccccc1-c1nc(C(F)(F)F)cn1-c1ccc(S(C)(=O)=O)cc1,100000.0,inactive,"{0, 3.970200000000003, 4, 5, 396.39000000000004, 61.190000000000005}",0.0,3.970200000000003,4.0,5.0,396.39000000000004,61.190000000000005
CHEMBL4754406,CS(=O)(=O)c1ccc(-c2csc(N/N=C/c3cccc(O)c3)n2)cc1,140.0,active,"{2, 3.3652000000000015, 5, 7, 373.45900000000006, 91.65}",2.0,3.3652000000000015,5.0,7.0,373.45900000000006,91.65
CHEMBL4795119,C/C(=N\NC(N)=O)c1nnn(-c2ccc(S(N)(=O)=O)cc2)c1C,420.0,active,"{-0.3845799999999995, 3, 4, 7, 337.3650000000001, 158.35}",-0.3845799999999995,3.0,4.0,7.0,337.3650000000001,158.35
CHEMBL346288,CS(=O)(=O)c1ccc(-c2sc3nncn3c2-c2ccccc2)cc1,446683592.2,inactive,"{0, 64.33, 3, 355.4440000000001, 3.5283000000000015, 6}",0.0,64.33,3.0,355.4440000000001,3.5283000000000015,6.0
CHEMBL118,Cc1ccc(-c2cc(C(F)(F)F)nn2-c2ccc(S(N)(=O)=O)cc2)cc1,1310.0,active,"{1, 3, 4, 3.5139200000000006, 77.98, 381.3790000000001}",1.0,3.0,4.0,3.5139200000000006,77.98,381.3790000000001
CHEMBL122,CS(=O)(=O)c1ccc(C2=C(c3ccccc3)C(=O)OC2)cc1,300.0,active,"{0, 2.5577000000000005, 3, 4, 314.3620000000001, 60.44}",0.0,2.5577000000000005,3.0,4.0,314.3620000000001,60.44
CHEMBL4561483,CC1(C)[C@@H](O)CC[C@]2(C)[C@H]3C(=O)C=C4[C@@H]5C[C@@](C)(CO)CC[C@]5(C)CC[C@@]4(C)[C@]3(C)CC[C@@H]12,40000.0,inactive,"{1, 2, 3, 6.320300000000008, 456.7110000000004, 57.53}",1.0,2.0,3.0,6.320300000000008,456.7110000000004,57.53
CHEMBL5169729,CS(=O)(=O)c1ccc(-n2c(-c3ccc(O[11CH3])c(F)c3)cnc2Cl)cc1,5.0,active,"{0, 3.7439000000000027, 4, 5, 379.82843360000004, 61.19}",0.0,3.7439000000000027,4.0,5.0,379.82843360000004,61.19
CHEMBL5200454,CS(=O)(=O)c1ccc(-c2cc(O[11CH3])nc(NCc3cccs3)n2)cc1,1.0,active,"{1, 3.229300000000002, 6, 7, 81.18, 374.47543360000003}",1.0,3.229300000000002,6.0,7.0,81.18,374.47543360000003
CHEMBL1710350,COC(=O)c1c(-c2ccccc2)noc1-c1ccccc1,100000.0,inactive,"{0, 3, 4, 3.795200000000002, 52.33, 279.295}",0.0,3.0,4.0,3.795200000000002,52.33,279.295
CHEMBL5276738,O=C(c1sc(N(c2ccccc2)c2ccccc2)nc1-c1ccc([N+](=O)[O-])cc1)c1cccc2ccccc12,70.0,active,"{0, 6, 7, 8.572300000000002, 76.34, 527.6050000000002}",0.0,6.0,7.0,8.572300000000002,76.34,527.6050000000002
CHEMBL5269512,CC1=NN(c2ccc(S(N)(=O)=O)cc2)C(=O)/C1=N/Nc1ccc(S(N)(=O)=O)cc1,660.0,active,"{0.17200000000000049, 3, 5, 8, 177.37999999999997, 436.4750000000001}",0.17200000000000049,3.0,5.0,8.0,177.37999999999997,436.4750000000001
CHEMBL5267320,CC[C@H](CO)[C@@](C)(O)C/C=C/C(C)(C)OC(=O)C[C@]1(C)C=CC[C@@H](C)[C@@]12C=CC(C)(CC)O2,650.0,active,"{2, 5, 5.510300000000006, 10, 75.99, 462.6710000000003}",2.0,5.0,5.510300000000006,10.0,75.99,462.6710000000003
CHEMBL5285524,CC(=O)N1NC(c2ccccc2)=CC1c1nnc2n(Cc3ccccc3)c(=O)c3c4c(sc3n12)CCCC4,540.0,active,"{1, 4, 4.4817000000000045, 8, 522.6340000000004, 84.53}",1.0,4.0,4.4817000000000045,8.0,522.6340000000004,84.53
CHEMBL282093,NS(=O)(=O)c1ccc(-n2nc(C(F)(F)F)cc2-c2ccc(Cl)cc2)cc1,0.45,active,"{1, 3, 4, 3.858900000000002, 77.98, 401.797}",1.0,3.0,4.0,3.858900000000002,77.98,401.797
CHEMBL52454,CS(=O)(=O)c1ccc(-c2ccccc2-c2ccc(F)c(Cl)c2)cc1,363.08,active,"{0, 2, 3, 34.14, 5.216600000000003, 360.8370000000001}",0.0,2.0,3.0,34.14,5.216600000000003,360.8370000000001
CHEMBL571,CC(C(=O)O)c1cccc(C(=O)c2ccccc2)c1,61.0,active,"{1, 2, 3.1057000000000015, 4, 54.37, 254.285}",1.0,2.0,3.1057000000000015,4.0,54.37,254.285
CHEMBL571,CC(C(=O)O)c1cccc(C(=O)c2ccccc2)c1,3800.0,active,"{1, 2, 3.1057000000000015, 4, 54.37, 254.285}",1.0,2.0,3.1057000000000015,4.0,54.37,254.285
CHEMBL154,COc1ccc2cc([C@H](C)C(=O)O)ccc2c1,9700.0,active,"{1, 2, 3, 3.036500000000001, 230.26299999999998, 46.53}",1.0,2.0,3.0,3.036500000000001,230.26299999999998,46.53
CHEMBL5271224,COc1cc(/C=c2\c(=O)[nH]n3c(=O)c4ccccc4nc23)cc(OC)c1OC,47.0,active,"{1, 1.1095, 4, 7, 379.3720000000002, 94.92000000000002}",1.0,1.1095,4.0,7.0,379.3720000000002,94.92000000000002
CHEMBL296411,COc1ccc(/C=C/c2cc(OC)cc(OC)c2)cc1,1667.0,active,"{0, 3, 3.882800000000003, 5, 270.328, 27.69}",0.0,3.0,3.882800000000003,5.0,270.328,27.69
CHEMBL1082723,C[C@H]1Cc2c([nH]c3cc(Cl)c(F)cc23)[C@@]2(N1)C(=O)Nc1ccc(Cl)cc12,30000.0,inactive,"{0, 2, 3, 4.343700000000003, 390.24500000000006, 56.92}",0.0,2.0,3.0,4.343700000000003,390.24500000000006,56.92
CHEMBL118,Cc1ccc(-c2cc(C(F)(F)F)nn2-c2ccc(S(N)(=O)=O)cc2)cc1,70.0,active,"{1, 3, 4, 3.5139200000000006, 77.98, 381.3790000000001}",1.0,3.0,4.0,3.5139200000000006,77.98,381.3790000000001
CHEMBL122,CS(=O)(=O)c1ccc(C2=C(c3ccccc3)C(=O)OC2)cc1,170.0,active,"{0, 2.5577000000000005, 3, 4, 314.3620000000001, 60.44}",0.0,2.5577000000000005,3.0,4.0,314.3620000000001,60.44
CHEMBL118,Cc1ccc(-c2cc(C(F)(F)F)nn2-c2ccc(S(N)(=O)=O)cc2)cc1,60.0,active,"{1, 3, 4, 3.5139200000000006, 77.98, 381.3790000000001}",1.0,3.0,4.0,3.5139200000000006,77.98,381.3790000000001
CHEMBL1939676,COc1ccc(-n2c(-c3ccc(S(C)(=O)=O)cc3)cc(CC(=O)OCCO[N+](=O)[O-])c2C)cc1,170.0,active,"{0, 3.158820000000002, 488.51800000000037, 9, 10, 126.97000000000003}",0.0,3.158820000000002,488.51800000000037,9.0,10.0,126.97000000000003
CHEMBL3104556,Cc1c(CC(=O)NCCO[N+](=O)[O-])cc(-c2ccc(S(C)(=O)=O)cc2)n1-c1ccc(F)cc1,240.0,active,"{1, 2.8623200000000013, 7, 9, 120.53999999999999, 475.49800000000016}",1.0,2.8623200000000013,7.0,9.0,120.53999999999999,475.49800000000016
CHEMBL4111609,Cc1c(CC(=O)N[C@H](CO[N+](=O)[O-])C(=O)O)cc(-c2ccc(S(C)(=O)=O)cc2)n1-c1cccc(F)c1,140.0,active,"{2, 2.315520000000001, 519.5070000000002, 8, 10, 157.84}",2.0,2.315520000000001,519.5070000000002,8.0,10.0,157.84
CHEMBL2337400,Cc1c(CCOCCO[N+](=O)[O-])cc(-c2ccc(S(C)(=O)=O)cc2)n1-c1ccccc1,17.0,active,"{0, 3.6236200000000025, 100.66999999999999, 7, 10, 444.5090000000001}",0.0,3.6236200000000025,100.66999999999999,7.0,10.0,444.5090000000001
CHEMBL5080730,CCOC(=O)[C@H](O)[C@@H](OCc1cnnn1[C@@H](Cc1ccccc1)C(=O)OC)C(=O)OCC,32000.0,inactive,"{0.6071999999999993, 449.4600000000002, 1, 11, 12, 139.07}",0.6071999999999993,449.4600000000002,1.0,11.0,12.0,139.07
CHEMBL118,Cc1ccc(-c2cc(C(F)(F)F)nn2-c2ccc(S(N)(=O)=O)cc2)cc1,115.0,active,"{1, 3, 4, 3.5139200000000006, 77.98, 381.3790000000001}",1.0,3.0,4.0,3.5139200000000006,77.98,381.3790000000001
CHEMBL3960755,COc1ccc(-c2ncn(CC(=O)O)c2-c2ccc(OC)cc2)cc1,12570.0,inactive,"{1, 3.318900000000002, 5, 6, 73.58000000000001, 338.363}",1.0,3.318900000000002,5.0,6.0,73.58000000000001,338.363
CHEMBL418574,NS(=O)(=O)c1ccc(-n2nc(C(F)(F)F)cc2-c2ccccc2F)cc1,58.0,active,"{385.34200000000004, 1, 3, 4, 3.3446000000000016, 77.98}",385.34200000000004,1.0,3.0,4.0,3.3446000000000016,77.98
CHEMBL25725,COc1ccc2c(c1)c(CC(=O)NCCCO)c(C)n2C(=O)c1ccc(Cl)cc1,1800.0,active,"{2, 3.3413200000000023, 5, 7, 80.56, 414.8890000000001}",2.0,3.3413200000000023,5.0,7.0,80.56,414.8890000000001
CHEMBL118,Cc1ccc(-c2cc(C(F)(F)F)nn2-c2ccc(S(N)(=O)=O)cc2)cc1,280.0,active,"{1, 3, 4, 3.5139200000000006, 77.98, 381.3790000000001}",1.0,3.0,4.0,3.5139200000000006,77.98,381.3790000000001
CHEMBL54370,Cc1ccc(-c2cc(F)c(F)cc2-c2ccc(S(N)(=O)=O)cc2)cc1,4.0,active,"{1, 2, 3, 4.254620000000003, 359.3970000000001, 60.160000000000004}",1.0,2.0,3.0,4.254620000000003,359.3970000000001,60.160000000000004
CHEMBL25,CC(=O)Oc1ccccc1C(=O)O,19800.0,inactive,"{1, 2, 3, 1.3101, 180.15899999999996, 63.60000000000001}",1.0,2.0,3.0,1.3101,180.15899999999996,63.60000000000001
CHEMBL118,Cc1ccc(-c2cc(C(F)(F)F)nn2-c2ccc(S(N)(=O)=O)cc2)cc1,120.0,active,"{1, 3, 4, 3.5139200000000006, 77.98, 381.3790000000001}",1.0,3.0,4.0,3.5139200000000006,77.98,381.3790000000001
CHEMBL118,Cc1ccc(-c2cc(C(F)(F)F)nn2-c2ccc(S(N)(=O)=O)cc2)cc1,45.0,active,"{1, 3, 4, 3.5139200000000006, 77.98, 381.3790000000001}",1.0,3.0,4.0,3.5139200000000006,77.98,381.3790000000001
CHEMBL118,Cc1ccc(-c2cc(C(F)(F)F)nn2-c2ccc(S(N)(=O)=O)cc2)cc1,150.0,active,"{1, 3, 4, 3.5139200000000006, 77.98, 381.3790000000001}",1.0,3.0,4.0,3.5139200000000006,77.98,381.3790000000001
CHEMBL4065986,NS(=O)(=O)c1ccc(-n2nc(C(=O)OCCOc3cc(=O)oc4ccccc34)cc2-c2ccccc2)cc1,540.0,active,"{1, 3.528900000000002, 8, 9, 143.72000000000003, 531.5460000000003}",1.0,3.528900000000002,8.0,9.0,143.72000000000003,531.5460000000003
CHEMBL4077653,COc1cccc(-c2cc(C(=O)OCCOc3cc(=O)oc4ccccc34)nn2-c2ccc(S(N)(=O)=O)cc2)c1,430.0,active,"{1, 3.5375000000000014, 9, 10, 561.5720000000002, 152.95}",1.0,3.5375000000000014,9.0,10.0,561.5720000000002,152.95
CHEMBL5401155,O=C(CNc1ncnc2sc3c(c12)CCCC3)NN=Cc1ccc([N+](=O)[O-])cc1,530.0,active,"{2, 3.0405000000000015, 6, 122.41, 8, 410.45900000000006}",2.0,3.0405000000000015,6.0,122.41,8.0,410.45900000000006
CHEMBL828,c1ccc2c(c1)Nc1ccccc1S2,532.0,active,"{0, 1, 2, 3.894800000000001, 199.278, 12.03}",0.0,1.0,2.0,3.894800000000001,199.278,12.03
CHEMBL49008,CC(C)(C)c1cc(/C=C2\SC(=O)NC2=O)cc(C(C)(C)C)c1O,4700.0,active,"{1, 2, 66.4, 4, 4.311100000000004, 333.4530000000001}",1.0,2.0,66.4,4.0,4.311100000000004,333.4530000000001
CHEMBL111045,CS(=O)(=O)c1ccc(C2=C(c3ccc(F)cc3)CC(C(F)(F)F)(C(F)(F)F)C2)cc1,67.0,active,"{0, 2, 3, 452.3910000000001, 34.14, 6.044800000000003}",0.0,2.0,3.0,452.3910000000001,34.14,6.044800000000003
CHEMBL4848882,COc1ccc2ccc(F)c(CC(=O)N/N=C/c3ccc(C(F)(F)F)cc3)c2n1,130.0,active,"{1, 4, 5, 4.094100000000003, 405.351, 63.58}",1.0,4.0,5.0,4.094100000000003,405.351,63.58
CHEMBL4127948,CC1=CC/C(=N/N=C(\C)c2cc3ccccc3oc2=O)N1C,310.0,active,"{0, 2, 3.1548000000000016, 4, 295.34200000000004, 58.17}",0.0,2.0,3.1548000000000016,4.0,295.34200000000004,58.17
CHEMBL118,Cc1ccc(-c2cc(C(F)(F)F)nn2-c2ccc(S(N)(=O)=O)cc2)cc1,20.0,active,"{1, 3, 4, 3.5139200000000006, 77.98, 381.3790000000001}",1.0,3.0,4.0,3.5139200000000006,77.98,381.3790000000001
CHEMBL25,CC(=O)Oc1ccccc1C(=O)O,400000.0,inactive,"{1, 2, 3, 1.3101, 180.15899999999996, 63.60000000000001}",1.0,2.0,3.0,1.3101,180.15899999999996,63.60000000000001
CHEMBL1170264,CCCCC(Sc1nc(OCCc2ccc(C(F)(F)F)cc2)cc(OCCc2ccc(C(F)(F)F)cc2)n1)C(=O)O,40000.0,inactive,"{1, 6, 7.492700000000007, 14, 81.54, 602.5970000000002}",1.0,6.0,7.492700000000007,14.0,81.54,602.5970000000002
CHEMBL325755,CS(=O)(=O)c1ccc(-n2cc(C(F)(F)F)nc2-c2cccnc2)cc1,1690.0,active,"{0, 64.85, 3, 3.356600000000002, 5, 367.35200000000003}",0.0,64.85,3.0,3.356600000000002,5.0,367.35200000000003
CHEMBL5080948,COC(=O)[C@H](Cc1c[nH]c2ccccc12)n1nncc1COc1ccc2ccccc2c1-c1c(OCc2cnnn2[C@@H](Cc2c[nH]c3ccccc23)C(=O)OC)ccc2ccccc12,2800.0,active,"{2, 164.06, 8.877200000000002, 12, 15, 850.936}",2.0,164.06,8.877200000000002,12.0,15.0,850.936
CHEMBL5282806,CS(=O)(=O)c1ccc(C(=O)/C=C/c2ccc(F)c(F)c2)cc1,180.0,active,"{0, 322.332, 3, 4, 3.264400000000002, 51.21}",0.0,322.332,3.0,4.0,3.264400000000002,51.21
CHEMBL5274403,CCOc1ccc(-c2cc(-c3ccc(Cl)cc3)n(-c3ccc(S(N)(=O)=O)cc3)n2)cc1,43.0,active,"{1, 4.905800000000005, 5, 453.95100000000014, 6, 87.21}",1.0,4.905800000000005,5.0,453.95100000000014,6.0,87.21
CHEMBL5281490,CCCCNc1cc(-c2n[nH]c(=S)n2-c2ccccc2)cc(S(N)(=O)=O)c1Oc1ccccc1,280.0,active,"{3, 5.248590000000003, 7, 9, 495.6300000000002, 115.02999999999999}",3.0,5.248590000000003,7.0,9.0,495.6300000000002,115.02999999999999
CHEMBL5273653,C=CCc1ccc(-n2c(-c3cc(NCCCC)c(Oc4ccccc4)c(S(N)(=O)=O)c3)n[nH]c2=S)cc1,4590.0,active,"{3, 5.977090000000005, 7, 11, 115.03, 535.6950000000002}",3.0,5.977090000000005,7.0,11.0,115.03,535.6950000000002
CHEMBL5278893,CCOc1cc(/C=C2\C(=O)N(c3ccc(S(N)(=O)=O)cc3)N=C2C)ccc1O,150.0,active,"{2, 2.244400000000001, 5, 6, 401.44400000000013, 122.28999999999999}",2.0,2.244400000000001,5.0,6.0,401.44400000000013,122.28999999999999
CHEMBL5266009,Cc1nnc(/N=C2\NC(=O)/C(=C/c3ccc(C(C)C)cc3)S2)s1,100.0,active,"{1, 67.24000000000001, 3, 3.8615200000000023, 6, 344.46500000000003}",1.0,67.24000000000001,3.0,3.8615200000000023,6.0,344.46500000000003
CHEMBL5284227,Cc1nnc(/N=C2\NC(=O)/C(=C/c3ccc(N(C)C)cc3)S2)s1,100.0,active,"{1, 2.804120000000001, 3, 70.48, 7, 345.45300000000003}",1.0,2.804120000000001,3.0,70.48,7.0,345.45300000000003
CHEMBL5285552,Cc1nnc(/N=C2\NC(=O)/C(=C/c3ccc(Br)cc3)S2)s1,100.0,active,"{1, 2, 67.24000000000001, 3.5006200000000014, 6, 381.28000000000003}",1.0,2.0,67.24000000000001,3.5006200000000014,6.0,381.28000000000003
CHEMBL5277740,Cc1nnc(/N=C2\NC(=O)/C(=C/c3ccc(F)cc3)S2)s1,100.0,active,"{320.374, 1, 2, 67.24000000000001, 2.877220000000001, 6}",320.374,1.0,2.0,67.24000000000001,2.877220000000001,6.0
CHEMBL5285490,Cc1nnc(/N=C2\NC(=O)/C(=C/c3cccnc3)S2)s1,250.0,active,"{1, 2, 2.13312, 7, 303.372, 80.13000000000001}",1.0,2.0,2.13312,7.0,303.372,80.13000000000001
CHEMBL29492,Cc1cc(-c2ccccc2)n(-c2ccc(S(N)(=O)=O)cc2)n1,62800.0,inactive,"{1, 2.495119999999999, 3, 4, 77.98, 313.38200000000006}",1.0,2.495119999999999,3.0,4.0,77.98,313.38200000000006
CHEMBL571,CC(C(=O)O)c1cccc(C(=O)c2ccccc2)c1,26.0,active,"{1, 2, 3.1057000000000015, 4, 54.37, 254.285}",1.0,2.0,3.1057000000000015,4.0,54.37,254.285
CHEMBL1201124,NC(CO)(CO)CO.O=C(c1ccccc1)c1ccc2n1CCC2C(=O)O,60500.0,inactive,"{-0.048200000000000076, 5, 6, 7, 146.01, 376.40900000000016}",-0.048200000000000076,5.0,6.0,7.0,146.01,376.40900000000016
CHEMBL274893,CS(=O)(=O)c1ccc(C2=C(c3ccc(F)cc3)CCC2)cc1,26.0,active,"{0, 2, 3, 34.14, 4.323900000000004, 316.3970000000001}",0.0,2.0,3.0,34.14,4.323900000000004,316.3970000000001
CHEMBL118,Cc1ccc(-c2cc(C(F)(F)F)nn2-c2ccc(S(N)(=O)=O)cc2)cc1,1070.0,active,"{1, 3, 4, 3.5139200000000006, 77.98, 381.3790000000001}",1.0,3.0,4.0,3.5139200000000006,77.98,381.3790000000001
CHEMBL29439,CNc1ccc(-c2cc(C(F)(F)F)nn2-c2ccc(S(N)(=O)=O)cc2)cc1,16.0,active,"{2, 3.2472000000000003, 4, 5, 396.39400000000006, 90.00999999999999}",2.0,3.2472000000000003,4.0,5.0,396.39400000000006,90.00999999999999
CHEMBL5270978,COC1CC(C2OC3CC(CCC4CC(O)CC(O)C4)CCC3OC2CO)CC(OC)C1O,9900.0,active,"{1.4030000000000002, 4, 7, 8, 117.84000000000002, 472.61900000000026}",1.4030000000000002,4.0,7.0,8.0,117.84000000000002,472.61900000000026
CHEMBL154,COc1ccc2cc([C@H](C)C(=O)O)ccc2c1,50000.0,inactive,"{1, 2, 3, 3.036500000000001, 230.26299999999998, 46.53}",1.0,2.0,3.0,3.036500000000001,230.26299999999998,46.53
CHEMBL1084,CS(=O)(=O)c1ccc(C2=C(c3ccccc3)C(=O)OC2O)cc1,8700.0,active,"{1, 1.8760999999999999, 3, 5, 330.36100000000005, 80.67}",1.0,1.8760999999999999,3.0,5.0,330.36100000000005,80.67
CHEMBL300982,CC1(C)Cc2c(-c3ccccc3)c(-c3ccc(Cl)cc3)c(CC(=O)O)n2C1,450.0,active,"{1, 2, 4, 5.684900000000004, 42.23, 379.88700000000017}",1.0,2.0,4.0,5.684900000000004,42.23,379.88700000000017
CHEMBL3950016,COC(=O)c1cccc(Nc2ccc([N+](=O)[O-])c3ccccc23)c1,100000.0,inactive,"{1, 322.32, 4, 5, 4.278200000000003, 81.47}",1.0,322.32,4.0,5.0,4.278200000000003,81.47
CHEMBL118,Cc1ccc(-c2cc(C(F)(F)F)nn2-c2ccc(S(N)(=O)=O)cc2)cc1,54.0,active,"{1, 3, 4, 3.5139200000000006, 77.98, 381.3790000000001}",1.0,3.0,4.0,3.5139200000000006,77.98,381.3790000000001
CHEMBL5282558,CCOP(=O)(OCC)C(NC(=O)c1cc(-c2cccc3ccccc23)n(-c2ccccc2F)n1)c1ccccc1,220.0,active,"{1, 6, 7.526300000000007, 10, 557.5620000000002, 82.45}",1.0,6.0,7.526300000000007,10.0,557.5620000000002,82.45
CHEMBL5277473,CCOP(=O)(OCC)C(NC(=O)c1cc(-c2cccc3ccccc23)n(-c2ccccc2F)n1)c1ccc(Cl)cc1,220.0,active,"{1, 6, 8.179700000000006, 10, 592.0070000000002, 82.45}",1.0,6.0,8.179700000000006,10.0,592.0070000000002,82.45
CHEMBL5286663,CCOP(=O)(OCC)C(NC(=O)c1cc(-c2cccc3ccccc23)n(-c2ccc(Br)cc2)n1)c1ccc(Cl)cc1,220.0,active,"{1, 6, 8.8031, 10, 652.913, 82.45}",1.0,6.0,8.8031,10.0,652.913,82.45
CHEMBL5285559,CCOP(=O)(OCC)C(NC(=O)c1cc(-c2cccc3ccccc23)n(-c2ccc(Br)cc2)n1)c1ccccc1OC,220.0,active,"{1, 7, 648.494, 8.158300000000006, 11, 91.68}",1.0,7.0,648.494,8.158300000000006,11.0,91.68
CHEMBL5279601,CCOP(=O)(OCC)C(NC(=O)c1cc(-c2cccs2)n(-c2ccc(S(N)(=O)=O)cc2)n1)c1ccccc1OC,220.0,active,"{2, 4.951500000000003, 10, 12, 151.84, 604.6470000000002}",2.0,4.951500000000003,10.0,12.0,151.84,604.6470000000002
CHEMBL5275786,COc1cc(/C=C/C(=O)c2cccc(-n3cnnn3)c2)cc(OC)c1OC,100.0,active,"{0, 2.5842, 7, 8, 366.3770000000002, 88.36000000000001}",0.0,2.5842,7.0,8.0,366.3770000000002,88.36000000000001
CHEMBL5266699,O=C(/C=C/c1cccnc1)c1cccc(-n2cnnn2)c1,100.0,active,"{0, 1.9533999999999996, 4, 6, 73.56, 277.28700000000003}",0.0,1.9533999999999996,4.0,6.0,73.56,277.28700000000003
CHEMBL4109772,Cc1c(CC(=O)N[C@H](CO)C(=O)O)cc(-c2ccc(S(C)(=O)=O)cc2)n1-c1ccc(F)cc1,160.0,active,"{2.09952, 3, 6, 8, 474.51000000000016, 125.70000000000002}",2.09952,3.0,6.0,8.0,474.51000000000016,125.70000000000002
CHEMBL122,CS(=O)(=O)c1ccc(C2=C(c3ccccc3)C(=O)OC2)cc1,1500.0,active,"{0, 2.5577000000000005, 3, 4, 314.3620000000001, 60.44}",0.0,2.5577000000000005,3.0,4.0,314.3620000000001,60.44
CHEMBL423638,COC1(c2cc(F)cc(OCc3cc(-c4ccccc4)n(-c4ccc(S(C)(=O)=O)cc4)n3)c2)CCOCC1,50.0,active,"{0, 5.313000000000005, 7, 8, 79.65, 536.6250000000001}",0.0,5.313000000000005,7.0,8.0,79.65,536.6250000000001
CHEMBL5399843,CCCCOc1nnc(CNc2ncnc3sc4c(c23)CCCC4)o1,4780.0,active,"{1, 3.744100000000002, 7, 8, 359.45500000000027, 85.96000000000001}",1.0,3.744100000000002,7.0,8.0,359.45500000000027,85.96000000000001
CHEMBL5403487,CC1=NN(C(=O)CNc2ncnc3sc4c(c23)CCCC4)C(C)(O)C1,2150.0,active,"{2, 3, 2.2987, 7, 359.45500000000027, 90.71000000000001}",2.0,3.0,2.2987,7.0,359.45500000000027,90.71000000000001
CHEMBL110876,Cc1ccsc1-c1nc(C(F)(F)F)cn1-c1ccc(S(C)(=O)=O)cc1,1100.0,active,"{0, 386.4200000000001, 3, 4.331520000000003, 5, 51.96}",0.0,386.4200000000001,3.0,4.331520000000003,5.0,51.96
CHEMBL122,CS(=O)(=O)c1ccc(C2=C(c3ccccc3)C(=O)OC2)cc1,500.0,active,"{0, 2.5577000000000005, 3, 4, 314.3620000000001, 60.44}",0.0,2.5577000000000005,3.0,4.0,314.3620000000001,60.44
CHEMBL118,Cc1ccc(-c2cc(C(F)(F)F)nn2-c2ccc(S(N)(=O)=O)cc2)cc1,1000.0,active,"{1, 3, 4, 3.5139200000000006, 77.98, 381.3790000000001}",1.0,3.0,4.0,3.5139200000000006,77.98,381.3790000000001
CHEMBL324863,COc1ccc(C2=C(c3ccc(S(C)(=O)=O)cc3)CCC2)cc1Cl,141.25,active,"{0, 3, 4, 4.846800000000004, 362.87800000000016, 43.370000000000005}",0.0,3.0,4.0,4.846800000000004,362.87800000000016,43.370000000000005
CHEMBL29923,Cc1cccc(-c2cc(C(F)(F)F)nn2-c2ccc(S(N)(=O)=O)cc2)c1,110.0,active,"{1, 3, 4, 3.5139200000000015, 77.98, 381.3790000000001}",1.0,3.0,4.0,3.5139200000000015,77.98,381.3790000000001
CHEMBL25,CC(=O)Oc1ccccc1C(=O)O,2400.0,active,"{1, 2, 3, 1.3101, 180.15899999999996, 63.60000000000001}",1.0,2.0,3.0,1.3101,180.15899999999996,63.60000000000001
CHEMBL118,Cc1ccc(-c2cc(C(F)(F)F)nn2-c2ccc(S(N)(=O)=O)cc2)cc1,19.0,active,"{1, 3, 4, 3.5139200000000006, 77.98, 381.3790000000001}",1.0,3.0,4.0,3.5139200000000006,77.98,381.3790000000001
CHEMBL42674,CSc1ccc(-c2nc(C(F)(F)F)cn2-c2ccc(S(N)(=O)=O)cc2)cc1Cl,10.0,active,"{1, 4, 5, 4.580800000000002, 77.98, 447.8910000000001}",1.0,4.0,5.0,4.580800000000002,77.98,447.8910000000001
CHEMBL416146,Cc1ccc(-c2ncc(Cl)cc2-c2ccc(S(C)(=O)=O)cc2)cn1,1100.0,active,"{0, 3, 4, 4.175920000000004, 358.8500000000001, 59.92}",0.0,3.0,4.0,4.175920000000004,358.8500000000001,59.92
CHEMBL122,CS(=O)(=O)c1ccc(C2=C(c3ccccc3)C(=O)OC2)cc1,210.0,active,"{0, 2.5577000000000005, 3, 4, 314.3620000000001, 60.44}",0.0,2.5577000000000005,3.0,4.0,314.3620000000001,60.44
CHEMBL42094,CS(=O)(=O)c1ccc(-n2cc(C(F)(F)F)nc2-c2cccc(C(F)(F)F)c2)cc1,208.93,active,"{0, 3, 4, 4.980400000000002, 434.36100000000005, 51.96}",0.0,3.0,4.0,4.980400000000002,434.36100000000005,51.96
CHEMBL126629,Cc1cc(=O)c(-c2ccc(Cl)cc2)c(-c2ccc(S(C)(=O)=O)cc2)o1,2147.83,active,"{0, 64.35, 3, 4, 4.339120000000004, 374.8450000000001}",0.0,64.35,3.0,4.0,4.339120000000004,374.8450000000001
CHEMBL118,Cc1ccc(-c2cc(C(F)(F)F)nn2-c2ccc(S(N)(=O)=O)cc2)cc1,49.0,active,"{1, 3, 4, 3.5139200000000006, 77.98, 381.3790000000001}",1.0,3.0,4.0,3.5139200000000006,77.98,381.3790000000001
CHEMBL499068,COc1ccc(-c2c(-c3ccc(S(N)(=O)=O)cc3)[nH]c3ccccc23)cc1,0.005998,active,"{2, 3, 4, 4.157900000000002, 85.18, 378.45300000000003}",2.0,3.0,4.0,4.157900000000002,85.18,378.45300000000003
CHEMBL501208,CS(=O)(=O)c1ccc(-c2[nH]c3ccccc3c2-c2ccc(F)cc2)cc1,0.02,active,"{1, 2, 3, 5.044500000000004, 365.4290000000001, 49.93}",1.0,2.0,3.0,5.044500000000004,365.4290000000001,49.93
CHEMBL122890,C=CCSS/C=C/C[S+]([O-])CC=C,3400.0,active,"{0, 3, 3.002200000000002, 8, 234.41099999999997, 23.06}",0.0,3.0,3.002200000000002,8.0,234.41099999999997,23.06
CHEMBL44466,Cc1ccccc1-c1nc(C(F)(F)F)cn1-c1ccc(S(C)(=O)=O)cc1,790.0,active,"{0, 3, 4, 4.270020000000003, 51.96, 380.3910000000001}",0.0,3.0,4.0,4.270020000000003,51.96,380.3910000000001
CHEMBL42651,COc1ccc(-c2nc(C(F)(F)F)cn2-c2ccc(S(C)(=O)=O)cc2)cc1F,151.36,active,"{0, 4, 5, 4.109300000000003, 61.190000000000005, 414.3800000000001}",0.0,4.0,5.0,4.109300000000003,61.190000000000005,414.3800000000001
CHEMBL118,Cc1ccc(-c2cc(C(F)(F)F)nn2-c2ccc(S(N)(=O)=O)cc2)cc1,56.7,active,"{1, 3, 4, 3.5139200000000006, 77.98, 381.3790000000001}",1.0,3.0,4.0,3.5139200000000006,77.98,381.3790000000001
CHEMBL418574,NS(=O)(=O)c1ccc(-n2nc(C(F)(F)F)cc2-c2ccccc2F)cc1,58.0,active,"{385.34200000000004, 1, 3, 4, 3.3446000000000016, 77.98}",385.34200000000004,1.0,3.0,4.0,3.3446000000000016,77.98
CHEMBL29842,COc1c(C(F)(F)F)nn(-c2ccc(S(N)(=O)=O)cc2)c1-c1ccccc1,80.0,active,"{1, 3.214100000000001, 4, 5, 397.37800000000016, 87.21000000000001}",1.0,3.214100000000001,4.0,5.0,397.37800000000016,87.21000000000001
CHEMBL118,Cc1ccc(-c2cc(C(F)(F)F)nn2-c2ccc(S(N)(=O)=O)cc2)cc1,540.0,active,"{1, 3, 4, 3.5139200000000006, 77.98, 381.3790000000001}",1.0,3.0,4.0,3.5139200000000006,77.98,381.3790000000001
CHEMBL525601,CC(=O)O[C@@]12[C@H](OC(=O)[C@H](C(C)C)N(C)C)[C@@H](C)[C@]3(O)[C@@H]4C=C(C)C(=O)[C@@H]4CC(CO)=C[C@H]3[C@@H]1C2(C)C,100000.0,inactive,"{2, 2.5230999999999995, 517.6630000000004, 6, 8, 113.37000000000002}",2.0,2.5230999999999995,517.6630000000004,6.0,8.0,113.37000000000002
CHEMBL323277,Cc1cccnc1-c1nc(C(F)(F)F)cn1-c1ccc(S(C)(=O)=O)cc1,5754.4,active,"{0, 64.85, 3, 3.665020000000003, 5, 381.3790000000001}",0.0,64.85,3.0,3.665020000000003,5.0,381.3790000000001
CHEMBL259972,COc1ccc(-c2noc(CC(=O)O)c2-c2ccc(OC)cc2)cc1,50000.0,inactive,"{1, 3.6529000000000025, 5, 6, 81.79, 339.34700000000004}",1.0,3.6529000000000025,5.0,6.0,81.79,339.34700000000004
CHEMBL118,Cc1ccc(-c2cc(C(F)(F)F)nn2-c2ccc(S(N)(=O)=O)cc2)cc1,880.0,active,"{1, 3, 4, 3.5139200000000006, 77.98, 381.3790000000001}",1.0,3.0,4.0,3.5139200000000006,77.98,381.3790000000001
CHEMBL421417,CS(=O)(=O)c1ccc(-n2cc(C(F)(F)F)nc2-c2cccs2)cc1,470.0,active,"{0, 3, 4.023100000000002, 5, 51.96, 372.39300000000003}",0.0,3.0,4.023100000000002,5.0,51.96,372.39300000000003
CHEMBL118,Cc1ccc(-c2cc(C(F)(F)F)nn2-c2ccc(S(N)(=O)=O)cc2)cc1,68.0,active,"{1, 3, 4, 3.5139200000000006, 77.98, 381.3790000000001}",1.0,3.0,4.0,3.5139200000000006,77.98,381.3790000000001
CHEMBL3912685,COc1ccc(C2CC(c3cccc(OC)c3)=NN2c2ccc(C(=O)O)cc2)cc1,100000.0,inactive,"{1, 4.757700000000003, 5, 6, 71.36, 402.4500000000001}",1.0,4.757700000000003,5.0,6.0,71.36,402.4500000000001
CHEMBL55072,COc1ccc(-c2cc(F)c(F)cc2-c2ccc(S(N)(=O)=O)cc2)cc1F,13.0,active,"{1, 3, 4, 69.39, 4.093900000000002, 393.3860000000001}",1.0,3.0,4.0,69.39,4.093900000000002,393.3860000000001
CHEMBL118,Cc1ccc(-c2cc(C(F)(F)F)nn2-c2ccc(S(N)(=O)=O)cc2)cc1,57.0,active,"{1, 3, 4, 3.5139200000000006, 77.98, 381.3790000000001}",1.0,3.0,4.0,3.5139200000000006,77.98,381.3790000000001
CHEMBL5283256,COc1cc(C(=O)O)cc(O)c1O,23400.0,inactive,"{0.8045999999999998, 2, 3, 4, 86.99000000000001, 184.147}",0.8045999999999998,2.0,3.0,4.0,86.99000000000001,184.147
CHEMBL71372,Cc1oc(=O)n(-c2ccc(F)cc2)c1-c1ccc(S(N)(=O)=O)cc1,510.5,active,"{1, 2.1924200000000003, 3, 5, 348.3550000000001, 95.29999999999998}",1.0,2.1924200000000003,3.0,5.0,348.3550000000001,95.29999999999998
CHEMBL29620,NS(=O)(=O)c1ccc(-n2nc(C(F)(F)F)cc2-c2cccc(F)c2)cc1,7730.0,active,"{385.34200000000004, 1, 3, 4, 3.3446000000000016, 77.98}",385.34200000000004,1.0,3.0,4.0,3.3446000000000016,77.98
CHEMBL282838,NS(=O)(=O)c1ccc(-n2nc(CO)cc2-c2ccc(Cl)cc2)cc1,830.0,active,"{2, 98.21000000000001, 4, 5, 2.3324000000000007, 363.826}",2.0,98.21000000000001,4.0,5.0,2.3324000000000007,363.826
CHEMBL118,Cc1ccc(-c2cc(C(F)(F)F)nn2-c2ccc(S(N)(=O)=O)cc2)cc1,10.0,active,"{1, 3, 4, 3.5139200000000006, 77.98, 381.3790000000001}",1.0,3.0,4.0,3.5139200000000006,77.98,381.3790000000001
CHEMBL273420,NS(=O)(=O)c1ccc(-n2nc(C(F)(F)F)c3c2-c2ccccc2SC3)cc1,460.0,active,"{1, 2, 3.811200000000002, 5, 77.98, 411.43000000000006}",1.0,2.0,3.811200000000002,5.0,77.98,411.43000000000006
CHEMBL118,Cc1ccc(-c2cc(C(F)(F)F)nn2-c2ccc(S(N)(=O)=O)cc2)cc1,120.0,active,"{1, 3, 4, 3.5139200000000006, 77.98, 381.3790000000001}",1.0,3.0,4.0,3.5139200000000006,77.98,381.3790000000001
CHEMBL85139,O=c1c2ccccc2nc2n1CCc1c-2[nH]c2ccccc12,300.0,active,"{0, 1, 3, 3.100900000000001, 50.68, 287.322}",0.0,1.0,3.0,3.100900000000001,50.68,287.322
CHEMBL416146,Cc1ccc(-c2ncc(Cl)cc2-c2ccc(S(C)(=O)=O)cc2)cn1,1100.0,active,"{0, 3, 4, 4.175920000000004, 358.8500000000001, 59.92}",0.0,3.0,4.0,4.175920000000004,358.8500000000001,59.92
CHEMBL274473,Cc1nc(-c2ccc(S(C)(=O)=O)cc2)c(-c2ccc(F)cc2)s1,120.0,active,"{0, 3, 4, 4.328120000000003, 47.03, 347.436}",0.0,3.0,4.0,4.328120000000003,47.03,347.436
CHEMBL297108,Cc1ccc(-c2nc(C(F)(F)F)cn2-c2ccc(S(N)(=O)=O)cc2)cc1,39.81,active,"{1, 3, 4, 3.5139200000000015, 77.98, 381.3790000000001}",1.0,3.0,4.0,3.5139200000000015,77.98,381.3790000000001
CHEMBL323277,Cc1cccnc1-c1nc(C(F)(F)F)cn1-c1ccc(S(C)(=O)=O)cc1,5800.0,active,"{0, 64.85, 3, 3.665020000000003, 5, 381.3790000000001}",0.0,64.85,3.0,3.665020000000003,5.0,381.3790000000001
CHEMBL122,CS(=O)(=O)c1ccc(C2=C(c3ccccc3)C(=O)OC2)cc1,760.0,active,"{0, 2.5577000000000005, 3, 4, 314.3620000000001, 60.44}",0.0,2.5577000000000005,3.0,4.0,314.3620000000001,60.44
CHEMBL108201,COc1ccc(C2=C(c3ccc(S(C)(=O)=O)cc3)CCC2)cc1,0.5,active,"{0, 3, 4, 4.193400000000004, 328.4330000000001, 43.370000000000005}",0.0,3.0,4.0,4.193400000000004,328.4330000000001,43.370000000000005
CHEMBL118,Cc1ccc(-c2cc(C(F)(F)F)nn2-c2ccc(S(N)(=O)=O)cc2)cc1,36.0,active,"{1, 3, 4, 3.5139200000000006, 77.98, 381.3790000000001}",1.0,3.0,4.0,3.5139200000000006,77.98,381.3790000000001
CHEMBL89578,CC1(C)CC(c2ccc(F)cc2)=C(c2ccc(S(C)(=O)=O)cc2)C1,15.0,active,"{0, 2, 3, 34.14, 4.960000000000005, 344.4510000000001}",0.0,2.0,3.0,34.14,4.960000000000005,344.4510000000001
CHEMBL300982,CC1(C)Cc2c(-c3ccccc3)c(-c3ccc(Cl)cc3)c(CC(=O)O)n2C1,370.0,active,"{1, 2, 4, 5.684900000000004, 42.23, 379.88700000000017}",1.0,2.0,4.0,5.684900000000004,42.23,379.88700000000017
CHEMBL17161,CSc1cc(N)ccc1/N=N/c1ccc(S(N)(=O)=O)cc1,2040.0,active,"{322.4150000000001, 2, 4, 3.0535000000000005, 6, 110.89999999999998}",322.4150000000001,2.0,4.0,3.0535000000000005,6.0,110.89999999999998
CHEMBL118,Cc1ccc(-c2cc(C(F)(F)F)nn2-c2ccc(S(N)(=O)=O)cc2)cc1,330.0,active,"{1, 3, 4, 3.5139200000000006, 77.98, 381.3790000000001}",1.0,3.0,4.0,3.5139200000000006,77.98,381.3790000000001
CHEMBL122,CS(=O)(=O)c1ccc(C2=C(c3ccccc3)C(=O)OC2)cc1,20.0,active,"{0, 2.5577000000000005, 3, 4, 314.3620000000001, 60.44}",0.0,2.5577000000000005,3.0,4.0,314.3620000000001,60.44
CHEMBL27975,NS(=O)(=O)c1ccc(-n2ncc(Br)c2-c2ccc(Cl)cc2)cc1,31.0,active,"{1, 3, 4, 3.6026000000000016, 77.98, 412.69600000000014}",1.0,3.0,4.0,3.6026000000000016,77.98,412.69600000000014
CHEMBL72631,COc1ccc2c(c1)c(CC(=O)N1CCOCC1)c(C)n2C(=O)c1ccc(Cl)cc1,33000.0,inactive,"{0, 3.701520000000002, 4, 5, 426.9000000000001, 60.769999999999996}",0.0,3.701520000000002,4.0,5.0,426.9000000000001,60.769999999999996
CHEMBL2337401,Cc1c(CCOCCO[N+](=O)[O-])cc(-c2ccc(S(C)(=O)=O)cc2)n1-c1cccc(F)c1,28.0,active,"{0, 3.7627200000000025, 100.66999999999999, 7, 10, 462.49900000000014}",0.0,3.7627200000000025,100.66999999999999,7.0,10.0,462.49900000000014
CHEMBL122,CS(=O)(=O)c1ccc(C2=C(c3ccccc3)C(=O)OC2)cc1,760.0,active,"{0, 2.5577000000000005, 3, 4, 314.3620000000001, 60.44}",0.0,2.5577000000000005,3.0,4.0,314.3620000000001,60.44
CHEMBL95021,NS(=O)(=O)c1ccc(-n2nc(C(F)(F)F)c3c2-c2ccccc2OC3)cc1,1318.26,active,"{1, 2, 3.097900000000002, 5, 395.3620000000001, 87.21000000000001}",1.0,2.0,3.097900000000002,5.0,395.3620000000001,87.21000000000001
CHEMBL118,Cc1ccc(-c2cc(C(F)(F)F)nn2-c2ccc(S(N)(=O)=O)cc2)cc1,190.0,active,"{1, 3, 4, 3.5139200000000006, 77.98, 381.3790000000001}",1.0,3.0,4.0,3.5139200000000006,77.98,381.3790000000001
CHEMBL122,CS(=O)(=O)c1ccc(C2=C(c3ccccc3)C(=O)OC2)cc1,500.0,active,"{0, 2.5577000000000005, 3, 4, 314.3620000000001, 60.44}",0.0,2.5577000000000005,3.0,4.0,314.3620000000001,60.44
CHEMBL118,Cc1ccc(-c2cc(C(F)(F)F)nn2-c2ccc(S(N)(=O)=O)cc2)cc1,540.0,active,"{1, 3, 4, 3.5139200000000006, 77.98, 381.3790000000001}",1.0,3.0,4.0,3.5139200000000006,77.98,381.3790000000001
CHEMBL118,Cc1ccc(-c2cc(C(F)(F)F)nn2-c2ccc(S(N)(=O)=O)cc2)cc1,70.0,active,"{1, 3, 4, 3.5139200000000006, 77.98, 381.3790000000001}",1.0,3.0,4.0,3.5139200000000006,77.98,381.3790000000001
CHEMBL24874,COc1ccc2c(c1)c(CC(=O)N[C@H](C)CO)c(C)n2C(=O)c1ccc(Cl)cc1,170.0,active,"{2, 3.3397200000000025, 5, 6, 80.56, 414.8890000000001}",2.0,3.3397200000000025,5.0,6.0,80.56,414.8890000000001
CHEMBL118,Cc1ccc(-c2cc(C(F)(F)F)nn2-c2ccc(S(N)(=O)=O)cc2)cc1,6.0,active,"{1, 3, 4, 3.5139200000000006, 77.98, 381.3790000000001}",1.0,3.0,4.0,3.5139200000000006,77.98,381.3790000000001
CHEMBL16434,CC(C)(C)c1cc(/C=C2\SC(N=C(N)N)=NC2=O)cc(C(C)(C)C)c1O,21000.0,inactive,"{1, 3, 4, 3.2309000000000023, 114.05999999999999, 374.5100000000001}",1.0,3.0,4.0,3.2309000000000023,114.05999999999999,374.5100000000001
CHEMBL42940,COc1c(Br)cc(-c2nc(C(F)(F)F)cn2-c2ccc(S(C)(=O)=O)cc2)cc1Br,90.0,active,"{0, 4, 5, 5.495200000000003, 554.1820000000001, 61.190000000000005}",0.0,4.0,5.0,5.495200000000003,554.1820000000001,61.190000000000005
CHEMBL122,CS(=O)(=O)c1ccc(C2=C(c3ccccc3)C(=O)OC2)cc1,25.0,active,"{0, 2.5577000000000005, 3, 4, 314.3620000000001, 60.44}",0.0,2.5577000000000005,3.0,4.0,314.3620000000001,60.44
CHEMBL5284626,CCCCNc1cc(C(=O)n2nc(C)cc2-c2ccccc2)cc(S(N)(=O)=O)c1Oc1ccccc1,320.0,active,"{2, 5.198720000000003, 7, 9, 116.30999999999999, 504.6120000000002}",2.0,5.198720000000003,7.0,9.0,116.30999999999999,504.6120000000002
CHEMBL5273595,Cc1nnc(/N=C2\NC(=O)/C(=C/C=C/c3ccccc3)S2)s1,250.0,active,"{1, 67.24000000000001, 3, 3.2943200000000017, 6, 328.422}",1.0,67.24000000000001,3.0,3.2943200000000017,6.0,328.422
CHEMBL5277657,CCOP(=O)(OCC)C(NC(=O)c1cc(-c2cccc3ccccc23)n(-c2ccc(S(N)(=O)=O)cc2)n1)c1ccccc1,220.0,active,"{2, 6.034600000000005, 8, 618.6520000000002, 11, 142.61}",2.0,6.034600000000005,8.0,618.6520000000002,11.0,142.61
CHEMBL5273397,CCOP(=O)(OCC)C(NC(=O)c1cc(-c2ccsc2)n(-c2ccc(S(N)(=O)=O)cc2)n1)c1ccc(Cl)cc1,220.0,active,"{609.0660000000001, 2, 5.596300000000005, 9, 11, 142.61}",609.0660000000001,2.0,5.596300000000005,9.0,11.0,142.61
CHEMBL5274783,CCOP(=O)(OCC)C(NC(=O)c1cc(-c2cccc(Cl)c2)n(-c2ccc(S(N)(=O)=O)cc2)n1)c1ccc(Br)cc1,280.0,active,"{2, 6.297300000000005, 8, 681.9330000000001, 11, 142.61}",2.0,6.297300000000005,8.0,681.9330000000001,11.0,142.61
CHEMBL5286186,COc1ccc(-c2cc(-c3cccc(-n4cnnn4)c3)no2)cc1,41.0,active,"{0, 2.9929000000000006, 4, 7, 78.86, 319.32400000000007}",0.0,2.9929000000000006,4.0,7.0,78.86,319.32400000000007
CHEMBL5269531,COc1cc(-c2cc(-c3cccc(-n4cnnn4)c3)no2)cc(OC)c1OC,41.0,active,"{0, 97.32000000000001, 3.0101000000000004, 6, 9, 379.3760000000002}",0.0,97.32000000000001,3.0101000000000004,6.0,9.0,379.3760000000002
CHEMBL745,NS(=O)(=O)c1ccc(-n2nc(C(F)(F)F)cc2-c2ccc(CO)cc2)cc1,93300.0,inactive,"{2, 98.21000000000001, 4, 5, 2.697800000000001, 397.3780000000001}",2.0,98.21000000000001,4.0,5.0,2.697800000000001,397.3780000000001
CHEMBL52285,CS(=O)(=O)c1ccc(C2=C(c3cccc(F)c3)C(=O)OC2)cc1,1300.0,active,"{0, 2.6968000000000014, 3, 4, 332.3520000000001, 60.44}",0.0,2.6968000000000014,3.0,4.0,332.3520000000001,60.44
CHEMBL28,O=c1cc(-c2ccc(O)cc2)oc2cc(O)cc(O)c12,8000.0,active,"{1, 2.576800000000001, 3, 5, 270.24, 90.9}",1.0,2.576800000000001,3.0,5.0,270.24,90.9
CHEMBL29842,COc1c(C(F)(F)F)nn(-c2ccc(S(N)(=O)=O)cc2)c1-c1ccccc1,80.0,active,"{1, 3.214100000000001, 4, 5, 397.37800000000016, 87.21000000000001}",1.0,3.214100000000001,4.0,5.0,397.37800000000016,87.21000000000001
CHEMBL5279109,CCCCCC1C(C)=c2c(OCc3nnc(SCC(=O)N4CCN(c5ccccc5)CC4)o3)nn(C)c(=O)c2=C1C,6800.0,active,"{0, 578.7390000000003, 2.7345000000000015, 10, 11, 106.59}",0.0,578.7390000000003,2.7345000000000015,10.0,11.0,106.59
CHEMBL118,Cc1ccc(-c2cc(C(F)(F)F)nn2-c2ccc(S(N)(=O)=O)cc2)cc1,10.25,active,"{1, 3, 4, 3.5139200000000006, 77.98, 381.3790000000001}",1.0,3.0,4.0,3.5139200000000006,77.98,381.3790000000001
CHEMBL122,CS(=O)(=O)c1ccc(C2=C(c3ccccc3)C(=O)OC2)cc1,32.0,active,"{0, 2.5577000000000005, 3, 4, 314.3620000000001, 60.44}",0.0,2.5577000000000005,3.0,4.0,314.3620000000001,60.44
CHEMBL274990,CS(=O)(=O)c1ccc(-n2nc(C(F)(F)F)cc2-c2ccc(F)cc2)cc1,66.0,active,"{384.35400000000004, 0, 3, 4, 4.1007000000000025, 51.96}",384.35400000000004,0.0,3.0,4.0,4.1007000000000025,51.96
CHEMBL122,CS(=O)(=O)c1ccc(C2=C(c3ccccc3)C(=O)OC2)cc1,329.0,active,"{0, 2.5577000000000005, 3, 4, 314.3620000000001, 60.44}",0.0,2.5577000000000005,3.0,4.0,314.3620000000001,60.44
CHEMBL4279921,CS(=O)(=O)c1ccc(-c2cc(-c3ccc(F)cc3)no2)cc1,100000.0,inactive,"{0, 3, 4, 3.5512000000000024, 60.17, 317.341}",0.0,3.0,4.0,3.5512000000000024,60.17,317.341
CHEMBL122,CS(=O)(=O)c1ccc(C2=C(c3ccccc3)C(=O)OC2)cc1,2000.0,active,"{0, 2.5577000000000005, 3, 4, 314.3620000000001, 60.44}",0.0,2.5577000000000005,3.0,4.0,314.3620000000001,60.44
CHEMBL274990,CS(=O)(=O)c1ccc(-n2nc(C(F)(F)F)cc2-c2ccc(F)cc2)cc1,90.0,active,"{384.35400000000004, 0, 3, 4, 4.1007000000000025, 51.96}",384.35400000000004,0.0,3.0,4.0,4.1007000000000025,51.96
CHEMBL4285341,NS(=O)(=O)c1ccc(-c2conc2-c2ccc(F)cc2)cc1,42.0,active,"{1, 2.7951000000000015, 3, 4, 86.19000000000001, 318.329}",1.0,2.7951000000000015,3.0,4.0,86.19000000000001,318.329
CHEMBL13623,CC(C)(C)c1cc(C(=O)CCCC2CC2)cc2c1OCC2(C)C,220.0,active,"{0, 2, 26.3, 5, 5.417100000000005, 314.46900000000005}",0.0,2.0,26.3,5.0,5.417100000000005,314.46900000000005
CHEMBL88532,COc1ccc(C2=C(c3ccc(S(N)(=O)=O)cc3)CC3(CC3)C2)cc1F,1.995,active,"{1, 3, 4, 69.39, 3.9665000000000026, 373.4490000000002}",1.0,3.0,4.0,69.39,3.9665000000000026,373.4490000000002
CHEMBL346094,CS(=O)(=O)c1ccc(-c2c(-c3ccccc3)sc3ncnn23)cc1,32359365.69,inactive,"{0, 64.33, 3, 355.4440000000001, 3.5283000000000024, 6}",0.0,64.33,3.0,355.4440000000001,3.5283000000000024,6.0
CHEMBL106023,NS(=O)(=O)c1ccc(-n2cc(C(F)(F)F)nc2-c2cncc(Br)c2)cc1,338.84,active,"{1, 3, 3.3630000000000013, 5, 90.87, 447.23600000000005}",1.0,3.0,3.3630000000000013,5.0,90.87,447.23600000000005
CHEMBL111356,CN(C)c1ccc(C2=C(c3ccc(S(N)(=O)=O)cc3)CCC2)cc1Cl,1.995,active,"{1, 3, 4, 4.148100000000003, 376.9090000000001, 63.4}",1.0,3.0,4.0,4.148100000000003,376.9090000000001,63.4
CHEMBL327900,CS(=O)(=O)c1ccc(C2=C(c3ccc(F)cc3)CC3(CCCC3)C2)cc1,62.0,active,"{0, 2, 3, 34.14, 5.494200000000005, 370.48900000000026}",0.0,2.0,3.0,34.14,5.494200000000005,370.48900000000026
CHEMBL499069,COc1ccc(-c2c(-c3ccc(S(C)(=O)=O)cc3)[nH]c3ccccc23)cc1,20.0,active,"{1, 3, 4, 4.914000000000003, 377.46500000000003, 59.160000000000004}",1.0,3.0,4.0,4.914000000000003,377.46500000000003,59.160000000000004
CHEMBL118,Cc1ccc(-c2cc(C(F)(F)F)nn2-c2ccc(S(N)(=O)=O)cc2)cc1,410.0,active,"{1, 3, 4, 3.5139200000000006, 77.98, 381.3790000000001}",1.0,3.0,4.0,3.5139200000000006,77.98,381.3790000000001
CHEMBL122,CS(=O)(=O)c1ccc(C2=C(c3ccccc3)C(=O)OC2)cc1,260.0,active,"{0, 2.5577000000000005, 3, 4, 314.3620000000001, 60.44}",0.0,2.5577000000000005,3.0,4.0,314.3620000000001,60.44
CHEMBL3290441,COc1cc(/C=C/c2cc(/C=C/c3cc(CC=C(C)C)c(O)c(OC)c3)[nH]n2)cc(CC=C(C)C)c1O,13.0,active,"{3, 5, 7.196300000000007, 10, 500.63900000000024, 87.60000000000001}",3.0,5.0,7.196300000000007,10.0,500.63900000000024,87.60000000000001
CHEMBL29133,Cc1c(C(F)(F)F)nn(-c2ccc(S(N)(=O)=O)cc2)c1-c1ccc(Cl)cc1,22.0,active,"{1, 3, 4, 4.167320000000003, 77.98, 415.8240000000002}",1.0,3.0,4.0,4.167320000000003,77.98,415.8240000000002
CHEMBL414883,C[C@@H]1C[C@H]2O[C@@H]2/C=C\C=C\C(=O)Cc2c(Cl)c(O)cc(O)c2C(=O)O1,27.0,active,"{0, 96.36, 2, 2.6916000000000015, 6, 364.78100000000006}",0.0,96.36,2.0,2.6916000000000015,6.0,364.78100000000006
CHEMBL512578,Oc1cc(O)cc(-c2cc3ccc(O)cc3o2)c1,22300.0,inactive,"{1, 3, 4, 3.2165999999999997, 73.83, 242.23}",1.0,3.0,4.0,3.2165999999999997,73.83,242.23
CHEMBL118,Cc1ccc(-c2cc(C(F)(F)F)nn2-c2ccc(S(N)(=O)=O)cc2)cc1,40.0,active,"{1, 3, 4, 3.5139200000000006, 77.98, 381.3790000000001}",1.0,3.0,4.0,3.5139200000000006,77.98,381.3790000000001
CHEMBL127211,Cc1cc(=O)c(Oc2ccc(F)cc2F)c(-c2ccc(S(C)(=O)=O)cc2)o1,80.0,active,"{0, 4, 5, 4.089220000000004, 392.3790000000001, 73.58000000000001}",0.0,4.0,5.0,4.089220000000004,392.3790000000001,73.58000000000001
CHEMBL285831,NS(=O)(=O)c1ccc(-n2nc(C(F)(F)F)cc2-c2ccc(C(F)(F)F)cc2)cc1,8230.0,active,"{1, 3, 4, 4.224300000000002, 77.98, 435.34900000000005}",1.0,3.0,4.0,4.224300000000002,77.98,435.34900000000005
CHEMBL4550999,CCCCCCCCCCCCCCCC1=CC(=O)C=C(OC)C1=O,8970.0,active,"{0, 3, 6.076200000000006, 43.370000000000005, 15, 348.52700000000004}",0.0,3.0,6.076200000000006,43.370000000000005,15.0,348.52700000000004
CHEMBL5267080,CCCCNc1cc(C(=O)N/N=c2\scc(-c3ccc(Cl)cc3)n2-c2ccccc2)cc(S(N)(=O)=O)c1Oc1ccccc1,1520.0,active,"{3, 6.756600000000006, 648.2100000000002, 8, 11, 127.80999999999999}",3.0,6.756600000000006,648.2100000000002,8.0,11.0,127.80999999999999
CHEMBL5285214,O=C1CS/C(=N/c2nnc(-c3ccc(Br)cc3)s2)N1,190.0,active,"{1, 2, 355.24199999999996, 67.24, 2.8181000000000003, 6}",1.0,2.0,355.24199999999996,67.24,2.8181000000000003,6.0
CHEMBL465371,CC(C)=CCc1c([C@@H]2CCc3ccc(O)cc3O2)cc2c(c1O)OC(C)(C)C=C2,100000.0,inactive,"{2, 3, 4, 5.857000000000006, 392.4950000000002, 58.92}",2.0,3.0,4.0,5.857000000000006,392.4950000000002,58.92
CHEMBL42549,CS(=O)(=O)c1ccc(-n2cc(C(F)(F)F)nc2-c2cccc([N+](=O)[O-])c2)cc1,580.0,active,"{0, 3.8698000000000032, 4, 6, 411.3610000000001, 95.1}",0.0,3.8698000000000032,4.0,6.0,411.3610000000001,95.1
CHEMBL5288220,CC1=NN(c2ccc(S(N)(=O)=O)cc2)C(=O)/C1=N/Nc1ccc(C(=O)O)cc1,770.0,active,"{1.2227999999999994, 3, 5, 7, 401.40400000000005, 154.51999999999998}",1.2227999999999994,3.0,5.0,7.0,401.40400000000005,154.51999999999998
CHEMBL5274140,CCc1ccc(-c2ccc(-n3cc(CNC(=O)C(=O)c4c[nH]c5ccccc45)nn3)cc2)cc1,120.0,active,"{449.51400000000007, 2, 4.477100000000002, 5, 7, 92.67}",449.51400000000007,2.0,4.477100000000002,5.0,7.0,92.67
CHEMBL5282224,O=C1c2ccccc2C(=O)N1c1nc2cc([N+](=O)[O-])ccc2n1Cc1ccc(-c2ccccc2)cc1,1000.0,active,"{0, 98.34, 5, 6, 5.460400000000004, 474.47600000000017}",0.0,98.34,5.0,6.0,5.460400000000004,474.47600000000017
CHEMBL5288527,CC(=O)N1N=C(C)/C(=N\Nc2cccc(-c3nc4ccccc4[nH]3)c2)C1=O,120.0,active,"{2, 3, 2.7624000000000004, 102.81, 6, 360.37700000000007}",2.0,3.0,2.7624000000000004,102.81,6.0,360.37700000000007
CHEMBL865,Cc1onc(-c2ccccc2)c1-c1ccc(S(N)(=O)=O)cc1,660.0,active,"{1, 2.9644200000000005, 3, 4, 86.19, 314.36600000000004}",1.0,2.9644200000000005,3.0,4.0,86.19,314.36600000000004
CHEMBL118,Cc1ccc(-c2cc(C(F)(F)F)nn2-c2ccc(S(N)(=O)=O)cc2)cc1,300.0,active,"{1, 3, 4, 3.5139200000000006, 77.98, 381.3790000000001}",1.0,3.0,4.0,3.5139200000000006,77.98,381.3790000000001
CHEMBL274893,CS(=O)(=O)c1ccc(C2=C(c3ccc(F)cc3)CCC2)cc1,300.0,active,"{0, 2, 3, 34.14, 4.323900000000004, 316.3970000000001}",0.0,2.0,3.0,34.14,4.323900000000004,316.3970000000001
CHEMBL282360,COc1ccc(-c2cc(C(F)(F)F)nn2-c2ccc(S(N)(=O)=O)cc2)cc1OC,600.0,active,"{96.44000000000001, 1, 3.2227000000000006, 5, 6, 427.40400000000017}",96.44000000000001,1.0,3.2227000000000006,5.0,6.0,427.40400000000017
CHEMBL45090,CS(=O)(=O)c1ccc(-n2cc(C(F)(F)F)nc2-c2cc(Cl)cc(Cl)c2)cc1,170.0,active,"{0, 3, 4, 5.268400000000002, 435.25400000000013, 51.96}",0.0,3.0,4.0,5.268400000000002,435.25400000000013,51.96
CHEMBL118,Cc1ccc(-c2cc(C(F)(F)F)nn2-c2ccc(S(N)(=O)=O)cc2)cc1,1310.0,active,"{1, 3, 4, 3.5139200000000006, 77.98, 381.3790000000001}",1.0,3.0,4.0,3.5139200000000006,77.98,381.3790000000001
CHEMBL465194,O=C1CC(c2ccc(O)cc2O)Oc2cc(O)cc(O)c21,46400.0,inactive,"{288.25500000000005, 1, 2.215500000000001, 4, 6, 107.22000000000001}",288.25500000000005,1.0,2.215500000000001,4.0,6.0,107.22000000000001
CHEMBL5282826,CCCCNc1cc(C(=O)N2N=C(C)CC2=O)cc(S(N)(=O)=O)c1Oc1ccccc1,5110.0,active,"{2, 131.16, 3.0867000000000013, 7, 8, 444.51300000000015}",2.0,131.16,3.0867000000000013,7.0,8.0,444.51300000000015
CHEMBL5276315,C/C(=N\NC(=O)c1nnn(-c2ccc(S(N)(=O)=O)cc2)c1C)c1nnn(-c2ccc(S(N)(=O)=O)cc2)c1C,2610.0,active,"{-0.0863599999999991, 3, 7, 12, 558.6060000000002, 223.20000000000002}",-0.0863599999999991,3.0,7.0,12.0,558.6060000000002,223.20000000000002
CHEMBL316846,CN1C/C(=C\c2cccs2)C2=NN(c3ccccc3)C(c3cccs3)C2C1,2.0,active,"{0, 3, 5, 5.372100000000004, 391.56500000000005, 18.84}",0.0,3.0,5.0,5.372100000000004,391.56500000000005,18.84
CHEMBL5269974,CN1C/C(=C\c2ccc([N+](=O)[O-])s2)C2=NN(c3ccccc3)C(c3ccc([N+](=O)[O-])s3)C2C1,2.0,active,"{0, 481.55900000000014, 5, 5.188500000000004, 9, 105.12}",0.0,481.55900000000014,5.0,5.188500000000004,9.0,105.12
CHEMBL4440435,CCOc1ccc(-c2cc(C(=O)N3CCSCC3)nn2-c2ccc(S(N)(=O)=O)cc2)cc1,970.0,active,"{1, 2.774400000000001, 6, 7, 107.51999999999998, 472.59200000000016}",1.0,2.774400000000001,6.0,7.0,107.51999999999998,472.59200000000016
CHEMBL4443996,NS(=O)(=O)c1ccc(-n2nc(C(=O)N3CCSCC3)cc2-c2ccc(F)cc2)cc1,210.0,active,"{1, 98.29, 2.514800000000001, 4, 6, 446.5290000000001}",1.0,98.29,2.514800000000001,4.0,6.0,446.5290000000001
CHEMBL122,CS(=O)(=O)c1ccc(C2=C(c3ccccc3)C(=O)OC2)cc1,292.0,active,"{0, 2.5577000000000005, 3, 4, 314.3620000000001, 60.44}",0.0,2.5577000000000005,3.0,4.0,314.3620000000001,60.44
CHEMBL85139,O=c1c2ccccc2nc2n1CCc1c-2[nH]c2ccccc12,280.0,active,"{0, 1, 3, 3.100900000000001, 50.68, 287.322}",0.0,1.0,3.0,3.100900000000001,50.68,287.322
CHEMBL122,CS(=O)(=O)c1ccc(C2=C(c3ccccc3)C(=O)OC2)cc1,211.0,active,"{0, 2.5577000000000005, 3, 4, 314.3620000000001, 60.44}",0.0,2.5577000000000005,3.0,4.0,314.3620000000001,60.44
CHEMBL122,CS(=O)(=O)c1ccc(C2=C(c3ccccc3)C(=O)OC2)cc1,170.0,active,"{0, 2.5577000000000005, 3, 4, 314.3620000000001, 60.44}",0.0,2.5577000000000005,3.0,4.0,314.3620000000001,60.44
CHEMBL118,Cc1ccc(-c2cc(C(F)(F)F)nn2-c2ccc(S(N)(=O)=O)cc2)cc1,540.0,active,"{1, 3, 4, 3.5139200000000006, 77.98, 381.3790000000001}",1.0,3.0,4.0,3.5139200000000006,77.98,381.3790000000001
CHEMBL117,O=c1cc(-c2ccccc2)oc2cc(O)cc(O)c12,25500.0,inactive,"{1, 2, 2.8712000000000013, 4, 70.67, 254.24099999999999}",1.0,2.0,2.8712000000000013,4.0,70.67,254.24099999999999
CHEMBL1034,O=C([O-])Cc1ccccc1Nc1c(Cl)cccc1Cl.[Na+],800.0,active,"{0.03339999999999904, 1, 3, 4, 52.16, 318.135}",0.03339999999999904,1.0,3.0,4.0,52.16,318.135
CHEMBL5425523,COc1ccc(C=NNC(=O)CNc2ncnc3sc4c(c23)CCCC4)cc1,2980.0,active,"{2, 3.140900000000001, 6, 7, 395.4880000000002, 88.5}",2.0,3.140900000000001,6.0,7.0,395.4880000000002,88.5
CHEMBL5406863,O=C(CNc1ncnc2sc3c(c12)CCCC3)NN=C1C(=O)Nc2ccccc21,3860.0,active,"{2.4546, 3, 4, 7, 108.37, 406.47100000000006}",2.4546,3.0,4.0,7.0,108.37,406.47100000000006
CHEMBL118,Cc1ccc(-c2cc(C(F)(F)F)nn2-c2ccc(S(N)(=O)=O)cc2)cc1,310.0,active,"{1, 3, 4, 3.5139200000000006, 77.98, 381.3790000000001}",1.0,3.0,4.0,3.5139200000000006,77.98,381.3790000000001
CHEMBL5268826,CCCCNc1cc(C(=O)N/N=c2\scc(-c3ccc(C)cc3)n2-c2ccc(Br)cc2)cc(S(N)(=O)=O)c1Oc1ccccc1,1520.0,active,"{706.6880000000001, 3, 7.1741200000000065, 8, 11, 127.80999999999999}",706.6880000000001,3.0,7.1741200000000065,8.0,11.0,127.80999999999999
CHEMBL5267453,CN1C/C(=C\c2ccc(Br)s2)C2=NN(c3ccccc3)C(c3ccc(Br)s3)C2C1,2.0,active,"{0, 3, 5, 549.357, 6.897100000000005, 18.84}",0.0,3.0,5.0,549.357,6.897100000000005,18.84
CHEMBL5285788,Cc1ccc(-c2nc(N3CCOCC3)sc2C(=O)c2cccs2)cc1,90.0,active,"{0, 4, 4.247620000000004, 6, 42.43000000000001, 370.499}",0.0,4.0,4.247620000000004,6.0,42.43000000000001,370.499
CHEMBL5276364,CCOP(=O)(OCC)C(NC(=O)c1cc(-c2cccc3ccccc23)n(-c2ccc(F)cc2)n1)c1ccc(OC)cc1,220.0,active,"{1, 7, 7.5349000000000075, 11, 587.5880000000002, 91.68}",1.0,7.0,7.5349000000000075,11.0,587.5880000000002,91.68
CHEMBL5285268,CCOP(=O)(OCC)C(NC(=O)c1cc(-c2cccc3ccccc23)n(-c2ccc(Br)cc2)n1)c1ccc(OC)cc1,220.0,active,"{1, 7, 648.494, 8.158300000000006, 11, 91.68}",1.0,7.0,648.494,8.158300000000006,11.0,91.68
CHEMBL5287406,CCOP(=O)(OCC)C(NC(=O)c1cc(-c2ccsc2)n(-c2ccc(S(N)(=O)=O)cc2)n1)c1ccccc1,220.0,active,"{2, 4.942900000000003, 9, 11, 142.61, 574.6210000000002}",2.0,4.942900000000003,9.0,11.0,142.61,574.6210000000002
CHEMBL5273684,CCOP(=O)(OCC)C(NC(=O)c1cc(-c2ccsc2)n(-c2ccc(S(N)(=O)=O)cc2)n1)c1ccc(OC)cc1,220.0,active,"{2, 4.951500000000003, 10, 12, 151.84, 604.6470000000002}",2.0,4.951500000000003,10.0,12.0,151.84,604.6470000000002
CHEMBL5268637,CCOP(=O)(OCC)C(NC(=O)c1cc(-c2ccc(Br)cc2)n(-c2ccc(S(N)(=O)=O)cc2)n1)c1ccccc1,280.0,active,"{2, 5.643900000000005, 647.488, 8, 11, 142.61}",2.0,5.643900000000005,647.488,8.0,11.0,142.61
CHEMBL5280343,CCOP(=O)(OCC)C(NC(=O)c1cc(-c2ccc(C)cc2)n(-c2ccc(S(N)(=O)=O)cc2)n1)c1ccc(Br)cc1,280.0,active,"{2, 5.952320000000006, 8, 11, 142.61, 661.5150000000002}",2.0,5.952320000000006,8.0,11.0,142.61,661.5150000000002
CHEMBL5281224,CCOP(=O)(OCC)C(NC(=O)c1cc(-c2cccc(F)c2)n(-c2ccc(S(N)(=O)=O)cc2)n1)c1ccc(Br)cc1,280.0,active,"{2, 5.783000000000005, 8, 11, 142.61, 665.4780000000002}",2.0,5.783000000000005,8.0,11.0,142.61,665.4780000000002
CHEMBL5283788,CN(C)c1ccc(/C=C/C(=O)c2cccc(-n3cnnn3)c2)cc1,100.0,active,"{0, 2.6244000000000005, 5, 6, 319.368, 63.910000000000004}",0.0,2.6244000000000005,5.0,6.0,319.368,63.910000000000004
CHEMBL118,Cc1ccc(-c2cc(C(F)(F)F)nn2-c2ccc(S(N)(=O)=O)cc2)cc1,70.0,active,"{1, 3, 4, 3.5139200000000006, 77.98, 381.3790000000001}",1.0,3.0,4.0,3.5139200000000006,77.98,381.3790000000001
CHEMBL83527,COc1cc(/C=C/c2ccc(O)cc2)cc(OC)c1,5990.0,active,"{256.301, 1, 3, 4, 3.5798000000000023, 38.69}",256.301,1.0,3.0,4.0,3.5798000000000023,38.69
CHEMBL222021,O=Cc1ccc(O)c(O)c1,19700.0,inactive,"{0.9102999999999999, 1, 2, 3, 138.12199999999999, 57.53}",0.9102999999999999,1.0,2.0,3.0,138.12199999999999,57.53
CHEMBL280636,NS(=O)(=O)c1ccc(-n2nc(C(F)(F)F)c(Cl)c2-c2ccc(Cl)cc2)cc1,5.3,active,"{1, 3, 4, 4.512300000000002, 77.98, 436.2420000000001}",1.0,3.0,4.0,4.512300000000002,77.98,436.2420000000001
CHEMBL319244,O=C(/C=C/c1ccc(O)c(O)c1)OCCc1ccccc1,82000.0,inactive,"{66.76, 2, 4, 5, 2.8969000000000005, 284.311}",66.76,2.0,4.0,5.0,2.8969000000000005,284.311
CHEMBL118,Cc1ccc(-c2cc(C(F)(F)F)nn2-c2ccc(S(N)(=O)=O)cc2)cc1,300.0,active,"{1, 3, 4, 3.5139200000000006, 77.98, 381.3790000000001}",1.0,3.0,4.0,3.5139200000000006,77.98,381.3790000000001
CHEMBL118,Cc1ccc(-c2cc(C(F)(F)F)nn2-c2ccc(S(N)(=O)=O)cc2)cc1,50.7,active,"{1, 3, 4, 3.5139200000000006, 77.98, 381.3790000000001}",1.0,3.0,4.0,3.5139200000000006,77.98,381.3790000000001
CHEMBL323954,Cn1cc(-c2nc(C(F)(F)F)cn2-c2ccc(S(C)(=O)=O)cc2)c2ccccc21,1100.0,active,"{0, 3, 419.42800000000017, 5, 4.453300000000003, 56.89}",0.0,3.0,419.42800000000017,5.0,4.453300000000003,56.89
CHEMBL118,Cc1ccc(-c2cc(C(F)(F)F)nn2-c2ccc(S(N)(=O)=O)cc2)cc1,600.0,active,"{1, 3, 4, 3.5139200000000006, 77.98, 381.3790000000001}",1.0,3.0,4.0,3.5139200000000006,77.98,381.3790000000001
CHEMBL43090,CS(=O)(=O)c1ccc(-n2cc(CC#N)nc2-c2ccc(Cl)cc2)cc1,1548.82,active,"{0, 3.6622800000000026, 4, 5, 75.75, 371.84900000000005}",0.0,3.6622800000000026,4.0,5.0,75.75,371.84900000000005
CHEMBL118,Cc1ccc(-c2cc(C(F)(F)F)nn2-c2ccc(S(N)(=O)=O)cc2)cc1,340.0,active,"{1, 3, 4, 3.5139200000000006, 77.98, 381.3790000000001}",1.0,3.0,4.0,3.5139200000000006,77.98,381.3790000000001
CHEMBL118,Cc1ccc(-c2cc(C(F)(F)F)nn2-c2ccc(S(N)(=O)=O)cc2)cc1,780.0,active,"{1, 3, 4, 3.5139200000000006, 77.98, 381.3790000000001}",1.0,3.0,4.0,3.5139200000000006,77.98,381.3790000000001
CHEMBL29844,COc1c(C)cc(-c2cc(C(F)(F)F)nn2-c2ccc(S(N)(=O)=O)cc2)cc1Cl,66.0,active,"{1, 4, 5, 4.175920000000002, 87.21000000000001, 445.85000000000014}",1.0,4.0,5.0,4.175920000000002,87.21000000000001,445.85000000000014
CHEMBL17184,NS(=O)(=O)c1ccc(C2=C(c3ccc(F)cc3)CC3(CC3)C2)cc1,3.0,active,"{1, 2, 3, 3.957900000000003, 343.4230000000002, 60.160000000000004}",1.0,2.0,3.0,3.957900000000003,343.4230000000002,60.160000000000004
CHEMBL4649179,COC(=O)[C@H](Cc1ccccc1)n1cc(COc2nc(Cl)nc(Nc3ccc(Cl)cc3)n2)nn1,8000.0,active,"{1, 4.049300000000002, 9, 10, 116.94000000000001, 500.34600000000006}",1.0,4.049300000000002,9.0,10.0,116.94000000000001,500.34600000000006
CHEMBL43317,COc1c(F)cc(-c2nc(C(F)(F)F)cn2-c2ccc(S(N)(=O)=O)cc2)cc1F,30.0,active,"{1, 3.492300000000001, 4, 5, 433.3580000000001, 87.21000000000001}",1.0,3.492300000000001,4.0,5.0,433.3580000000001,87.21000000000001
CHEMBL296571,NS(=O)(=O)c1ccc(-n2cc(C(F)(F)F)nc2-c2ccc(F)c(F)c2)cc1,30.0,active,"{1, 3, 4, 3.4837000000000016, 77.98, 403.33200000000005}",1.0,3.0,4.0,3.4837000000000016,77.98,403.33200000000005
CHEMBL118,Cc1ccc(-c2cc(C(F)(F)F)nn2-c2ccc(S(N)(=O)=O)cc2)cc1,230.0,active,"{1, 3, 4, 3.5139200000000006, 77.98, 381.3790000000001}",1.0,3.0,4.0,3.5139200000000006,77.98,381.3790000000001
CHEMBL122,CS(=O)(=O)c1ccc(C2=C(c3ccccc3)C(=O)OC2)cc1,679.0,active,"{0, 2.5577000000000005, 3, 4, 314.3620000000001, 60.44}",0.0,2.5577000000000005,3.0,4.0,314.3620000000001,60.44
CHEMBL437964,C[C@H]1[C@H](C)CC[C@]2(C)CC[C@]3(C)C(=CC(=O)[C@@H]4[C@@]5(C)CC[C@@H](O)[C@](C)(C(=O)O)[C@@H]5CC[C@]43C)[C@H]12,40000.0,inactive,"{1, 2, 3, 6.2685000000000075, 74.6, 470.69400000000036}",1.0,2.0,3.0,6.2685000000000075,74.6,470.69400000000036
CHEMBL118,Cc1ccc(-c2cc(C(F)(F)F)nn2-c2ccc(S(N)(=O)=O)cc2)cc1,320.0,active,"{1, 3, 4, 3.5139200000000006, 77.98, 381.3790000000001}",1.0,3.0,4.0,3.5139200000000006,77.98,381.3790000000001
CHEMBL5282397,Cc1ccc(-c2nc(N(c3ccccc3)c3ccccc3)sc2C(=O)c2cccs2)cc1,90.0,active,"{0, 33.2, 452.6040000000002, 5, 6, 7.880820000000005}",0.0,33.2,452.6040000000002,5.0,6.0,7.880820000000005
CHEMBL4635134,CNC(=O)c1cc(C(=O)NC2CC2)cn(Cc2ccccc2)c1=O,100000.0,inactive,"{1.1483999999999992, 2, 4, 5, 325.368, 80.2}",1.1483999999999992,2.0,4.0,5.0,325.368,80.2
CHEMBL5170378,NC(=O)c1ccc(-c2nc(CSc3nc4ccccc4s3)no2)cc1,6800.0,active,"{1, 3.7375000000000016, 5, 7, 368.44300000000004, 94.9}",1.0,3.7375000000000016,5.0,7.0,368.44300000000004,94.9
CHEMBL42277,CSc1ccc(-c2nc(C(F)(F)F)cn2-c2ccc(S(C)(=O)=O)cc2)cc1Cl,40.0,active,"{0, 4, 5, 5.3369000000000035, 51.96, 446.90300000000013}",0.0,4.0,5.0,5.3369000000000035,51.96,446.90300000000013
CHEMBL42940,COc1c(Br)cc(-c2nc(C(F)(F)F)cn2-c2ccc(S(C)(=O)=O)cc2)cc1Br,89.13,active,"{0, 4, 5, 5.495200000000003, 554.1820000000001, 61.190000000000005}",0.0,4.0,5.0,5.495200000000003,554.1820000000001,61.190000000000005
CHEMBL88717,NS(=O)(=O)c1ccc(C2=C(c3ccc(Cl)cc3)CC3(CC3)C2)cc1,1.0,active,"{1, 2, 3, 4.472200000000003, 359.87800000000016, 60.160000000000004}",1.0,2.0,3.0,4.472200000000003,359.87800000000016,60.160000000000004
CHEMBL88649,NS(=O)(=O)c1ccc(C2=C(c3ccc(OC(F)(F)F)cc3)CC3(CC3)C2)cc1,128.82,active,"{1, 3, 4, 69.39, 4.717400000000003, 409.42900000000014}",1.0,3.0,4.0,69.39,4.717400000000003,409.42900000000014
CHEMBL274990,CS(=O)(=O)c1ccc(-n2nc(C(F)(F)F)cc2-c2ccc(F)cc2)cc1,100.0,active,"{384.35400000000004, 0, 3, 4, 4.1007000000000025, 51.96}",384.35400000000004,0.0,3.0,4.0,4.1007000000000025,51.96
CHEMBL118,Cc1ccc(-c2cc(C(F)(F)F)nn2-c2ccc(S(N)(=O)=O)cc2)cc1,1200.0,active,"{1, 3, 4, 3.5139200000000006, 77.98, 381.3790000000001}",1.0,3.0,4.0,3.5139200000000006,77.98,381.3790000000001
CHEMBL442166,COc1ccc(-c2ccccc2-c2ccc(S(N)(=O)=O)cc2)cc1F,33.11,active,"{1, 3, 4, 69.39, 357.40600000000006, 3.8157000000000023}",1.0,3.0,4.0,69.39,357.40600000000006,3.8157000000000023
CHEMBL25725,COc1ccc2c(c1)c(CC(=O)NCCCO)c(C)n2C(=O)c1ccc(Cl)cc1,220.0,active,"{2, 3.3413200000000023, 5, 7, 80.56, 414.8890000000001}",2.0,3.3413200000000023,5.0,7.0,80.56,414.8890000000001
CHEMBL118,Cc1ccc(-c2cc(C(F)(F)F)nn2-c2ccc(S(N)(=O)=O)cc2)cc1,60.0,active,"{1, 3, 4, 3.5139200000000006, 77.98, 381.3790000000001}",1.0,3.0,4.0,3.5139200000000006,77.98,381.3790000000001
CHEMBL5270325,CCCCC(=O)OCC[C@@H]1CC=C[C@@H]2[C@H]1C(=O)O[C@@]2(C)CO,740.0,active,"{1, 2.226200000000001, 5, 7, 72.83000000000001, 310.39000000000004}",1.0,2.226200000000001,5.0,7.0,72.83000000000001,310.39000000000004
CHEMBL29920,NS(=O)(=O)c1ccc(-n2nc(C(F)(F)F)cc2-c2ccccc2)cc1,32.36,active,"{1, 3, 4, 3.2055000000000016, 77.98, 367.35200000000003}",1.0,3.0,4.0,3.2055000000000016,77.98,367.35200000000003
CHEMBL5281865,CC(=O)N(CN1C(=O)/C(=C\c2nnc(-c3ccc(-c4ccncc4)cc3)s2)c2ccccc21)C1C(c2ccc(O)cc2)=NNC1S,71120.0,inactive,"{3, 645.7700000000002, 5.2979000000000065, 7, 10, 123.91000000000001}",3.0,645.7700000000002,5.2979000000000065,7.0,10.0,123.91000000000001
CHEMBL4170326,COc1ccc2ccc(=O)oc2c1C/C=C(\C)COC(=O)CC(C)C,56400.0,inactive,"{0, 65.74000000000001, 3.8797000000000033, 5, 7, 344.4070000000001}",0.0,65.74000000000001,3.8797000000000033,5.0,7.0,344.4070000000001
CHEMBL4166924,CCC(C)C(C(=O)O)N(C(=O)C(N)CC(C)C)C(C(=O)O)C(C)CC,34600.0,inactive,"{2.1870000000000003, 3, 4, 358.4790000000001, 11, 120.92999999999999}",2.1870000000000003,3.0,4.0,358.4790000000001,11.0,120.92999999999999
CHEMBL154,COc1ccc2cc([C@H](C)C(=O)O)ccc2c1,52200.0,inactive,"{1, 2, 3, 3.036500000000001, 230.26299999999998, 46.53}",1.0,2.0,3.0,3.036500000000001,230.26299999999998,46.53
CHEMBL3965233,Cc1cc(C)c2c(=O)n(CN3CCN(C4CCCCC4)CC3)sc2n1,245470.89,inactive,"{0, 2.9826400000000017, 3, 6, 360.52700000000016, 41.370000000000005}",0.0,2.9826400000000017,3.0,6.0,360.52700000000016,41.370000000000005
CHEMBL1618254,COc1ccc2cc([C@@H](C)C(=O)O)ccc2c1,25000.0,inactive,"{1, 2, 3, 3.036500000000001, 230.26299999999998, 46.53}",1.0,2.0,3.0,3.036500000000001,230.26299999999998,46.53
CHEMBL156482,CS(=O)(=O)c1ccc(-c2sc3nc(C(F)(F)F)nn3c2-c2ccccc2)cc1,3019951.72,inactive,"{0, 64.33, 3, 4.547100000000003, 6, 423.4410000000001}",0.0,64.33,3.0,4.547100000000003,6.0,423.4410000000001
CHEMBL28881,CN(C)c1ccc(-c2cc(C(F)(F)F)nn2-c2ccc(S(N)(=O)=O)cc2)cc1,4.7,active,"{1, 3.2715000000000005, 4, 5, 81.22, 410.42100000000005}",1.0,3.2715000000000005,4.0,5.0,81.22,410.42100000000005
CHEMBL118,Cc1ccc(-c2cc(C(F)(F)F)nn2-c2ccc(S(N)(=O)=O)cc2)cc1,1100.0,active,"{1, 3, 4, 3.5139200000000006, 77.98, 381.3790000000001}",1.0,3.0,4.0,3.5139200000000006,77.98,381.3790000000001
CHEMBL118,Cc1ccc(-c2cc(C(F)(F)F)nn2-c2ccc(S(N)(=O)=O)cc2)cc1,70.0,active,"{1, 3, 4, 3.5139200000000006, 77.98, 381.3790000000001}",1.0,3.0,4.0,3.5139200000000006,77.98,381.3790000000001
CHEMBL340717,CS(=O)(=O)c1ccc(-c2[nH]c(Cl)cc2-c2ccc(F)cc2)cc1,42000.0,inactive,"{1, 2, 3, 4.544700000000002, 49.93, 349.814}",1.0,2.0,3.0,4.544700000000002,49.93,349.814
CHEMBL89578,CC1(C)CC(c2ccc(F)cc2)=C(c2ccc(S(C)(=O)=O)cc2)C1,15000.0,inactive,"{0, 2, 3, 34.14, 4.960000000000005, 344.4510000000001}",0.0,2.0,3.0,34.14,4.960000000000005,344.4510000000001
CHEMBL512227,CC(C)=CCC1C(=O)C(C(=O)CC(C)C)=C(O)C(O)(CC=C(C)C)C1=O,1600.0,active,"{2, 3.6254000000000017, 5, 7, 362.4660000000001, 91.67000000000002}",2.0,3.6254000000000017,5.0,7.0,362.4660000000001,91.67000000000002
CHEMBL2204556,Cc1ccc(C(=O)n2nc(C)c3nnc4cc(Cl)c(F)cc4c32)cc1,12800.0,inactive,"{0, 1, 354.7720000000001, 4.077340000000002, 5, 60.67}",0.0,1.0,354.7720000000001,4.077340000000002,5.0,60.67
CHEMBL118,Cc1ccc(-c2cc(C(F)(F)F)nn2-c2ccc(S(N)(=O)=O)cc2)cc1,530.0,active,"{1, 3, 4, 3.5139200000000006, 77.98, 381.3790000000001}",1.0,3.0,4.0,3.5139200000000006,77.98,381.3790000000001
CHEMBL4067898,COc1ccccc1-n1cc(COC(=O)C2CCn3c(C(=O)c4ccccc4)ccc32)nn1,6.0,active,"{0, 3.539100000000002, 7, 8, 88.24, 442.4750000000001}",0.0,3.539100000000002,7.0,8.0,88.24,442.4750000000001
CHEMBL18797,CSc1ccc(/C=C2/C(C)=C(CC(=O)O)c3cc(F)ccc32)cc1,1896.0,active,"{1, 2, 4, 37.3, 5.350000000000005, 340.419}",1.0,2.0,4.0,37.3,5.350000000000005,340.419
CHEMBL2337409,Cc1c(CCOCCO)cc(-c2ccc(S(C)(=O)=O)cc2)n1-c1ccc(F)cc1,89.0,active,"{417.5020000000001, 1, 3.5467200000000023, 68.53, 5, 8}",417.5020000000001,1.0,3.5467200000000023,68.53,5.0,8.0
CHEMBL4785042,CNc1ccccc1C(=O)NCCc1c[nH]c2ccccc12,40000.0,inactive,"{2, 3, 3.182100000000001, 5, 293.37, 56.92}",2.0,3.0,3.182100000000001,5.0,293.37,56.92
CHEMBL407035,CS(=O)(=O)c1ccc(/C=C(/C(=O)O)c2ccc(F)cc2)cc1,36000.0,inactive,"{320.341, 1, 2.854400000000001, 3, 4, 71.44}",320.341,1.0,2.854400000000001,3.0,4.0,71.44
CHEMBL348436,COc1cc2oc(-c3ccc(O)cc3)cc(=O)c2c(O)c1OC,6.0,active,"{2, 3, 2.8884000000000007, 6, 89.13000000000001, 314.29300000000006}",2.0,3.0,2.8884000000000007,6.0,89.13000000000001,314.29300000000006
CHEMBL320986,Cc1ccncc1-c1nc(C(F)(F)F)cn1-c1ccc(S(C)(=O)=O)cc1,54000.0,inactive,"{0, 64.85, 3, 3.665020000000003, 5, 381.3790000000001}",0.0,64.85,3.0,3.665020000000003,5.0,381.3790000000001
CHEMBL225421,CCc1oc(=O)c(Cc2c(O)c(CC=C(C)C)c(O)c(C(C)=O)c2O)c(O)c1C,30000.0,inactive,"{128.20000000000002, 3.635120000000004, 4, 6, 7, 402.44300000000015}",128.20000000000002,3.635120000000004,4.0,6.0,7.0,402.44300000000015
CHEMBL1071,O=C(O)CCc1nc(-c2ccccc2)c(-c2ccccc2)o1,110.0,active,"{1, 3, 4.025800000000003, 5, 293.32200000000006, 63.33}",1.0,3.0,4.025800000000003,5.0,293.32200000000006,63.33
CHEMBL5219013,C[C@H](C(=O)N(C)CC(O)(Cn1ccnc1)c1ccc(Cl)cc1)c1ccc(-c2ccccc2)c(F)c1,2290.0,active,"{1, 4, 5.492500000000004, 8, 491.9940000000002, 58.36000000000001}",1.0,4.0,5.492500000000004,8.0,491.9940000000002,58.36000000000001
CHEMBL118,Cc1ccc(-c2cc(C(F)(F)F)nn2-c2ccc(S(N)(=O)=O)cc2)cc1,40.0,active,"{1, 3, 4, 3.5139200000000006, 77.98, 381.3790000000001}",1.0,3.0,4.0,3.5139200000000006,77.98,381.3790000000001
CHEMBL294715,NS(=O)(=O)c1ccc(-c2ccccc2-c2ccc(F)cc2)cc1,61.66,active,"{1, 2, 3, 3.807100000000002, 327.38, 60.160000000000004}",1.0,2.0,3.0,3.807100000000002,327.38,60.160000000000004
CHEMBL45383,CS(=O)(=O)c1ccc(-n2cc(CO)nc2-c2ccc(Cl)cc2)cc1,8317.64,active,"{1, 3.0885000000000016, 4, 5, 72.19, 362.8380000000001}",1.0,3.0885000000000016,4.0,5.0,72.19,362.8380000000001
CHEMBL118,Cc1ccc(-c2cc(C(F)(F)F)nn2-c2ccc(S(N)(=O)=O)cc2)cc1,80.0,active,"{1, 3, 4, 3.5139200000000006, 77.98, 381.3790000000001}",1.0,3.0,4.0,3.5139200000000006,77.98,381.3790000000001
CHEMBL4444391,Cc1cc(-n2cc(-c3ccc(F)cc3)nn2)n(-c2ccc(S(C)(=O)=O)cc2)n1,90.0,active,"{0, 2.971020000000001, 4, 7, 397.4350000000001, 82.67}",0.0,2.971020000000001,4.0,7.0,397.4350000000001,82.67
CHEMBL126404,Cc1cccc(Oc2c(-c3ccc(S(C)(=O)=O)cc3)oc(C)cc2=O)c1,1349.9,active,"{0, 4, 5, 4.1194400000000035, 73.58000000000001, 370.4260000000001}",0.0,4.0,5.0,4.1194400000000035,73.58000000000001,370.4260000000001
CHEMBL341320,Cc1ccc(Oc2c(-c3ccc(S(C)(=O)=O)cc3)oc(C)cc2=O)c(F)c1,60.0,active,"{0, 388.41600000000017, 5, 4, 4.2585400000000035, 73.58000000000001}",0.0,388.41600000000017,5.0,4.0,4.2585400000000035,73.58000000000001
CHEMBL118,Cc1ccc(-c2cc(C(F)(F)F)nn2-c2ccc(S(N)(=O)=O)cc2)cc1,870.0,active,"{1, 3, 4, 3.5139200000000006, 77.98, 381.3790000000001}",1.0,3.0,4.0,3.5139200000000006,77.98,381.3790000000001
CHEMBL274990,CS(=O)(=O)c1ccc(-n2nc(C(F)(F)F)cc2-c2ccc(F)cc2)cc1,310.0,active,"{384.35400000000004, 0, 3, 4, 4.1007000000000025, 51.96}",384.35400000000004,0.0,3.0,4.0,4.1007000000000025,51.96
CHEMBL282093,NS(=O)(=O)c1ccc(-n2nc(C(F)(F)F)cc2-c2ccc(Cl)cc2)cc1,10.0,active,"{1, 3, 4, 3.858900000000002, 77.98, 401.797}",1.0,3.0,4.0,3.858900000000002,77.98,401.797
CHEMBL118,Cc1ccc(-c2cc(C(F)(F)F)nn2-c2ccc(S(N)(=O)=O)cc2)cc1,2.0,active,"{1, 3, 4, 3.5139200000000006, 77.98, 381.3790000000001}",1.0,3.0,4.0,3.5139200000000006,77.98,381.3790000000001
CHEMBL18498,COC1(C)OC(=O)C(c2ccc(F)cc2)=C1c1ccc(S(C)(=O)=O)cc1,69.0,active,"{0, 3.059400000000002, 4, 5, 69.67, 376.4050000000001}",0.0,3.059400000000002,4.0,5.0,69.67,376.4050000000001
CHEMBL118,Cc1ccc(-c2cc(C(F)(F)F)nn2-c2ccc(S(N)(=O)=O)cc2)cc1,870.0,active,"{1, 3, 4, 3.5139200000000006, 77.98, 381.3790000000001}",1.0,3.0,4.0,3.5139200000000006,77.98,381.3790000000001
CHEMBL4636881,CC(=O)Nc1c(F)cc(C(=O)N[C@H]2CC[C@H](O)CC2)cc1O[C@@H](C)c1ccccc1,100000.0,inactive,"{3, 4, 3.9574000000000034, 6, 87.66000000000001, 414.47700000000015}",3.0,4.0,3.9574000000000034,6.0,87.66000000000001,414.47700000000015
CHEMBL94274,COc1cc2c(cc1F)-c1c(c(C(F)(F)F)nn1-c1ccc(S(N)(=O)=O)cc1)[S+]([O-])C2,1500.03,active,"{1, 2.9744, 3, 6, 110.27000000000001, 475.44500000000016}",1.0,2.9744,3.0,6.0,110.27000000000001,475.44500000000016
CHEMBL118,Cc1ccc(-c2cc(C(F)(F)F)nn2-c2ccc(S(N)(=O)=O)cc2)cc1,40.0,active,"{1, 3, 4, 3.5139200000000006, 77.98, 381.3790000000001}",1.0,3.0,4.0,3.5139200000000006,77.98,381.3790000000001
CHEMBL259972,COc1ccc(-c2noc(CC(=O)O)c2-c2ccc(OC)cc2)cc1,440.0,active,"{1, 3.6529000000000025, 5, 6, 81.79, 339.34700000000004}",1.0,3.6529000000000025,5.0,6.0,81.79,339.34700000000004
CHEMBL118,Cc1ccc(-c2cc(C(F)(F)F)nn2-c2ccc(S(N)(=O)=O)cc2)cc1,870.0,active,"{1, 3, 4, 3.5139200000000006, 77.98, 381.3790000000001}",1.0,3.0,4.0,3.5139200000000006,77.98,381.3790000000001
CHEMBL2337402,Cc1c(CCOCCO[N+](=O)[O-])cc(-c2ccc(S(C)(=O)=O)cc2)n1-c1ccc(F)cc1,640.0,active,"{0, 3.7627200000000025, 100.66999999999999, 7, 10, 462.49900000000014}",0.0,3.7627200000000025,100.66999999999999,7.0,10.0,462.49900000000014
CHEMBL118,Cc1ccc(-c2cc(C(F)(F)F)nn2-c2ccc(S(N)(=O)=O)cc2)cc1,57.0,active,"{1, 3, 4, 3.5139200000000006, 77.98, 381.3790000000001}",1.0,3.0,4.0,3.5139200000000006,77.98,381.3790000000001
CHEMBL4517895,COc1ccc(/C=C/c2c(CC=C(C)C)c(O)cc3c2CCC(C)(C)O3)cc1O,35500.0,inactive,"{2, 4, 5, 5.889100000000006, 394.5110000000002, 58.92}",2.0,4.0,5.0,5.889100000000006,394.5110000000002,58.92
CHEMBL3098648,O=C(CSc1nnc(-c2ccncc2)o1)N/N=C/c1ccc(Cl)cc1,69.0,active,"{1, 3.027400000000001, 6, 7, 373.82500000000016, 93.27}",1.0,3.027400000000001,6.0,7.0,373.82500000000016,93.27
CHEMBL1034,O=C([O-])Cc1ccccc1Nc1c(Cl)cccc1Cl.[Na+],840.0,active,"{0.03339999999999904, 1, 3, 4, 52.16, 318.135}",0.03339999999999904,1.0,3.0,4.0,52.16,318.135
CHEMBL275664,CC1(O)OC(=O)C(c2ccc(Cl)cc2)=C1c1ccc(S(C)(=O)=O)cc1,1700.0,active,"{1, 2.919600000000001, 3, 5, 80.67, 378.8330000000001}",1.0,2.919600000000001,3.0,5.0,80.67,378.8330000000001
CHEMBL146742,CS(=O)(=O)c1ccc(-c2c(-c3ccccc3)nc3sccn23)cc1,16.0,active,"{0, 354.4560000000001, 3, 4.133300000000003, 5, 51.44}",0.0,354.4560000000001,3.0,4.133300000000003,5.0,51.44
CHEMBL118,Cc1ccc(-c2cc(C(F)(F)F)nn2-c2ccc(S(N)(=O)=O)cc2)cc1,19.0,active,"{1, 3, 4, 3.5139200000000006, 77.98, 381.3790000000001}",1.0,3.0,4.0,3.5139200000000006,77.98,381.3790000000001
CHEMBL118,Cc1ccc(-c2cc(C(F)(F)F)nn2-c2ccc(S(N)(=O)=O)cc2)cc1,3600.0,active,"{1, 3, 4, 3.5139200000000006, 77.98, 381.3790000000001}",1.0,3.0,4.0,3.5139200000000006,77.98,381.3790000000001
CHEMBL118,Cc1ccc(-c2cc(C(F)(F)F)nn2-c2ccc(S(N)(=O)=O)cc2)cc1,40.0,active,"{1, 3, 4, 3.5139200000000006, 77.98, 381.3790000000001}",1.0,3.0,4.0,3.5139200000000006,77.98,381.3790000000001
CHEMBL122,CS(=O)(=O)c1ccc(C2=C(c3ccccc3)C(=O)OC2)cc1,500.0,active,"{0, 2.5577000000000005, 3, 4, 314.3620000000001, 60.44}",0.0,2.5577000000000005,3.0,4.0,314.3620000000001,60.44
CHEMBL118,Cc1ccc(-c2cc(C(F)(F)F)nn2-c2ccc(S(N)(=O)=O)cc2)cc1,790.0,active,"{1, 3, 4, 3.5139200000000006, 77.98, 381.3790000000001}",1.0,3.0,4.0,3.5139200000000006,77.98,381.3790000000001
CHEMBL118,Cc1ccc(-c2cc(C(F)(F)F)nn2-c2ccc(S(N)(=O)=O)cc2)cc1,50.0,active,"{1, 3, 4, 3.5139200000000006, 77.98, 381.3790000000001}",1.0,3.0,4.0,3.5139200000000006,77.98,381.3790000000001
CHEMBL451919,CCCCCC1=CC(=O)C=C(OC)C1=O,1900.0,active,"{0, 2.1752000000000002, 3, 5, 43.370000000000005, 208.25699999999998}",0.0,2.1752000000000002,3.0,5.0,43.370000000000005,208.25699999999998
CHEMBL118,Cc1ccc(-c2cc(C(F)(F)F)nn2-c2ccc(S(N)(=O)=O)cc2)cc1,15.0,active,"{1, 3, 4, 3.5139200000000006, 77.98, 381.3790000000001}",1.0,3.0,4.0,3.5139200000000006,77.98,381.3790000000001
CHEMBL118,Cc1ccc(-c2cc(C(F)(F)F)nn2-c2ccc(S(N)(=O)=O)cc2)cc1,49.0,active,"{1, 3, 4, 3.5139200000000006, 77.98, 381.3790000000001}",1.0,3.0,4.0,3.5139200000000006,77.98,381.3790000000001
CHEMBL118,Cc1ccc(-c2cc(C(F)(F)F)nn2-c2ccc(S(N)(=O)=O)cc2)cc1,55.0,active,"{1, 3, 4, 3.5139200000000006, 77.98, 381.3790000000001}",1.0,3.0,4.0,3.5139200000000006,77.98,381.3790000000001
CHEMBL118,Cc1ccc(-c2cc(C(F)(F)F)nn2-c2ccc(S(N)(=O)=O)cc2)cc1,70.0,active,"{1, 3, 4, 3.5139200000000006, 77.98, 381.3790000000001}",1.0,3.0,4.0,3.5139200000000006,77.98,381.3790000000001
CHEMBL122,CS(=O)(=O)c1ccc(C2=C(c3ccccc3)C(=O)OC2)cc1,26000.0,inactive,"{0, 2.5577000000000005, 3, 4, 314.3620000000001, 60.44}",0.0,2.5577000000000005,3.0,4.0,314.3620000000001,60.44
CHEMBL122,CS(=O)(=O)c1ccc(C2=C(c3ccccc3)C(=O)OC2)cc1,18000.0,inactive,"{0, 2.5577000000000005, 3, 4, 314.3620000000001, 60.44}",0.0,2.5577000000000005,3.0,4.0,314.3620000000001,60.44
CHEMBL118,Cc1ccc(-c2cc(C(F)(F)F)nn2-c2ccc(S(N)(=O)=O)cc2)cc1,250.0,active,"{1, 3, 4, 3.5139200000000006, 77.98, 381.3790000000001}",1.0,3.0,4.0,3.5139200000000006,77.98,381.3790000000001
CHEMBL118,Cc1ccc(-c2cc(C(F)(F)F)nn2-c2ccc(S(N)(=O)=O)cc2)cc1,240.0,active,"{1, 3, 4, 3.5139200000000006, 77.98, 381.3790000000001}",1.0,3.0,4.0,3.5139200000000006,77.98,381.3790000000001
CHEMBL25,CC(=O)Oc1ccccc1C(=O)O,1413300.0,inactive,"{1, 2, 3, 1.3101, 180.15899999999996, 63.60000000000001}",1.0,2.0,3.0,1.3101,180.15899999999996,63.60000000000001
CHEMBL118,Cc1ccc(-c2cc(C(F)(F)F)nn2-c2ccc(S(N)(=O)=O)cc2)cc1,120.0,active,"{1, 3, 4, 3.5139200000000006, 77.98, 381.3790000000001}",1.0,3.0,4.0,3.5139200000000006,77.98,381.3790000000001
CHEMBL1034,O=C([O-])Cc1ccccc1Nc1c(Cl)cccc1Cl.[Na+],840.0,active,"{0.03339999999999904, 1, 3, 4, 52.16, 318.135}",0.03339999999999904,1.0,3.0,4.0,52.16,318.135
CHEMBL118,Cc1ccc(-c2cc(C(F)(F)F)nn2-c2ccc(S(N)(=O)=O)cc2)cc1,6.0,active,"{1, 3, 4, 3.5139200000000006, 77.98, 381.3790000000001}",1.0,3.0,4.0,3.5139200000000006,77.98,381.3790000000001
CHEMBL259972,COc1ccc(-c2noc(CC(=O)O)c2-c2ccc(OC)cc2)cc1,50000.0,inactive,"{1, 3.6529000000000025, 5, 6, 81.79, 339.34700000000004}",1.0,3.6529000000000025,5.0,6.0,81.79,339.34700000000004
CHEMBL118,Cc1ccc(-c2cc(C(F)(F)F)nn2-c2ccc(S(N)(=O)=O)cc2)cc1,90.0,active,"{1, 3, 4, 3.5139200000000006, 77.98, 381.3790000000001}",1.0,3.0,4.0,3.5139200000000006,77.98,381.3790000000001
CHEMBL118,Cc1ccc(-c2cc(C(F)(F)F)nn2-c2ccc(S(N)(=O)=O)cc2)cc1,12.2,active,"{1, 3, 4, 3.5139200000000006, 77.98, 381.3790000000001}",1.0,3.0,4.0,3.5139200000000006,77.98,381.3790000000001
CHEMBL1221731,CCCCC(=C(c1ccccc1)c1ccccc1)c1ccc(S(C)(=O)=O)cc1,14.0,active,"{0, 2, 34.14, 390.5480000000001, 7, 6.239400000000007}",0.0,2.0,34.14,390.5480000000001,7.0,6.239400000000007
CHEMBL154,COc1ccc2cc([C@H](C)C(=O)O)ccc2c1,17001.0,inactive,"{1, 2, 3, 3.036500000000001, 230.26299999999998, 46.53}",1.0,2.0,3.0,3.036500000000001,230.26299999999998,46.53
CHEMBL118,Cc1ccc(-c2cc(C(F)(F)F)nn2-c2ccc(S(N)(=O)=O)cc2)cc1,50.0,active,"{1, 3, 4, 3.5139200000000006, 77.98, 381.3790000000001}",1.0,3.0,4.0,3.5139200000000006,77.98,381.3790000000001
CHEMBL118,Cc1ccc(-c2cc(C(F)(F)F)nn2-c2ccc(S(N)(=O)=O)cc2)cc1,50.0,active,"{1, 3, 4, 3.5139200000000006, 77.98, 381.3790000000001}",1.0,3.0,4.0,3.5139200000000006,77.98,381.3790000000001
CHEMBL118,Cc1ccc(-c2cc(C(F)(F)F)nn2-c2ccc(S(N)(=O)=O)cc2)cc1,30.0,active,"{1, 3, 4, 3.5139200000000006, 77.98, 381.3790000000001}",1.0,3.0,4.0,3.5139200000000006,77.98,381.3790000000001
CHEMBL300982,CC1(C)Cc2c(-c3ccccc3)c(-c3ccc(Cl)cc3)c(CC(=O)O)n2C1,30000.0,inactive,"{1, 2, 4, 5.684900000000004, 42.23, 379.88700000000017}",1.0,2.0,4.0,5.684900000000004,42.23,379.88700000000017
CHEMBL5188821,O=C(c1ccc(-c2nc(CSc3nc4ccccc4s3)no2)cc1)N1CCOCC1,5000.0,active,"{0, 4.111000000000003, 5, 8, 81.35, 438.5340000000003}",0.0,4.111000000000003,5.0,8.0,81.35,438.5340000000003
CHEMBL118,Cc1ccc(-c2cc(C(F)(F)F)nn2-c2ccc(S(N)(=O)=O)cc2)cc1,40.95,active,"{1, 3, 4, 3.5139200000000006, 77.98, 381.3790000000001}",1.0,3.0,4.0,3.5139200000000006,77.98,381.3790000000001
CHEMBL154,COc1ccc2cc([C@H](C)C(=O)O)ccc2c1,2390.0,active,"{1, 2, 3, 3.036500000000001, 230.26299999999998, 46.53}",1.0,2.0,3.0,3.036500000000001,230.26299999999998,46.53
CHEMBL4515706,COc1ccc(/C=C/c2c(CC=C(C)C)c(O)cc(O)c2CC=C(C)C)cc1O,14700.0,inactive,"{3, 4, 69.92, 5.999800000000007, 7, 394.51100000000014}",3.0,4.0,69.92,5.999800000000007,7.0,394.51100000000014
CHEMBL4848882,COc1ccc2ccc(F)c(CC(=O)N/N=C/c3ccc(C(F)(F)F)cc3)c2n1,130.0,active,"{1, 4, 5, 4.094100000000003, 405.351, 63.58}",1.0,4.0,5.0,4.094100000000003,405.351,63.58
CHEMBL1071,O=C(O)CCc1nc(-c2ccccc2)c(-c2ccccc2)o1,36000.0,inactive,"{1, 3, 4.025800000000003, 5, 293.32200000000006, 63.33}",1.0,3.0,4.025800000000003,5.0,293.32200000000006,63.33
CHEMBL118,Cc1ccc(-c2cc(C(F)(F)F)nn2-c2ccc(S(N)(=O)=O)cc2)cc1,70.0,active,"{1, 3, 4, 3.5139200000000006, 77.98, 381.3790000000001}",1.0,3.0,4.0,3.5139200000000006,77.98,381.3790000000001
CHEMBL416146,Cc1ccc(-c2ncc(Cl)cc2-c2ccc(S(C)(=O)=O)cc2)cn1,70.0,active,"{0, 3, 4, 4.175920000000004, 358.8500000000001, 59.92}",0.0,3.0,4.0,4.175920000000004,358.8500000000001,59.92
CHEMBL5271224,COc1cc(/C=c2\c(=O)[nH]n3c(=O)c4ccccc4nc23)cc(OC)c1OC,47.0,active,"{1, 1.1095, 4, 7, 379.3720000000002, 94.92000000000002}",1.0,1.1095,4.0,7.0,379.3720000000002,94.92000000000002
CHEMBL416146,Cc1ccc(-c2ncc(Cl)cc2-c2ccc(S(C)(=O)=O)cc2)cn1,560.0,active,"{0, 3, 4, 4.175920000000004, 358.8500000000001, 59.92}",0.0,3.0,4.0,4.175920000000004,358.8500000000001,59.92
CHEMBL118,Cc1ccc(-c2cc(C(F)(F)F)nn2-c2ccc(S(N)(=O)=O)cc2)cc1,780.0,active,"{1, 3, 4, 3.5139200000000006, 77.98, 381.3790000000001}",1.0,3.0,4.0,3.5139200000000006,77.98,381.3790000000001
CHEMBL118,Cc1ccc(-c2cc(C(F)(F)F)nn2-c2ccc(S(N)(=O)=O)cc2)cc1,250.0,active,"{1, 3, 4, 3.5139200000000006, 77.98, 381.3790000000001}",1.0,3.0,4.0,3.5139200000000006,77.98,381.3790000000001
CHEMBL118,Cc1ccc(-c2cc(C(F)(F)F)nn2-c2ccc(S(N)(=O)=O)cc2)cc1,1110.0,active,"{1, 3, 4, 3.5139200000000006, 77.98, 381.3790000000001}",1.0,3.0,4.0,3.5139200000000006,77.98,381.3790000000001
CHEMBL118,Cc1ccc(-c2cc(C(F)(F)F)nn2-c2ccc(S(N)(=O)=O)cc2)cc1,48.0,active,"{1, 3, 4, 3.5139200000000006, 77.98, 381.3790000000001}",1.0,3.0,4.0,3.5139200000000006,77.98,381.3790000000001
CHEMBL154,COc1ccc2cc([C@H](C)C(=O)O)ccc2c1,12400.0,inactive,"{1, 2, 3, 3.036500000000001, 230.26299999999998, 46.53}",1.0,2.0,3.0,3.036500000000001,230.26299999999998,46.53
CHEMBL118,Cc1ccc(-c2cc(C(F)(F)F)nn2-c2ccc(S(N)(=O)=O)cc2)cc1,40.0,active,"{1, 3, 4, 3.5139200000000006, 77.98, 381.3790000000001}",1.0,3.0,4.0,3.5139200000000006,77.98,381.3790000000001
CHEMBL571,CC(C(=O)O)c1cccc(C(=O)c2ccccc2)c1,26.0,active,"{1, 2, 3.1057000000000015, 4, 54.37, 254.285}",1.0,2.0,3.1057000000000015,4.0,54.37,254.285
